<?xml version="1.0" encoding="UTF-8"?>
<kml xmlns="http://www.opengis.net/kml/2.2"><Document>
<name>FAZENDA PROMISSÃO - rotas ate a sede</name>
<Style id="rota"><LineStyle><color>ff2d2dff</color><width>4</width></LineStyle></Style>
<Style id="malha"><LineStyle><color>ff00e5ff</color><width>1</width></LineStyle></Style>
<Style id="extra"><LineStyle><color>ff008aff</color><width>3</width></LineStyle></Style>
<Style id="sede"><IconStyle><color>ff2d2dff</color><scale>1.3</scale></IconStyle></Style>
<Placemark><name>SEDE</name><styleUrl>#sede</styleUrl><Point><coordinates>-57.099050,-13.894866,0</coordinates></Point></Placemark>
<Folder><name>Rotas por talhao (ponto mais extremo)</name>
<Placemark><name>T-01 - 12,30 km</name><description>Maxima 12296 m | Minima 9276 m | Reta 7665 m | 217.12 ha</description><styleUrl>#rota</styleUrl><LineString><tessellate>1</tessellate><coordinates>-57.099445,-13.894963,0 -57.099667,-13.895107,0 -57.099926,-13.895415,0 -57.100130,-13.895541,0 -57.100334,-13.895668,0 -57.100519,-13.895794,0 -57.100723,-13.895921,0 -57.100926,-13.896047,0 -57.101130,-13.896174,0 -57.101315,-13.896300,0 -57.101519,-13.896427,0 -57.101723,-13.896553,0 -57.101908,-13.896698,0 -57.102111,-13.896824,0 -57.102315,-13.896951,0 -57.102519,-13.897077,0 -57.102704,-13.897204,0 -57.102908,-13.897330,0 -57.103111,-13.897457,0 -57.103278,-13.897601,0 -57.103463,-13.897746,0 -57.103648,-13.897891,0 -57.103815,-13.898035,0 -57.104000,-13.898180,0 -57.104185,-13.898324,0 -57.104371,-13.898469,0 -57.104537,-13.898614,0 -57.104722,-13.898758,0 -57.104908,-13.898903,0 -57.105074,-13.899047,0 -57.105241,-13.899228,0 -57.105408,-13.899409,0 -57.105574,-13.899590,0 -57.105741,-13.899771,0 -57.105889,-13.899951,0 -57.106056,-13.900132,0 -57.106223,-13.900313,0 -57.106389,-13.900494,0 -57.106556,-13.900674,0 -57.106704,-13.900855,0 -57.106815,-13.901072,0 -57.106927,-13.901289,0 -57.107038,-13.901488,0 -57.107149,-13.901705,0 -57.107260,-13.901922,0 -57.107371,-13.902139,0 -57.107482,-13.902356,0 -57.107594,-13.902555,0 -57.107705,-13.902772,0 -57.107964,-13.902952,0 -57.108223,-13.902898,0 -57.108464,-13.902844,0 -57.108704,-13.902789,0 -57.108945,-13.902753,0 -57.109167,-13.902717,0 -57.109408,-13.902699,0 -57.109630,-13.902680,0 -57.109871,-13.902644,0 -57.110093,-13.902626,0 -57.110333,-13.902608,0 -57.110556,-13.902589,0 -57.110796,-13.902553,0 -57.111018,-13.902535,0 -57.111259,-13.902517,0 -57.111481,-13.902481,0 -57.111722,-13.902462,0 -57.111944,-13.902444,0 -57.112185,-13.902426,0 -57.112407,-13.902390,0 -57.112647,-13.902372,0 -57.112869,-13.902353,0 -57.113110,-13.902317,0 -57.113332,-13.902299,0 -57.113573,-13.902281,0 -57.113795,-13.902244,0 -57.114017,-13.902226,0 -57.114258,-13.902208,0 -57.114480,-13.902190,0 -57.114721,-13.902154,0 -57.114943,-13.902135,0 -57.115183,-13.902117,0 -57.115406,-13.902081,0 -57.115646,-13.902063,0 -57.115868,-13.902045,0 -57.116109,-13.902008,0 -57.116331,-13.901990,0 -57.116572,-13.901972,0 -57.116794,-13.901954,0 -57.117035,-13.901917,0 -57.117257,-13.901899,0 -57.117497,-13.901881,0 -57.117719,-13.901845,0 -57.117960,-13.901826,0 -57.118182,-13.901808,0 -57.118423,-13.901790,0 -57.118645,-13.901754,0 -57.118886,-13.901736,0 -57.119108,-13.901717,0 -57.119348,-13.901681,0 -57.119571,-13.901663,0 -57.119793,-13.901645,0 -57.120033,-13.901608,0 -57.120255,-13.901590,0 -57.120496,-13.901572,0 -57.120718,-13.901554,0 -57.120959,-13.901518,0 -57.121181,-13.901499,0 -57.121422,-13.901481,0 -57.121644,-13.901445,0 -57.121884,-13.901427,0 -57.122107,-13.901409,0 -57.122347,-13.901390,0 -57.122569,-13.901354,0 -57.122810,-13.901336,0 -57.123032,-13.901318,0 -57.123273,-13.901281,0 -57.123495,-13.901263,0 -57.123736,-13.901245,0 -57.123958,-13.901209,0 -57.124198,-13.901190,0 -57.124421,-13.901172,0 -57.124661,-13.901136,0 -57.124902,-13.901118,0 -57.125124,-13.901100,0 -57.125365,-13.901081,0 -57.125605,-13.901045,0 -57.125827,-13.901027,0 -57.126068,-13.901009,0 -57.126309,-13.900972,0 -57.126531,-13.900954,0 -57.126771,-13.900936,0 -57.127012,-13.900900,0 -57.127234,-13.900881,0 -57.127475,-13.900863,0 -57.127715,-13.900827,0 -57.127938,-13.900809,0 -57.128178,-13.900791,0 -57.128419,-13.900754,0 -57.128641,-13.900736,0 -57.128882,-13.900718,0 -57.129122,-13.900682,0 -57.129344,-13.900663,0 -57.129585,-13.900645,0 -57.129826,-13.900609,0 -57.130048,-13.900591,0 -57.130289,-13.900572,0 -57.130529,-13.900536,0 -57.130751,-13.900518,0 -57.130992,-13.900500,0 -57.131233,-13.900463,0 -57.131455,-13.900445,0 -57.131695,-13.900427,0 -57.131936,-13.900409,0 -57.132158,-13.900372,0 -57.132399,-13.900354,0 -57.132639,-13.900336,0 -57.132862,-13.900300,0 -57.133102,-13.900282,0 -57.133343,-13.900263,0 -57.133565,-13.900227,0 -57.133806,-13.900209,0 -57.134046,-13.900191,0 -57.134268,-13.900154,0 -57.134509,-13.900136,0 -57.134750,-13.900118,0 -57.134972,-13.900082,0 -57.135231,-13.900063,0 -57.135472,-13.900027,0 -57.135712,-13.900009,0 -57.135971,-13.899991,0 -57.136212,-13.899954,0 -57.136471,-13.899936,0 -57.136712,-13.899900,0 -57.136953,-13.899882,0 -57.137212,-13.899845,0 -57.137452,-13.899827,0 -57.137711,-13.899809,0 -57.137934,-13.899773,0 -57.138174,-13.899754,0 -57.138415,-13.899736,0 -57.138656,-13.899718,0 -57.138878,-13.899700,0 -57.139118,-13.899663,0 -57.139359,-13.899645,0 -57.139600,-13.899627,0 -57.139840,-13.899609,0 -57.140062,-13.899590,0 -57.140303,-13.899554,0 -57.140544,-13.899536,0 -57.140784,-13.899518,0 -57.141006,-13.899500,0 -57.141247,-13.899481,0 -57.141488,-13.899445,0 -57.141728,-13.899427,0 -57.141969,-13.899409,0 -57.142191,-13.899390,0 -57.142432,-13.899372,0 -57.142672,-13.899354,0 -57.142913,-13.899318,0 -57.143135,-13.899299,0 -57.143376,-13.899281,0 -57.143616,-13.899263,0 -57.143857,-13.899245,0 -57.144098,-13.899208,0 -57.144320,-13.899190,0 -57.144561,-13.899172,0 -57.144801,-13.899154,0 -57.144764,-13.899552,0 -57.144987,-13.899533,0 -57.145227,-13.899515,0 -57.145449,-13.899479,0 -57.145690,-13.899461,0 -57.145931,-13.899442,0 -57.146245,-13.899496,0 -57.146541,-13.899478,0 -57.146801,-13.899460,0 -57.147078,-13.899442,0 -57.147356,-13.899423,0 -57.147615,-13.899387,0 -57.147893,-13.899369,0 -57.148207,-13.899314,0 -57.148541,-13.899278,0 -57.148800,-13.899567,0 -57.148948,-13.899730,0 -57.149115,-13.899893,0 -57.149282,-13.900073,0 -57.149430,-13.900236,0 -57.149597,-13.900399,0 -57.149763,-13.900561,0 -57.149911,-13.900724,0 -57.150078,-13.900887,0 -57.150245,-13.901049,0 -57.150393,-13.901212,0 -57.150560,-13.901375,0 -57.150727,-13.901555,0 -57.150875,-13.901700,0 -57.151041,-13.901881,0 -57.151190,-13.902025,0 -57.151356,-13.902206,0 -57.151523,-13.902369,0 -57.151671,-13.902531,0 -57.151838,-13.902694,0 -57.152005,-13.902875,0 -57.152153,-13.903019,0 -57.152320,-13.903182,0 -57.152486,-13.903363,0 -57.152635,-13.903507,0 -57.152801,-13.903670,0 -57.152968,-13.903851,0 -57.153116,-13.903995,0 -57.153283,-13.904176,0 -57.153450,-13.904357,0 -57.153598,-13.904501,0 -57.153765,-13.904664,0 -57.153931,-13.904845,0 -57.154080,-13.904989,0 -57.154246,-13.905152,0 -57.154413,-13.905333,0 -57.154561,-13.905477,0 -57.154728,-13.905640,0 -57.154876,-13.905802,0 -57.155043,-13.905965,0 -57.155210,-13.906146,0 -57.155376,-13.906327,0 -57.155524,-13.906471,0 -57.155691,-13.906652,0 -57.155839,-13.906796,0 -57.156006,-13.906959,0 -57.156173,-13.907122,0 -57.156321,-13.907284,0 -57.156488,-13.907447,0 -57.156655,-13.907610,0 -57.156803,-13.907772,0 -57.156969,-13.907935,0 -57.157136,-13.908116,0 -57.157284,-13.908278,0 -57.157451,-13.908441,0 -57.157618,-13.908604,0 -57.157766,-13.908766,0 -57.157933,-13.908929,0 -57.158100,-13.909092,0 -57.158248,-13.909254,0 -57.158414,-13.909417,0 -57.158563,-13.909580,0 -57.158729,-13.909742,0 -57.158896,-13.909923,0 -57.159044,-13.910086,0 -57.159211,-13.910248,0 -57.159378,-13.910411,0 -57.159526,-13.910574,0 -57.159693,-13.910736,0 -57.159859,-13.910899,0 -57.160008,-13.911062,0 -57.160174,-13.911224,0 -57.160341,-13.911387,0 -57.160489,-13.911550,0 -57.160656,-13.911712,0 -57.160823,-13.911893,0 -57.160971,-13.912056,0 -57.161101,-13.912273,0 -57.161138,-13.912489,0 -57.161157,-13.912725,0 -57.161175,-13.912960,0 -57.161212,-13.913177,0 -57.161231,-13.913412,0 -57.161250,-13.913629,0 -57.161287,-13.913864,0 -57.161306,-13.914099,0 -57.161324,-13.914316,0 -57.161362,-13.914551,0 -57.161380,-13.914768,0 -57.161417,-13.915003,0 -57.161436,-13.915238,0 -57.161455,-13.915455,0 -57.161492,-13.915690,0 -57.161511,-13.915907,0 -57.161529,-13.916142,0 -57.161566,-13.916377,0 -57.161585,-13.916594,0 -57.161622,-13.916811,0 -57.161641,-13.917046,0 -57.161678,-13.917263,0 -57.161697,-13.917498,0 -57.161716,-13.917733,0 -57.161734,-13.917969,0 -57.161753,-13.918186,0 -57.161790,-13.918421,0 -57.161809,-13.918656,0 -57.161827,-13.918873,0 -57.161865,-13.919108,0 -57.161883,-13.919325,0 -57.161920,-13.919560,0 -57.161939,-13.919777,0 -57.161976,-13.920012,0 -57.161995,-13.920229,0 -57.162014,-13.920464,0 -57.162051,-13.920699,0 -57.162069,-13.920916,0 -57.162088,-13.921151,0 -57.162125,-13.921386,0 -57.162144,-13.921603,0 -57.162163,-13.921838,0 -57.162200,-13.922055,0 -57.162219,-13.922290,0 -57.162237,-13.922525,0 -57.162256,-13.922742,0 -57.162293,-13.922977,0 -57.162312,-13.923213,0 -57.162330,-13.923430,0 -57.162368,-13.923665,0 -57.162386,-13.923882,0 -57.162405,-13.924117,0 -57.162442,-13.924352,0 -57.162461,-13.924569,0 -57.162480,-13.924804,0 -57.162517,-13.925021,0 -57.162535,-13.925256,0 -57.162554,-13.925491,0 -57.162591,-13.925708,0 -57.162813,-13.925690,0 -57.163054,-13.925671,0 -57.163276,-13.925635,0 -57.163517,-13.925617,0 -57.163758,-13.925599,0 -57.163980,-13.925562,0 -57.164220,-13.925544,0 -57.164443,-13.925526,0 -57.164683,-13.925508,0 -57.164905,-13.925471,0 -57.165146,-13.925453,0 -57.165368,-13.925435,0 -57.165609,-13.925399,0 -57.165849,-13.925380,0 -57.166072,-13.925362,0 -57.166312,-13.925326,0 -57.166534,-13.925307,0 -57.166775,-13.925289,0 -57.166997,-13.925271,0 -57.167238,-13.925235,0 -57.167479,-13.925216,0 -57.167701,-13.925198,0 -57.167941,-13.925162,0 -57.168164,-13.925144,0 -57.168404,-13.925125,0 -57.168626,-13.925089,0 -57.168867,-13.925071,0 -57.169089,-13.925053,0 -57.169330,-13.925034,0 -57.169571,-13.924998,0 -57.169793,-13.924980,0 -57.170033,-13.924961,0 -57.170255,-13.924925,0 -57.170496,-13.924907,0 -57.170718,-13.924889,0 -57.170959,-13.924852,0 -57.171181,-13.924834,0 -57.171422,-13.924816,0 -57.171662,-13.924798,0 -57.171885,-13.924761,0 -57.172125,-13.924743,0 -57.172347,-13.924725,0 -57.172588,-13.924688,0 -57.172810,-13.924670,0 -57.173051,-13.924652,0 -57.173292,-13.924616,0 -57.173514,-13.924597,0 -57.173754,-13.924579,0 -57.173977,-13.924561,0 -57.174217,-13.924524,0 -57.174439,-13.924506,0 -57.174680,-13.924488,0 -57.174736,-13.924922,0 -57.174736,-13.925193,0 -57.174755,-13.925483,0 -57.174755,-13.925772,0 -57.174737,-13.926043,0 -57.174737,-13.926296,0 -57.174719,-13.926568,0 -57.174700,-13.926821,0 -57.174682,-13.927092,0 -57.174682,-13.927327,0 -57.174664,-13.927562,0 -57.174664,-13.927797,0 -57.174664,-13.928087,0 -57.174683,-13.928376,0 -57.175072,-13.928484,0 -57.175350,-13.928466,0 -57.175609,-13.928448,0 -57.175886,-13.928429,0 -57.176146,-13.928411,0 -57.176423,-13.928393,0 -57.176757,-13.928356,0 -57.177108,-13.928338,0 -57.177460,-13.928320,0 -57.177682,-13.928374,0 -57.177979,-13.928428,0 -57.177960,-13.928663,0 -57.177923,-13.928898,0 -57.177905,-13.929133,0 -57.177887,-13.929350,0 -57.177868,-13.929585,0 -57.177850,-13.929820,0 -57.177832,-13.930056,0 -57.177813,-13.930291,0 -57.177795,-13.930526,0 -57.177777,-13.930761,0 -57.177758,-13.930996,0 -57.177740,-13.931231,0 -57.177703,-13.931466,0 -57.177685,-13.931701,0 -57.177666,-13.931936,0 -57.177648,-13.932172,0 -57.177630,-13.932407,0 -57.177611,-13.932642,0 -57.177593,-13.932877,0 -57.177575,-13.933130,0 -57.177556,-13.933365,0 -57.177538,-13.933600,0 -57.177501,-13.933835,0 -57.177483,-13.934070,0 -57.177465,-13.934306,0 -57.177446,-13.934541,0 -57.177428,-13.934776,0 -57.177410,-13.935011,0 -57.177391,-13.935246,0 -57.177373,-13.935481,0 -57.177355,-13.935716,0 -57.177336,-13.935951,0 -57.177299,-13.936205,0 -57.177281,-13.936440,0 -57.177263,-13.936675,0</coordinates></LineString></Placemark>
<Placemark><name>T-02 - 11,71 km</name><description>Maxima 11710 m | Minima 9276 m | Reta 6496 m | 216.07 ha</description><styleUrl>#rota</styleUrl><LineString><tessellate>1</tessellate><coordinates>-57.099445,-13.894963,0 -57.099667,-13.895107,0 -57.099926,-13.895415,0 -57.100130,-13.895541,0 -57.100334,-13.895668,0 -57.100519,-13.895794,0 -57.100723,-13.895921,0 -57.100926,-13.896047,0 -57.101130,-13.896174,0 -57.101315,-13.896300,0 -57.101519,-13.896427,0 -57.101723,-13.896553,0 -57.101908,-13.896698,0 -57.102111,-13.896824,0 -57.102315,-13.896951,0 -57.102519,-13.897077,0 -57.102704,-13.897204,0 -57.102908,-13.897330,0 -57.103111,-13.897457,0 -57.103278,-13.897601,0 -57.103463,-13.897746,0 -57.103648,-13.897891,0 -57.103815,-13.898035,0 -57.104000,-13.898180,0 -57.104185,-13.898324,0 -57.104371,-13.898469,0 -57.104537,-13.898614,0 -57.104722,-13.898758,0 -57.104908,-13.898903,0 -57.105074,-13.899047,0 -57.105241,-13.899228,0 -57.105408,-13.899409,0 -57.105574,-13.899590,0 -57.105741,-13.899771,0 -57.105889,-13.899951,0 -57.106056,-13.900132,0 -57.106223,-13.900313,0 -57.106389,-13.900494,0 -57.106556,-13.900674,0 -57.106704,-13.900855,0 -57.106815,-13.901072,0 -57.106927,-13.901289,0 -57.107038,-13.901488,0 -57.107149,-13.901705,0 -57.107260,-13.901922,0 -57.107371,-13.902139,0 -57.107482,-13.902356,0 -57.107594,-13.902555,0 -57.107705,-13.902772,0 -57.107964,-13.902952,0 -57.108223,-13.902898,0 -57.108464,-13.902844,0 -57.108704,-13.902789,0 -57.108945,-13.902753,0 -57.109167,-13.902717,0 -57.109408,-13.902699,0 -57.109630,-13.902680,0 -57.109871,-13.902644,0 -57.110093,-13.902626,0 -57.110333,-13.902608,0 -57.110556,-13.902589,0 -57.110796,-13.902553,0 -57.111018,-13.902535,0 -57.111259,-13.902517,0 -57.111481,-13.902481,0 -57.111722,-13.902462,0 -57.111944,-13.902444,0 -57.112185,-13.902426,0 -57.112407,-13.902390,0 -57.112647,-13.902372,0 -57.112869,-13.902353,0 -57.113110,-13.902317,0 -57.113332,-13.902299,0 -57.113573,-13.902281,0 -57.113795,-13.902244,0 -57.114017,-13.902226,0 -57.114258,-13.902208,0 -57.114480,-13.902190,0 -57.114721,-13.902154,0 -57.114943,-13.902135,0 -57.115183,-13.902117,0 -57.115406,-13.902081,0 -57.115646,-13.902063,0 -57.115868,-13.902045,0 -57.116109,-13.902008,0 -57.116331,-13.901990,0 -57.116572,-13.901972,0 -57.116794,-13.901954,0 -57.117035,-13.901917,0 -57.117257,-13.901899,0 -57.117497,-13.901881,0 -57.117719,-13.901845,0 -57.117960,-13.901826,0 -57.118182,-13.901808,0 -57.118423,-13.901790,0 -57.118645,-13.901754,0 -57.118886,-13.901736,0 -57.119108,-13.901717,0 -57.119348,-13.901681,0 -57.119571,-13.901663,0 -57.119793,-13.901645,0 -57.120033,-13.901608,0 -57.120255,-13.901590,0 -57.120496,-13.901572,0 -57.120718,-13.901554,0 -57.120959,-13.901518,0 -57.121181,-13.901499,0 -57.121422,-13.901481,0 -57.121644,-13.901445,0 -57.121884,-13.901427,0 -57.122107,-13.901409,0 -57.122347,-13.901390,0 -57.122569,-13.901354,0 -57.122810,-13.901336,0 -57.123032,-13.901318,0 -57.123273,-13.901281,0 -57.123495,-13.901263,0 -57.123736,-13.901245,0 -57.123958,-13.901209,0 -57.124198,-13.901190,0 -57.124421,-13.901172,0 -57.124661,-13.901136,0 -57.124902,-13.901118,0 -57.125124,-13.901100,0 -57.125365,-13.901081,0 -57.125605,-13.901045,0 -57.125827,-13.901027,0 -57.126068,-13.901009,0 -57.126309,-13.900972,0 -57.126531,-13.900954,0 -57.126771,-13.900936,0 -57.127012,-13.900900,0 -57.127234,-13.900881,0 -57.127475,-13.900863,0 -57.127715,-13.900827,0 -57.127938,-13.900809,0 -57.128178,-13.900791,0 -57.128419,-13.900754,0 -57.128641,-13.900736,0 -57.128882,-13.900718,0 -57.129122,-13.900682,0 -57.129344,-13.900663,0 -57.129585,-13.900645,0 -57.129826,-13.900609,0 -57.130048,-13.900591,0 -57.130289,-13.900572,0 -57.130529,-13.900536,0 -57.130751,-13.900518,0 -57.130992,-13.900500,0 -57.131233,-13.900463,0 -57.131455,-13.900445,0 -57.131695,-13.900427,0 -57.131936,-13.900409,0 -57.132158,-13.900372,0 -57.132399,-13.900354,0 -57.132639,-13.900336,0 -57.132862,-13.900300,0 -57.133102,-13.900282,0 -57.133343,-13.900263,0 -57.133565,-13.900227,0 -57.133806,-13.900209,0 -57.134046,-13.900191,0 -57.134268,-13.900154,0 -57.134509,-13.900136,0 -57.134750,-13.900118,0 -57.134972,-13.900082,0 -57.135231,-13.900063,0 -57.135472,-13.900027,0 -57.135712,-13.900009,0 -57.135971,-13.899991,0 -57.136212,-13.899954,0 -57.136471,-13.899936,0 -57.136712,-13.899900,0 -57.136953,-13.899882,0 -57.137212,-13.899845,0 -57.137452,-13.899827,0 -57.137711,-13.899809,0 -57.137934,-13.899773,0 -57.138174,-13.899754,0 -57.138415,-13.899736,0 -57.138656,-13.899718,0 -57.138878,-13.899700,0 -57.139118,-13.899663,0 -57.139359,-13.899645,0 -57.139600,-13.899627,0 -57.139840,-13.899609,0 -57.140062,-13.899590,0 -57.140303,-13.899554,0 -57.140544,-13.899536,0 -57.140784,-13.899518,0 -57.141006,-13.899500,0 -57.141247,-13.899481,0 -57.141488,-13.899445,0 -57.141728,-13.899427,0 -57.141969,-13.899409,0 -57.142191,-13.899390,0 -57.142432,-13.899372,0 -57.142672,-13.899354,0 -57.142913,-13.899318,0 -57.143135,-13.899299,0 -57.143376,-13.899281,0 -57.143616,-13.899263,0 -57.143857,-13.899245,0 -57.144098,-13.899208,0 -57.144320,-13.899190,0 -57.144561,-13.899172,0 -57.144801,-13.899154,0 -57.144764,-13.899552,0 -57.144987,-13.899533,0 -57.145227,-13.899515,0 -57.145449,-13.899479,0 -57.145690,-13.899461,0 -57.145931,-13.899442,0 -57.146245,-13.899496,0 -57.146541,-13.899478,0 -57.146801,-13.899460,0 -57.147078,-13.899442,0 -57.147356,-13.899423,0 -57.147615,-13.899387,0 -57.147893,-13.899369,0 -57.148207,-13.899314,0 -57.148541,-13.899278,0 -57.148800,-13.899567,0 -57.148948,-13.899730,0 -57.149115,-13.899893,0 -57.149282,-13.900073,0 -57.149430,-13.900236,0 -57.149597,-13.900399,0 -57.149763,-13.900561,0 -57.149911,-13.900724,0 -57.150078,-13.900887,0 -57.150245,-13.901049,0 -57.150393,-13.901212,0 -57.150560,-13.901375,0 -57.150727,-13.901555,0 -57.150875,-13.901700,0 -57.151041,-13.901881,0 -57.151190,-13.902025,0 -57.151356,-13.902206,0 -57.151523,-13.902369,0 -57.151671,-13.902531,0 -57.151838,-13.902694,0 -57.152005,-13.902875,0 -57.152153,-13.903019,0 -57.152320,-13.903182,0 -57.152486,-13.903363,0 -57.152635,-13.903507,0 -57.152801,-13.903670,0 -57.152968,-13.903851,0 -57.153116,-13.903995,0 -57.153283,-13.904176,0 -57.153450,-13.904357,0 -57.153598,-13.904501,0 -57.153765,-13.904664,0 -57.153931,-13.904845,0 -57.154080,-13.904989,0 -57.154246,-13.905152,0 -57.154413,-13.905333,0 -57.154561,-13.905477,0 -57.154728,-13.905640,0 -57.154876,-13.905802,0 -57.155043,-13.905965,0 -57.155210,-13.906146,0 -57.155376,-13.906327,0 -57.155524,-13.906471,0 -57.155691,-13.906652,0 -57.155839,-13.906796,0 -57.156006,-13.906959,0 -57.156173,-13.907122,0 -57.156321,-13.907284,0 -57.156488,-13.907447,0 -57.156655,-13.907610,0 -57.156803,-13.907772,0 -57.156969,-13.907935,0 -57.157136,-13.908116,0 -57.157284,-13.908278,0 -57.157451,-13.908441,0 -57.157618,-13.908604,0 -57.157766,-13.908766,0 -57.157933,-13.908929,0 -57.158100,-13.909092,0 -57.158248,-13.909254,0 -57.158414,-13.909417,0 -57.158563,-13.909580,0 -57.158729,-13.909742,0 -57.158896,-13.909923,0 -57.159044,-13.910086,0 -57.159211,-13.910248,0 -57.159378,-13.910411,0 -57.159526,-13.910574,0 -57.159693,-13.910736,0 -57.159859,-13.910899,0 -57.160008,-13.911062,0 -57.160174,-13.911224,0 -57.160341,-13.911387,0 -57.160489,-13.911550,0 -57.160656,-13.911712,0 -57.160823,-13.911893,0 -57.160971,-13.912056,0 -57.161101,-13.912273,0 -57.161138,-13.912489,0 -57.161157,-13.912725,0 -57.161175,-13.912960,0 -57.161212,-13.913177,0 -57.161231,-13.913412,0 -57.161250,-13.913629,0 -57.161287,-13.913864,0 -57.161306,-13.914099,0 -57.161324,-13.914316,0 -57.161362,-13.914551,0 -57.161380,-13.914768,0 -57.161417,-13.915003,0 -57.161436,-13.915238,0 -57.161455,-13.915455,0 -57.161492,-13.915690,0 -57.161511,-13.915907,0 -57.161529,-13.916142,0 -57.161566,-13.916377,0 -57.161585,-13.916594,0 -57.161622,-13.916811,0 -57.161641,-13.917046,0 -57.161678,-13.917263,0 -57.161697,-13.917498,0 -57.161716,-13.917733,0 -57.161734,-13.917969,0 -57.161753,-13.918186,0 -57.161790,-13.918421,0 -57.161809,-13.918656,0 -57.161827,-13.918873,0 -57.161865,-13.919108,0 -57.161883,-13.919325,0 -57.161920,-13.919560,0 -57.161939,-13.919777,0 -57.161976,-13.920012,0 -57.161995,-13.920229,0 -57.162014,-13.920464,0 -57.162051,-13.920699,0 -57.162069,-13.920916,0 -57.162088,-13.921151,0 -57.162125,-13.921386,0 -57.162144,-13.921603,0 -57.162163,-13.921838,0 -57.162200,-13.922055,0 -57.162219,-13.922290,0 -57.162237,-13.922525,0 -57.162256,-13.922742,0 -57.162293,-13.922977,0 -57.162312,-13.923213,0 -57.162330,-13.923430,0 -57.162368,-13.923665,0 -57.162386,-13.923882,0 -57.162405,-13.924117,0 -57.162442,-13.924352,0 -57.162461,-13.924569,0 -57.162480,-13.924804,0 -57.162517,-13.925021,0 -57.162535,-13.925256,0 -57.162554,-13.925491,0 -57.162591,-13.925708,0 -57.162610,-13.925943,0 -57.162629,-13.926178,0 -57.162666,-13.926395,0 -57.162684,-13.926630,0 -57.162722,-13.926847,0 -57.162740,-13.927082,0 -57.162759,-13.927317,0 -57.162796,-13.927534,0 -57.162815,-13.927769,0 -57.162834,-13.927986,0 -57.162871,-13.928221,0 -57.162889,-13.928457,0 -57.162927,-13.928674,0 -57.162945,-13.928909,0 -57.162964,-13.929126,0 -57.163001,-13.929361,0 -57.163020,-13.929596,0 -57.163057,-13.929813,0 -57.163076,-13.930048,0 -57.163094,-13.930265,0 -57.163131,-13.930500,0 -57.163150,-13.930735,0 -57.163169,-13.930952,0 -57.163206,-13.931187,0 -57.163225,-13.931404,0 -57.163262,-13.931639,0 -57.163281,-13.931874,0 -57.163299,-13.932091,0 -57.163336,-13.932326,0 -57.163355,-13.932561,0 -57.163374,-13.932778,0 -57.163411,-13.933013,0 -57.163430,-13.933230,0 -57.163467,-13.933465,0 -57.163486,-13.933701,0 -57.163504,-13.933918,0 -57.163541,-13.934153,0 -57.163560,-13.934370,0 -57.163597,-13.934605,0 -57.163616,-13.934840,0 -57.163635,-13.935057,0 -57.163672,-13.935292,0 -57.163690,-13.935509,0 -57.163709,-13.935744,0 -57.163746,-13.935979,0 -57.163765,-13.936196,0 -57.163802,-13.936431,0 -57.163821,-13.936648,0 -57.163840,-13.936883,0 -57.163877,-13.937118,0 -57.163895,-13.937335,0 -57.163914,-13.937570,0 -57.163951,-13.937787,0 -57.163970,-13.938022,0 -57.164007,-13.938257,0 -57.164026,-13.938474,0 -57.164045,-13.938709,0 -57.164082,-13.938944,0 -57.164100,-13.939161,0 -57.163860,-13.939198,0 -57.163619,-13.939216,0 -57.163378,-13.939234,0 -57.163119,-13.939271,0 -57.162878,-13.939289,0 -57.162638,-13.939307,0 -57.162397,-13.939343,0 -57.162156,-13.939362,0 -57.161916,-13.939398,0 -57.161675,-13.939416,0 -57.161416,-13.939435,0 -57.161175,-13.939471,0 -57.160934,-13.939489,0 -57.160694,-13.939525,0 -57.160453,-13.939544,0 -57.160212,-13.939562,0 -57.159972,-13.939598,0 -57.159750,-13.939616,0 -57.159509,-13.939635,0 -57.159268,-13.939671,0 -57.159046,-13.939689,0 -57.158805,-13.939708,0 -57.158583,-13.939744,0 -57.158343,-13.939762,0 -57.158102,-13.939780,0 -57.157880,-13.939817,0 -57.157639,-13.939835,0 -57.157417,-13.939853,0 -57.157176,-13.939889,0 -57.156954,-13.939908,0 -57.156713,-13.939926,0 -57.156473,-13.939944,0 -57.156250,-13.939980,0 -57.156010,-13.939999,0 -57.155751,-13.940035,0 -57.155491,-13.940053,0</coordinates></LineString></Placemark>
<Placemark><name>T-03 - 12,62 km</name><description>Maxima 12620 m | Minima 9699 m | Reta 5463 m | 215.16 ha</description><styleUrl>#rota</styleUrl><LineString><tessellate>1</tessellate><coordinates>-57.099445,-13.894963,0 -57.099667,-13.895107,0 -57.099926,-13.895415,0 -57.100130,-13.895541,0 -57.100334,-13.895668,0 -57.100519,-13.895794,0 -57.100723,-13.895921,0 -57.100926,-13.896047,0 -57.101130,-13.896174,0 -57.101315,-13.896300,0 -57.101519,-13.896427,0 -57.101723,-13.896553,0 -57.101908,-13.896698,0 -57.102111,-13.896824,0 -57.102315,-13.896951,0 -57.102519,-13.897077,0 -57.102704,-13.897204,0 -57.102908,-13.897330,0 -57.103111,-13.897457,0 -57.103278,-13.897601,0 -57.103463,-13.897746,0 -57.103648,-13.897891,0 -57.103815,-13.898035,0 -57.104000,-13.898180,0 -57.104185,-13.898324,0 -57.104371,-13.898469,0 -57.104537,-13.898614,0 -57.104722,-13.898758,0 -57.104908,-13.898903,0 -57.105074,-13.899047,0 -57.105241,-13.899228,0 -57.105408,-13.899409,0 -57.105574,-13.899590,0 -57.105741,-13.899771,0 -57.105889,-13.899951,0 -57.106056,-13.900132,0 -57.106223,-13.900313,0 -57.106389,-13.900494,0 -57.106556,-13.900674,0 -57.106704,-13.900855,0 -57.106815,-13.901072,0 -57.106927,-13.901289,0 -57.107038,-13.901488,0 -57.107149,-13.901705,0 -57.107260,-13.901922,0 -57.107371,-13.902139,0 -57.107482,-13.902356,0 -57.107594,-13.902555,0 -57.107705,-13.902772,0 -57.107964,-13.902952,0 -57.108223,-13.902898,0 -57.108464,-13.902844,0 -57.108704,-13.902789,0 -57.108945,-13.902753,0 -57.109167,-13.902717,0 -57.109408,-13.902699,0 -57.109630,-13.902680,0 -57.109871,-13.902644,0 -57.110093,-13.902626,0 -57.110333,-13.902608,0 -57.110556,-13.902589,0 -57.110796,-13.902553,0 -57.111018,-13.902535,0 -57.111259,-13.902517,0 -57.111481,-13.902481,0 -57.111722,-13.902462,0 -57.111944,-13.902444,0 -57.112185,-13.902426,0 -57.112407,-13.902390,0 -57.112647,-13.902372,0 -57.112869,-13.902353,0 -57.113110,-13.902317,0 -57.113332,-13.902299,0 -57.113573,-13.902281,0 -57.113795,-13.902244,0 -57.114017,-13.902226,0 -57.114258,-13.902208,0 -57.114480,-13.902190,0 -57.114721,-13.902154,0 -57.114943,-13.902135,0 -57.115183,-13.902117,0 -57.115406,-13.902081,0 -57.115646,-13.902063,0 -57.115868,-13.902045,0 -57.116109,-13.902008,0 -57.116331,-13.901990,0 -57.116572,-13.901972,0 -57.116794,-13.901954,0 -57.117035,-13.901917,0 -57.117257,-13.901899,0 -57.117497,-13.901881,0 -57.117719,-13.901845,0 -57.117960,-13.901826,0 -57.118182,-13.901808,0 -57.118423,-13.901790,0 -57.118645,-13.901754,0 -57.118886,-13.901736,0 -57.119108,-13.901717,0 -57.119348,-13.901681,0 -57.119571,-13.901663,0 -57.119793,-13.901645,0 -57.120033,-13.901608,0 -57.120255,-13.901590,0 -57.120496,-13.901572,0 -57.120718,-13.901554,0 -57.120959,-13.901518,0 -57.121181,-13.901499,0 -57.121422,-13.901481,0 -57.121644,-13.901445,0 -57.121884,-13.901427,0 -57.122107,-13.901409,0 -57.122347,-13.901390,0 -57.122569,-13.901354,0 -57.122810,-13.901336,0 -57.123032,-13.901318,0 -57.123273,-13.901281,0 -57.123495,-13.901263,0 -57.123736,-13.901245,0 -57.123958,-13.901209,0 -57.124198,-13.901190,0 -57.124421,-13.901172,0 -57.124661,-13.901136,0 -57.124902,-13.901118,0 -57.125124,-13.901100,0 -57.125365,-13.901081,0 -57.125605,-13.901045,0 -57.125827,-13.901027,0 -57.126068,-13.901009,0 -57.126309,-13.900972,0 -57.126531,-13.900954,0 -57.126771,-13.900936,0 -57.127012,-13.900900,0 -57.127234,-13.900881,0 -57.127475,-13.900863,0 -57.127715,-13.900827,0 -57.127938,-13.900809,0 -57.128178,-13.900791,0 -57.128419,-13.900754,0 -57.128641,-13.900736,0 -57.128882,-13.900718,0 -57.129122,-13.900682,0 -57.129344,-13.900663,0 -57.129585,-13.900645,0 -57.129826,-13.900609,0 -57.130048,-13.900591,0 -57.130289,-13.900572,0 -57.130529,-13.900536,0 -57.130751,-13.900518,0 -57.130992,-13.900500,0 -57.131233,-13.900463,0 -57.131455,-13.900445,0 -57.131695,-13.900427,0 -57.131936,-13.900409,0 -57.132158,-13.900372,0 -57.132399,-13.900354,0 -57.132639,-13.900336,0 -57.132862,-13.900300,0 -57.133102,-13.900282,0 -57.133343,-13.900263,0 -57.133565,-13.900227,0 -57.133806,-13.900209,0 -57.134046,-13.900191,0 -57.134268,-13.900154,0 -57.134509,-13.900136,0 -57.134750,-13.900118,0 -57.134972,-13.900082,0 -57.135231,-13.900063,0 -57.135472,-13.900027,0 -57.135712,-13.900009,0 -57.135971,-13.899991,0 -57.136212,-13.899954,0 -57.136471,-13.899936,0 -57.136712,-13.899900,0 -57.136953,-13.899882,0 -57.137212,-13.899845,0 -57.137452,-13.899827,0 -57.137711,-13.899809,0 -57.137934,-13.899773,0 -57.138174,-13.899754,0 -57.138415,-13.899736,0 -57.138656,-13.899718,0 -57.138878,-13.899700,0 -57.139118,-13.899663,0 -57.139359,-13.899645,0 -57.139600,-13.899627,0 -57.139840,-13.899609,0 -57.140062,-13.899590,0 -57.140303,-13.899554,0 -57.140544,-13.899536,0 -57.140784,-13.899518,0 -57.141006,-13.899500,0 -57.141247,-13.899481,0 -57.141488,-13.899445,0 -57.141728,-13.899427,0 -57.141969,-13.899409,0 -57.142191,-13.899390,0 -57.142432,-13.899372,0 -57.142672,-13.899354,0 -57.142913,-13.899318,0 -57.143135,-13.899299,0 -57.143376,-13.899281,0 -57.143616,-13.899263,0 -57.143857,-13.899245,0 -57.143820,-13.899643,0 -57.143598,-13.899679,0 -57.143358,-13.899697,0 -57.143135,-13.899715,0 -57.142895,-13.899752,0 -57.142673,-13.899770,0 -57.142432,-13.899788,0 -57.142191,-13.899824,0 -57.141969,-13.899843,0 -57.141729,-13.899861,0 -57.141506,-13.899897,0 -57.141266,-13.899915,0 -57.141044,-13.899934,0 -57.140803,-13.899970,0 -57.140562,-13.899988,0 -57.140340,-13.900006,0 -57.140100,-13.900043,0 -57.139878,-13.900061,0 -57.139637,-13.900079,0 -57.139415,-13.900115,0 -57.139174,-13.900134,0 -57.138952,-13.900152,0 -57.138711,-13.900188,0 -57.138471,-13.900206,0 -57.138249,-13.900224,0 -57.138008,-13.900261,0 -57.137786,-13.900279,0 -57.137545,-13.900315,0 -57.137323,-13.900333,0 -57.137082,-13.900370,0 -57.136842,-13.900388,0 -57.136620,-13.900406,0 -57.136379,-13.900443,0 -57.136157,-13.900461,0 -57.135916,-13.900497,0 -57.135694,-13.900515,0 -57.135453,-13.900533,0 -57.135231,-13.900570,0 -57.135565,-13.900859,0 -57.135750,-13.901076,0 -57.135954,-13.901275,0 -57.136157,-13.901473,0 -57.136306,-13.901636,0 -57.136472,-13.901799,0 -57.136621,-13.901980,0 -57.136787,-13.902142,0 -57.136954,-13.902305,0 -57.137102,-13.902468,0 -57.137269,-13.902630,0 -57.137417,-13.902793,0 -57.137584,-13.902956,0 -57.137750,-13.903118,0 -57.137899,-13.903281,0 -57.138065,-13.903444,0 -57.138232,-13.903606,0 -57.138380,-13.903769,0 -57.138547,-13.903950,0 -57.138695,-13.904112,0 -57.138862,-13.904275,0 -57.139029,-13.904438,0 -57.139195,-13.904618,0 -57.139362,-13.904781,0 -57.139529,-13.904962,0 -57.139695,-13.905124,0 -57.139862,-13.905305,0 -57.140029,-13.905468,0 -57.140196,-13.905649,0 -57.140362,-13.905811,0 -57.140529,-13.905992,0 -57.140696,-13.906155,0 -57.140862,-13.906335,0 -57.141029,-13.906498,0 -57.141177,-13.906661,0 -57.141344,-13.906841,0 -57.141511,-13.907004,0 -57.141678,-13.907167,0 -57.141826,-13.907329,0 -57.141992,-13.907510,0 -57.142159,-13.907673,0 -57.142326,-13.907836,0 -57.142474,-13.907998,0 -57.142641,-13.908161,0 -57.142807,-13.908342,0 -57.142974,-13.908504,0 -57.143141,-13.908667,0 -57.143289,-13.908830,0 -57.143456,-13.909010,0 -57.143623,-13.909173,0 -57.143789,-13.909336,0 -57.143938,-13.909516,0 -57.144104,-13.909679,0 -57.144271,-13.909842,0 -57.144438,-13.910022,0 -57.144604,-13.910185,0 -57.144753,-13.910366,0 -57.144919,-13.910529,0 -57.145086,-13.910709,0 -57.145253,-13.910872,0 -57.145419,-13.911035,0 -57.145568,-13.911215,0 -57.145734,-13.911378,0 -57.145901,-13.911559,0 -57.146068,-13.911721,0 -57.146235,-13.911884,0 -57.146401,-13.912065,0 -57.146550,-13.912227,0 -57.146716,-13.912408,0 -57.146883,-13.912571,0 -57.147050,-13.912752,0 -57.147216,-13.912914,0 -57.147365,-13.913077,0 -57.147531,-13.913258,0 -57.147698,-13.913420,0 -57.147865,-13.913601,0 -57.147624,-13.913619,0 -57.147402,-13.913637,0 -57.147161,-13.913674,0 -57.146939,-13.913692,0 -57.146699,-13.913710,0 -57.146458,-13.913747,0 -57.146236,-13.913765,0 -57.146014,-13.913783,0 -57.145773,-13.913819,0 -57.145551,-13.913838,0 -57.145310,-13.913856,0 -57.145070,-13.913892,0 -57.144847,-13.913910,0 -57.144607,-13.913947,0 -57.144385,-13.913965,0 -57.144144,-13.913983,0 -57.143922,-13.914001,0 -57.143681,-13.914038,0 -57.143459,-13.914056,0 -57.143218,-13.914092,0 -57.142996,-13.914110,0 -57.142756,-13.914129,0 -57.142533,-13.914147,0 -57.142274,-13.914183,0 -57.142071,-13.914201,0 -57.141811,-13.914238,0 -57.141608,-13.914256,0 -57.141349,-13.914292,0 -57.141126,-13.914310,0 -57.140904,-13.914329,0 -57.140664,-13.914347,0 -57.140442,-13.914365,0 -57.140182,-13.914401,0 -57.139979,-13.914419,0 -57.139720,-13.914456,0 -57.139516,-13.914474,0 -57.139257,-13.914510,0 -57.139035,-13.914529,0 -57.138812,-13.914547,0 -57.138590,-13.914565,0 -57.138331,-13.914601,0 -57.138128,-13.914619,0 -57.137887,-13.914638,0 -57.137628,-13.914674,0 -57.137424,-13.914692,0 -57.137202,-13.914710,0 -57.136943,-13.914747,0 -57.136721,-13.914765,0 -57.136498,-13.914783,0 -57.136239,-13.914819,0 -57.136036,-13.914838,0 -57.135795,-13.914856,0 -57.135536,-13.914892,0 -57.135332,-13.914910,0 -57.135110,-13.914929,0 -57.134851,-13.914965,0 -57.134870,-13.915200,0 -57.134888,-13.915417,0 -57.134907,-13.915652,0 -57.134944,-13.915869,0 -57.134963,-13.916104,0 -57.134981,-13.916321,0 -57.135018,-13.916556,0 -57.135037,-13.916791,0 -57.135056,-13.917008,0 -57.135074,-13.917243,0 -57.135111,-13.917460,0 -57.135130,-13.917695,0 -57.135149,-13.917912,0 -57.135186,-13.918147,0 -57.135205,-13.918364,0 -57.135223,-13.918600,0 -57.135260,-13.918817,0 -57.135279,-13.919052,0 -57.135298,-13.919269,0 -57.135316,-13.919504,0 -57.135353,-13.919721,0 -57.135372,-13.919956,0 -57.135391,-13.920173,0 -57.135428,-13.920408,0 -57.135447,-13.920625,0 -57.135465,-13.920860,0 -57.135484,-13.921077,0 -57.135521,-13.921312,0 -57.135540,-13.921529,0 -57.135558,-13.921764,0 -57.135595,-13.921981,0 -57.135614,-13.922216,0 -57.135633,-13.922433,0 -57.135651,-13.922668,0 -57.135689,-13.922885,0 -57.135707,-13.923120,0 -57.135726,-13.923337,0 -57.135763,-13.923572,0 -57.135782,-13.923789,0 -57.135800,-13.924024,0 -57.135837,-13.924241,0 -57.135856,-13.924477,0 -57.135875,-13.924694,0 -57.135893,-13.924929,0 -57.135931,-13.925146,0 -57.135949,-13.925381,0 -57.135968,-13.925598,0 -57.136005,-13.925833,0 -57.136024,-13.926050,0 -57.136042,-13.926285,0 -57.136061,-13.926502,0 -57.136098,-13.926737,0 -57.136117,-13.926954,0 -57.136135,-13.927189,0 -57.136173,-13.927406,0 -57.136191,-13.927641,0 -57.136210,-13.927858,0 -57.136247,-13.928093,0 -57.136266,-13.928310,0 -57.136284,-13.928545,0 -57.136303,-13.928762,0 -57.136340,-13.928997,0 -57.136359,-13.929214,0 -57.136377,-13.929449,0 -57.136396,-13.929666,0 -57.136433,-13.929901,0 -57.136452,-13.930118,0 -57.136471,-13.930354,0 -57.136508,-13.930571,0 -57.136526,-13.930806,0 -57.136545,-13.931023,0 -57.136564,-13.931258,0 -57.136601,-13.931475,0 -57.136619,-13.931710,0 -57.136638,-13.931945,0 -57.136675,-13.932162,0 -57.136694,-13.932397,0 -57.136713,-13.932614,0 -57.136731,-13.932849,0 -57.136768,-13.933066,0 -57.136787,-13.933301,0 -57.136806,-13.933518,0 -57.136824,-13.933753,0 -57.136861,-13.933970,0 -57.136880,-13.934205,0 -57.136899,-13.934422,0 -57.136936,-13.934657,0 -57.136955,-13.934874,0 -57.136973,-13.935109,0 -57.136992,-13.935326,0 -57.137029,-13.935561,0 -57.137048,-13.935778,0 -57.137066,-13.936013,0 -57.137104,-13.936230,0 -57.137122,-13.936466,0 -57.137141,-13.936683,0 -57.137159,-13.936918,0 -57.137197,-13.937135,0 -57.137215,-13.937370,0 -57.137234,-13.937587,0 -57.137253,-13.937822,0 -57.137290,-13.938039,0 -57.137308,-13.938274,0 -57.137327,-13.938509,0 -57.137364,-13.938726,0 -57.137383,-13.938961,0 -57.137401,-13.939178,0 -57.137420,-13.939413,0 -57.137457,-13.939630,0 -57.137476,-13.939865,0 -57.137495,-13.940082,0 -57.137532,-13.940317,0 -57.137550,-13.940534,0 -57.137569,-13.940769,0 -57.137588,-13.940986,0 -57.137625,-13.941221,0 -57.137644,-13.941438,0 -57.137662,-13.941673,0 -57.137681,-13.941890,0</coordinates></LineString></Placemark>
<Placemark><name>T-04 - 13,99 km</name><description>Maxima 13992 m | Minima 11110 m | Reta 4632 m | 222.45 ha</description><styleUrl>#rota</styleUrl><LineString><tessellate>1</tessellate><coordinates>-57.099445,-13.894963,0 -57.099667,-13.895107,0 -57.099926,-13.895415,0 -57.100130,-13.895541,0 -57.100334,-13.895668,0 -57.100519,-13.895794,0 -57.100723,-13.895921,0 -57.100926,-13.896047,0 -57.101130,-13.896174,0 -57.101315,-13.896300,0 -57.101519,-13.896427,0 -57.101723,-13.896553,0 -57.101908,-13.896698,0 -57.102111,-13.896824,0 -57.102315,-13.896951,0 -57.102519,-13.897077,0 -57.102704,-13.897204,0 -57.102908,-13.897330,0 -57.103111,-13.897457,0 -57.103278,-13.897601,0 -57.103463,-13.897746,0 -57.103648,-13.897891,0 -57.103815,-13.898035,0 -57.104000,-13.898180,0 -57.104185,-13.898324,0 -57.104371,-13.898469,0 -57.104537,-13.898614,0 -57.104722,-13.898758,0 -57.104908,-13.898903,0 -57.105074,-13.899047,0 -57.105241,-13.899228,0 -57.105408,-13.899409,0 -57.105574,-13.899590,0 -57.105741,-13.899771,0 -57.105889,-13.899951,0 -57.106056,-13.900132,0 -57.106223,-13.900313,0 -57.106389,-13.900494,0 -57.106556,-13.900674,0 -57.106704,-13.900855,0 -57.106815,-13.901072,0 -57.106927,-13.901289,0 -57.107038,-13.901488,0 -57.107149,-13.901705,0 -57.107260,-13.901922,0 -57.107371,-13.902139,0 -57.107482,-13.902356,0 -57.107594,-13.902555,0 -57.107705,-13.902772,0 -57.107964,-13.902952,0 -57.108223,-13.902898,0 -57.108464,-13.902844,0 -57.108704,-13.902789,0 -57.108945,-13.902753,0 -57.109167,-13.902717,0 -57.109408,-13.902699,0 -57.109630,-13.902680,0 -57.109871,-13.902644,0 -57.110093,-13.902626,0 -57.110333,-13.902608,0 -57.110556,-13.902589,0 -57.110796,-13.902553,0 -57.111018,-13.902535,0 -57.111259,-13.902517,0 -57.111481,-13.902481,0 -57.111722,-13.902462,0 -57.111944,-13.902444,0 -57.112185,-13.902426,0 -57.112407,-13.902390,0 -57.112647,-13.902372,0 -57.112869,-13.902353,0 -57.113110,-13.902317,0 -57.113332,-13.902299,0 -57.113573,-13.902281,0 -57.113795,-13.902244,0 -57.114017,-13.902226,0 -57.114258,-13.902208,0 -57.114480,-13.902190,0 -57.114721,-13.902154,0 -57.114943,-13.902135,0 -57.115183,-13.902117,0 -57.115406,-13.902081,0 -57.115646,-13.902063,0 -57.115868,-13.902045,0 -57.116109,-13.902008,0 -57.116331,-13.901990,0 -57.116572,-13.901972,0 -57.116794,-13.901954,0 -57.117035,-13.901917,0 -57.117257,-13.901899,0 -57.117497,-13.901881,0 -57.117719,-13.901845,0 -57.117960,-13.901826,0 -57.118182,-13.901808,0 -57.118423,-13.901790,0 -57.118645,-13.901754,0 -57.118886,-13.901736,0 -57.119108,-13.901717,0 -57.119348,-13.901681,0 -57.119571,-13.901663,0 -57.119793,-13.901645,0 -57.120033,-13.901608,0 -57.120255,-13.901590,0 -57.120496,-13.901572,0 -57.120718,-13.901554,0 -57.120959,-13.901518,0 -57.121181,-13.901499,0 -57.121422,-13.901481,0 -57.121644,-13.901445,0 -57.121884,-13.901427,0 -57.122107,-13.901409,0 -57.122347,-13.901390,0 -57.122569,-13.901354,0 -57.122810,-13.901336,0 -57.123032,-13.901318,0 -57.123273,-13.901281,0 -57.123495,-13.901263,0 -57.123736,-13.901245,0 -57.123958,-13.901209,0 -57.124198,-13.901190,0 -57.124421,-13.901172,0 -57.124661,-13.901136,0 -57.124902,-13.901118,0 -57.125124,-13.901100,0 -57.125365,-13.901081,0 -57.125605,-13.901045,0 -57.125827,-13.901027,0 -57.126068,-13.901009,0 -57.126309,-13.900972,0 -57.126531,-13.900954,0 -57.126771,-13.900936,0 -57.127012,-13.900900,0 -57.127234,-13.900881,0 -57.127475,-13.900863,0 -57.127715,-13.900827,0 -57.127938,-13.900809,0 -57.128178,-13.900791,0 -57.128419,-13.900754,0 -57.128641,-13.900736,0 -57.128882,-13.900718,0 -57.129122,-13.900682,0 -57.129344,-13.900663,0 -57.129585,-13.900645,0 -57.129826,-13.900609,0 -57.130048,-13.900591,0 -57.130289,-13.900572,0 -57.130529,-13.900536,0 -57.130751,-13.900518,0 -57.130992,-13.900500,0 -57.131233,-13.900463,0 -57.131455,-13.900445,0 -57.131695,-13.900427,0 -57.131936,-13.900409,0 -57.132158,-13.900372,0 -57.132399,-13.900354,0 -57.132639,-13.900336,0 -57.132862,-13.900300,0 -57.133102,-13.900282,0 -57.133343,-13.900263,0 -57.133565,-13.900227,0 -57.133806,-13.900209,0 -57.134046,-13.900191,0 -57.134268,-13.900154,0 -57.134509,-13.900136,0 -57.134750,-13.900118,0 -57.134972,-13.900082,0 -57.135231,-13.900063,0 -57.135472,-13.900027,0 -57.135712,-13.900009,0 -57.135971,-13.899991,0 -57.136212,-13.899954,0 -57.136471,-13.899936,0 -57.136712,-13.899900,0 -57.136953,-13.899882,0 -57.137212,-13.899845,0 -57.137452,-13.899827,0 -57.137711,-13.899809,0 -57.137934,-13.899773,0 -57.138174,-13.899754,0 -57.138415,-13.899736,0 -57.138656,-13.899718,0 -57.138878,-13.899700,0 -57.139118,-13.899663,0 -57.139359,-13.899645,0 -57.139600,-13.899627,0 -57.139840,-13.899609,0 -57.140062,-13.899590,0 -57.140303,-13.899554,0 -57.140544,-13.899536,0 -57.140784,-13.899518,0 -57.141006,-13.899500,0 -57.141247,-13.899481,0 -57.141488,-13.899445,0 -57.141728,-13.899427,0 -57.141969,-13.899409,0 -57.142191,-13.899390,0 -57.142432,-13.899372,0 -57.142672,-13.899354,0 -57.142913,-13.899318,0 -57.143135,-13.899299,0 -57.143376,-13.899281,0 -57.143616,-13.899263,0 -57.143857,-13.899245,0 -57.143820,-13.899643,0 -57.143598,-13.899679,0 -57.143358,-13.899697,0 -57.143135,-13.899715,0 -57.142895,-13.899752,0 -57.142673,-13.899770,0 -57.142432,-13.899788,0 -57.142191,-13.899824,0 -57.141969,-13.899843,0 -57.141729,-13.899861,0 -57.141506,-13.899897,0 -57.141266,-13.899915,0 -57.141044,-13.899934,0 -57.140803,-13.899970,0 -57.140562,-13.899988,0 -57.140340,-13.900006,0 -57.140100,-13.900043,0 -57.139878,-13.900061,0 -57.139637,-13.900079,0 -57.139415,-13.900115,0 -57.139174,-13.900134,0 -57.138952,-13.900152,0 -57.138711,-13.900188,0 -57.138471,-13.900206,0 -57.138249,-13.900224,0 -57.138008,-13.900261,0 -57.137786,-13.900279,0 -57.137545,-13.900315,0 -57.137323,-13.900333,0 -57.137082,-13.900370,0 -57.136842,-13.900388,0 -57.136620,-13.900406,0 -57.136379,-13.900443,0 -57.136157,-13.900461,0 -57.135916,-13.900497,0 -57.135694,-13.900515,0 -57.135453,-13.900533,0 -57.135231,-13.900570,0 -57.135009,-13.900588,0 -57.134768,-13.900606,0 -57.134546,-13.900642,0 -57.134306,-13.900661,0 -57.134065,-13.900697,0 -57.133843,-13.900715,0 -57.133602,-13.900733,0 -57.133362,-13.900770,0 -57.133140,-13.900788,0 -57.132899,-13.900806,0 -57.132677,-13.900842,0 -57.132436,-13.900861,0 -57.132195,-13.900879,0 -57.131973,-13.900915,0 -57.131733,-13.900933,0 -57.131511,-13.900952,0 -57.131270,-13.900988,0 -57.131029,-13.901006,0 -57.130807,-13.901024,0 -57.130566,-13.901061,0 -57.130326,-13.901079,0 -57.130104,-13.901097,0 -57.129863,-13.901133,0 -57.129641,-13.901151,0 -57.129400,-13.901188,0 -57.129160,-13.901206,0 -57.128938,-13.901224,0 -57.128697,-13.901260,0 -57.128475,-13.901279,0 -57.128234,-13.901297,0 -57.127993,-13.901333,0 -57.127771,-13.901351,0 -57.127531,-13.901370,0 -57.127290,-13.901406,0 -57.127068,-13.901424,0 -57.126827,-13.901442,0 -57.126605,-13.901479,0 -57.126364,-13.901497,0 -57.126124,-13.901515,0 -57.125902,-13.901551,0 -57.125661,-13.901569,0 -57.125439,-13.901606,0 -57.125198,-13.901624,0 -57.124958,-13.901642,0 -57.124735,-13.901678,0 -57.124495,-13.901697,0 -57.124254,-13.901715,0 -57.124217,-13.902058,0 -57.124217,-13.902294,0 -57.124199,-13.902529,0 -57.124181,-13.902764,0 -57.124181,-13.902999,0 -57.124162,-13.903234,0 -57.124144,-13.903487,0 -57.124144,-13.903722,0 -57.124126,-13.903957,0 -57.124126,-13.904192,0 -57.124108,-13.904428,0 -57.124089,-13.904663,0 -57.124089,-13.904898,0 -57.124071,-13.905133,0 -57.124053,-13.905386,0 -57.124053,-13.905621,0 -57.124034,-13.905856,0 -57.124034,-13.906091,0 -57.124016,-13.906326,0 -57.123998,-13.906562,0 -57.123998,-13.906797,0 -57.123979,-13.907032,0 -57.123961,-13.907267,0 -57.123961,-13.907520,0 -57.123943,-13.907755,0 -57.123943,-13.907990,0 -57.123924,-13.908225,0 -57.123906,-13.908460,0 -57.123906,-13.908696,0 -57.123888,-13.908931,0 -57.123869,-13.909166,0 -57.123870,-13.909419,0 -57.123851,-13.909654,0 -57.123851,-13.909889,0 -57.123833,-13.910124,0 -57.123814,-13.910359,0 -57.123815,-13.910594,0 -57.123796,-13.910829,0 -57.123778,-13.911065,0 -57.123778,-13.911300,0 -57.123760,-13.911553,0 -57.123760,-13.911788,0 -57.123741,-13.912023,0 -57.123723,-13.912258,0 -57.123723,-13.912493,0 -57.123705,-13.912728,0 -57.123686,-13.912963,0 -57.123686,-13.913199,0 -57.123668,-13.913452,0 -57.123668,-13.913687,0 -57.123650,-13.913922,0 -57.123631,-13.914157,0 -57.123613,-13.914410,0 -57.123613,-13.914645,0 -57.123595,-13.914899,0 -57.123576,-13.915152,0 -57.123558,-13.915405,0 -57.123540,-13.915640,0 -57.123521,-13.915893,0 -57.123503,-13.916146,0 -57.123503,-13.916363,0 -57.123503,-13.916598,0 -57.123485,-13.916834,0 -57.123485,-13.917051,0 -57.123466,-13.917286,0 -57.123467,-13.917503,0 -57.123467,-13.917738,0 -57.123448,-13.917955,0 -57.123448,-13.918190,0 -57.123430,-13.918425,0 -57.123430,-13.918660,0 -57.123412,-13.918895,0 -57.123393,-13.919130,0 -57.123393,-13.919365,0 -57.123375,-13.919619,0 -57.123357,-13.919854,0 -57.123357,-13.920089,0 -57.123338,-13.920324,0 -57.123339,-13.920559,0 -57.123320,-13.920794,0 -57.123302,-13.921029,0 -57.123302,-13.921264,0 -57.123284,-13.921517,0 -57.123265,-13.921753,0 -57.123265,-13.921988,0 -57.123247,-13.922223,0 -57.123469,-13.922349,0 -57.123673,-13.922494,0 -57.123895,-13.922620,0 -57.124228,-13.922891,0 -57.124599,-13.923162,0 -57.124803,-13.923343,0 -57.125025,-13.923524,0 -57.125303,-13.923723,0 -57.125581,-13.923921,0 -57.125784,-13.924048,0 -57.126007,-13.924174,0 -57.126210,-13.924301,0 -57.126544,-13.924445,0 -57.126766,-13.924554,0 -57.127025,-13.924662,0 -57.127210,-13.924734,0 -57.127581,-13.924825,0 -57.127821,-13.924897,0 -57.128173,-13.924951,0 -57.128580,-13.925005,0 -57.128840,-13.925041,0 -57.129099,-13.925077,0 -57.129340,-13.925113,0 -57.129580,-13.925131,0 -57.129821,-13.925149,0 -57.130043,-13.925167,0 -57.130284,-13.925203,0 -57.130525,-13.925221,0 -57.130747,-13.925239,0 -57.130987,-13.925257,0 -57.131228,-13.925275,0 -57.131469,-13.925293,0 -57.131691,-13.925293,0 -57.131932,-13.925311,0 -57.132247,-13.925545,0 -57.132228,-13.925889,0 -57.132043,-13.926215,0 -57.131766,-13.926396,0 -57.131488,-13.926577,0 -57.131247,-13.926740,0 -57.131007,-13.926884,0 -57.130748,-13.926975,0 -57.130489,-13.927065,0 -57.130211,-13.927156,0 -57.129952,-13.927247,0 -57.129730,-13.927283,0 -57.129489,-13.927319,0 -57.129267,-13.927355,0 -57.129045,-13.927374,0 -57.128711,-13.927374,0 -57.128378,-13.927374,0 -57.128063,-13.927284,0 -57.127767,-13.927212,0 -57.127489,-13.927103,0 -57.127211,-13.926995,0 -57.126934,-13.926887,0 -57.126563,-13.926634,0 -57.126360,-13.926489,0 -57.126156,-13.926344,0 -57.125952,-13.926200,0 -57.125748,-13.926055,0 -57.125545,-13.925911,0 -57.125341,-13.925802,0 -57.125137,-13.925676,0 -57.124933,-13.925549,0 -57.124730,-13.925423,0 -57.124489,-13.925260,0 -57.124248,-13.925116,0 -57.124026,-13.924953,0 -57.123804,-13.924917,0 -57.123452,-13.924917,0 -57.123119,-13.924917,0 -57.123100,-13.925152,0 -57.123100,-13.925406,0 -57.123082,-13.925641,0 -57.123082,-13.925876,0 -57.123064,-13.926129,0 -57.123045,-13.926364,0 -57.123046,-13.926599,0 -57.123027,-13.926852,0 -57.123009,-13.927087,0 -57.123009,-13.927323,0 -57.122991,-13.927558,0 -57.122972,-13.927793,0 -57.122972,-13.928028,0 -57.122954,-13.928263,0 -57.122954,-13.928516,0 -57.122936,-13.928751,0 -57.122917,-13.928986,0 -57.122917,-13.929221,0 -57.122899,-13.929457,0 -57.122881,-13.929692,0 -57.122881,-13.929999,0 -57.122862,-13.930325,0 -57.122844,-13.930560,0 -57.122844,-13.930795,0 -57.122826,-13.931030,0 -57.122807,-13.931247,0 -57.122807,-13.931482,0 -57.122789,-13.931717,0 -57.122789,-13.931952,0 -57.122771,-13.932169,0 -57.122752,-13.932404,0 -57.122753,-13.932639,0 -57.122734,-13.932875,0 -57.122734,-13.933092,0 -57.122716,-13.933327,0 -57.122753,-13.933562,0 -57.122809,-13.933797,0 -57.122846,-13.934032,0 -57.122883,-13.934267,0 -57.122939,-13.934484,0 -57.122976,-13.934719,0 -57.123013,-13.934954,0 -57.123069,-13.935189,0 -57.123106,-13.935424,0 -57.123143,-13.935659,0 -57.123199,-13.935894,0 -57.123236,-13.936129,0 -57.123273,-13.936346,0 -57.123329,-13.936581,0 -57.123366,-13.936817,0 -57.123403,-13.937052,0 -57.123459,-13.937287,0 -57.123496,-13.937522,0 -57.123533,-13.937757,0 -57.123589,-13.937974,0 -57.123626,-13.938209,0 -57.123663,-13.938444,0 -57.123718,-13.938679,0 -57.123756,-13.938914,0 -57.123793,-13.939149,0 -57.123848,-13.939384,0 -57.123886,-13.939601,0 -57.123923,-13.939836,0 -57.123978,-13.940071,0 -57.124016,-13.940306,0 -57.124053,-13.940541,0 -57.124108,-13.940777,0 -57.124146,-13.941012,0 -57.124183,-13.941229,0 -57.124238,-13.941464,0 -57.124276,-13.941699,0 -57.124313,-13.941934,0 -57.124368,-13.942169,0 -57.124406,-13.942404,0 -57.124443,-13.942639,0 -57.124498,-13.942856,0 -57.124536,-13.943091,0 -57.124721,-13.943236,0 -57.124961,-13.943217,0</coordinates></LineString></Placemark>
<Placemark><name>T-05 - 12,49 km</name><description>Maxima 12490 m | Minima 9017 m | Reta 3538 m | 176.55 ha</description><styleUrl>#rota</styleUrl><LineString><tessellate>1</tessellate><coordinates>-57.099445,-13.894963,0 -57.099667,-13.895107,0 -57.099926,-13.895415,0 -57.100130,-13.895541,0 -57.100334,-13.895668,0 -57.100519,-13.895794,0 -57.100723,-13.895921,0 -57.100926,-13.896047,0 -57.101130,-13.896174,0 -57.101315,-13.896300,0 -57.101519,-13.896427,0 -57.101723,-13.896553,0 -57.101908,-13.896698,0 -57.102111,-13.896824,0 -57.102315,-13.896951,0 -57.102519,-13.897077,0 -57.102704,-13.897204,0 -57.102908,-13.897330,0 -57.103111,-13.897457,0 -57.103278,-13.897601,0 -57.103463,-13.897746,0 -57.103648,-13.897891,0 -57.103815,-13.898035,0 -57.104000,-13.898180,0 -57.104185,-13.898324,0 -57.104371,-13.898469,0 -57.104537,-13.898614,0 -57.104722,-13.898758,0 -57.104908,-13.898903,0 -57.105074,-13.899047,0 -57.105241,-13.899228,0 -57.105408,-13.899409,0 -57.105574,-13.899590,0 -57.105741,-13.899771,0 -57.105889,-13.899951,0 -57.106056,-13.900132,0 -57.106223,-13.900313,0 -57.106389,-13.900494,0 -57.106556,-13.900674,0 -57.106704,-13.900855,0 -57.106815,-13.901072,0 -57.106927,-13.901289,0 -57.107038,-13.901488,0 -57.107149,-13.901705,0 -57.107260,-13.901922,0 -57.107371,-13.902139,0 -57.107482,-13.902356,0 -57.107594,-13.902555,0 -57.107705,-13.902772,0 -57.107964,-13.902952,0 -57.108223,-13.902898,0 -57.108464,-13.902844,0 -57.108704,-13.902789,0 -57.108945,-13.902753,0 -57.109167,-13.902717,0 -57.109408,-13.902699,0 -57.109630,-13.902680,0 -57.109871,-13.902644,0 -57.110093,-13.902626,0 -57.110333,-13.902608,0 -57.110556,-13.902589,0 -57.110796,-13.902553,0 -57.111018,-13.902535,0 -57.111259,-13.902517,0 -57.111481,-13.902481,0 -57.111722,-13.902462,0 -57.111944,-13.902444,0 -57.112185,-13.902426,0 -57.112407,-13.902390,0 -57.112647,-13.902372,0 -57.112869,-13.902353,0 -57.113110,-13.902317,0 -57.113332,-13.902299,0 -57.113573,-13.902281,0 -57.113795,-13.902244,0 -57.114017,-13.902226,0 -57.114258,-13.902208,0 -57.114480,-13.902190,0 -57.114721,-13.902154,0 -57.114943,-13.902135,0 -57.115183,-13.902117,0 -57.115406,-13.902081,0 -57.115646,-13.902063,0 -57.115868,-13.902045,0 -57.116109,-13.902008,0 -57.116331,-13.901990,0 -57.116572,-13.901972,0 -57.116794,-13.901954,0 -57.117035,-13.901917,0 -57.117257,-13.901899,0 -57.117497,-13.901881,0 -57.117719,-13.901845,0 -57.117960,-13.901826,0 -57.118182,-13.901808,0 -57.118423,-13.901790,0 -57.118645,-13.901754,0 -57.118886,-13.901736,0 -57.119108,-13.901717,0 -57.119348,-13.901681,0 -57.119571,-13.901663,0 -57.119793,-13.901645,0 -57.120033,-13.901608,0 -57.120255,-13.901590,0 -57.120496,-13.901572,0 -57.120718,-13.901554,0 -57.120959,-13.901518,0 -57.121181,-13.901499,0 -57.121422,-13.901481,0 -57.121644,-13.901445,0 -57.121884,-13.901427,0 -57.122107,-13.901409,0 -57.122347,-13.901390,0 -57.122569,-13.901354,0 -57.122810,-13.901336,0 -57.123032,-13.901318,0 -57.123273,-13.901281,0 -57.123495,-13.901263,0 -57.123736,-13.901245,0 -57.123958,-13.901209,0 -57.124198,-13.901190,0 -57.124421,-13.901172,0 -57.124661,-13.901136,0 -57.124902,-13.901118,0 -57.125124,-13.901100,0 -57.125365,-13.901081,0 -57.125605,-13.901045,0 -57.125827,-13.901027,0 -57.126068,-13.901009,0 -57.126309,-13.900972,0 -57.126531,-13.900954,0 -57.126771,-13.900936,0 -57.127012,-13.900900,0 -57.127234,-13.900881,0 -57.127475,-13.900863,0 -57.127715,-13.900827,0 -57.127938,-13.900809,0 -57.128178,-13.900791,0 -57.128419,-13.900754,0 -57.128641,-13.900736,0 -57.128882,-13.900718,0 -57.129122,-13.900682,0 -57.129344,-13.900663,0 -57.129585,-13.900645,0 -57.129826,-13.900609,0 -57.130048,-13.900591,0 -57.130289,-13.900572,0 -57.130529,-13.900536,0 -57.130751,-13.900518,0 -57.130992,-13.900500,0 -57.131233,-13.900463,0 -57.131455,-13.900445,0 -57.131695,-13.900427,0 -57.131936,-13.900409,0 -57.132158,-13.900372,0 -57.132399,-13.900354,0 -57.132639,-13.900336,0 -57.132862,-13.900300,0 -57.133102,-13.900282,0 -57.133343,-13.900263,0 -57.133565,-13.900227,0 -57.133806,-13.900209,0 -57.134046,-13.900191,0 -57.134268,-13.900154,0 -57.134509,-13.900136,0 -57.134750,-13.900118,0 -57.134972,-13.900082,0 -57.135231,-13.900063,0 -57.135472,-13.900027,0 -57.135712,-13.900009,0 -57.135971,-13.899991,0 -57.136212,-13.899954,0 -57.136471,-13.899936,0 -57.136712,-13.899900,0 -57.136953,-13.899882,0 -57.137212,-13.899845,0 -57.137452,-13.899827,0 -57.137711,-13.899809,0 -57.137934,-13.899773,0 -57.138174,-13.899754,0 -57.138415,-13.899736,0 -57.138656,-13.899718,0 -57.138878,-13.899700,0 -57.139118,-13.899663,0 -57.139359,-13.899645,0 -57.139600,-13.899627,0 -57.139840,-13.899609,0 -57.140062,-13.899590,0 -57.140303,-13.899554,0 -57.140544,-13.899536,0 -57.140784,-13.899518,0 -57.141006,-13.899500,0 -57.141247,-13.899481,0 -57.141488,-13.899445,0 -57.141728,-13.899427,0 -57.141969,-13.899409,0 -57.142191,-13.899390,0 -57.142432,-13.899372,0 -57.142672,-13.899354,0 -57.142913,-13.899318,0 -57.143135,-13.899299,0 -57.143376,-13.899281,0 -57.143616,-13.899263,0 -57.143857,-13.899245,0 -57.143820,-13.899643,0 -57.143598,-13.899679,0 -57.143358,-13.899697,0 -57.143135,-13.899715,0 -57.142895,-13.899752,0 -57.142673,-13.899770,0 -57.142432,-13.899788,0 -57.142191,-13.899824,0 -57.141969,-13.899843,0 -57.141729,-13.899861,0 -57.141506,-13.899897,0 -57.141266,-13.899915,0 -57.141044,-13.899934,0 -57.140803,-13.899970,0 -57.140562,-13.899988,0 -57.140340,-13.900006,0 -57.140100,-13.900043,0 -57.139878,-13.900061,0 -57.139637,-13.900079,0 -57.139415,-13.900115,0 -57.139174,-13.900134,0 -57.138952,-13.900152,0 -57.138711,-13.900188,0 -57.138471,-13.900206,0 -57.138249,-13.900224,0 -57.138008,-13.900261,0 -57.137786,-13.900279,0 -57.137545,-13.900315,0 -57.137323,-13.900333,0 -57.137082,-13.900370,0 -57.136842,-13.900388,0 -57.136620,-13.900406,0 -57.136379,-13.900443,0 -57.136157,-13.900461,0 -57.135916,-13.900497,0 -57.135694,-13.900515,0 -57.135453,-13.900533,0 -57.135231,-13.900570,0 -57.135009,-13.900588,0 -57.134768,-13.900606,0 -57.134546,-13.900642,0 -57.134306,-13.900661,0 -57.134065,-13.900697,0 -57.133843,-13.900715,0 -57.133602,-13.900733,0 -57.133362,-13.900770,0 -57.133140,-13.900788,0 -57.132899,-13.900806,0 -57.132677,-13.900842,0 -57.132436,-13.900861,0 -57.132195,-13.900879,0 -57.131973,-13.900915,0 -57.131733,-13.900933,0 -57.131511,-13.900952,0 -57.131270,-13.900988,0 -57.131029,-13.901006,0 -57.130807,-13.901024,0 -57.130566,-13.901061,0 -57.130326,-13.901079,0 -57.130104,-13.901097,0 -57.129863,-13.901133,0 -57.129641,-13.901151,0 -57.129400,-13.901188,0 -57.129160,-13.901206,0 -57.128938,-13.901224,0 -57.128697,-13.901260,0 -57.128475,-13.901279,0 -57.128234,-13.901297,0 -57.127993,-13.901333,0 -57.127771,-13.901351,0 -57.127531,-13.901370,0 -57.127290,-13.901406,0 -57.127068,-13.901424,0 -57.126827,-13.901442,0 -57.126605,-13.901479,0 -57.126364,-13.901497,0 -57.126124,-13.901515,0 -57.125902,-13.901551,0 -57.125661,-13.901569,0 -57.125439,-13.901606,0 -57.125198,-13.901624,0 -57.124958,-13.901642,0 -57.124735,-13.901678,0 -57.124495,-13.901697,0 -57.124254,-13.901715,0 -57.124217,-13.902058,0 -57.124217,-13.902294,0 -57.124199,-13.902529,0 -57.124181,-13.902764,0 -57.124181,-13.902999,0 -57.124162,-13.903234,0 -57.124144,-13.903487,0 -57.124144,-13.903722,0 -57.124126,-13.903957,0 -57.124126,-13.904192,0 -57.124108,-13.904428,0 -57.124089,-13.904663,0 -57.124089,-13.904898,0 -57.124071,-13.905133,0 -57.124053,-13.905386,0 -57.124053,-13.905621,0 -57.124034,-13.905856,0 -57.124034,-13.906091,0 -57.124016,-13.906326,0 -57.123998,-13.906562,0 -57.123998,-13.906797,0 -57.123979,-13.907032,0 -57.123961,-13.907267,0 -57.123961,-13.907520,0 -57.123943,-13.907755,0 -57.123943,-13.907990,0 -57.123924,-13.908225,0 -57.123906,-13.908460,0 -57.123906,-13.908696,0 -57.123888,-13.908931,0 -57.123869,-13.909166,0 -57.123870,-13.909419,0 -57.123851,-13.909654,0 -57.123851,-13.909889,0 -57.123833,-13.910124,0 -57.123814,-13.910359,0 -57.123815,-13.910594,0 -57.123796,-13.910829,0 -57.123778,-13.911065,0 -57.123778,-13.911300,0 -57.123760,-13.911553,0 -57.123760,-13.911788,0 -57.123741,-13.912023,0 -57.123723,-13.912258,0 -57.123723,-13.912493,0 -57.123705,-13.912728,0 -57.123686,-13.912963,0 -57.123686,-13.913199,0 -57.123668,-13.913452,0 -57.123668,-13.913687,0 -57.123650,-13.913922,0 -57.123631,-13.914157,0 -57.123613,-13.914410,0 -57.123613,-13.914645,0 -57.123595,-13.914899,0 -57.123576,-13.915152,0 -57.123558,-13.915405,0 -57.123540,-13.915640,0 -57.123521,-13.915893,0 -57.123503,-13.916146,0 -57.123503,-13.916363,0 -57.123503,-13.916598,0 -57.123485,-13.916834,0 -57.123485,-13.917051,0 -57.123466,-13.917286,0 -57.123467,-13.917503,0 -57.123467,-13.917738,0 -57.123448,-13.917955,0 -57.123448,-13.918190,0 -57.123430,-13.918425,0 -57.123430,-13.918660,0 -57.123412,-13.918895,0 -57.123393,-13.919130,0 -57.123393,-13.919365,0 -57.123375,-13.919619,0 -57.123357,-13.919854,0 -57.123357,-13.920089,0 -57.123338,-13.920324,0 -57.123339,-13.920559,0 -57.123320,-13.920794,0 -57.123302,-13.921029,0 -57.123302,-13.921264,0 -57.123284,-13.921517,0 -57.123265,-13.921753,0 -57.123265,-13.921988,0 -57.123247,-13.922223,0 -57.123469,-13.922349,0 -57.123673,-13.922494,0 -57.123895,-13.922620,0 -57.124228,-13.922891,0 -57.124599,-13.923162,0 -57.124803,-13.923343,0 -57.125025,-13.923524,0 -57.125303,-13.923723,0 -57.125581,-13.923921,0 -57.125784,-13.924048,0 -57.126007,-13.924174,0 -57.126210,-13.924301,0 -57.126544,-13.924445,0 -57.126766,-13.924554,0 -57.127025,-13.924662,0 -57.127210,-13.924734,0 -57.127581,-13.924825,0 -57.127821,-13.924897,0 -57.128173,-13.924951,0 -57.128580,-13.925005,0 -57.128840,-13.925041,0 -57.129099,-13.925077,0 -57.129340,-13.925113,0 -57.129580,-13.925131,0 -57.129821,-13.925149,0 -57.130043,-13.925167,0 -57.130284,-13.925203,0 -57.130525,-13.925221,0 -57.130747,-13.925239,0 -57.130987,-13.925257,0 -57.131228,-13.925275,0 -57.131469,-13.925293,0 -57.131691,-13.925293,0 -57.131932,-13.925311,0 -57.132247,-13.925545,0 -57.132228,-13.925889,0 -57.132043,-13.926215,0 -57.131766,-13.926396,0 -57.131488,-13.926577,0 -57.131247,-13.926740,0 -57.131007,-13.926884,0 -57.130748,-13.926975,0 -57.130489,-13.927065,0 -57.130211,-13.927156,0 -57.129952,-13.927247,0 -57.129730,-13.927283,0 -57.129489,-13.927319,0 -57.129267,-13.927355,0 -57.129045,-13.927374,0 -57.128711,-13.927374,0 -57.128378,-13.927374,0 -57.128063,-13.927284,0 -57.127767,-13.927212,0 -57.127489,-13.927103,0 -57.127211,-13.926995,0 -57.126934,-13.926887,0 -57.126563,-13.926634,0 -57.126360,-13.926489,0 -57.126156,-13.926344,0 -57.125952,-13.926200,0 -57.125748,-13.926055,0 -57.125545,-13.925911,0 -57.125341,-13.925802,0 -57.125137,-13.925676,0 -57.124933,-13.925549,0 -57.124730,-13.925423,0 -57.124489,-13.925260,0 -57.124248,-13.925116,0 -57.124026,-13.924953,0 -57.123804,-13.924917,0 -57.123452,-13.924917,0 -57.123119,-13.924917,0 -57.123100,-13.925152,0 -57.123100,-13.925406,0 -57.123082,-13.925641,0 -57.123082,-13.925876,0 -57.123064,-13.926129,0 -57.123045,-13.926364,0 -57.123046,-13.926599,0 -57.123027,-13.926852,0 -57.123009,-13.927087,0 -57.123009,-13.927323,0 -57.122991,-13.927558,0 -57.122972,-13.927793,0 -57.122972,-13.928028,0 -57.122954,-13.928263,0 -57.122954,-13.928516,0 -57.122936,-13.928751,0 -57.122917,-13.928986,0 -57.122917,-13.929221,0 -57.122899,-13.929457,0 -57.122881,-13.929692,0 -57.123121,-13.929655,0 -57.123343,-13.929637,0</coordinates></LineString></Placemark>
<Placemark><name>T-06 - 11,11 km</name><description>Maxima 11110 m | Minima 8210 m | Reta 4461 m | 211.14 ha</description><styleUrl>#rota</styleUrl><LineString><tessellate>1</tessellate><coordinates>-57.099445,-13.894963,0 -57.099667,-13.895107,0 -57.099926,-13.895415,0 -57.100130,-13.895541,0 -57.100334,-13.895668,0 -57.100519,-13.895794,0 -57.100723,-13.895921,0 -57.100926,-13.896047,0 -57.101130,-13.896174,0 -57.101315,-13.896300,0 -57.101519,-13.896427,0 -57.101723,-13.896553,0 -57.101908,-13.896698,0 -57.102111,-13.896824,0 -57.102315,-13.896951,0 -57.102519,-13.897077,0 -57.102704,-13.897204,0 -57.102908,-13.897330,0 -57.103111,-13.897457,0 -57.103278,-13.897601,0 -57.103463,-13.897746,0 -57.103648,-13.897891,0 -57.103815,-13.898035,0 -57.104000,-13.898180,0 -57.104185,-13.898324,0 -57.104371,-13.898469,0 -57.104537,-13.898614,0 -57.104722,-13.898758,0 -57.104908,-13.898903,0 -57.105074,-13.899047,0 -57.105241,-13.899228,0 -57.105408,-13.899409,0 -57.105574,-13.899590,0 -57.105741,-13.899771,0 -57.105889,-13.899951,0 -57.106056,-13.900132,0 -57.106223,-13.900313,0 -57.106389,-13.900494,0 -57.106556,-13.900674,0 -57.106704,-13.900855,0 -57.106815,-13.901072,0 -57.106927,-13.901289,0 -57.107038,-13.901488,0 -57.107149,-13.901705,0 -57.107260,-13.901922,0 -57.107371,-13.902139,0 -57.107482,-13.902356,0 -57.107594,-13.902555,0 -57.107705,-13.902772,0 -57.107964,-13.902952,0 -57.108223,-13.902898,0 -57.108464,-13.902844,0 -57.108704,-13.902789,0 -57.108945,-13.902753,0 -57.109167,-13.902717,0 -57.109408,-13.902699,0 -57.109630,-13.902680,0 -57.109871,-13.902644,0 -57.110093,-13.902626,0 -57.110333,-13.902608,0 -57.110556,-13.902589,0 -57.110796,-13.902553,0 -57.111018,-13.902535,0 -57.111259,-13.902517,0 -57.111481,-13.902481,0 -57.111722,-13.902462,0 -57.111944,-13.902444,0 -57.112185,-13.902426,0 -57.112407,-13.902390,0 -57.112647,-13.902372,0 -57.112869,-13.902353,0 -57.113110,-13.902317,0 -57.113332,-13.902299,0 -57.113573,-13.902281,0 -57.113795,-13.902244,0 -57.114017,-13.902226,0 -57.114258,-13.902208,0 -57.114480,-13.902190,0 -57.114721,-13.902154,0 -57.114943,-13.902135,0 -57.115183,-13.902117,0 -57.115406,-13.902081,0 -57.115646,-13.902063,0 -57.115868,-13.902045,0 -57.116109,-13.902008,0 -57.116331,-13.901990,0 -57.116572,-13.901972,0 -57.116794,-13.901954,0 -57.117035,-13.901917,0 -57.117257,-13.901899,0 -57.117497,-13.901881,0 -57.117719,-13.901845,0 -57.117960,-13.901826,0 -57.118182,-13.901808,0 -57.118423,-13.901790,0 -57.118645,-13.901754,0 -57.118886,-13.901736,0 -57.119108,-13.901717,0 -57.119348,-13.901681,0 -57.119571,-13.901663,0 -57.119793,-13.901645,0 -57.120033,-13.901608,0 -57.120255,-13.901590,0 -57.120496,-13.901572,0 -57.120718,-13.901554,0 -57.120959,-13.901518,0 -57.121181,-13.901499,0 -57.121422,-13.901481,0 -57.121644,-13.901445,0 -57.121884,-13.901427,0 -57.122107,-13.901409,0 -57.122347,-13.901390,0 -57.122569,-13.901354,0 -57.122810,-13.901336,0 -57.123032,-13.901318,0 -57.123273,-13.901281,0 -57.123495,-13.901263,0 -57.123736,-13.901245,0 -57.123958,-13.901209,0 -57.124198,-13.901190,0 -57.124421,-13.901172,0 -57.124661,-13.901136,0 -57.124902,-13.901118,0 -57.125124,-13.901100,0 -57.125365,-13.901081,0 -57.125605,-13.901045,0 -57.125827,-13.901027,0 -57.126068,-13.901009,0 -57.126309,-13.900972,0 -57.126531,-13.900954,0 -57.126771,-13.900936,0 -57.127012,-13.900900,0 -57.127234,-13.900881,0 -57.127475,-13.900863,0 -57.127715,-13.900827,0 -57.127938,-13.900809,0 -57.128178,-13.900791,0 -57.128419,-13.900754,0 -57.128641,-13.900736,0 -57.128882,-13.900718,0 -57.129122,-13.900682,0 -57.129344,-13.900663,0 -57.129585,-13.900645,0 -57.129826,-13.900609,0 -57.130048,-13.900591,0 -57.130289,-13.900572,0 -57.130529,-13.900536,0 -57.130751,-13.900518,0 -57.130992,-13.900500,0 -57.131233,-13.900463,0 -57.131455,-13.900445,0 -57.131695,-13.900427,0 -57.131936,-13.900409,0 -57.132158,-13.900372,0 -57.132399,-13.900354,0 -57.132639,-13.900336,0 -57.132862,-13.900300,0 -57.133102,-13.900282,0 -57.133343,-13.900263,0 -57.133565,-13.900227,0 -57.133806,-13.900209,0 -57.134046,-13.900191,0 -57.134268,-13.900154,0 -57.134509,-13.900136,0 -57.134750,-13.900118,0 -57.134972,-13.900082,0 -57.135231,-13.900063,0 -57.135472,-13.900027,0 -57.135712,-13.900009,0 -57.135971,-13.899991,0 -57.136212,-13.899954,0 -57.136471,-13.899936,0 -57.136712,-13.899900,0 -57.136953,-13.899882,0 -57.137212,-13.899845,0 -57.137452,-13.899827,0 -57.137711,-13.899809,0 -57.137934,-13.899773,0 -57.138174,-13.899754,0 -57.138415,-13.899736,0 -57.138656,-13.899718,0 -57.138878,-13.899700,0 -57.139118,-13.899663,0 -57.139359,-13.899645,0 -57.139600,-13.899627,0 -57.139840,-13.899609,0 -57.140062,-13.899590,0 -57.140303,-13.899554,0 -57.140544,-13.899536,0 -57.140784,-13.899518,0 -57.141006,-13.899500,0 -57.141247,-13.899481,0 -57.141488,-13.899445,0 -57.141728,-13.899427,0 -57.141969,-13.899409,0 -57.142191,-13.899390,0 -57.142432,-13.899372,0 -57.142672,-13.899354,0 -57.142913,-13.899318,0 -57.143135,-13.899299,0 -57.143376,-13.899281,0 -57.143616,-13.899263,0 -57.143857,-13.899245,0 -57.143820,-13.899643,0 -57.143598,-13.899679,0 -57.143358,-13.899697,0 -57.143135,-13.899715,0 -57.142895,-13.899752,0 -57.142673,-13.899770,0 -57.142432,-13.899788,0 -57.142191,-13.899824,0 -57.141969,-13.899843,0 -57.141729,-13.899861,0 -57.141506,-13.899897,0 -57.141266,-13.899915,0 -57.141044,-13.899934,0 -57.140803,-13.899970,0 -57.140562,-13.899988,0 -57.140340,-13.900006,0 -57.140100,-13.900043,0 -57.139878,-13.900061,0 -57.139637,-13.900079,0 -57.139415,-13.900115,0 -57.139174,-13.900134,0 -57.138952,-13.900152,0 -57.138711,-13.900188,0 -57.138471,-13.900206,0 -57.138249,-13.900224,0 -57.138008,-13.900261,0 -57.137786,-13.900279,0 -57.137545,-13.900315,0 -57.137323,-13.900333,0 -57.137082,-13.900370,0 -57.136842,-13.900388,0 -57.136620,-13.900406,0 -57.136379,-13.900443,0 -57.136157,-13.900461,0 -57.135916,-13.900497,0 -57.135694,-13.900515,0 -57.135453,-13.900533,0 -57.135231,-13.900570,0 -57.135565,-13.900859,0 -57.135750,-13.901076,0 -57.135954,-13.901275,0 -57.136157,-13.901473,0 -57.136306,-13.901636,0 -57.136472,-13.901799,0 -57.136621,-13.901980,0 -57.136787,-13.902142,0 -57.136954,-13.902305,0 -57.137102,-13.902468,0 -57.137269,-13.902630,0 -57.137417,-13.902793,0 -57.137584,-13.902956,0 -57.137750,-13.903118,0 -57.137899,-13.903281,0 -57.138065,-13.903444,0 -57.138232,-13.903606,0 -57.138380,-13.903769,0 -57.138547,-13.903950,0 -57.138695,-13.904112,0 -57.138862,-13.904275,0 -57.139029,-13.904438,0 -57.139195,-13.904618,0 -57.139362,-13.904781,0 -57.139529,-13.904962,0 -57.139695,-13.905124,0 -57.139862,-13.905305,0 -57.140029,-13.905468,0 -57.140196,-13.905649,0 -57.140362,-13.905811,0 -57.140529,-13.905992,0 -57.140696,-13.906155,0 -57.140862,-13.906335,0 -57.141029,-13.906498,0 -57.141177,-13.906661,0 -57.141344,-13.906841,0 -57.141511,-13.907004,0 -57.141678,-13.907167,0 -57.141826,-13.907329,0 -57.141992,-13.907510,0 -57.142159,-13.907673,0 -57.142326,-13.907836,0 -57.142474,-13.907998,0 -57.142641,-13.908161,0 -57.142807,-13.908342,0 -57.142974,-13.908504,0 -57.143141,-13.908667,0 -57.143289,-13.908830,0 -57.143456,-13.909010,0 -57.143623,-13.909173,0 -57.143789,-13.909336,0 -57.143938,-13.909516,0 -57.144104,-13.909679,0 -57.144271,-13.909842,0 -57.144438,-13.910022,0 -57.144604,-13.910185,0 -57.144753,-13.910366,0 -57.144919,-13.910529,0 -57.145086,-13.910709,0 -57.145253,-13.910872,0 -57.145419,-13.911035,0 -57.145568,-13.911215,0 -57.145734,-13.911378,0 -57.145901,-13.911559,0 -57.146068,-13.911721,0 -57.146235,-13.911884,0 -57.146401,-13.912065,0 -57.146550,-13.912227,0 -57.146716,-13.912408,0 -57.146883,-13.912571,0 -57.147050,-13.912752,0 -57.147216,-13.912914,0 -57.147365,-13.913077,0 -57.147531,-13.913258,0 -57.147698,-13.913420,0 -57.147865,-13.913601,0 -57.147624,-13.913619,0 -57.147402,-13.913637,0 -57.147161,-13.913674,0 -57.146939,-13.913692,0 -57.146699,-13.913710,0 -57.146458,-13.913747,0 -57.146236,-13.913765,0 -57.146014,-13.913783,0 -57.145773,-13.913819,0 -57.145551,-13.913838,0 -57.145310,-13.913856,0 -57.145070,-13.913892,0 -57.144847,-13.913910,0 -57.144607,-13.913947,0 -57.144385,-13.913965,0 -57.144144,-13.913983,0 -57.143922,-13.914001,0 -57.143681,-13.914038,0 -57.143459,-13.914056,0 -57.143218,-13.914092,0 -57.142996,-13.914110,0 -57.142756,-13.914129,0 -57.142533,-13.914147,0 -57.142274,-13.914183,0 -57.142071,-13.914201,0 -57.141811,-13.914238,0 -57.141608,-13.914256,0 -57.141349,-13.914292,0 -57.141126,-13.914310,0 -57.140904,-13.914329,0 -57.140664,-13.914347,0 -57.140442,-13.914365,0 -57.140182,-13.914401,0 -57.139979,-13.914419,0 -57.139720,-13.914456,0 -57.139516,-13.914474,0 -57.139257,-13.914510,0 -57.139035,-13.914529,0 -57.138812,-13.914547,0 -57.138590,-13.914565,0 -57.138331,-13.914601,0 -57.138128,-13.914619,0 -57.137887,-13.914638,0 -57.137628,-13.914674,0 -57.137424,-13.914692,0 -57.137202,-13.914710,0 -57.136943,-13.914747,0 -57.136721,-13.914765,0 -57.136498,-13.914783,0 -57.136239,-13.914819,0 -57.136036,-13.914838,0 -57.135795,-13.914856,0 -57.135536,-13.914892,0 -57.135332,-13.914910,0 -57.135110,-13.914929,0 -57.134851,-13.914965,0 -57.134870,-13.915200,0 -57.134888,-13.915417,0 -57.134907,-13.915652,0 -57.134944,-13.915869,0 -57.134963,-13.916104,0 -57.134981,-13.916321,0 -57.135018,-13.916556,0 -57.135037,-13.916791,0 -57.135056,-13.917008,0 -57.135074,-13.917243,0 -57.135111,-13.917460,0 -57.135130,-13.917695,0 -57.135149,-13.917912,0 -57.135186,-13.918147,0 -57.135205,-13.918364,0 -57.135223,-13.918600,0 -57.135260,-13.918817,0 -57.135279,-13.919052,0 -57.135298,-13.919269,0 -57.135316,-13.919504,0 -57.135353,-13.919721,0 -57.135372,-13.919956,0 -57.135391,-13.920173,0 -57.135428,-13.920408,0 -57.135447,-13.920625,0 -57.135465,-13.920860,0 -57.135484,-13.921077,0 -57.135521,-13.921312,0 -57.135540,-13.921529,0 -57.135558,-13.921764,0 -57.135595,-13.921981,0 -57.135614,-13.922216,0 -57.135633,-13.922433,0 -57.135651,-13.922668,0 -57.135689,-13.922885,0 -57.135707,-13.923120,0 -57.135726,-13.923337,0 -57.135763,-13.923572,0 -57.135782,-13.923789,0 -57.135800,-13.924024,0 -57.135837,-13.924241,0 -57.135856,-13.924477,0 -57.135875,-13.924694,0 -57.135893,-13.924929,0 -57.135931,-13.925146,0 -57.135949,-13.925381,0 -57.135968,-13.925598,0 -57.136005,-13.925833,0 -57.136024,-13.926050,0 -57.136042,-13.926285,0 -57.136061,-13.926502,0 -57.136098,-13.926737,0 -57.136117,-13.926954,0 -57.136135,-13.927189,0 -57.136173,-13.927406,0 -57.136191,-13.927641,0 -57.136210,-13.927858,0 -57.136247,-13.928093,0 -57.136266,-13.928310,0</coordinates></LineString></Placemark>
<Placemark><name>T-07 - 10,20 km</name><description>Maxima 10201 m | Minima 7781 m | Reta 5666 m | 214.0 ha</description><styleUrl>#rota</styleUrl><LineString><tessellate>1</tessellate><coordinates>-57.099445,-13.894963,0 -57.099667,-13.895107,0 -57.099926,-13.895415,0 -57.100130,-13.895541,0 -57.100334,-13.895668,0 -57.100519,-13.895794,0 -57.100723,-13.895921,0 -57.100926,-13.896047,0 -57.101130,-13.896174,0 -57.101315,-13.896300,0 -57.101519,-13.896427,0 -57.101723,-13.896553,0 -57.101908,-13.896698,0 -57.102111,-13.896824,0 -57.102315,-13.896951,0 -57.102519,-13.897077,0 -57.102704,-13.897204,0 -57.102908,-13.897330,0 -57.103111,-13.897457,0 -57.103278,-13.897601,0 -57.103463,-13.897746,0 -57.103648,-13.897891,0 -57.103815,-13.898035,0 -57.104000,-13.898180,0 -57.104185,-13.898324,0 -57.104371,-13.898469,0 -57.104537,-13.898614,0 -57.104722,-13.898758,0 -57.104908,-13.898903,0 -57.105074,-13.899047,0 -57.105241,-13.899228,0 -57.105408,-13.899409,0 -57.105574,-13.899590,0 -57.105741,-13.899771,0 -57.105889,-13.899951,0 -57.106056,-13.900132,0 -57.106223,-13.900313,0 -57.106389,-13.900494,0 -57.106556,-13.900674,0 -57.106704,-13.900855,0 -57.106815,-13.901072,0 -57.106927,-13.901289,0 -57.107038,-13.901488,0 -57.107149,-13.901705,0 -57.107260,-13.901922,0 -57.107371,-13.902139,0 -57.107482,-13.902356,0 -57.107594,-13.902555,0 -57.107705,-13.902772,0 -57.107964,-13.902952,0 -57.108223,-13.902898,0 -57.108464,-13.902844,0 -57.108704,-13.902789,0 -57.108945,-13.902753,0 -57.109167,-13.902717,0 -57.109408,-13.902699,0 -57.109630,-13.902680,0 -57.109871,-13.902644,0 -57.110093,-13.902626,0 -57.110333,-13.902608,0 -57.110556,-13.902589,0 -57.110796,-13.902553,0 -57.111018,-13.902535,0 -57.111259,-13.902517,0 -57.111481,-13.902481,0 -57.111722,-13.902462,0 -57.111944,-13.902444,0 -57.112185,-13.902426,0 -57.112407,-13.902390,0 -57.112647,-13.902372,0 -57.112869,-13.902353,0 -57.113110,-13.902317,0 -57.113332,-13.902299,0 -57.113573,-13.902281,0 -57.113795,-13.902244,0 -57.114017,-13.902226,0 -57.114258,-13.902208,0 -57.114480,-13.902190,0 -57.114721,-13.902154,0 -57.114943,-13.902135,0 -57.115183,-13.902117,0 -57.115406,-13.902081,0 -57.115646,-13.902063,0 -57.115868,-13.902045,0 -57.116109,-13.902008,0 -57.116331,-13.901990,0 -57.116572,-13.901972,0 -57.116794,-13.901954,0 -57.117035,-13.901917,0 -57.117257,-13.901899,0 -57.117497,-13.901881,0 -57.117719,-13.901845,0 -57.117960,-13.901826,0 -57.118182,-13.901808,0 -57.118423,-13.901790,0 -57.118645,-13.901754,0 -57.118886,-13.901736,0 -57.119108,-13.901717,0 -57.119348,-13.901681,0 -57.119571,-13.901663,0 -57.119793,-13.901645,0 -57.120033,-13.901608,0 -57.120255,-13.901590,0 -57.120496,-13.901572,0 -57.120718,-13.901554,0 -57.120959,-13.901518,0 -57.121181,-13.901499,0 -57.121422,-13.901481,0 -57.121644,-13.901445,0 -57.121884,-13.901427,0 -57.122107,-13.901409,0 -57.122347,-13.901390,0 -57.122569,-13.901354,0 -57.122810,-13.901336,0 -57.123032,-13.901318,0 -57.123273,-13.901281,0 -57.123495,-13.901263,0 -57.123736,-13.901245,0 -57.123958,-13.901209,0 -57.124198,-13.901190,0 -57.124421,-13.901172,0 -57.124661,-13.901136,0 -57.124902,-13.901118,0 -57.125124,-13.901100,0 -57.125365,-13.901081,0 -57.125605,-13.901045,0 -57.125827,-13.901027,0 -57.126068,-13.901009,0 -57.126309,-13.900972,0 -57.126531,-13.900954,0 -57.126771,-13.900936,0 -57.127012,-13.900900,0 -57.127234,-13.900881,0 -57.127475,-13.900863,0 -57.127715,-13.900827,0 -57.127938,-13.900809,0 -57.128178,-13.900791,0 -57.128419,-13.900754,0 -57.128641,-13.900736,0 -57.128882,-13.900718,0 -57.129122,-13.900682,0 -57.129344,-13.900663,0 -57.129585,-13.900645,0 -57.129826,-13.900609,0 -57.130048,-13.900591,0 -57.130289,-13.900572,0 -57.130529,-13.900536,0 -57.130751,-13.900518,0 -57.130992,-13.900500,0 -57.131233,-13.900463,0 -57.131455,-13.900445,0 -57.131695,-13.900427,0 -57.131936,-13.900409,0 -57.132158,-13.900372,0 -57.132399,-13.900354,0 -57.132639,-13.900336,0 -57.132862,-13.900300,0 -57.133102,-13.900282,0 -57.133343,-13.900263,0 -57.133565,-13.900227,0 -57.133806,-13.900209,0 -57.134046,-13.900191,0 -57.134268,-13.900154,0 -57.134509,-13.900136,0 -57.134750,-13.900118,0 -57.134972,-13.900082,0 -57.135231,-13.900063,0 -57.135472,-13.900027,0 -57.135712,-13.900009,0 -57.135971,-13.899991,0 -57.136212,-13.899954,0 -57.136471,-13.899936,0 -57.136712,-13.899900,0 -57.136953,-13.899882,0 -57.137212,-13.899845,0 -57.137452,-13.899827,0 -57.137711,-13.899809,0 -57.137934,-13.899773,0 -57.138174,-13.899754,0 -57.138415,-13.899736,0 -57.138656,-13.899718,0 -57.138878,-13.899700,0 -57.139118,-13.899663,0 -57.139359,-13.899645,0 -57.139600,-13.899627,0 -57.139840,-13.899609,0 -57.140062,-13.899590,0 -57.140303,-13.899554,0 -57.140544,-13.899536,0 -57.140784,-13.899518,0 -57.141006,-13.899500,0 -57.141247,-13.899481,0 -57.141488,-13.899445,0 -57.141728,-13.899427,0 -57.141969,-13.899409,0 -57.142191,-13.899390,0 -57.142432,-13.899372,0 -57.142672,-13.899354,0 -57.142913,-13.899318,0 -57.143135,-13.899299,0 -57.143376,-13.899281,0 -57.143616,-13.899263,0 -57.143857,-13.899245,0 -57.143820,-13.899643,0 -57.143598,-13.899679,0 -57.143358,-13.899697,0 -57.143135,-13.899715,0 -57.142895,-13.899752,0 -57.142673,-13.899770,0 -57.142432,-13.899788,0 -57.142191,-13.899824,0 -57.141969,-13.899843,0 -57.141729,-13.899861,0 -57.141506,-13.899897,0 -57.141266,-13.899915,0 -57.141044,-13.899934,0 -57.140803,-13.899970,0 -57.140562,-13.899988,0 -57.140340,-13.900006,0 -57.140100,-13.900043,0 -57.139878,-13.900061,0 -57.139637,-13.900079,0 -57.139415,-13.900115,0 -57.139174,-13.900134,0 -57.138952,-13.900152,0 -57.138711,-13.900188,0 -57.138471,-13.900206,0 -57.138249,-13.900224,0 -57.138008,-13.900261,0 -57.137786,-13.900279,0 -57.137545,-13.900315,0 -57.137323,-13.900333,0 -57.137082,-13.900370,0 -57.136842,-13.900388,0 -57.136620,-13.900406,0 -57.136379,-13.900443,0 -57.136157,-13.900461,0 -57.135916,-13.900497,0 -57.135694,-13.900515,0 -57.135453,-13.900533,0 -57.135231,-13.900570,0 -57.135565,-13.900859,0 -57.135750,-13.901076,0 -57.135954,-13.901275,0 -57.136157,-13.901473,0 -57.136306,-13.901636,0 -57.136472,-13.901799,0 -57.136621,-13.901980,0 -57.136787,-13.902142,0 -57.136954,-13.902305,0 -57.137102,-13.902468,0 -57.137269,-13.902630,0 -57.137417,-13.902793,0 -57.137584,-13.902956,0 -57.137750,-13.903118,0 -57.137899,-13.903281,0 -57.138065,-13.903444,0 -57.138232,-13.903606,0 -57.138380,-13.903769,0 -57.138547,-13.903950,0 -57.138695,-13.904112,0 -57.138862,-13.904275,0 -57.139029,-13.904438,0 -57.139195,-13.904618,0 -57.139362,-13.904781,0 -57.139529,-13.904962,0 -57.139695,-13.905124,0 -57.139862,-13.905305,0 -57.140029,-13.905468,0 -57.140196,-13.905649,0 -57.140362,-13.905811,0 -57.140529,-13.905992,0 -57.140696,-13.906155,0 -57.140862,-13.906335,0 -57.141029,-13.906498,0 -57.141177,-13.906661,0 -57.141344,-13.906841,0 -57.141511,-13.907004,0 -57.141678,-13.907167,0 -57.141826,-13.907329,0 -57.141992,-13.907510,0 -57.142159,-13.907673,0 -57.142326,-13.907836,0 -57.142474,-13.907998,0 -57.142641,-13.908161,0 -57.142807,-13.908342,0 -57.142974,-13.908504,0 -57.143141,-13.908667,0 -57.143289,-13.908830,0 -57.143456,-13.909010,0 -57.143623,-13.909173,0 -57.143789,-13.909336,0 -57.143938,-13.909516,0 -57.144104,-13.909679,0 -57.144271,-13.909842,0 -57.144438,-13.910022,0 -57.144604,-13.910185,0 -57.144753,-13.910366,0 -57.144919,-13.910529,0 -57.145086,-13.910709,0 -57.145253,-13.910872,0 -57.145419,-13.911035,0 -57.145568,-13.911215,0 -57.145734,-13.911378,0 -57.145901,-13.911559,0 -57.146068,-13.911721,0 -57.146235,-13.911884,0 -57.146401,-13.912065,0 -57.146550,-13.912227,0 -57.146716,-13.912408,0 -57.146883,-13.912571,0 -57.147050,-13.912752,0 -57.147216,-13.912914,0 -57.147365,-13.913077,0 -57.147531,-13.913258,0 -57.147698,-13.913420,0 -57.147865,-13.913601,0 -57.147883,-13.913818,0 -57.147921,-13.914053,0 -57.147939,-13.914270,0 -57.147958,-13.914505,0 -57.147995,-13.914722,0 -57.148014,-13.914957,0 -57.148051,-13.915174,0 -57.148070,-13.915409,0 -57.148088,-13.915626,0 -57.148125,-13.915861,0 -57.148144,-13.916096,0 -57.148181,-13.916313,0 -57.148200,-13.916549,0 -57.148219,-13.916766,0 -57.148256,-13.917001,0 -57.148274,-13.917218,0 -57.148312,-13.917453,0 -57.148330,-13.917670,0 -57.148367,-13.917905,0 -57.148386,-13.918122,0 -57.148405,-13.918357,0 -57.148442,-13.918574,0 -57.148461,-13.918809,0 -57.148498,-13.919026,0 -57.148516,-13.919261,0 -57.148535,-13.919496,0 -57.148572,-13.919713,0 -57.148591,-13.919948,0 -57.148628,-13.920165,0 -57.148647,-13.920400,0 -57.148665,-13.920617,0 -57.148703,-13.920852,0 -57.148721,-13.921069,0 -57.148758,-13.921304,0 -57.148777,-13.921521,0 -57.148796,-13.921756,0 -57.148833,-13.921973,0 -57.148852,-13.922208,0 -57.148889,-13.922425,0 -57.148907,-13.922661,0 -57.148926,-13.922896,0 -57.148963,-13.923113,0 -57.148982,-13.923348,0 -57.149019,-13.923565,0 -57.149038,-13.923800,0 -57.149056,-13.924017,0 -57.149094,-13.924252,0 -57.149112,-13.924469,0 -57.149149,-13.924704,0 -57.149168,-13.924921,0 -57.149205,-13.925156,0 -57.149224,-13.925373,0 -57.149242,-13.925608,0 -57.149280,-13.925825,0 -57.149298,-13.926060,0 -57.149336,-13.926295,0 -57.149354,-13.926512,0 -57.149373,-13.926747,0 -57.149410,-13.926964,0 -57.149632,-13.926946,0 -57.149873,-13.926928,0 -57.150095,-13.926910,0 -57.150336,-13.926873,0 -57.150558,-13.926855,0 -57.150798,-13.926837,0 -57.151021,-13.926819,0 -57.151261,-13.926782,0 -57.151483,-13.926764,0 -57.151724,-13.926746,0 -57.151946,-13.926728,0 -57.152187,-13.926709,0 -57.152409,-13.926673,0 -57.152650,-13.926655,0 -57.152872,-13.926637,0 -57.153113,-13.926618,0 -57.153335,-13.926600,0 -57.153575,-13.926564,0 -57.153798,-13.926546,0 -57.154038,-13.926527,0</coordinates></LineString></Placemark>
<Placemark><name>T-08 - 10,70 km</name><description>Maxima 10699 m | Minima 7781 m | Reta 6977 m | 128.52 ha</description><styleUrl>#rota</styleUrl><LineString><tessellate>1</tessellate><coordinates>-57.099445,-13.894963,0 -57.099667,-13.895107,0 -57.099926,-13.895415,0 -57.100130,-13.895541,0 -57.100334,-13.895668,0 -57.100519,-13.895794,0 -57.100723,-13.895921,0 -57.100926,-13.896047,0 -57.101130,-13.896174,0 -57.101315,-13.896300,0 -57.101519,-13.896427,0 -57.101723,-13.896553,0 -57.101908,-13.896698,0 -57.102111,-13.896824,0 -57.102315,-13.896951,0 -57.102519,-13.897077,0 -57.102704,-13.897204,0 -57.102908,-13.897330,0 -57.103111,-13.897457,0 -57.103278,-13.897601,0 -57.103463,-13.897746,0 -57.103648,-13.897891,0 -57.103815,-13.898035,0 -57.104000,-13.898180,0 -57.104185,-13.898324,0 -57.104371,-13.898469,0 -57.104537,-13.898614,0 -57.104722,-13.898758,0 -57.104908,-13.898903,0 -57.105074,-13.899047,0 -57.105241,-13.899228,0 -57.105408,-13.899409,0 -57.105574,-13.899590,0 -57.105741,-13.899771,0 -57.105889,-13.899951,0 -57.106056,-13.900132,0 -57.106223,-13.900313,0 -57.106389,-13.900494,0 -57.106556,-13.900674,0 -57.106704,-13.900855,0 -57.106815,-13.901072,0 -57.106927,-13.901289,0 -57.107038,-13.901488,0 -57.107149,-13.901705,0 -57.107260,-13.901922,0 -57.107371,-13.902139,0 -57.107482,-13.902356,0 -57.107594,-13.902555,0 -57.107705,-13.902772,0 -57.107964,-13.902952,0 -57.108223,-13.902898,0 -57.108464,-13.902844,0 -57.108704,-13.902789,0 -57.108945,-13.902753,0 -57.109167,-13.902717,0 -57.109408,-13.902699,0 -57.109630,-13.902680,0 -57.109871,-13.902644,0 -57.110093,-13.902626,0 -57.110333,-13.902608,0 -57.110556,-13.902589,0 -57.110796,-13.902553,0 -57.111018,-13.902535,0 -57.111259,-13.902517,0 -57.111481,-13.902481,0 -57.111722,-13.902462,0 -57.111944,-13.902444,0 -57.112185,-13.902426,0 -57.112407,-13.902390,0 -57.112647,-13.902372,0 -57.112869,-13.902353,0 -57.113110,-13.902317,0 -57.113332,-13.902299,0 -57.113573,-13.902281,0 -57.113795,-13.902244,0 -57.114017,-13.902226,0 -57.114258,-13.902208,0 -57.114480,-13.902190,0 -57.114721,-13.902154,0 -57.114943,-13.902135,0 -57.115183,-13.902117,0 -57.115406,-13.902081,0 -57.115646,-13.902063,0 -57.115868,-13.902045,0 -57.116109,-13.902008,0 -57.116331,-13.901990,0 -57.116572,-13.901972,0 -57.116794,-13.901954,0 -57.117035,-13.901917,0 -57.117257,-13.901899,0 -57.117497,-13.901881,0 -57.117719,-13.901845,0 -57.117960,-13.901826,0 -57.118182,-13.901808,0 -57.118423,-13.901790,0 -57.118645,-13.901754,0 -57.118886,-13.901736,0 -57.119108,-13.901717,0 -57.119348,-13.901681,0 -57.119571,-13.901663,0 -57.119793,-13.901645,0 -57.120033,-13.901608,0 -57.120255,-13.901590,0 -57.120496,-13.901572,0 -57.120718,-13.901554,0 -57.120959,-13.901518,0 -57.121181,-13.901499,0 -57.121422,-13.901481,0 -57.121644,-13.901445,0 -57.121884,-13.901427,0 -57.122107,-13.901409,0 -57.122347,-13.901390,0 -57.122569,-13.901354,0 -57.122810,-13.901336,0 -57.123032,-13.901318,0 -57.123273,-13.901281,0 -57.123495,-13.901263,0 -57.123736,-13.901245,0 -57.123958,-13.901209,0 -57.124198,-13.901190,0 -57.124421,-13.901172,0 -57.124661,-13.901136,0 -57.124902,-13.901118,0 -57.125124,-13.901100,0 -57.125365,-13.901081,0 -57.125605,-13.901045,0 -57.125827,-13.901027,0 -57.126068,-13.901009,0 -57.126309,-13.900972,0 -57.126531,-13.900954,0 -57.126771,-13.900936,0 -57.127012,-13.900900,0 -57.127234,-13.900881,0 -57.127475,-13.900863,0 -57.127715,-13.900827,0 -57.127938,-13.900809,0 -57.128178,-13.900791,0 -57.128419,-13.900754,0 -57.128641,-13.900736,0 -57.128882,-13.900718,0 -57.129122,-13.900682,0 -57.129344,-13.900663,0 -57.129585,-13.900645,0 -57.129826,-13.900609,0 -57.130048,-13.900591,0 -57.130289,-13.900572,0 -57.130529,-13.900536,0 -57.130751,-13.900518,0 -57.130992,-13.900500,0 -57.131233,-13.900463,0 -57.131455,-13.900445,0 -57.131695,-13.900427,0 -57.131936,-13.900409,0 -57.132158,-13.900372,0 -57.132399,-13.900354,0 -57.132639,-13.900336,0 -57.132862,-13.900300,0 -57.133102,-13.900282,0 -57.133343,-13.900263,0 -57.133565,-13.900227,0 -57.133806,-13.900209,0 -57.134046,-13.900191,0 -57.134268,-13.900154,0 -57.134509,-13.900136,0 -57.134750,-13.900118,0 -57.134972,-13.900082,0 -57.135231,-13.900063,0 -57.135472,-13.900027,0 -57.135712,-13.900009,0 -57.135971,-13.899991,0 -57.136212,-13.899954,0 -57.136471,-13.899936,0 -57.136712,-13.899900,0 -57.136953,-13.899882,0 -57.137212,-13.899845,0 -57.137452,-13.899827,0 -57.137711,-13.899809,0 -57.137934,-13.899773,0 -57.138174,-13.899754,0 -57.138415,-13.899736,0 -57.138656,-13.899718,0 -57.138878,-13.899700,0 -57.139118,-13.899663,0 -57.139359,-13.899645,0 -57.139600,-13.899627,0 -57.139840,-13.899609,0 -57.140062,-13.899590,0 -57.140303,-13.899554,0 -57.140544,-13.899536,0 -57.140784,-13.899518,0 -57.141006,-13.899500,0 -57.141247,-13.899481,0 -57.141488,-13.899445,0 -57.141728,-13.899427,0 -57.141969,-13.899409,0 -57.142191,-13.899390,0 -57.142432,-13.899372,0 -57.142672,-13.899354,0 -57.142913,-13.899318,0 -57.143135,-13.899299,0 -57.143376,-13.899281,0 -57.143616,-13.899263,0 -57.143857,-13.899245,0 -57.144098,-13.899208,0 -57.144320,-13.899190,0 -57.144561,-13.899172,0 -57.144801,-13.899154,0 -57.144764,-13.899552,0 -57.144987,-13.899533,0 -57.145227,-13.899515,0 -57.145449,-13.899479,0 -57.145690,-13.899461,0 -57.145931,-13.899442,0 -57.146245,-13.899496,0 -57.146541,-13.899478,0 -57.146801,-13.899460,0 -57.147078,-13.899442,0 -57.147356,-13.899423,0 -57.147615,-13.899387,0 -57.147893,-13.899369,0 -57.148207,-13.899314,0 -57.148541,-13.899278,0 -57.148800,-13.899567,0 -57.148948,-13.899730,0 -57.149115,-13.899893,0 -57.149282,-13.900073,0 -57.149430,-13.900236,0 -57.149597,-13.900399,0 -57.149763,-13.900561,0 -57.149911,-13.900724,0 -57.150078,-13.900887,0 -57.150245,-13.901049,0 -57.150393,-13.901212,0 -57.150560,-13.901375,0 -57.150727,-13.901555,0 -57.150875,-13.901700,0 -57.151041,-13.901881,0 -57.151190,-13.902025,0 -57.151356,-13.902206,0 -57.151523,-13.902369,0 -57.151671,-13.902531,0 -57.151838,-13.902694,0 -57.152005,-13.902875,0 -57.152153,-13.903019,0 -57.152320,-13.903182,0 -57.152486,-13.903363,0 -57.152635,-13.903507,0 -57.152801,-13.903670,0 -57.152968,-13.903851,0 -57.153116,-13.903995,0 -57.153283,-13.904176,0 -57.153450,-13.904357,0 -57.153598,-13.904501,0 -57.153765,-13.904664,0 -57.153931,-13.904845,0 -57.154080,-13.904989,0 -57.154246,-13.905152,0 -57.154413,-13.905333,0 -57.154561,-13.905477,0 -57.154728,-13.905640,0 -57.154876,-13.905802,0 -57.155043,-13.905965,0 -57.155210,-13.906146,0 -57.155376,-13.906327,0 -57.155524,-13.906471,0 -57.155691,-13.906652,0 -57.155839,-13.906796,0 -57.156006,-13.906959,0 -57.156173,-13.907122,0 -57.156321,-13.907284,0 -57.156488,-13.907447,0 -57.156655,-13.907610,0 -57.156803,-13.907772,0 -57.156969,-13.907935,0 -57.157136,-13.908116,0 -57.157284,-13.908278,0 -57.157451,-13.908441,0 -57.157618,-13.908604,0 -57.157766,-13.908766,0 -57.157933,-13.908929,0 -57.158100,-13.909092,0 -57.158248,-13.909254,0 -57.158414,-13.909417,0 -57.158563,-13.909580,0 -57.158729,-13.909742,0 -57.158896,-13.909923,0 -57.159044,-13.910086,0 -57.159211,-13.910248,0 -57.159378,-13.910411,0 -57.159526,-13.910574,0 -57.159693,-13.910736,0 -57.159859,-13.910899,0 -57.160008,-13.911062,0 -57.160174,-13.911224,0 -57.160341,-13.911387,0 -57.160489,-13.911550,0 -57.160656,-13.911712,0 -57.160823,-13.911893,0 -57.160971,-13.912056,0 -57.161101,-13.912273,0 -57.161138,-13.912489,0 -57.161157,-13.912725,0 -57.161175,-13.912960,0 -57.161212,-13.913177,0 -57.161231,-13.913412,0 -57.161250,-13.913629,0 -57.161287,-13.913864,0 -57.161306,-13.914099,0 -57.161324,-13.914316,0 -57.161362,-13.914551,0 -57.161380,-13.914768,0 -57.161417,-13.915003,0 -57.161436,-13.915238,0 -57.161455,-13.915455,0 -57.161492,-13.915690,0 -57.161511,-13.915907,0 -57.161529,-13.916142,0 -57.161566,-13.916377,0 -57.161585,-13.916594,0 -57.161622,-13.916811,0 -57.161641,-13.917046,0 -57.161678,-13.917263,0 -57.161697,-13.917498,0 -57.161716,-13.917733,0 -57.161734,-13.917969,0 -57.161753,-13.918186,0 -57.161790,-13.918421,0 -57.161809,-13.918656,0 -57.161827,-13.918873,0 -57.161865,-13.919108,0 -57.161883,-13.919325,0 -57.161920,-13.919560,0 -57.161939,-13.919777,0 -57.161976,-13.920012,0 -57.161995,-13.920229,0 -57.162014,-13.920464,0 -57.162051,-13.920699,0 -57.162069,-13.920916,0 -57.162088,-13.921151,0 -57.162125,-13.921386,0 -57.162144,-13.921603,0 -57.162163,-13.921838,0 -57.162200,-13.922055,0 -57.162219,-13.922290,0 -57.162237,-13.922525,0 -57.162256,-13.922742,0 -57.162293,-13.922977,0 -57.162312,-13.923213,0 -57.162330,-13.923430,0 -57.162368,-13.923665,0 -57.162386,-13.923882,0 -57.162405,-13.924117,0 -57.162442,-13.924352,0 -57.162461,-13.924569,0 -57.162480,-13.924804,0 -57.162517,-13.925021,0 -57.162535,-13.925256,0 -57.162554,-13.925491,0 -57.162591,-13.925708,0 -57.162813,-13.925690,0 -57.163054,-13.925671,0 -57.163276,-13.925635,0 -57.163517,-13.925617,0 -57.163758,-13.925599,0 -57.163980,-13.925562,0 -57.164220,-13.925544,0 -57.164443,-13.925526,0 -57.164683,-13.925508,0 -57.164905,-13.925471,0 -57.165146,-13.925453,0 -57.165368,-13.925435,0 -57.165609,-13.925399,0 -57.165849,-13.925380,0 -57.166072,-13.925362,0 -57.166312,-13.925326,0 -57.166534,-13.925307,0 -57.166775,-13.925289,0 -57.166997,-13.925271,0 -57.167238,-13.925235,0 -57.167479,-13.925216,0 -57.167701,-13.925198,0 -57.167941,-13.925162,0 -57.168164,-13.925144,0 -57.168404,-13.925125,0 -57.168626,-13.925089,0 -57.168867,-13.925071,0 -57.169089,-13.925053,0 -57.169330,-13.925034,0 -57.169571,-13.924998,0 -57.169793,-13.924980,0 -57.170033,-13.924961,0 -57.170255,-13.924925,0 -57.170496,-13.924907,0 -57.170718,-13.924889,0 -57.170959,-13.924852,0 -57.171181,-13.924834,0 -57.171422,-13.924816,0 -57.171662,-13.924798,0 -57.171885,-13.924761,0 -57.172125,-13.924743,0 -57.172347,-13.924725,0 -57.172588,-13.924688,0 -57.172810,-13.924670,0 -57.173051,-13.924652,0 -57.173292,-13.924616,0 -57.173514,-13.924597,0 -57.173754,-13.924579,0 -57.173977,-13.924561,0 -57.174217,-13.924524,0 -57.174439,-13.924506,0 -57.174680,-13.924488,0 -57.174624,-13.924054,0 -57.174624,-13.923801,0 -57.174642,-13.923511,0</coordinates></LineString></Placemark>
<Placemark><name>T-09 - 8,42 km</name><description>Maxima 8418 m | Minima 5803 m | Reta 5369 m | 136.16 ha</description><styleUrl>#rota</styleUrl><LineString><tessellate>1</tessellate><coordinates>-57.099445,-13.894963,0 -57.099667,-13.895107,0 -57.099926,-13.895415,0 -57.100130,-13.895541,0 -57.100334,-13.895668,0 -57.100519,-13.895794,0 -57.100723,-13.895921,0 -57.100926,-13.896047,0 -57.101130,-13.896174,0 -57.101315,-13.896300,0 -57.101519,-13.896427,0 -57.101723,-13.896553,0 -57.101908,-13.896698,0 -57.102111,-13.896824,0 -57.102315,-13.896951,0 -57.102519,-13.897077,0 -57.102704,-13.897204,0 -57.102908,-13.897330,0 -57.103111,-13.897457,0 -57.103278,-13.897601,0 -57.103463,-13.897746,0 -57.103648,-13.897891,0 -57.103815,-13.898035,0 -57.104000,-13.898180,0 -57.104185,-13.898324,0 -57.104371,-13.898469,0 -57.104537,-13.898614,0 -57.104722,-13.898758,0 -57.104908,-13.898903,0 -57.105074,-13.899047,0 -57.105241,-13.899228,0 -57.105408,-13.899409,0 -57.105574,-13.899590,0 -57.105741,-13.899771,0 -57.105889,-13.899951,0 -57.106056,-13.900132,0 -57.106223,-13.900313,0 -57.106389,-13.900494,0 -57.106556,-13.900674,0 -57.106704,-13.900855,0 -57.106815,-13.901072,0 -57.106927,-13.901289,0 -57.107038,-13.901488,0 -57.107149,-13.901705,0 -57.107260,-13.901922,0 -57.107371,-13.902139,0 -57.107482,-13.902356,0 -57.107594,-13.902555,0 -57.107705,-13.902772,0 -57.107964,-13.902952,0 -57.108223,-13.902898,0 -57.108464,-13.902844,0 -57.108704,-13.902789,0 -57.108945,-13.902753,0 -57.109167,-13.902717,0 -57.109408,-13.902699,0 -57.109630,-13.902680,0 -57.109871,-13.902644,0 -57.110093,-13.902626,0 -57.110333,-13.902608,0 -57.110556,-13.902589,0 -57.110796,-13.902553,0 -57.111018,-13.902535,0 -57.111259,-13.902517,0 -57.111481,-13.902481,0 -57.111722,-13.902462,0 -57.111944,-13.902444,0 -57.112185,-13.902426,0 -57.112407,-13.902390,0 -57.112647,-13.902372,0 -57.112869,-13.902353,0 -57.113110,-13.902317,0 -57.113332,-13.902299,0 -57.113573,-13.902281,0 -57.113795,-13.902244,0 -57.114017,-13.902226,0 -57.114258,-13.902208,0 -57.114480,-13.902190,0 -57.114721,-13.902154,0 -57.114943,-13.902135,0 -57.115183,-13.902117,0 -57.115406,-13.902081,0 -57.115646,-13.902063,0 -57.115868,-13.902045,0 -57.116109,-13.902008,0 -57.116331,-13.901990,0 -57.116572,-13.901972,0 -57.116794,-13.901954,0 -57.117035,-13.901917,0 -57.117257,-13.901899,0 -57.117497,-13.901881,0 -57.117719,-13.901845,0 -57.117960,-13.901826,0 -57.118182,-13.901808,0 -57.118423,-13.901790,0 -57.118645,-13.901754,0 -57.118886,-13.901736,0 -57.119108,-13.901717,0 -57.119348,-13.901681,0 -57.119571,-13.901663,0 -57.119793,-13.901645,0 -57.120033,-13.901608,0 -57.120255,-13.901590,0 -57.120496,-13.901572,0 -57.120718,-13.901554,0 -57.120959,-13.901518,0 -57.121181,-13.901499,0 -57.121422,-13.901481,0 -57.121644,-13.901445,0 -57.121884,-13.901427,0 -57.122107,-13.901409,0 -57.122347,-13.901390,0 -57.122569,-13.901354,0 -57.122810,-13.901336,0 -57.123032,-13.901318,0 -57.123273,-13.901281,0 -57.123495,-13.901263,0 -57.123736,-13.901245,0 -57.123958,-13.901209,0 -57.124198,-13.901190,0 -57.124421,-13.901172,0 -57.124661,-13.901136,0 -57.124902,-13.901118,0 -57.125124,-13.901100,0 -57.125365,-13.901081,0 -57.125605,-13.901045,0 -57.125827,-13.901027,0 -57.126068,-13.901009,0 -57.126309,-13.900972,0 -57.126531,-13.900954,0 -57.126771,-13.900936,0 -57.127012,-13.900900,0 -57.127234,-13.900881,0 -57.127475,-13.900863,0 -57.127715,-13.900827,0 -57.127938,-13.900809,0 -57.128178,-13.900791,0 -57.128419,-13.900754,0 -57.128641,-13.900736,0 -57.128882,-13.900718,0 -57.129122,-13.900682,0 -57.129344,-13.900663,0 -57.129585,-13.900645,0 -57.129826,-13.900609,0 -57.130048,-13.900591,0 -57.130289,-13.900572,0 -57.130529,-13.900536,0 -57.130751,-13.900518,0 -57.130992,-13.900500,0 -57.131233,-13.900463,0 -57.131455,-13.900445,0 -57.131695,-13.900427,0 -57.131936,-13.900409,0 -57.132158,-13.900372,0 -57.132399,-13.900354,0 -57.132639,-13.900336,0 -57.132862,-13.900300,0 -57.133102,-13.900282,0 -57.133343,-13.900263,0 -57.133565,-13.900227,0 -57.133806,-13.900209,0 -57.134046,-13.900191,0 -57.134268,-13.900154,0 -57.134509,-13.900136,0 -57.134750,-13.900118,0 -57.134972,-13.900082,0 -57.135231,-13.900063,0 -57.135472,-13.900027,0 -57.135712,-13.900009,0 -57.135971,-13.899991,0 -57.136212,-13.899954,0 -57.136471,-13.899936,0 -57.136712,-13.899900,0 -57.136953,-13.899882,0 -57.137212,-13.899845,0 -57.137452,-13.899827,0 -57.137711,-13.899809,0 -57.137934,-13.899773,0 -57.138174,-13.899754,0 -57.138415,-13.899736,0 -57.138656,-13.899718,0 -57.138878,-13.899700,0 -57.139118,-13.899663,0 -57.139359,-13.899645,0 -57.139600,-13.899627,0 -57.139840,-13.899609,0 -57.140062,-13.899590,0 -57.140303,-13.899554,0 -57.140544,-13.899536,0 -57.140784,-13.899518,0 -57.141006,-13.899500,0 -57.141247,-13.899481,0 -57.141488,-13.899445,0 -57.141728,-13.899427,0 -57.141969,-13.899409,0 -57.142191,-13.899390,0 -57.142432,-13.899372,0 -57.142672,-13.899354,0 -57.142913,-13.899318,0 -57.143135,-13.899299,0 -57.143376,-13.899281,0 -57.143616,-13.899263,0 -57.143857,-13.899245,0 -57.144098,-13.899208,0 -57.144320,-13.899190,0 -57.144561,-13.899172,0 -57.144801,-13.899154,0 -57.144764,-13.899552,0 -57.144987,-13.899533,0 -57.145227,-13.899515,0 -57.145449,-13.899479,0 -57.145690,-13.899461,0 -57.145931,-13.899442,0 -57.146245,-13.899496,0 -57.146541,-13.899478,0 -57.146801,-13.899460,0 -57.147078,-13.899442,0 -57.147356,-13.899423,0 -57.147615,-13.899387,0 -57.147893,-13.899369,0 -57.148207,-13.899314,0 -57.148541,-13.899278,0 -57.148800,-13.899567,0 -57.148948,-13.899730,0 -57.149115,-13.899893,0 -57.149282,-13.900073,0 -57.149430,-13.900236,0 -57.149597,-13.900399,0 -57.149763,-13.900561,0 -57.149911,-13.900724,0 -57.150078,-13.900887,0 -57.150245,-13.901049,0 -57.150393,-13.901212,0 -57.150560,-13.901375,0 -57.150727,-13.901555,0 -57.150875,-13.901700,0 -57.151041,-13.901881,0 -57.151190,-13.902025,0 -57.151356,-13.902206,0 -57.151523,-13.902369,0 -57.151671,-13.902531,0 -57.151838,-13.902694,0 -57.152005,-13.902875,0 -57.152153,-13.903019,0 -57.152320,-13.903182,0 -57.152486,-13.903363,0 -57.152635,-13.903507,0 -57.152801,-13.903670,0 -57.152968,-13.903851,0 -57.153116,-13.903995,0 -57.153283,-13.904176,0 -57.153450,-13.904357,0 -57.153598,-13.904501,0 -57.153765,-13.904664,0 -57.153931,-13.904845,0 -57.154080,-13.904989,0 -57.154246,-13.905152,0 -57.154413,-13.905333,0 -57.154561,-13.905477,0 -57.154728,-13.905640,0 -57.154876,-13.905802,0 -57.155043,-13.905965,0 -57.155210,-13.906146,0 -57.155376,-13.906327,0 -57.155524,-13.906471,0 -57.155691,-13.906652,0 -57.155839,-13.906796,0 -57.156006,-13.906959,0 -57.156173,-13.907122,0 -57.156321,-13.907284,0 -57.156488,-13.907447,0 -57.156655,-13.907610,0 -57.156803,-13.907772,0 -57.156969,-13.907935,0 -57.157136,-13.908116,0 -57.157284,-13.908278,0 -57.157451,-13.908441,0 -57.157618,-13.908604,0 -57.157766,-13.908766,0 -57.157933,-13.908929,0 -57.158100,-13.909092,0 -57.158248,-13.909254,0 -57.158414,-13.909417,0 -57.158563,-13.909580,0 -57.158729,-13.909742,0 -57.158896,-13.909923,0 -57.159044,-13.910086,0 -57.159211,-13.910248,0 -57.159378,-13.910411,0 -57.159526,-13.910574,0 -57.159693,-13.910736,0 -57.159859,-13.910899,0 -57.160008,-13.911062,0 -57.160174,-13.911224,0 -57.160341,-13.911387,0 -57.160489,-13.911550,0 -57.160656,-13.911712,0 -57.160823,-13.911893,0 -57.160971,-13.912056,0 -57.161138,-13.912218,0 -57.161378,-13.912200,0 -57.161601,-13.912164,0 -57.161841,-13.912145,0 -57.162082,-13.912127,0 -57.162323,-13.912109,0 -57.162545,-13.912091,0 -57.162785,-13.912072,0 -57.163026,-13.912054,0 -57.163248,-13.912036,0 -57.163489,-13.912018,0 -57.163711,-13.912000,0 -57.163933,-13.911981,0 -57.164174,-13.911963,0 -57.164414,-13.911945,0 -57.164637,-13.911927,0 -57.164914,-13.911890,0 -57.165136,-13.911872,0 -57.165340,-13.911546,0 -57.165451,-13.911148,0 -57.165487,-13.910913,0 -57.165506,-13.910678,0 -57.165487,-13.910443,0 -57.165376,-13.910100,0</coordinates></LineString></Placemark>
<Placemark><name>T-10 - 8,71 km</name><description>Maxima 8707 m | Minima 5290 m | Reta 3960 m | 225.86 ha</description><styleUrl>#rota</styleUrl><LineString><tessellate>1</tessellate><coordinates>-57.099445,-13.894963,0 -57.099667,-13.895107,0 -57.099926,-13.895415,0 -57.100130,-13.895541,0 -57.100334,-13.895668,0 -57.100519,-13.895794,0 -57.100723,-13.895921,0 -57.100926,-13.896047,0 -57.101130,-13.896174,0 -57.101315,-13.896300,0 -57.101519,-13.896427,0 -57.101723,-13.896553,0 -57.101908,-13.896698,0 -57.102111,-13.896824,0 -57.102315,-13.896951,0 -57.102519,-13.897077,0 -57.102704,-13.897204,0 -57.102908,-13.897330,0 -57.103111,-13.897457,0 -57.103278,-13.897601,0 -57.103463,-13.897746,0 -57.103648,-13.897891,0 -57.103815,-13.898035,0 -57.104000,-13.898180,0 -57.104185,-13.898324,0 -57.104371,-13.898469,0 -57.104537,-13.898614,0 -57.104722,-13.898758,0 -57.104908,-13.898903,0 -57.105074,-13.899047,0 -57.105241,-13.899228,0 -57.105408,-13.899409,0 -57.105574,-13.899590,0 -57.105741,-13.899771,0 -57.105889,-13.899951,0 -57.106056,-13.900132,0 -57.106223,-13.900313,0 -57.106389,-13.900494,0 -57.106556,-13.900674,0 -57.106704,-13.900855,0 -57.106815,-13.901072,0 -57.106927,-13.901289,0 -57.107038,-13.901488,0 -57.107149,-13.901705,0 -57.107260,-13.901922,0 -57.107371,-13.902139,0 -57.107482,-13.902356,0 -57.107594,-13.902555,0 -57.107705,-13.902772,0 -57.107964,-13.902952,0 -57.108223,-13.902898,0 -57.108464,-13.902844,0 -57.108704,-13.902789,0 -57.108945,-13.902753,0 -57.109167,-13.902717,0 -57.109408,-13.902699,0 -57.109630,-13.902680,0 -57.109871,-13.902644,0 -57.110093,-13.902626,0 -57.110333,-13.902608,0 -57.110556,-13.902589,0 -57.110796,-13.902553,0 -57.111018,-13.902535,0 -57.111259,-13.902517,0 -57.111481,-13.902481,0 -57.111722,-13.902462,0 -57.111944,-13.902444,0 -57.112185,-13.902426,0 -57.112407,-13.902390,0 -57.112647,-13.902372,0 -57.112869,-13.902353,0 -57.113110,-13.902317,0 -57.113332,-13.902299,0 -57.113573,-13.902281,0 -57.113795,-13.902244,0 -57.114017,-13.902226,0 -57.114258,-13.902208,0 -57.114480,-13.902190,0 -57.114721,-13.902154,0 -57.114943,-13.902135,0 -57.115183,-13.902117,0 -57.115406,-13.902081,0 -57.115646,-13.902063,0 -57.115868,-13.902045,0 -57.116109,-13.902008,0 -57.116331,-13.901990,0 -57.116572,-13.901972,0 -57.116794,-13.901954,0 -57.117035,-13.901917,0 -57.117257,-13.901899,0 -57.117497,-13.901881,0 -57.117719,-13.901845,0 -57.117960,-13.901826,0 -57.118182,-13.901808,0 -57.118423,-13.901790,0 -57.118645,-13.901754,0 -57.118886,-13.901736,0 -57.119108,-13.901717,0 -57.119348,-13.901681,0 -57.119571,-13.901663,0 -57.119793,-13.901645,0 -57.120033,-13.901608,0 -57.120255,-13.901590,0 -57.120496,-13.901572,0 -57.120718,-13.901554,0 -57.120959,-13.901518,0 -57.121181,-13.901499,0 -57.121422,-13.901481,0 -57.121644,-13.901445,0 -57.121884,-13.901427,0 -57.122107,-13.901409,0 -57.122347,-13.901390,0 -57.122569,-13.901354,0 -57.122810,-13.901336,0 -57.123032,-13.901318,0 -57.123273,-13.901281,0 -57.123495,-13.901263,0 -57.123736,-13.901245,0 -57.123958,-13.901209,0 -57.124198,-13.901190,0 -57.124421,-13.901172,0 -57.124661,-13.901136,0 -57.124902,-13.901118,0 -57.125124,-13.901100,0 -57.125365,-13.901081,0 -57.125605,-13.901045,0 -57.125827,-13.901027,0 -57.126068,-13.901009,0 -57.126309,-13.900972,0 -57.126531,-13.900954,0 -57.126771,-13.900936,0 -57.127012,-13.900900,0 -57.127234,-13.900881,0 -57.127475,-13.900863,0 -57.127715,-13.900827,0 -57.127938,-13.900809,0 -57.128178,-13.900791,0 -57.128419,-13.900754,0 -57.128641,-13.900736,0 -57.128882,-13.900718,0 -57.129122,-13.900682,0 -57.129344,-13.900663,0 -57.129585,-13.900645,0 -57.129826,-13.900609,0 -57.130048,-13.900591,0 -57.130289,-13.900572,0 -57.130529,-13.900536,0 -57.130751,-13.900518,0 -57.130992,-13.900500,0 -57.131233,-13.900463,0 -57.131455,-13.900445,0 -57.131695,-13.900427,0 -57.131936,-13.900409,0 -57.132158,-13.900372,0 -57.132399,-13.900354,0 -57.132639,-13.900336,0 -57.132862,-13.900300,0 -57.133102,-13.900282,0 -57.133343,-13.900263,0 -57.133565,-13.900227,0 -57.133806,-13.900209,0 -57.134046,-13.900191,0 -57.134268,-13.900154,0 -57.134509,-13.900136,0 -57.134750,-13.900118,0 -57.134972,-13.900082,0 -57.135231,-13.900063,0 -57.135472,-13.900027,0 -57.135712,-13.900009,0 -57.135971,-13.899991,0 -57.136212,-13.899954,0 -57.136471,-13.899936,0 -57.136712,-13.899900,0 -57.136953,-13.899882,0 -57.137212,-13.899845,0 -57.137452,-13.899827,0 -57.137711,-13.899809,0 -57.137934,-13.899773,0 -57.138174,-13.899754,0 -57.138415,-13.899736,0 -57.138656,-13.899718,0 -57.138878,-13.899700,0 -57.139118,-13.899663,0 -57.139359,-13.899645,0 -57.139600,-13.899627,0 -57.139840,-13.899609,0 -57.140062,-13.899590,0 -57.140303,-13.899554,0 -57.140544,-13.899536,0 -57.140784,-13.899518,0 -57.141006,-13.899500,0 -57.141247,-13.899481,0 -57.141488,-13.899445,0 -57.141728,-13.899427,0 -57.141969,-13.899409,0 -57.142191,-13.899390,0 -57.142432,-13.899372,0 -57.142672,-13.899354,0 -57.142913,-13.899318,0 -57.143135,-13.899299,0 -57.143376,-13.899281,0 -57.143616,-13.899263,0 -57.143857,-13.899245,0 -57.144098,-13.899208,0 -57.144320,-13.899190,0 -57.144561,-13.899172,0 -57.144801,-13.899154,0 -57.144764,-13.899552,0 -57.144987,-13.899533,0 -57.145227,-13.899515,0 -57.145449,-13.899479,0 -57.145690,-13.899461,0 -57.145931,-13.899442,0 -57.146245,-13.899496,0 -57.146541,-13.899478,0 -57.146801,-13.899460,0 -57.147078,-13.899442,0 -57.147356,-13.899423,0 -57.147615,-13.899387,0 -57.147893,-13.899369,0 -57.148207,-13.899314,0 -57.148541,-13.899278,0 -57.148800,-13.899567,0 -57.148948,-13.899730,0 -57.149115,-13.899893,0 -57.149282,-13.900073,0 -57.149430,-13.900236,0 -57.149597,-13.900399,0 -57.149763,-13.900561,0 -57.149911,-13.900724,0 -57.150078,-13.900887,0 -57.150245,-13.901049,0 -57.150393,-13.901212,0 -57.150560,-13.901375,0 -57.150727,-13.901555,0 -57.150875,-13.901700,0 -57.151041,-13.901881,0 -57.151190,-13.902025,0 -57.151356,-13.902206,0 -57.151523,-13.902369,0 -57.151671,-13.902531,0 -57.151838,-13.902694,0 -57.152005,-13.902875,0 -57.152153,-13.903019,0 -57.152320,-13.903182,0 -57.152486,-13.903363,0 -57.152635,-13.903507,0 -57.152801,-13.903670,0 -57.152968,-13.903851,0 -57.153116,-13.903995,0 -57.153283,-13.904176,0 -57.153450,-13.904357,0 -57.153598,-13.904501,0 -57.153765,-13.904664,0 -57.153931,-13.904845,0 -57.154080,-13.904989,0 -57.154246,-13.905152,0 -57.154413,-13.905333,0 -57.154561,-13.905477,0 -57.154728,-13.905640,0 -57.154876,-13.905802,0 -57.155043,-13.905965,0 -57.155210,-13.906146,0 -57.155376,-13.906327,0 -57.155524,-13.906471,0 -57.155691,-13.906652,0 -57.155839,-13.906796,0 -57.156006,-13.906959,0 -57.156173,-13.907122,0 -57.156321,-13.907284,0 -57.156488,-13.907447,0 -57.156655,-13.907610,0 -57.156803,-13.907772,0 -57.156969,-13.907935,0 -57.157136,-13.908116,0 -57.157284,-13.908278,0 -57.157451,-13.908441,0 -57.157618,-13.908604,0 -57.157766,-13.908766,0 -57.157933,-13.908929,0 -57.158100,-13.909092,0 -57.158248,-13.909254,0 -57.158414,-13.909417,0 -57.158563,-13.909580,0 -57.158748,-13.909797,0 -57.158896,-13.909959,0 -57.159063,-13.910122,0 -57.159211,-13.910285,0 -57.159378,-13.910447,0 -57.159545,-13.910610,0 -57.159693,-13.910772,0 -57.159860,-13.910953,0 -57.160026,-13.911116,0 -57.160174,-13.911278,0 -57.160341,-13.911441,0 -57.160508,-13.911604,0 -57.160693,-13.911821,0 -57.160897,-13.912056,0 -57.161082,-13.912218,0 -57.160675,-13.912255,0 -57.160453,-13.912273,0 -57.160212,-13.912309,0 -57.159972,-13.912328,0 -57.159749,-13.912346,0 -57.159509,-13.912382,0 -57.159287,-13.912400,0 -57.159046,-13.912419,0 -57.158805,-13.912455,0 -57.158583,-13.912473,0 -57.158343,-13.912491,0 -57.158120,-13.912528,0 -57.157880,-13.912546,0 -57.157658,-13.912582,0 -57.157417,-13.912600,0 -57.157176,-13.912619,0 -57.156954,-13.912655,0 -57.156713,-13.912673,0 -57.156491,-13.912691,0 -57.156251,-13.912728,0 -57.156010,-13.912746,0 -57.155788,-13.912764,0 -57.155547,-13.912801,0 -57.155325,-13.912819,0 -57.155084,-13.912837,0 -57.154844,-13.912873,0 -57.154622,-13.912892,0 -57.154381,-13.912910,0 -57.154159,-13.912946,0 -57.153918,-13.912964,0 -57.153696,-13.912983,0 -57.153455,-13.913019,0 -57.153215,-13.913037,0 -57.152993,-13.913055,0 -57.152752,-13.913092,0 -57.152511,-13.913128,0</coordinates></LineString></Placemark>
<Placemark><name>T-11 - 9,93 km</name><description>Maxima 9927 m | Minima 6224 m | Reta 2827 m | 303.27 ha</description><styleUrl>#rota</styleUrl><LineString><tessellate>1</tessellate><coordinates>-57.099445,-13.894963,0 -57.099667,-13.895107,0 -57.099926,-13.895415,0 -57.100130,-13.895541,0 -57.100334,-13.895668,0 -57.100519,-13.895794,0 -57.100723,-13.895921,0 -57.100926,-13.896047,0 -57.101130,-13.896174,0 -57.101315,-13.896300,0 -57.101519,-13.896427,0 -57.101723,-13.896553,0 -57.101908,-13.896698,0 -57.102111,-13.896824,0 -57.102315,-13.896951,0 -57.102519,-13.897077,0 -57.102704,-13.897204,0 -57.102908,-13.897330,0 -57.103111,-13.897457,0 -57.103278,-13.897601,0 -57.103463,-13.897746,0 -57.103648,-13.897891,0 -57.103815,-13.898035,0 -57.104000,-13.898180,0 -57.104185,-13.898324,0 -57.104371,-13.898469,0 -57.104537,-13.898614,0 -57.104722,-13.898758,0 -57.104908,-13.898903,0 -57.105074,-13.899047,0 -57.105241,-13.899228,0 -57.105408,-13.899409,0 -57.105574,-13.899590,0 -57.105741,-13.899771,0 -57.105889,-13.899951,0 -57.106056,-13.900132,0 -57.106223,-13.900313,0 -57.106389,-13.900494,0 -57.106556,-13.900674,0 -57.106704,-13.900855,0 -57.106815,-13.901072,0 -57.106927,-13.901289,0 -57.107038,-13.901488,0 -57.107149,-13.901705,0 -57.107260,-13.901922,0 -57.107371,-13.902139,0 -57.107482,-13.902356,0 -57.107594,-13.902555,0 -57.107705,-13.902772,0 -57.107964,-13.902952,0 -57.108223,-13.902898,0 -57.108464,-13.902844,0 -57.108704,-13.902789,0 -57.108945,-13.902753,0 -57.109167,-13.902717,0 -57.109408,-13.902699,0 -57.109630,-13.902680,0 -57.109871,-13.902644,0 -57.110093,-13.902626,0 -57.110333,-13.902608,0 -57.110556,-13.902589,0 -57.110796,-13.902553,0 -57.111018,-13.902535,0 -57.111259,-13.902517,0 -57.111481,-13.902481,0 -57.111722,-13.902462,0 -57.111944,-13.902444,0 -57.112185,-13.902426,0 -57.112407,-13.902390,0 -57.112647,-13.902372,0 -57.112869,-13.902353,0 -57.113110,-13.902317,0 -57.113332,-13.902299,0 -57.113573,-13.902281,0 -57.113795,-13.902244,0 -57.114017,-13.902226,0 -57.114258,-13.902208,0 -57.114480,-13.902190,0 -57.114721,-13.902154,0 -57.114943,-13.902135,0 -57.115183,-13.902117,0 -57.115406,-13.902081,0 -57.115646,-13.902063,0 -57.115868,-13.902045,0 -57.116109,-13.902008,0 -57.116331,-13.901990,0 -57.116572,-13.901972,0 -57.116794,-13.901954,0 -57.117035,-13.901917,0 -57.117257,-13.901899,0 -57.117497,-13.901881,0 -57.117719,-13.901845,0 -57.117960,-13.901826,0 -57.118182,-13.901808,0 -57.118423,-13.901790,0 -57.118645,-13.901754,0 -57.118886,-13.901736,0 -57.119108,-13.901717,0 -57.119348,-13.901681,0 -57.119571,-13.901663,0 -57.119793,-13.901645,0 -57.120033,-13.901608,0 -57.120255,-13.901590,0 -57.120496,-13.901572,0 -57.120718,-13.901554,0 -57.120959,-13.901518,0 -57.121181,-13.901499,0 -57.121422,-13.901481,0 -57.121644,-13.901445,0 -57.121884,-13.901427,0 -57.122107,-13.901409,0 -57.122347,-13.901390,0 -57.122569,-13.901354,0 -57.122810,-13.901336,0 -57.123032,-13.901318,0 -57.123273,-13.901281,0 -57.123495,-13.901263,0 -57.123736,-13.901245,0 -57.123958,-13.901209,0 -57.124198,-13.901190,0 -57.124421,-13.901172,0 -57.124661,-13.901136,0 -57.124902,-13.901118,0 -57.125124,-13.901100,0 -57.125365,-13.901081,0 -57.125605,-13.901045,0 -57.125827,-13.901027,0 -57.126068,-13.901009,0 -57.126309,-13.900972,0 -57.126531,-13.900954,0 -57.126771,-13.900936,0 -57.127012,-13.900900,0 -57.127234,-13.900881,0 -57.127475,-13.900863,0 -57.127715,-13.900827,0 -57.127938,-13.900809,0 -57.128178,-13.900791,0 -57.128419,-13.900754,0 -57.128641,-13.900736,0 -57.128882,-13.900718,0 -57.129122,-13.900682,0 -57.129344,-13.900663,0 -57.129585,-13.900645,0 -57.129826,-13.900609,0 -57.130048,-13.900591,0 -57.130289,-13.900572,0 -57.130529,-13.900536,0 -57.130751,-13.900518,0 -57.130992,-13.900500,0 -57.131233,-13.900463,0 -57.131455,-13.900445,0 -57.131695,-13.900427,0 -57.131936,-13.900409,0 -57.132158,-13.900372,0 -57.132399,-13.900354,0 -57.132639,-13.900336,0 -57.132862,-13.900300,0 -57.133102,-13.900282,0 -57.133343,-13.900263,0 -57.133565,-13.900227,0 -57.133806,-13.900209,0 -57.134046,-13.900191,0 -57.134268,-13.900154,0 -57.134509,-13.900136,0 -57.134750,-13.900118,0 -57.134972,-13.900082,0 -57.135231,-13.900063,0 -57.135472,-13.900027,0 -57.135712,-13.900009,0 -57.135971,-13.899991,0 -57.136212,-13.899954,0 -57.136471,-13.899936,0 -57.136712,-13.899900,0 -57.136953,-13.899882,0 -57.137212,-13.899845,0 -57.137452,-13.899827,0 -57.137711,-13.899809,0 -57.137934,-13.899773,0 -57.138174,-13.899754,0 -57.138415,-13.899736,0 -57.138656,-13.899718,0 -57.138878,-13.899700,0 -57.139118,-13.899663,0 -57.139359,-13.899645,0 -57.139600,-13.899627,0 -57.139840,-13.899609,0 -57.140062,-13.899590,0 -57.140303,-13.899554,0 -57.140544,-13.899536,0 -57.140784,-13.899518,0 -57.141006,-13.899500,0 -57.141247,-13.899481,0 -57.141488,-13.899445,0 -57.141728,-13.899427,0 -57.141969,-13.899409,0 -57.142191,-13.899390,0 -57.142432,-13.899372,0 -57.142672,-13.899354,0 -57.142913,-13.899318,0 -57.143135,-13.899299,0 -57.143376,-13.899281,0 -57.143616,-13.899263,0 -57.143857,-13.899245,0 -57.143820,-13.899643,0 -57.143598,-13.899679,0 -57.143358,-13.899697,0 -57.143135,-13.899715,0 -57.142895,-13.899752,0 -57.142673,-13.899770,0 -57.142432,-13.899788,0 -57.142191,-13.899824,0 -57.141969,-13.899843,0 -57.141729,-13.899861,0 -57.141506,-13.899897,0 -57.141266,-13.899915,0 -57.141044,-13.899934,0 -57.140803,-13.899970,0 -57.140562,-13.899988,0 -57.140340,-13.900006,0 -57.140100,-13.900043,0 -57.139878,-13.900061,0 -57.139637,-13.900079,0 -57.139415,-13.900115,0 -57.139174,-13.900134,0 -57.138952,-13.900152,0 -57.138711,-13.900188,0 -57.138471,-13.900206,0 -57.138249,-13.900224,0 -57.138008,-13.900261,0 -57.137786,-13.900279,0 -57.137545,-13.900315,0 -57.137323,-13.900333,0 -57.137082,-13.900370,0 -57.136842,-13.900388,0 -57.136620,-13.900406,0 -57.136379,-13.900443,0 -57.136157,-13.900461,0 -57.135916,-13.900497,0 -57.135694,-13.900515,0 -57.135453,-13.900533,0 -57.135231,-13.900570,0 -57.135565,-13.900859,0 -57.135750,-13.901076,0 -57.135954,-13.901275,0 -57.136157,-13.901473,0 -57.136306,-13.901636,0 -57.136472,-13.901799,0 -57.136621,-13.901980,0 -57.136787,-13.902142,0 -57.136954,-13.902305,0 -57.137102,-13.902468,0 -57.137269,-13.902630,0 -57.137417,-13.902793,0 -57.137584,-13.902956,0 -57.137750,-13.903118,0 -57.137899,-13.903281,0 -57.138065,-13.903444,0 -57.138232,-13.903606,0 -57.138380,-13.903769,0 -57.138547,-13.903950,0 -57.138695,-13.904112,0 -57.138862,-13.904275,0 -57.139029,-13.904438,0 -57.139195,-13.904618,0 -57.139362,-13.904781,0 -57.139529,-13.904962,0 -57.139695,-13.905124,0 -57.139862,-13.905305,0 -57.140029,-13.905468,0 -57.140196,-13.905649,0 -57.140362,-13.905811,0 -57.140529,-13.905992,0 -57.140696,-13.906155,0 -57.140862,-13.906335,0 -57.141029,-13.906498,0 -57.141177,-13.906661,0 -57.141344,-13.906841,0 -57.141511,-13.907004,0 -57.141678,-13.907167,0 -57.141826,-13.907329,0 -57.141992,-13.907510,0 -57.142159,-13.907673,0 -57.142326,-13.907836,0 -57.142474,-13.907998,0 -57.142641,-13.908161,0 -57.142807,-13.908342,0 -57.142974,-13.908504,0 -57.143141,-13.908667,0 -57.143289,-13.908830,0 -57.143456,-13.909010,0 -57.143623,-13.909173,0 -57.143789,-13.909336,0 -57.143938,-13.909516,0 -57.144104,-13.909679,0 -57.144271,-13.909842,0 -57.144438,-13.910022,0 -57.144604,-13.910185,0 -57.144753,-13.910366,0 -57.144919,-13.910529,0 -57.145086,-13.910709,0 -57.145253,-13.910872,0 -57.145419,-13.911035,0 -57.145568,-13.911215,0 -57.145734,-13.911378,0 -57.145901,-13.911559,0 -57.146068,-13.911721,0 -57.146235,-13.911884,0 -57.146401,-13.912065,0 -57.146550,-13.912227,0 -57.146716,-13.912408,0 -57.146883,-13.912571,0 -57.147050,-13.912752,0 -57.147216,-13.912914,0 -57.147365,-13.913077,0 -57.147531,-13.913258,0 -57.147698,-13.913420,0 -57.147865,-13.913601,0 -57.147624,-13.913619,0 -57.147402,-13.913637,0 -57.147161,-13.913674,0 -57.146939,-13.913692,0 -57.146699,-13.913710,0 -57.146458,-13.913747,0 -57.146236,-13.913765,0 -57.146014,-13.913783,0 -57.145773,-13.913819,0 -57.145551,-13.913838,0 -57.145310,-13.913856,0 -57.145070,-13.913892,0 -57.144847,-13.913910,0 -57.144607,-13.913947,0 -57.144385,-13.913965,0 -57.144144,-13.913983,0 -57.143922,-13.914001,0 -57.143681,-13.914038,0 -57.143459,-13.914056,0 -57.143218,-13.914092,0 -57.142996,-13.914110,0 -57.142756,-13.914129,0 -57.142533,-13.914147,0 -57.142274,-13.914183,0 -57.142071,-13.914201,0 -57.141811,-13.914238,0 -57.141608,-13.914256,0 -57.141349,-13.914292,0 -57.141126,-13.914310,0 -57.140904,-13.914329,0 -57.140664,-13.914347,0 -57.140442,-13.914365,0 -57.140182,-13.914401,0 -57.139979,-13.914419,0 -57.139720,-13.914456,0 -57.139516,-13.914474,0 -57.139257,-13.914510,0 -57.139035,-13.914529,0 -57.138812,-13.914547,0 -57.138590,-13.914565,0 -57.138331,-13.914601,0 -57.138128,-13.914619,0 -57.137887,-13.914638,0 -57.137628,-13.914674,0 -57.137424,-13.914692,0 -57.137202,-13.914710,0 -57.136943,-13.914747,0 -57.136721,-13.914765,0 -57.136498,-13.914783,0 -57.136239,-13.914819,0 -57.136036,-13.914838,0 -57.135795,-13.914856,0 -57.135536,-13.914892,0 -57.135332,-13.914910,0 -57.135110,-13.914929,0 -57.134851,-13.914965,0 -57.134647,-13.914983,0 -57.134407,-13.915001,0 -57.134147,-13.915038,0 -57.133944,-13.915056,0 -57.133722,-13.915074,0 -57.133462,-13.915110,0 -57.133259,-13.915129,0 -57.133018,-13.915147,0 -57.132759,-13.915183,0 -57.132555,-13.915201,0 -57.132296,-13.915238,0 -57.132074,-13.915256,0</coordinates></LineString></Placemark>
<Placemark><name>T-12 - 7,03 km</name><description>Maxima 7030 m | Minima 4281 m | Reta 3785 m | 196.2 ha</description><styleUrl>#rota</styleUrl><LineString><tessellate>1</tessellate><coordinates>-57.099445,-13.894963,0 -57.099667,-13.895107,0 -57.099926,-13.895415,0 -57.100130,-13.895541,0 -57.100334,-13.895668,0 -57.100519,-13.895794,0 -57.100723,-13.895921,0 -57.100926,-13.896047,0 -57.101130,-13.896174,0 -57.101315,-13.896300,0 -57.101519,-13.896427,0 -57.101723,-13.896553,0 -57.101908,-13.896698,0 -57.102111,-13.896824,0 -57.102315,-13.896951,0 -57.102519,-13.897077,0 -57.102704,-13.897204,0 -57.102908,-13.897330,0 -57.103111,-13.897457,0 -57.103278,-13.897601,0 -57.103463,-13.897746,0 -57.103648,-13.897891,0 -57.103815,-13.898035,0 -57.104000,-13.898180,0 -57.104185,-13.898324,0 -57.104371,-13.898469,0 -57.104537,-13.898614,0 -57.104722,-13.898758,0 -57.104908,-13.898903,0 -57.105074,-13.899047,0 -57.105241,-13.899228,0 -57.105408,-13.899409,0 -57.105574,-13.899590,0 -57.105741,-13.899771,0 -57.105889,-13.899951,0 -57.106056,-13.900132,0 -57.106223,-13.900313,0 -57.106389,-13.900494,0 -57.106556,-13.900674,0 -57.106704,-13.900855,0 -57.106815,-13.901072,0 -57.106927,-13.901289,0 -57.107038,-13.901488,0 -57.107149,-13.901705,0 -57.107260,-13.901922,0 -57.107371,-13.902139,0 -57.107482,-13.902356,0 -57.107594,-13.902555,0 -57.107705,-13.902772,0 -57.107964,-13.902952,0 -57.108223,-13.902898,0 -57.108464,-13.902844,0 -57.108704,-13.902789,0 -57.108945,-13.902753,0 -57.109167,-13.902717,0 -57.109408,-13.902699,0 -57.109630,-13.902680,0 -57.109871,-13.902644,0 -57.110093,-13.902626,0 -57.110333,-13.902608,0 -57.110556,-13.902589,0 -57.110796,-13.902553,0 -57.111018,-13.902535,0 -57.111259,-13.902517,0 -57.111481,-13.902481,0 -57.111722,-13.902462,0 -57.111944,-13.902444,0 -57.112185,-13.902426,0 -57.112407,-13.902390,0 -57.112647,-13.902372,0 -57.112869,-13.902353,0 -57.113110,-13.902317,0 -57.113332,-13.902299,0 -57.113573,-13.902281,0 -57.113795,-13.902244,0 -57.114017,-13.902226,0 -57.114258,-13.902208,0 -57.114480,-13.902190,0 -57.114721,-13.902154,0 -57.114943,-13.902135,0 -57.115183,-13.902117,0 -57.115406,-13.902081,0 -57.115646,-13.902063,0 -57.115868,-13.902045,0 -57.116109,-13.902008,0 -57.116331,-13.901990,0 -57.116572,-13.901972,0 -57.116794,-13.901954,0 -57.117035,-13.901917,0 -57.117257,-13.901899,0 -57.117497,-13.901881,0 -57.117719,-13.901845,0 -57.117960,-13.901826,0 -57.118182,-13.901808,0 -57.118423,-13.901790,0 -57.118645,-13.901754,0 -57.118886,-13.901736,0 -57.119108,-13.901717,0 -57.119348,-13.901681,0 -57.119571,-13.901663,0 -57.119793,-13.901645,0 -57.120033,-13.901608,0 -57.120255,-13.901590,0 -57.120496,-13.901572,0 -57.120718,-13.901554,0 -57.120959,-13.901518,0 -57.121181,-13.901499,0 -57.121422,-13.901481,0 -57.121644,-13.901445,0 -57.121884,-13.901427,0 -57.122107,-13.901409,0 -57.122347,-13.901390,0 -57.122569,-13.901354,0 -57.122810,-13.901336,0 -57.123032,-13.901318,0 -57.123273,-13.901281,0 -57.123495,-13.901263,0 -57.123736,-13.901245,0 -57.123958,-13.901209,0 -57.124198,-13.901190,0 -57.124421,-13.901172,0 -57.124661,-13.901136,0 -57.124902,-13.901118,0 -57.125124,-13.901100,0 -57.125365,-13.901081,0 -57.125605,-13.901045,0 -57.125827,-13.901027,0 -57.126068,-13.901009,0 -57.126309,-13.900972,0 -57.126531,-13.900954,0 -57.126771,-13.900936,0 -57.127012,-13.900900,0 -57.127234,-13.900881,0 -57.127475,-13.900863,0 -57.127715,-13.900827,0 -57.127938,-13.900809,0 -57.128178,-13.900791,0 -57.128419,-13.900754,0 -57.128641,-13.900736,0 -57.128882,-13.900718,0 -57.129122,-13.900682,0 -57.129344,-13.900663,0 -57.129585,-13.900645,0 -57.129826,-13.900609,0 -57.130048,-13.900591,0 -57.130289,-13.900572,0 -57.130529,-13.900536,0 -57.130751,-13.900518,0 -57.130992,-13.900500,0 -57.131233,-13.900463,0 -57.131455,-13.900445,0 -57.131695,-13.900427,0 -57.131936,-13.900409,0 -57.132158,-13.900372,0 -57.132399,-13.900354,0 -57.132639,-13.900336,0 -57.132862,-13.900300,0 -57.133102,-13.900282,0 -57.133343,-13.900263,0 -57.133565,-13.900227,0 -57.133806,-13.900209,0 -57.134046,-13.900191,0 -57.134268,-13.900154,0 -57.134509,-13.900136,0 -57.134750,-13.900118,0 -57.134972,-13.900082,0 -57.135231,-13.900063,0 -57.135472,-13.900027,0 -57.135712,-13.900009,0 -57.135971,-13.899991,0 -57.136212,-13.899954,0 -57.136471,-13.899936,0 -57.136712,-13.899900,0 -57.136953,-13.899882,0 -57.137212,-13.899845,0 -57.137452,-13.899827,0 -57.137711,-13.899809,0 -57.137934,-13.899773,0 -57.138174,-13.899754,0 -57.138415,-13.899736,0 -57.138656,-13.899718,0 -57.138878,-13.899700,0 -57.139118,-13.899663,0 -57.139359,-13.899645,0 -57.139600,-13.899627,0 -57.139840,-13.899609,0 -57.140062,-13.899590,0 -57.140303,-13.899554,0 -57.140544,-13.899536,0 -57.140784,-13.899518,0 -57.141006,-13.899500,0 -57.141247,-13.899481,0 -57.141488,-13.899445,0 -57.141728,-13.899427,0 -57.141969,-13.899409,0 -57.142191,-13.899390,0 -57.142432,-13.899372,0 -57.142672,-13.899354,0 -57.142913,-13.899318,0 -57.143135,-13.899299,0 -57.143376,-13.899281,0 -57.143616,-13.899263,0 -57.143857,-13.899245,0 -57.144098,-13.899208,0 -57.144320,-13.899190,0 -57.144561,-13.899172,0 -57.144801,-13.899154,0 -57.145042,-13.899135,0 -57.145264,-13.899099,0 -57.145505,-13.899081,0 -57.145745,-13.899063,0 -57.145986,-13.899044,0 -57.146078,-13.898827,0 -57.146152,-13.898610,0 -57.146245,-13.898393,0 -57.146337,-13.898158,0 -57.146429,-13.897941,0 -57.146522,-13.897724,0 -57.146596,-13.897507,0 -57.146688,-13.897290,0 -57.146781,-13.897073,0 -57.146873,-13.896856,0 -57.146965,-13.896639,0 -57.147058,-13.896422,0 -57.147132,-13.896187,0 -57.147224,-13.895969,0 -57.147317,-13.895770,0 -57.147409,-13.895553,0 -57.147483,-13.895336,0 -57.147575,-13.895119,0 -57.147668,-13.894920,0 -57.147742,-13.894703,0 -57.147834,-13.894486,0 -57.147927,-13.894269,0 -57.148001,-13.894070,0 -57.148093,-13.893853,0 -57.148185,-13.893636,0 -57.148259,-13.893419,0 -57.148352,-13.893220,0 -57.148444,-13.893003,0 -57.148518,-13.892786,0 -57.148610,-13.892569,0 -57.148703,-13.892370,0 -57.148777,-13.892153,0 -57.148869,-13.891936,0 -57.148962,-13.891719,0 -57.149036,-13.891520,0 -57.149128,-13.891303,0 -57.149220,-13.891086,0 -57.149294,-13.890868,0 -57.149387,-13.890669,0 -57.149479,-13.890452,0 -57.149553,-13.890235,0 -57.149645,-13.890036,0 -57.149738,-13.889819,0 -57.149812,-13.889602,0 -57.149590,-13.889530,0 -57.149367,-13.889458,0 -57.149145,-13.889386,0 -57.148923,-13.889313,0 -57.148701,-13.889241,0 -57.148479,-13.889169,0 -57.148257,-13.889097,0 -57.148034,-13.889025,0 -57.147812,-13.888971,0 -57.147590,-13.888898,0 -57.147368,-13.888826,0 -57.147146,-13.888754,0 -57.146923,-13.888682,0 -57.146701,-13.888610,0 -57.146479,-13.888537,0 -57.146257,-13.888465,0 -57.146035,-13.888393,0</coordinates></LineString></Placemark>
<Placemark><name>T-13 - 8,26 km</name><description>Maxima 8255 m | Minima 5963 m | Reta 4181 m | 198.71 ha</description><styleUrl>#rota</styleUrl><LineString><tessellate>1</tessellate><coordinates>-57.099445,-13.894963,0 -57.099667,-13.895107,0 -57.099926,-13.895415,0 -57.100130,-13.895541,0 -57.100334,-13.895668,0 -57.100519,-13.895794,0 -57.100723,-13.895921,0 -57.100926,-13.896047,0 -57.101130,-13.896174,0 -57.101315,-13.896300,0 -57.101519,-13.896427,0 -57.101723,-13.896553,0 -57.101908,-13.896698,0 -57.102111,-13.896824,0 -57.102315,-13.896951,0 -57.102519,-13.897077,0 -57.102704,-13.897204,0 -57.102908,-13.897330,0 -57.103111,-13.897457,0 -57.103278,-13.897601,0 -57.103463,-13.897746,0 -57.103648,-13.897891,0 -57.103815,-13.898035,0 -57.104000,-13.898180,0 -57.104185,-13.898324,0 -57.104371,-13.898469,0 -57.104537,-13.898614,0 -57.104722,-13.898758,0 -57.104908,-13.898903,0 -57.105074,-13.899047,0 -57.105241,-13.899228,0 -57.105408,-13.899409,0 -57.105574,-13.899590,0 -57.105741,-13.899771,0 -57.105889,-13.899951,0 -57.106056,-13.900132,0 -57.106223,-13.900313,0 -57.106389,-13.900494,0 -57.106556,-13.900674,0 -57.106704,-13.900855,0 -57.106815,-13.901072,0 -57.106927,-13.901289,0 -57.107038,-13.901488,0 -57.107149,-13.901705,0 -57.107260,-13.901922,0 -57.107371,-13.902139,0 -57.107482,-13.902356,0 -57.107594,-13.902555,0 -57.107705,-13.902772,0 -57.107964,-13.902952,0 -57.108223,-13.902898,0 -57.108464,-13.902844,0 -57.108704,-13.902789,0 -57.108945,-13.902753,0 -57.109167,-13.902717,0 -57.109408,-13.902699,0 -57.109630,-13.902680,0 -57.109871,-13.902644,0 -57.110093,-13.902626,0 -57.110333,-13.902608,0 -57.110556,-13.902589,0 -57.110796,-13.902553,0 -57.111018,-13.902535,0 -57.111259,-13.902517,0 -57.111481,-13.902481,0 -57.111722,-13.902462,0 -57.111944,-13.902444,0 -57.112185,-13.902426,0 -57.112407,-13.902390,0 -57.112647,-13.902372,0 -57.112869,-13.902353,0 -57.113110,-13.902317,0 -57.113332,-13.902299,0 -57.113573,-13.902281,0 -57.113795,-13.902244,0 -57.114017,-13.902226,0 -57.114258,-13.902208,0 -57.114480,-13.902190,0 -57.114721,-13.902154,0 -57.114943,-13.902135,0 -57.115183,-13.902117,0 -57.115406,-13.902081,0 -57.115646,-13.902063,0 -57.115868,-13.902045,0 -57.116109,-13.902008,0 -57.116331,-13.901990,0 -57.116572,-13.901972,0 -57.116794,-13.901954,0 -57.117035,-13.901917,0 -57.117257,-13.901899,0 -57.117497,-13.901881,0 -57.117719,-13.901845,0 -57.117960,-13.901826,0 -57.118182,-13.901808,0 -57.118423,-13.901790,0 -57.118645,-13.901754,0 -57.118886,-13.901736,0 -57.119108,-13.901717,0 -57.119348,-13.901681,0 -57.119571,-13.901663,0 -57.119793,-13.901645,0 -57.120033,-13.901608,0 -57.120255,-13.901590,0 -57.120496,-13.901572,0 -57.120718,-13.901554,0 -57.120959,-13.901518,0 -57.121181,-13.901499,0 -57.121422,-13.901481,0 -57.121644,-13.901445,0 -57.121884,-13.901427,0 -57.122107,-13.901409,0 -57.122347,-13.901390,0 -57.122569,-13.901354,0 -57.122810,-13.901336,0 -57.123032,-13.901318,0 -57.123273,-13.901281,0 -57.123495,-13.901263,0 -57.123736,-13.901245,0 -57.123958,-13.901209,0 -57.124198,-13.901190,0 -57.124421,-13.901172,0 -57.124661,-13.901136,0 -57.124902,-13.901118,0 -57.125124,-13.901100,0 -57.125365,-13.901081,0 -57.125605,-13.901045,0 -57.125827,-13.901027,0 -57.126068,-13.901009,0 -57.126309,-13.900972,0 -57.126531,-13.900954,0 -57.126771,-13.900936,0 -57.127012,-13.900900,0 -57.127234,-13.900881,0 -57.127475,-13.900863,0 -57.127715,-13.900827,0 -57.127938,-13.900809,0 -57.128178,-13.900791,0 -57.128419,-13.900754,0 -57.128641,-13.900736,0 -57.128882,-13.900718,0 -57.129122,-13.900682,0 -57.129344,-13.900663,0 -57.129585,-13.900645,0 -57.129826,-13.900609,0 -57.130048,-13.900591,0 -57.130289,-13.900572,0 -57.130529,-13.900536,0 -57.130751,-13.900518,0 -57.130992,-13.900500,0 -57.131233,-13.900463,0 -57.131455,-13.900445,0 -57.131695,-13.900427,0 -57.131936,-13.900409,0 -57.132158,-13.900372,0 -57.132399,-13.900354,0 -57.132639,-13.900336,0 -57.132862,-13.900300,0 -57.133102,-13.900282,0 -57.133343,-13.900263,0 -57.133565,-13.900227,0 -57.133806,-13.900209,0 -57.134046,-13.900191,0 -57.134268,-13.900154,0 -57.134509,-13.900136,0 -57.134750,-13.900118,0 -57.134972,-13.900082,0 -57.135231,-13.900063,0 -57.135472,-13.900027,0 -57.135712,-13.900009,0 -57.135971,-13.899991,0 -57.136212,-13.899954,0 -57.136471,-13.899936,0 -57.136712,-13.899900,0 -57.136953,-13.899882,0 -57.137212,-13.899845,0 -57.137452,-13.899827,0 -57.137711,-13.899809,0 -57.137934,-13.899773,0 -57.138174,-13.899754,0 -57.138415,-13.899736,0 -57.138656,-13.899718,0 -57.138878,-13.899700,0 -57.139118,-13.899663,0 -57.139359,-13.899645,0 -57.139600,-13.899627,0 -57.139840,-13.899609,0 -57.140062,-13.899590,0 -57.140303,-13.899554,0 -57.140544,-13.899536,0 -57.140784,-13.899518,0 -57.141006,-13.899500,0 -57.141247,-13.899481,0 -57.141488,-13.899445,0 -57.141728,-13.899427,0 -57.141969,-13.899409,0 -57.142191,-13.899390,0 -57.142432,-13.899372,0 -57.142672,-13.899354,0 -57.142913,-13.899318,0 -57.143135,-13.899299,0 -57.143376,-13.899281,0 -57.143616,-13.899263,0 -57.143857,-13.899245,0 -57.144098,-13.899208,0 -57.144320,-13.899190,0 -57.144561,-13.899172,0 -57.144801,-13.899154,0 -57.145042,-13.899135,0 -57.145264,-13.899099,0 -57.145505,-13.899081,0 -57.145745,-13.899063,0 -57.145986,-13.899044,0 -57.146078,-13.898827,0 -57.146152,-13.898610,0 -57.146245,-13.898393,0 -57.146337,-13.898158,0 -57.146429,-13.897941,0 -57.146522,-13.897724,0 -57.146596,-13.897507,0 -57.146688,-13.897290,0 -57.146781,-13.897073,0 -57.146873,-13.896856,0 -57.146965,-13.896639,0 -57.147058,-13.896422,0 -57.147132,-13.896187,0 -57.147224,-13.895969,0 -57.147317,-13.895770,0 -57.147409,-13.895553,0 -57.147483,-13.895336,0 -57.147575,-13.895119,0 -57.147668,-13.894920,0 -57.147742,-13.894703,0 -57.147834,-13.894486,0 -57.147927,-13.894269,0 -57.148001,-13.894070,0 -57.148093,-13.893853,0 -57.148185,-13.893636,0 -57.148259,-13.893419,0 -57.148352,-13.893220,0 -57.148444,-13.893003,0 -57.148518,-13.892786,0 -57.148610,-13.892569,0 -57.148703,-13.892370,0 -57.148777,-13.892153,0 -57.148869,-13.891936,0 -57.148962,-13.891719,0 -57.149036,-13.891520,0 -57.149128,-13.891303,0 -57.149220,-13.891086,0 -57.149294,-13.890868,0 -57.149387,-13.890669,0 -57.149479,-13.890452,0 -57.149553,-13.890235,0 -57.149645,-13.890036,0 -57.149738,-13.889819,0 -57.149812,-13.889602,0 -57.149904,-13.889385,0 -57.149997,-13.889168,0 -57.150089,-13.888933,0 -57.150181,-13.888680,0 -57.150292,-13.888445,0 -57.150385,-13.888228,0 -57.150459,-13.888010,0 -57.150551,-13.887775,0 -57.150643,-13.887558,0 -57.150736,-13.887341,0 -57.150828,-13.887124,0 -57.150921,-13.886907,0 -57.151013,-13.886672,0 -57.151087,-13.886455,0 -57.151179,-13.886238,0 -57.151272,-13.886021,0 -57.151364,-13.885804,0 -57.151457,-13.885568,0 -57.151549,-13.885351,0 -57.151641,-13.885134,0 -57.151715,-13.884917,0 -57.151808,-13.884700,0 -57.151900,-13.884483,0 -57.151993,-13.884266,0 -57.152067,-13.884049,0 -57.152159,-13.883832,0 -57.152251,-13.883615,0 -57.152344,-13.883398,0 -57.152436,-13.883181,0 -57.152510,-13.882964,0 -57.152602,-13.882674,0 -57.152695,-13.882385,0 -57.152769,-13.881969,0 -57.152768,-13.881752,0 -57.152694,-13.881426,0 -57.152583,-13.881210,0 -57.152490,-13.881011,0 -57.152379,-13.880812,0 -57.152268,-13.880595,0 -57.152175,-13.880378,0 -57.152083,-13.880161,0 -57.151990,-13.879944,0 -57.151879,-13.879727,0 -57.151767,-13.879474,0 -57.151638,-13.879221,0 -57.151526,-13.878950,0 -57.151452,-13.878823,0 -57.151285,-13.878480,0 -57.151082,-13.878172,0 -57.150785,-13.877829,0 -57.150507,-13.877540,0 -57.150285,-13.877341,0 -57.149952,-13.877106,0 -57.149674,-13.876925,0 -57.149452,-13.876817,0 -57.149248,-13.876691,0 -57.149007,-13.876564,0</coordinates></LineString></Placemark>
<Placemark><name>T-14 - 8,29 km</name><description>Maxima 8295 m | Minima 5792 m | Reta 3349 m | 180.97 ha</description><styleUrl>#rota</styleUrl><LineString><tessellate>1</tessellate><coordinates>-57.099445,-13.894963,0 -57.099667,-13.895107,0 -57.099926,-13.895415,0 -57.100130,-13.895541,0 -57.100334,-13.895668,0 -57.100519,-13.895794,0 -57.100723,-13.895921,0 -57.100926,-13.896047,0 -57.101130,-13.896174,0 -57.101315,-13.896300,0 -57.101519,-13.896427,0 -57.101723,-13.896553,0 -57.101908,-13.896698,0 -57.102111,-13.896824,0 -57.102315,-13.896951,0 -57.102519,-13.897077,0 -57.102704,-13.897204,0 -57.102908,-13.897330,0 -57.103111,-13.897457,0 -57.103278,-13.897601,0 -57.103463,-13.897746,0 -57.103648,-13.897891,0 -57.103815,-13.898035,0 -57.104000,-13.898180,0 -57.104185,-13.898324,0 -57.104371,-13.898469,0 -57.104537,-13.898614,0 -57.104722,-13.898758,0 -57.104908,-13.898903,0 -57.105074,-13.899047,0 -57.105241,-13.899228,0 -57.105408,-13.899409,0 -57.105574,-13.899590,0 -57.105741,-13.899771,0 -57.105889,-13.899951,0 -57.106056,-13.900132,0 -57.106223,-13.900313,0 -57.106389,-13.900494,0 -57.106556,-13.900674,0 -57.106704,-13.900855,0 -57.106815,-13.901072,0 -57.106927,-13.901289,0 -57.107038,-13.901488,0 -57.107149,-13.901705,0 -57.107260,-13.901922,0 -57.107371,-13.902139,0 -57.107482,-13.902356,0 -57.107594,-13.902555,0 -57.107705,-13.902772,0 -57.107964,-13.902952,0 -57.108223,-13.902898,0 -57.108464,-13.902844,0 -57.108704,-13.902789,0 -57.108945,-13.902753,0 -57.109167,-13.902717,0 -57.109408,-13.902699,0 -57.109630,-13.902680,0 -57.109871,-13.902644,0 -57.110093,-13.902626,0 -57.110333,-13.902608,0 -57.110556,-13.902589,0 -57.110796,-13.902553,0 -57.111018,-13.902535,0 -57.111259,-13.902517,0 -57.111481,-13.902481,0 -57.111722,-13.902462,0 -57.111944,-13.902444,0 -57.112185,-13.902426,0 -57.112407,-13.902390,0 -57.112647,-13.902372,0 -57.112869,-13.902353,0 -57.113110,-13.902317,0 -57.113332,-13.902299,0 -57.113573,-13.902281,0 -57.113795,-13.902244,0 -57.114017,-13.902226,0 -57.114258,-13.902208,0 -57.114480,-13.902190,0 -57.114721,-13.902154,0 -57.114943,-13.902135,0 -57.115183,-13.902117,0 -57.115406,-13.902081,0 -57.115646,-13.902063,0 -57.115868,-13.902045,0 -57.116109,-13.902008,0 -57.116331,-13.901990,0 -57.116572,-13.901972,0 -57.116794,-13.901954,0 -57.117035,-13.901917,0 -57.117257,-13.901899,0 -57.117497,-13.901881,0 -57.117719,-13.901845,0 -57.117960,-13.901826,0 -57.118182,-13.901808,0 -57.118423,-13.901790,0 -57.118645,-13.901754,0 -57.118886,-13.901736,0 -57.119108,-13.901717,0 -57.119348,-13.901681,0 -57.119571,-13.901663,0 -57.119793,-13.901645,0 -57.120033,-13.901608,0 -57.120255,-13.901590,0 -57.120496,-13.901572,0 -57.120718,-13.901554,0 -57.120959,-13.901518,0 -57.121181,-13.901499,0 -57.121422,-13.901481,0 -57.121644,-13.901445,0 -57.121884,-13.901427,0 -57.122107,-13.901409,0 -57.122347,-13.901390,0 -57.122569,-13.901354,0 -57.122810,-13.901336,0 -57.123032,-13.901318,0 -57.123273,-13.901281,0 -57.123495,-13.901263,0 -57.123736,-13.901245,0 -57.123958,-13.901209,0 -57.124198,-13.901190,0 -57.124421,-13.901172,0 -57.124661,-13.901136,0 -57.124902,-13.901118,0 -57.125124,-13.901100,0 -57.125365,-13.901081,0 -57.125605,-13.901045,0 -57.125827,-13.901027,0 -57.126068,-13.901009,0 -57.126309,-13.900972,0 -57.126531,-13.900954,0 -57.126771,-13.900936,0 -57.127012,-13.900900,0 -57.127234,-13.900881,0 -57.127475,-13.900863,0 -57.127715,-13.900827,0 -57.127938,-13.900809,0 -57.128178,-13.900791,0 -57.128419,-13.900754,0 -57.128641,-13.900736,0 -57.128882,-13.900718,0 -57.129122,-13.900682,0 -57.129344,-13.900663,0 -57.129585,-13.900645,0 -57.129826,-13.900609,0 -57.130048,-13.900591,0 -57.130289,-13.900572,0 -57.130529,-13.900536,0 -57.130751,-13.900518,0 -57.130992,-13.900500,0 -57.131233,-13.900463,0 -57.131455,-13.900445,0 -57.131695,-13.900427,0 -57.131936,-13.900409,0 -57.132158,-13.900372,0 -57.132399,-13.900354,0 -57.132639,-13.900336,0 -57.132862,-13.900300,0 -57.133102,-13.900282,0 -57.133343,-13.900263,0 -57.133565,-13.900227,0 -57.133806,-13.900209,0 -57.134046,-13.900191,0 -57.134268,-13.900154,0 -57.134509,-13.900136,0 -57.134750,-13.900118,0 -57.134972,-13.900082,0 -57.134953,-13.899865,0 -57.134916,-13.899630,0 -57.134879,-13.899413,0 -57.134860,-13.899177,0 -57.134823,-13.898960,0 -57.134804,-13.898725,0 -57.134767,-13.898508,0 -57.134749,-13.898273,0 -57.134711,-13.898056,0 -57.134674,-13.897821,0 -57.134656,-13.897604,0 -57.134619,-13.897369,0 -57.134600,-13.897152,0 -57.134563,-13.896917,0 -57.134544,-13.896682,0 -57.134507,-13.896465,0 -57.134470,-13.896230,0 -57.134451,-13.896013,0 -57.134414,-13.895778,0 -57.134395,-13.895561,0 -57.134358,-13.895326,0 -57.134340,-13.895109,0 -57.134302,-13.894874,0 -57.134265,-13.894657,0 -57.134247,-13.894422,0 -57.134209,-13.894205,0 -57.134191,-13.893970,0 -57.134154,-13.893753,0 -57.134135,-13.893518,0 -57.134098,-13.893301,0 -57.134061,-13.893065,0 -57.134042,-13.892848,0 -57.134005,-13.892613,0 -57.134079,-13.892396,0 -57.134153,-13.892179,0 -57.134227,-13.891944,0 -57.134319,-13.891727,0 -57.134393,-13.891510,0 -57.134467,-13.891293,0 -57.134541,-13.891076,0 -57.134615,-13.890841,0 -57.134689,-13.890624,0 -57.134763,-13.890407,0 -57.134837,-13.890190,0 -57.134910,-13.889955,0 -57.134984,-13.889737,0 -57.135058,-13.889520,0 -57.135132,-13.889303,0 -57.135206,-13.889086,0 -57.135280,-13.888851,0 -57.135354,-13.888634,0 -57.135446,-13.888417,0 -57.135520,-13.888200,0 -57.135594,-13.887965,0 -57.135668,-13.887748,0 -57.135742,-13.887531,0 -57.135816,-13.887314,0 -57.135890,-13.887097,0 -57.135964,-13.886862,0 -57.136038,-13.886645,0 -57.136112,-13.886427,0 -57.136186,-13.886210,0 -57.136259,-13.885993,0 -57.136333,-13.885758,0 -57.136407,-13.885541,0 -57.136481,-13.885324,0 -57.136555,-13.885089,0 -57.136629,-13.884872,0 -57.136703,-13.884655,0 -57.136777,-13.884420,0 -57.136851,-13.884203,0 -57.136925,-13.883986,0 -57.136999,-13.883751,0 -57.137072,-13.883533,0 -57.137146,-13.883316,0 -57.137220,-13.883081,0 -57.137294,-13.882864,0 -57.137368,-13.882629,0 -57.137442,-13.882412,0 -57.137516,-13.882195,0 -57.137590,-13.881960,0 -57.137664,-13.881743,0 -57.137738,-13.881526,0 -57.137812,-13.881291,0 -57.137885,-13.881074,0 -57.137959,-13.880857,0 -57.138033,-13.880621,0 -57.138107,-13.880404,0 -57.138181,-13.880151,0 -57.138237,-13.879916,0 -57.138310,-13.879681,0 -57.138384,-13.879446,0 -57.138440,-13.879193,0 -57.138514,-13.878957,0 -57.138587,-13.878722,0 -57.138643,-13.878469,0 -57.138754,-13.878143,0 -57.138772,-13.877926,0 -57.138772,-13.877691,0 -57.138772,-13.877456,0 -57.138772,-13.877221,0 -57.138772,-13.876986,0 -57.138716,-13.876715,0 -57.138660,-13.876444,0 -57.138586,-13.876190,0 -57.138475,-13.875937,0 -57.138345,-13.875739,0 -57.138178,-13.875413,0 -57.138141,-13.875142,0 -57.138085,-13.874889,0 -57.138030,-13.874617,0 -57.137974,-13.874364,0 -57.137937,-13.874129,0 -57.137900,-13.873894,0 -57.137844,-13.873677,0 -57.137714,-13.873298,0 -57.137585,-13.873081,0 -57.137455,-13.872864,0 -57.137251,-13.872647,0 -57.137066,-13.872430,0 -57.136788,-13.872141,0 -57.136603,-13.871996,0 -57.136362,-13.871888,0 -57.136214,-13.871797,0 -57.135992,-13.871653,0 -57.135770,-13.871508,0 -57.135381,-13.871255,0 -57.134974,-13.871075,0 -57.134622,-13.870912,0 -57.134307,-13.870768,0 -57.133992,-13.870623,0 -57.133789,-13.870497,0 -57.133566,-13.870370,0 -57.133326,-13.870262,0 -57.133104,-13.870171,0 -57.132937,-13.870081,0 -57.132604,-13.869828,0 -57.132307,-13.869593,0 -57.132067,-13.869413,0 -57.131844,-13.869214,0 -57.131604,-13.869033,0 -57.131400,-13.868834,0 -57.131178,-13.868653,0 -57.130974,-13.868473,0 -57.130752,-13.868328,0</coordinates></LineString></Placemark>
<Placemark><name>T-15 - 6,95 km</name><description>Maxima 6946 m | Minima 4324 m | Reta 2759 m | 189.27 ha</description><styleUrl>#rota</styleUrl><LineString><tessellate>1</tessellate><coordinates>-57.099445,-13.894963,0 -57.099667,-13.895107,0 -57.099926,-13.895415,0 -57.100130,-13.895541,0 -57.100334,-13.895668,0 -57.100519,-13.895794,0 -57.100723,-13.895921,0 -57.100926,-13.896047,0 -57.101130,-13.896174,0 -57.101315,-13.896300,0 -57.101519,-13.896427,0 -57.101723,-13.896553,0 -57.101908,-13.896698,0 -57.102111,-13.896824,0 -57.102315,-13.896951,0 -57.102519,-13.897077,0 -57.102704,-13.897204,0 -57.102908,-13.897330,0 -57.103111,-13.897457,0 -57.103278,-13.897601,0 -57.103463,-13.897746,0 -57.103648,-13.897891,0 -57.103815,-13.898035,0 -57.104000,-13.898180,0 -57.104185,-13.898324,0 -57.104371,-13.898469,0 -57.104537,-13.898614,0 -57.104722,-13.898758,0 -57.104908,-13.898903,0 -57.105074,-13.899047,0 -57.105241,-13.899228,0 -57.105408,-13.899409,0 -57.105574,-13.899590,0 -57.105741,-13.899771,0 -57.105889,-13.899951,0 -57.106056,-13.900132,0 -57.106223,-13.900313,0 -57.106389,-13.900494,0 -57.106556,-13.900674,0 -57.106704,-13.900855,0 -57.106815,-13.901072,0 -57.106927,-13.901289,0 -57.107038,-13.901488,0 -57.107149,-13.901705,0 -57.107260,-13.901922,0 -57.107371,-13.902139,0 -57.107482,-13.902356,0 -57.107594,-13.902555,0 -57.107705,-13.902772,0 -57.107964,-13.902952,0 -57.108223,-13.902898,0 -57.108464,-13.902844,0 -57.108704,-13.902789,0 -57.108945,-13.902753,0 -57.109167,-13.902717,0 -57.109408,-13.902699,0 -57.109630,-13.902680,0 -57.109871,-13.902644,0 -57.110093,-13.902626,0 -57.110333,-13.902608,0 -57.110556,-13.902589,0 -57.110796,-13.902553,0 -57.111018,-13.902535,0 -57.111259,-13.902517,0 -57.111481,-13.902481,0 -57.111722,-13.902462,0 -57.111944,-13.902444,0 -57.112185,-13.902426,0 -57.112407,-13.902390,0 -57.112647,-13.902372,0 -57.112869,-13.902353,0 -57.113110,-13.902317,0 -57.113332,-13.902299,0 -57.113573,-13.902281,0 -57.113795,-13.902244,0 -57.114017,-13.902226,0 -57.114258,-13.902208,0 -57.114480,-13.902190,0 -57.114721,-13.902154,0 -57.114943,-13.902135,0 -57.115183,-13.902117,0 -57.115406,-13.902081,0 -57.115646,-13.902063,0 -57.115868,-13.902045,0 -57.116109,-13.902008,0 -57.116331,-13.901990,0 -57.116572,-13.901972,0 -57.116794,-13.901954,0 -57.117035,-13.901917,0 -57.117257,-13.901899,0 -57.117497,-13.901881,0 -57.117719,-13.901845,0 -57.117960,-13.901826,0 -57.118182,-13.901808,0 -57.118423,-13.901790,0 -57.118645,-13.901754,0 -57.118886,-13.901736,0 -57.119108,-13.901717,0 -57.119348,-13.901681,0 -57.119571,-13.901663,0 -57.119793,-13.901645,0 -57.120033,-13.901608,0 -57.120255,-13.901590,0 -57.120496,-13.901572,0 -57.120718,-13.901554,0 -57.120959,-13.901518,0 -57.121181,-13.901499,0 -57.121422,-13.901481,0 -57.121644,-13.901445,0 -57.121884,-13.901427,0 -57.122107,-13.901409,0 -57.122347,-13.901390,0 -57.122569,-13.901354,0 -57.122810,-13.901336,0 -57.123032,-13.901318,0 -57.123273,-13.901281,0 -57.123495,-13.901263,0 -57.123736,-13.901245,0 -57.123958,-13.901209,0 -57.124198,-13.901190,0 -57.124198,-13.900955,0 -57.124180,-13.900738,0 -57.124180,-13.900503,0 -57.124179,-13.900286,0 -57.124179,-13.900051,0 -57.124179,-13.899816,0 -57.124179,-13.899599,0 -57.124179,-13.899364,0 -57.124179,-13.899129,0 -57.124179,-13.898912,0 -57.124179,-13.898677,0 -57.124178,-13.898442,0 -57.124178,-13.898225,0 -57.124178,-13.897990,0 -57.124178,-13.897773,0 -57.124178,-13.897537,0 -57.124178,-13.897302,0 -57.124178,-13.897085,0 -57.124178,-13.896850,0 -57.124177,-13.896615,0 -57.124159,-13.896398,0 -57.124159,-13.896163,0 -57.124159,-13.895928,0 -57.124158,-13.895711,0 -57.124158,-13.895476,0 -57.124158,-13.895241,0 -57.124158,-13.895024,0 -57.124158,-13.894789,0 -57.124158,-13.894572,0 -57.124158,-13.894337,0 -57.124158,-13.894102,0 -57.124157,-13.893884,0 -57.124157,-13.893649,0 -57.124157,-13.893414,0 -57.124157,-13.893197,0 -57.124157,-13.892962,0 -57.124157,-13.892727,0 -57.124157,-13.892510,0 -57.124157,-13.892275,0 -57.124138,-13.892058,0 -57.124138,-13.891823,0 -57.124138,-13.891588,0 -57.124138,-13.891371,0 -57.124137,-13.891136,0 -57.124137,-13.890901,0 -57.124137,-13.890684,0 -57.124137,-13.890449,0 -57.124137,-13.890213,0 -57.124137,-13.889996,0 -57.124137,-13.889761,0 -57.124137,-13.889526,0 -57.124137,-13.889309,0 -57.124136,-13.889074,0 -57.124136,-13.888839,0 -57.124118,-13.888622,0 -57.124118,-13.888387,0 -57.124117,-13.888152,0 -57.124117,-13.887935,0 -57.124117,-13.887700,0 -57.124117,-13.887483,0 -57.124117,-13.887248,0 -57.124117,-13.887013,0 -57.124117,-13.886796,0 -57.124117,-13.886560,0 -57.124116,-13.886325,0 -57.124098,-13.886108,0 -57.124098,-13.885873,0 -57.124098,-13.885638,0 -57.124097,-13.885421,0 -57.124097,-13.885186,0 -57.124097,-13.884951,0 -57.124097,-13.884734,0 -57.124097,-13.884499,0 -57.124097,-13.884264,0 -57.124097,-13.884047,0 -57.124097,-13.883812,0 -57.124078,-13.883577,0 -57.124078,-13.883360,0 -57.124078,-13.883124,0 -57.124078,-13.882889,0 -57.124077,-13.882672,0 -57.124077,-13.882437,0 -57.124077,-13.882202,0 -57.124077,-13.881985,0 -57.124077,-13.881750,0 -57.124077,-13.881515,0 -57.124077,-13.881298,0 -57.124058,-13.881063,0 -57.124058,-13.880846,0 -57.124058,-13.880611,0 -57.124058,-13.880376,0 -57.124058,-13.880159,0 -57.124057,-13.879924,0 -57.124057,-13.879689,0 -57.124057,-13.879472,0 -57.124057,-13.879236,0 -57.124057,-13.879001,0 -57.124057,-13.878784,0 -57.124038,-13.878549,0 -57.124038,-13.878314,0 -57.124038,-13.878097,0 -57.124038,-13.877862,0 -57.124038,-13.877627,0 -57.124038,-13.877410,0 -57.124038,-13.877175,0 -57.124037,-13.876940,0 -57.124260,-13.877012,0 -57.124500,-13.877066,0 -57.124722,-13.877120,0 -57.124945,-13.877174,0 -57.125185,-13.877228,0 -57.125407,-13.877283,0 -57.125648,-13.877355,0 -57.125870,-13.877409,0 -57.126092,-13.877463,0 -57.126333,-13.877517,0 -57.126555,-13.877571,0 -57.126796,-13.877626,0 -57.127018,-13.877698,0 -57.127240,-13.877752,0 -57.127481,-13.877806,0 -57.127703,-13.877860,0 -57.127944,-13.877914,0 -57.128166,-13.877986,0 -57.128388,-13.878041,0 -57.128629,-13.878095,0 -57.128851,-13.878149,0 -57.129073,-13.878203,0 -57.129314,-13.878257,0 -57.129536,-13.878329,0 -57.129776,-13.878383,0 -57.129999,-13.878438,0 -57.130221,-13.878492,0 -57.130461,-13.878546,0 -57.130683,-13.878600,0 -57.130924,-13.878672,0 -57.131146,-13.878726,0 -57.131368,-13.878780,0 -57.131609,-13.878835,0 -57.131831,-13.878889,0 -57.132072,-13.878943,0 -57.132294,-13.879015,0 -57.132535,-13.879069,0 -57.132757,-13.879123,0 -57.132998,-13.879177,0 -57.133220,-13.879232,0 -57.133460,-13.879286,0 -57.133701,-13.879340,0 -57.133923,-13.879394,0 -57.134164,-13.879448,0 -57.134386,-13.879502,0</coordinates></LineString></Placemark>
<Placemark><name>T-16 - 5,27 km</name><description>Maxima 5266 m | Minima 3109 m | Reta 2713 m | 113.43 ha</description><styleUrl>#rota</styleUrl><LineString><tessellate>1</tessellate><coordinates>-57.099445,-13.894963,0 -57.099667,-13.895107,0 -57.099926,-13.895415,0 -57.100130,-13.895541,0 -57.100334,-13.895668,0 -57.100519,-13.895794,0 -57.100723,-13.895921,0 -57.100926,-13.896047,0 -57.101130,-13.896174,0 -57.101315,-13.896300,0 -57.101519,-13.896427,0 -57.101723,-13.896553,0 -57.101908,-13.896698,0 -57.102111,-13.896824,0 -57.102315,-13.896951,0 -57.102519,-13.897077,0 -57.102704,-13.897204,0 -57.102908,-13.897330,0 -57.103111,-13.897457,0 -57.103278,-13.897601,0 -57.103463,-13.897746,0 -57.103648,-13.897891,0 -57.103815,-13.898035,0 -57.104000,-13.898180,0 -57.104185,-13.898324,0 -57.104371,-13.898469,0 -57.104537,-13.898614,0 -57.104722,-13.898758,0 -57.104908,-13.898903,0 -57.105074,-13.899047,0 -57.105241,-13.899228,0 -57.105408,-13.899409,0 -57.105574,-13.899590,0 -57.105741,-13.899771,0 -57.105889,-13.899951,0 -57.106056,-13.900132,0 -57.106223,-13.900313,0 -57.106389,-13.900494,0 -57.106556,-13.900674,0 -57.106704,-13.900855,0 -57.106815,-13.901072,0 -57.106927,-13.901289,0 -57.107038,-13.901488,0 -57.107149,-13.901705,0 -57.107260,-13.901922,0 -57.107371,-13.902139,0 -57.107482,-13.902356,0 -57.107594,-13.902555,0 -57.107705,-13.902772,0 -57.107964,-13.902952,0 -57.108223,-13.902898,0 -57.108464,-13.902844,0 -57.108704,-13.902789,0 -57.108945,-13.902753,0 -57.109167,-13.902717,0 -57.109408,-13.902699,0 -57.109630,-13.902680,0 -57.109871,-13.902644,0 -57.110093,-13.902626,0 -57.110333,-13.902608,0 -57.110556,-13.902589,0 -57.110796,-13.902553,0 -57.111018,-13.902535,0 -57.111259,-13.902517,0 -57.111481,-13.902481,0 -57.111722,-13.902462,0 -57.111944,-13.902444,0 -57.112185,-13.902426,0 -57.112407,-13.902390,0 -57.112647,-13.902372,0 -57.112869,-13.902353,0 -57.113110,-13.902317,0 -57.113332,-13.902299,0 -57.113573,-13.902281,0 -57.113795,-13.902244,0 -57.114017,-13.902226,0 -57.114258,-13.902208,0 -57.114480,-13.902190,0 -57.114721,-13.902154,0 -57.114943,-13.902135,0 -57.115183,-13.902117,0 -57.115406,-13.902081,0 -57.115646,-13.902063,0 -57.115868,-13.902045,0 -57.116109,-13.902008,0 -57.116331,-13.901990,0 -57.116572,-13.901972,0 -57.116794,-13.901954,0 -57.117035,-13.901917,0 -57.117257,-13.901899,0 -57.117497,-13.901881,0 -57.117719,-13.901845,0 -57.117960,-13.901826,0 -57.118182,-13.901808,0 -57.118423,-13.901790,0 -57.118645,-13.901754,0 -57.118886,-13.901736,0 -57.119108,-13.901717,0 -57.119348,-13.901681,0 -57.119571,-13.901663,0 -57.119793,-13.901645,0 -57.120033,-13.901608,0 -57.120255,-13.901590,0 -57.120496,-13.901572,0 -57.120718,-13.901554,0 -57.120959,-13.901518,0 -57.121181,-13.901499,0 -57.121422,-13.901481,0 -57.121644,-13.901445,0 -57.121884,-13.901427,0 -57.122107,-13.901409,0 -57.122347,-13.901390,0 -57.122569,-13.901354,0 -57.122810,-13.901336,0 -57.123032,-13.901318,0 -57.123273,-13.901281,0 -57.123495,-13.901263,0 -57.123736,-13.901245,0 -57.123958,-13.901209,0 -57.124198,-13.901190,0 -57.124421,-13.901172,0 -57.124661,-13.901136,0 -57.124902,-13.901118,0 -57.125124,-13.901100,0 -57.125365,-13.901081,0 -57.125605,-13.901045,0 -57.125827,-13.901027,0 -57.126068,-13.901009,0 -57.126309,-13.900972,0 -57.126531,-13.900954,0 -57.126771,-13.900936,0 -57.127012,-13.900900,0 -57.127234,-13.900881,0 -57.127475,-13.900863,0 -57.127715,-13.900827,0 -57.127938,-13.900809,0 -57.128178,-13.900791,0 -57.128419,-13.900754,0 -57.128641,-13.900736,0 -57.128882,-13.900718,0 -57.129122,-13.900682,0 -57.129344,-13.900663,0 -57.129585,-13.900645,0 -57.129826,-13.900609,0 -57.130048,-13.900591,0 -57.130289,-13.900572,0 -57.130529,-13.900536,0 -57.130751,-13.900518,0 -57.130992,-13.900500,0 -57.131233,-13.900463,0 -57.131455,-13.900445,0 -57.131695,-13.900427,0 -57.131936,-13.900409,0 -57.132158,-13.900372,0 -57.132399,-13.900354,0 -57.132639,-13.900336,0 -57.132862,-13.900300,0 -57.133102,-13.900282,0 -57.133343,-13.900263,0 -57.133565,-13.900227,0 -57.133806,-13.900209,0 -57.134046,-13.900191,0 -57.134268,-13.900154,0 -57.134509,-13.900136,0 -57.134750,-13.900118,0 -57.134972,-13.900082,0 -57.134953,-13.899865,0 -57.134916,-13.899630,0 -57.134879,-13.899413,0 -57.134860,-13.899177,0 -57.134823,-13.898960,0 -57.134804,-13.898725,0 -57.134767,-13.898508,0 -57.134749,-13.898273,0 -57.134711,-13.898056,0 -57.134674,-13.897821,0 -57.134656,-13.897604,0 -57.134619,-13.897369,0 -57.134600,-13.897152,0 -57.134563,-13.896917,0 -57.134544,-13.896682,0 -57.134507,-13.896465,0 -57.134470,-13.896230,0 -57.134451,-13.896013,0 -57.134414,-13.895778,0 -57.134395,-13.895561,0 -57.134358,-13.895326,0 -57.134340,-13.895109,0 -57.134302,-13.894874,0 -57.134265,-13.894657,0 -57.134247,-13.894422,0 -57.134209,-13.894205,0 -57.134191,-13.893970,0 -57.134154,-13.893753,0 -57.134135,-13.893518,0 -57.134098,-13.893301,0 -57.134061,-13.893065,0 -57.134042,-13.892848,0 -57.134005,-13.892613,0 -57.133783,-13.892559,0 -57.133542,-13.892505,0 -57.133320,-13.892451,0 -57.133098,-13.892397,0 -57.132857,-13.892343,0 -57.132635,-13.892289,0</coordinates></LineString></Placemark>
<Placemark><name>T-17 - 5,08 km</name><description>Maxima 5080 m | Minima 44 m | Reta 44 m | 356.7 ha</description><styleUrl>#rota</styleUrl><LineString><tessellate>1</tessellate><coordinates>-57.099445,-13.894963,0 -57.099667,-13.895107,0 -57.099926,-13.895415,0 -57.100130,-13.895541,0 -57.100334,-13.895668,0 -57.100519,-13.895794,0 -57.100723,-13.895921,0 -57.100926,-13.896047,0 -57.101130,-13.896174,0 -57.101315,-13.896300,0 -57.101519,-13.896427,0 -57.101723,-13.896553,0 -57.101908,-13.896698,0 -57.102111,-13.896824,0 -57.102315,-13.896951,0 -57.102519,-13.897077,0 -57.102704,-13.897204,0 -57.102908,-13.897330,0 -57.103111,-13.897457,0 -57.103278,-13.897601,0 -57.103463,-13.897746,0 -57.103648,-13.897891,0 -57.103815,-13.898035,0 -57.104000,-13.898180,0 -57.104185,-13.898324,0 -57.104371,-13.898469,0 -57.104537,-13.898614,0 -57.104722,-13.898758,0 -57.104908,-13.898903,0 -57.105074,-13.899047,0 -57.105241,-13.899228,0 -57.105408,-13.899409,0 -57.105574,-13.899590,0 -57.105741,-13.899771,0 -57.105889,-13.899951,0 -57.106056,-13.900132,0 -57.106223,-13.900313,0 -57.106389,-13.900494,0 -57.106556,-13.900674,0 -57.106704,-13.900855,0 -57.106815,-13.901072,0 -57.106927,-13.901289,0 -57.107038,-13.901488,0 -57.107149,-13.901705,0 -57.107260,-13.901922,0 -57.107371,-13.902139,0 -57.107482,-13.902356,0 -57.107594,-13.902555,0 -57.107705,-13.902772,0 -57.107964,-13.902952,0 -57.108223,-13.902898,0 -57.108464,-13.902844,0 -57.108704,-13.902789,0 -57.108945,-13.902753,0 -57.109167,-13.902717,0 -57.109408,-13.902699,0 -57.109630,-13.902680,0 -57.109871,-13.902644,0 -57.110093,-13.902626,0 -57.110333,-13.902608,0 -57.110556,-13.902589,0 -57.110796,-13.902553,0 -57.111018,-13.902535,0 -57.111259,-13.902517,0 -57.111481,-13.902481,0 -57.111722,-13.902462,0 -57.111944,-13.902444,0 -57.112185,-13.902426,0 -57.112407,-13.902390,0 -57.112647,-13.902372,0 -57.112869,-13.902353,0 -57.113110,-13.902317,0 -57.113332,-13.902299,0 -57.113573,-13.902281,0 -57.113795,-13.902244,0 -57.114017,-13.902226,0 -57.114258,-13.902208,0 -57.114480,-13.902190,0 -57.114721,-13.902154,0 -57.114943,-13.902135,0 -57.115183,-13.902117,0 -57.115406,-13.902081,0 -57.115646,-13.902063,0 -57.115868,-13.902045,0 -57.116109,-13.902008,0 -57.116331,-13.901990,0 -57.116572,-13.901972,0 -57.116794,-13.901954,0 -57.117035,-13.901917,0 -57.117257,-13.901899,0 -57.117497,-13.901881,0 -57.117719,-13.901845,0 -57.117960,-13.901826,0 -57.118182,-13.901808,0 -57.118423,-13.901790,0 -57.118645,-13.901754,0 -57.118886,-13.901736,0 -57.119108,-13.901717,0 -57.119348,-13.901681,0 -57.119571,-13.901663,0 -57.119793,-13.901645,0 -57.120033,-13.901608,0 -57.120255,-13.901590,0 -57.120496,-13.901572,0 -57.120718,-13.901554,0 -57.120959,-13.901518,0 -57.121181,-13.901499,0 -57.121422,-13.901481,0 -57.121644,-13.901445,0 -57.121884,-13.901427,0 -57.122107,-13.901409,0 -57.122347,-13.901390,0 -57.122569,-13.901354,0 -57.122810,-13.901336,0 -57.123032,-13.901318,0 -57.123273,-13.901281,0 -57.123495,-13.901263,0 -57.123736,-13.901245,0 -57.123958,-13.901209,0 -57.124198,-13.901190,0 -57.124198,-13.900955,0 -57.124180,-13.900738,0 -57.124180,-13.900503,0 -57.124179,-13.900286,0 -57.124179,-13.900051,0 -57.124179,-13.899816,0 -57.124179,-13.899599,0 -57.124179,-13.899364,0 -57.124179,-13.899129,0 -57.124179,-13.898912,0 -57.124179,-13.898677,0 -57.124178,-13.898442,0 -57.124178,-13.898225,0 -57.124178,-13.897990,0 -57.124178,-13.897773,0 -57.124178,-13.897537,0 -57.124178,-13.897302,0 -57.124178,-13.897085,0 -57.124178,-13.896850,0 -57.124177,-13.896615,0 -57.124159,-13.896398,0 -57.124159,-13.896163,0 -57.124159,-13.895928,0 -57.124158,-13.895711,0 -57.124158,-13.895476,0 -57.124158,-13.895241,0 -57.124158,-13.895024,0 -57.124158,-13.894789,0 -57.124158,-13.894572,0 -57.124158,-13.894337,0 -57.124158,-13.894102,0 -57.124157,-13.893884,0 -57.124157,-13.893649,0 -57.124157,-13.893414,0 -57.124157,-13.893197,0 -57.124157,-13.892962,0 -57.124157,-13.892727,0 -57.124157,-13.892510,0 -57.124157,-13.892275,0 -57.124138,-13.892058,0 -57.124138,-13.891823,0 -57.124138,-13.891588,0 -57.124138,-13.891371,0 -57.124137,-13.891136,0 -57.124137,-13.890901,0 -57.124137,-13.890684,0 -57.124137,-13.890449,0 -57.124137,-13.890213,0 -57.123915,-13.890159,0 -57.123693,-13.890105,0 -57.123452,-13.890051,0 -57.123230,-13.889997,0 -57.123008,-13.889943,0 -57.122785,-13.889871,0 -57.122563,-13.889816,0 -57.122323,-13.889762,0 -57.122100,-13.889708,0 -57.121878,-13.889654,0 -57.121656,-13.889600,0 -57.121434,-13.889546,0 -57.121193,-13.889473,0 -57.120971,-13.889419,0 -57.120749,-13.889365,0 -57.120527,-13.889311,0 -57.120305,-13.889257,0 -57.120064,-13.889203,0 -57.119842,-13.889149,0 -57.119620,-13.889076,0 -57.119397,-13.889022,0 -57.119175,-13.888968,0 -57.118935,-13.888914,0 -57.118712,-13.888860,0 -57.118490,-13.888806,0 -57.118268,-13.888752,0 -57.118046,-13.888679,0 -57.117805,-13.888625,0 -57.117583,-13.888571,0 -57.117361,-13.888517,0</coordinates></LineString></Placemark>
<Placemark><name>T-18 - 6,31 km</name><description>Maxima 6307 m | Minima 3762 m | Reta 1241 m | 265.83 ha</description><styleUrl>#rota</styleUrl><LineString><tessellate>1</tessellate><coordinates>-57.099445,-13.894963,0 -57.099556,-13.894728,0 -57.099648,-13.894493,0 -57.099741,-13.894275,0 -57.099852,-13.893986,0 -57.099963,-13.893715,0 -57.100148,-13.893877,0 -57.100315,-13.894040,0 -57.100500,-13.894203,0 -57.100685,-13.894384,0 -57.100870,-13.894546,0 -57.101055,-13.894709,0 -57.101241,-13.894872,0 -57.101426,-13.895052,0 -57.101592,-13.895215,0 -57.101778,-13.895378,0 -57.101944,-13.895577,0 -57.102129,-13.895775,0 -57.102296,-13.895920,0 -57.102481,-13.896083,0 -57.102648,-13.896227,0 -57.102815,-13.896390,0 -57.103000,-13.896535,0 -57.103167,-13.896697,0 -57.103352,-13.896842,0 -57.103518,-13.897005,0 -57.103685,-13.897149,0 -57.103870,-13.897312,0 -57.104037,-13.897456,0 -57.104222,-13.897619,0 -57.104389,-13.897764,0 -57.104555,-13.897908,0 -57.104741,-13.898089,0 -57.104926,-13.898252,0 -57.105111,-13.898414,0 -57.105278,-13.898577,0 -57.105463,-13.898740,0 -57.105648,-13.898921,0 -57.105815,-13.899083,0 -57.106000,-13.899246,0 -57.106185,-13.899409,0 -57.106370,-13.899571,0 -57.106537,-13.899734,0 -57.106704,-13.899897,0 -57.106889,-13.900041,0 -57.107056,-13.900204,0 -57.107241,-13.900349,0 -57.107408,-13.900511,0 -57.107574,-13.900674,0 -57.107759,-13.900819,0 -57.107926,-13.900981,0 -57.108093,-13.901126,0 -57.108278,-13.901288,0 -57.108648,-13.901035,0 -57.108463,-13.900872,0 -57.108296,-13.900710,0 -57.108111,-13.900547,0 -57.107944,-13.900402,0 -57.107759,-13.900240,0 -57.107592,-13.900077,0 -57.107407,-13.899914,0 -57.107241,-13.899752,0 -57.107055,-13.899607,0 -57.106889,-13.899444,0 -57.106703,-13.899282,0 -57.106537,-13.899119,0 -57.106370,-13.898956,0 -57.106185,-13.898812,0 -57.106018,-13.898649,0 -57.105833,-13.898486,0 -57.105666,-13.898324,0 -57.105481,-13.898161,0 -57.105315,-13.898017,0 -57.105129,-13.897854,0 -57.104963,-13.897691,0 -57.104777,-13.897528,0 -57.104611,-13.897366,0 -57.104426,-13.897221,0 -57.104259,-13.897059,0 -57.104074,-13.896896,0 -57.103907,-13.896733,0 -57.103722,-13.896570,0 -57.103555,-13.896426,0 -57.103388,-13.896263,0 -57.103222,-13.896101,0 -57.103055,-13.895938,0 -57.102888,-13.895793,0 -57.102722,-13.895631,0 -57.102555,-13.895468,0 -57.102370,-13.895305,0 -57.102203,-13.895161,0 -57.102037,-13.894998,0 -57.101870,-13.894835,0 -57.101703,-13.894691,0 -57.101537,-13.894528,0 -57.101370,-13.894365,0 -57.101203,-13.894203,0 -57.101018,-13.894058,0 -57.100851,-13.893913,0 -57.100666,-13.893751,0 -57.100481,-13.893606,0 -57.100314,-13.893461,0 -57.100129,-13.893317,0 -57.100333,-13.892973,0 -57.100481,-13.892738,0 -57.100573,-13.892593,0 -57.100703,-13.892412,0 -57.100832,-13.892213,0 -57.100980,-13.892033,0 -57.101110,-13.891852,0 -57.101239,-13.891653,0 -57.101369,-13.891472,0 -57.101498,-13.891273,0 -57.101628,-13.891092,0 -57.101757,-13.890911,0 -57.101887,-13.890712,0 -57.102016,-13.890531,0 -57.102146,-13.890350,0 -57.102275,-13.890151,0 -57.102405,-13.889970,0 -57.102534,-13.889789,0 -57.102664,-13.889590,0 -57.102793,-13.889410,0 -57.102923,-13.889229,0 -57.103052,-13.889030,0 -57.103182,-13.888849,0 -57.103311,-13.888668,0 -57.103441,-13.888469,0 -57.103570,-13.888288,0 -57.103700,-13.888107,0 -57.103829,-13.887908,0 -57.103959,-13.887727,0 -57.104107,-13.887546,0 -57.104236,-13.887347,0 -57.104366,-13.887166,0 -57.104495,-13.886967,0 -57.104625,-13.886787,0 -57.104754,-13.886606,0 -57.104884,-13.886389,0 -57.105013,-13.886153,0 -57.105142,-13.885936,0 -57.105253,-13.885719,0 -57.105383,-13.885502,0 -57.105457,-13.885285,0 -57.105531,-13.885068,0 -57.105605,-13.884851,0 -57.105660,-13.884634,0 -57.105734,-13.884417,0 -57.105808,-13.884200,0 -57.105864,-13.883983,0 -57.105937,-13.883766,0 -57.106011,-13.883549,0 -57.106085,-13.883332,0 -57.106141,-13.883133,0 -57.106215,-13.882916,0 -57.106289,-13.882699,0 -57.106344,-13.882482,0 -57.106418,-13.882265,0 -57.106492,-13.882048,0 -57.106566,-13.881831,0 -57.106621,-13.881614,0 -57.106695,-13.881397,0 -57.106769,-13.881180,0 -57.106825,-13.880963,0 -57.106899,-13.880745,0 -57.106973,-13.880528,0 -57.107047,-13.880311,0 -57.107102,-13.880094,0 -57.107176,-13.879877,0 -57.107250,-13.879660,0 -57.107305,-13.879443,0 -57.107379,-13.879226,0 -57.107453,-13.879009,0 -57.107527,-13.878792,0 -57.107583,-13.878575,0 -57.107656,-13.878358,0 -57.107730,-13.878141,0 -57.107786,-13.877924,0 -57.107860,-13.877707,0 -57.107934,-13.877490,0 -57.108008,-13.877273,0 -57.108063,-13.877056,0 -57.108137,-13.876839,0 -57.108211,-13.876622,0 -57.108266,-13.876405,0 -57.108340,-13.876188,0 -57.108414,-13.875971,0 -57.108488,-13.875772,0 -57.108544,-13.875555,0 -57.108618,-13.875338,0 -57.108692,-13.875121,0 -57.108747,-13.874904,0 -57.108821,-13.874686,0 -57.108895,-13.874469,0 -57.108969,-13.874252,0 -57.109024,-13.874035,0 -57.109098,-13.873818,0 -57.109172,-13.873601,0 -57.109228,-13.873384,0 -57.109301,-13.873167,0 -57.109524,-13.873221,0 -57.109764,-13.873275,0 -57.109986,-13.873348,0 -57.110209,-13.873402,0 -57.110431,-13.873456,0 -57.110671,-13.873510,0 -57.110893,-13.873564,0 -57.111116,-13.873637,0 -57.111338,-13.873691,0 -57.111578,-13.873745,0 -57.111801,-13.873799,0 -57.112023,-13.873871,0 -57.112245,-13.873925,0 -57.112486,-13.873980,0 -57.112708,-13.874034,0 -57.112930,-13.874088,0 -57.113152,-13.874160,0 -57.113374,-13.874214,0 -57.113615,-13.874268,0 -57.113837,-13.874322,0 -57.114059,-13.874395,0 -57.114281,-13.874449,0 -57.114522,-13.874503,0 -57.114744,-13.874557,0 -57.114966,-13.874611,0 -57.115188,-13.874684,0 -57.115429,-13.874738,0 -57.115651,-13.874792,0 -57.115873,-13.874846,0 -57.116095,-13.874918,0 -57.116336,-13.874972,0 -57.116558,-13.875026,0 -57.116780,-13.875081,0 -57.117003,-13.875135,0 -57.117243,-13.875207,0 -57.117465,-13.875261,0 -57.117688,-13.875315,0 -57.117910,-13.875369,0 -57.118150,-13.875442,0 -57.118373,-13.875496,0 -57.118595,-13.875550,0 -57.118817,-13.875604,0 -57.119039,-13.875658,0 -57.119280,-13.875730,0</coordinates></LineString></Placemark>
<Placemark><name>T-19 - 7,55 km</name><description>Maxima 7549 m | Minima 5191 m | Reta 2643 m | 207.35 ha</description><styleUrl>#rota</styleUrl><LineString><tessellate>1</tessellate><coordinates>-57.099445,-13.894963,0 -57.099556,-13.894728,0 -57.099648,-13.894493,0 -57.099741,-13.894275,0 -57.099852,-13.893986,0 -57.099963,-13.893715,0 -57.100148,-13.893877,0 -57.100315,-13.894040,0 -57.100500,-13.894203,0 -57.100685,-13.894384,0 -57.100870,-13.894546,0 -57.101055,-13.894709,0 -57.101241,-13.894872,0 -57.101426,-13.895052,0 -57.101592,-13.895215,0 -57.101778,-13.895378,0 -57.101944,-13.895577,0 -57.102129,-13.895775,0 -57.102296,-13.895920,0 -57.102481,-13.896083,0 -57.102648,-13.896227,0 -57.102815,-13.896390,0 -57.103000,-13.896535,0 -57.103167,-13.896697,0 -57.103352,-13.896842,0 -57.103518,-13.897005,0 -57.103685,-13.897149,0 -57.103870,-13.897312,0 -57.104037,-13.897456,0 -57.104222,-13.897619,0 -57.104389,-13.897764,0 -57.104555,-13.897908,0 -57.104741,-13.898089,0 -57.104926,-13.898252,0 -57.105111,-13.898414,0 -57.105278,-13.898577,0 -57.105463,-13.898740,0 -57.105648,-13.898921,0 -57.105815,-13.899083,0 -57.106000,-13.899246,0 -57.106185,-13.899409,0 -57.106370,-13.899571,0 -57.106537,-13.899734,0 -57.106704,-13.899897,0 -57.106889,-13.900041,0 -57.107056,-13.900204,0 -57.107241,-13.900349,0 -57.107408,-13.900511,0 -57.107574,-13.900674,0 -57.107759,-13.900819,0 -57.107926,-13.900981,0 -57.108093,-13.901126,0 -57.108278,-13.901288,0 -57.108648,-13.901035,0 -57.108463,-13.900872,0 -57.108296,-13.900710,0 -57.108111,-13.900547,0 -57.107944,-13.900402,0 -57.107759,-13.900240,0 -57.107592,-13.900077,0 -57.107407,-13.899914,0 -57.107241,-13.899752,0 -57.107055,-13.899607,0 -57.106889,-13.899444,0 -57.106703,-13.899282,0 -57.106537,-13.899119,0 -57.106370,-13.898956,0 -57.106185,-13.898812,0 -57.106018,-13.898649,0 -57.105833,-13.898486,0 -57.105666,-13.898324,0 -57.105481,-13.898161,0 -57.105315,-13.898017,0 -57.105129,-13.897854,0 -57.104963,-13.897691,0 -57.104777,-13.897528,0 -57.104611,-13.897366,0 -57.104426,-13.897221,0 -57.104259,-13.897059,0 -57.104074,-13.896896,0 -57.103907,-13.896733,0 -57.103722,-13.896570,0 -57.103555,-13.896426,0 -57.103388,-13.896263,0 -57.103222,-13.896101,0 -57.103055,-13.895938,0 -57.102888,-13.895793,0 -57.102722,-13.895631,0 -57.102555,-13.895468,0 -57.102370,-13.895305,0 -57.102203,-13.895161,0 -57.102037,-13.894998,0 -57.101870,-13.894835,0 -57.101703,-13.894691,0 -57.101537,-13.894528,0 -57.101370,-13.894365,0 -57.101203,-13.894203,0 -57.101018,-13.894058,0 -57.100851,-13.893913,0 -57.100666,-13.893751,0 -57.100481,-13.893606,0 -57.100314,-13.893461,0 -57.100129,-13.893317,0 -57.100333,-13.892973,0 -57.100481,-13.892738,0 -57.100573,-13.892593,0 -57.100703,-13.892412,0 -57.100832,-13.892213,0 -57.100980,-13.892033,0 -57.101110,-13.891852,0 -57.101239,-13.891653,0 -57.101369,-13.891472,0 -57.101498,-13.891273,0 -57.101628,-13.891092,0 -57.101757,-13.890911,0 -57.101887,-13.890712,0 -57.102016,-13.890531,0 -57.102146,-13.890350,0 -57.102275,-13.890151,0 -57.102405,-13.889970,0 -57.102534,-13.889789,0 -57.102664,-13.889590,0 -57.102793,-13.889410,0 -57.102923,-13.889229,0 -57.103052,-13.889030,0 -57.103182,-13.888849,0 -57.103311,-13.888668,0 -57.103441,-13.888469,0 -57.103570,-13.888288,0 -57.103700,-13.888107,0 -57.103829,-13.887908,0 -57.103959,-13.887727,0 -57.104107,-13.887546,0 -57.104236,-13.887347,0 -57.104366,-13.887166,0 -57.104495,-13.886967,0 -57.104625,-13.886787,0 -57.104754,-13.886606,0 -57.104884,-13.886389,0 -57.105013,-13.886153,0 -57.105142,-13.885936,0 -57.105253,-13.885719,0 -57.105383,-13.885502,0 -57.105457,-13.885285,0 -57.105531,-13.885068,0 -57.105605,-13.884851,0 -57.105660,-13.884634,0 -57.105734,-13.884417,0 -57.105808,-13.884200,0 -57.105864,-13.883983,0 -57.105937,-13.883766,0 -57.106011,-13.883549,0 -57.106085,-13.883332,0 -57.106141,-13.883133,0 -57.106215,-13.882916,0 -57.106289,-13.882699,0 -57.106344,-13.882482,0 -57.106418,-13.882265,0 -57.106492,-13.882048,0 -57.106566,-13.881831,0 -57.106621,-13.881614,0 -57.106695,-13.881397,0 -57.106769,-13.881180,0 -57.106825,-13.880963,0 -57.106899,-13.880745,0 -57.106973,-13.880528,0 -57.107047,-13.880311,0 -57.107102,-13.880094,0 -57.107176,-13.879877,0 -57.107250,-13.879660,0 -57.107305,-13.879443,0 -57.107379,-13.879226,0 -57.107453,-13.879009,0 -57.107527,-13.878792,0 -57.107583,-13.878575,0 -57.107656,-13.878358,0 -57.107730,-13.878141,0 -57.107786,-13.877924,0 -57.107860,-13.877707,0 -57.107934,-13.877490,0 -57.108008,-13.877273,0 -57.108063,-13.877056,0 -57.108137,-13.876839,0 -57.108211,-13.876622,0 -57.108266,-13.876405,0 -57.108340,-13.876188,0 -57.108414,-13.875971,0 -57.108488,-13.875772,0 -57.108544,-13.875555,0 -57.108618,-13.875338,0 -57.108692,-13.875121,0 -57.108747,-13.874904,0 -57.108821,-13.874686,0 -57.108895,-13.874469,0 -57.108969,-13.874252,0 -57.109024,-13.874035,0 -57.109098,-13.873818,0 -57.109172,-13.873601,0 -57.109228,-13.873384,0 -57.109301,-13.873167,0 -57.109375,-13.872950,0 -57.109431,-13.872733,0 -57.109505,-13.872516,0 -57.109579,-13.872299,0 -57.109634,-13.872082,0 -57.109708,-13.871865,0 -57.109782,-13.871648,0 -57.109837,-13.871431,0 -57.109911,-13.871214,0 -57.109985,-13.870997,0 -57.110041,-13.870780,0 -57.110115,-13.870563,0 -57.110189,-13.870346,0 -57.110244,-13.870129,0 -57.110318,-13.869912,0 -57.110392,-13.869695,0 -57.110447,-13.869496,0 -57.110521,-13.869279,0 -57.110595,-13.869061,0 -57.110651,-13.868844,0 -57.110725,-13.868627,0 -57.110799,-13.868410,0 -57.110854,-13.868193,0 -57.110928,-13.867976,0 -57.111002,-13.867759,0 -57.111057,-13.867542,0 -57.111131,-13.867325,0 -57.111205,-13.867108,0 -57.111261,-13.866891,0 -57.111334,-13.866674,0 -57.111408,-13.866457,0 -57.111464,-13.866240,0 -57.111538,-13.866023,0 -57.111612,-13.865806,0 -57.111667,-13.865589,0 -57.111741,-13.865372,0 -57.111815,-13.865155,0 -57.111870,-13.864938,0 -57.111944,-13.864721,0 -57.112018,-13.864504,0 -57.112074,-13.864287,0 -57.112148,-13.864070,0 -57.112222,-13.863853,0 -57.112277,-13.863654,0 -57.112351,-13.863437,0 -57.112425,-13.863219,0 -57.112480,-13.863002,0 -57.112554,-13.862785,0 -57.112628,-13.862568,0 -57.112684,-13.862351,0 -57.112757,-13.862134,0 -57.112831,-13.861917,0 -57.112887,-13.861700,0 -57.112961,-13.861483,0 -57.113035,-13.861266,0 -57.113090,-13.861049,0 -57.113386,-13.861031,0 -57.113645,-13.861067,0 -57.113923,-13.861121,0 -57.114201,-13.861175,0 -57.114460,-13.861211,0 -57.114775,-13.861265,0 -57.115071,-13.861319,0 -57.115330,-13.861283,0 -57.115607,-13.861265,0 -57.115904,-13.861229,0 -57.116218,-13.861265,0 -57.116496,-13.861319,0 -57.116774,-13.861355,0 -57.117033,-13.861409,0 -57.117292,-13.861463,0 -57.117570,-13.861517,0 -57.117829,-13.861571,0 -57.118106,-13.861625,0 -57.118329,-13.861698,0 -57.118569,-13.861770,0 -57.118810,-13.861860,0 -57.119050,-13.861932,0 -57.119365,-13.862005,0 -57.119624,-13.862059,0 -57.119883,-13.862113,0 -57.120143,-13.862149,0 -57.120402,-13.862185,0 -57.120661,-13.862221,0 -57.120939,-13.862257,0 -57.121216,-13.862257,0 -57.121512,-13.862275,0 -57.121772,-13.862311,0</coordinates></LineString></Placemark>
<Placemark><name>T-20 - 8,38 km</name><description>Maxima 8379 m | Minima 3762 m | Reta 1215 m | 240.55 ha</description><styleUrl>#rota</styleUrl><LineString><tessellate>1</tessellate><coordinates>-57.099445,-13.894963,0 -57.099556,-13.894728,0 -57.099648,-13.894493,0 -57.099741,-13.894275,0 -57.099852,-13.893986,0 -57.099963,-13.893715,0 -57.100148,-13.893877,0 -57.100315,-13.894040,0 -57.100500,-13.894203,0 -57.100685,-13.894384,0 -57.100870,-13.894546,0 -57.101055,-13.894709,0 -57.101241,-13.894872,0 -57.101426,-13.895052,0 -57.101592,-13.895215,0 -57.101778,-13.895378,0 -57.101944,-13.895577,0 -57.102129,-13.895775,0 -57.102296,-13.895920,0 -57.102481,-13.896083,0 -57.102648,-13.896227,0 -57.102815,-13.896390,0 -57.103000,-13.896535,0 -57.103167,-13.896697,0 -57.103352,-13.896842,0 -57.103518,-13.897005,0 -57.103685,-13.897149,0 -57.103870,-13.897312,0 -57.104037,-13.897456,0 -57.104222,-13.897619,0 -57.104389,-13.897764,0 -57.104555,-13.897908,0 -57.104741,-13.898089,0 -57.104926,-13.898252,0 -57.105111,-13.898414,0 -57.105278,-13.898577,0 -57.105463,-13.898740,0 -57.105648,-13.898921,0 -57.105815,-13.899083,0 -57.106000,-13.899246,0 -57.106185,-13.899409,0 -57.106370,-13.899571,0 -57.106537,-13.899734,0 -57.106704,-13.899897,0 -57.106889,-13.900041,0 -57.107056,-13.900204,0 -57.107241,-13.900349,0 -57.107408,-13.900511,0 -57.107574,-13.900674,0 -57.107759,-13.900819,0 -57.107926,-13.900981,0 -57.108093,-13.901126,0 -57.108278,-13.901288,0 -57.108648,-13.901035,0 -57.108463,-13.900872,0 -57.108296,-13.900710,0 -57.108111,-13.900547,0 -57.107944,-13.900402,0 -57.107759,-13.900240,0 -57.107592,-13.900077,0 -57.107407,-13.899914,0 -57.107241,-13.899752,0 -57.107055,-13.899607,0 -57.106889,-13.899444,0 -57.106703,-13.899282,0 -57.106537,-13.899119,0 -57.106370,-13.898956,0 -57.106185,-13.898812,0 -57.106018,-13.898649,0 -57.105833,-13.898486,0 -57.105666,-13.898324,0 -57.105481,-13.898161,0 -57.105315,-13.898017,0 -57.105129,-13.897854,0 -57.104963,-13.897691,0 -57.104777,-13.897528,0 -57.104611,-13.897366,0 -57.104426,-13.897221,0 -57.104259,-13.897059,0 -57.104074,-13.896896,0 -57.103907,-13.896733,0 -57.103722,-13.896570,0 -57.103555,-13.896426,0 -57.103388,-13.896263,0 -57.103222,-13.896101,0 -57.103055,-13.895938,0 -57.102888,-13.895793,0 -57.102722,-13.895631,0 -57.102555,-13.895468,0 -57.102370,-13.895305,0 -57.102203,-13.895161,0 -57.102037,-13.894998,0 -57.101870,-13.894835,0 -57.101703,-13.894691,0 -57.101537,-13.894528,0 -57.101370,-13.894365,0 -57.101203,-13.894203,0 -57.101018,-13.894058,0 -57.100851,-13.893913,0 -57.100666,-13.893751,0 -57.100481,-13.893606,0 -57.100314,-13.893461,0 -57.100129,-13.893317,0 -57.100333,-13.892973,0 -57.100481,-13.892738,0 -57.100573,-13.892593,0 -57.100703,-13.892412,0 -57.100832,-13.892213,0 -57.100980,-13.892033,0 -57.101110,-13.891852,0 -57.101239,-13.891653,0 -57.101369,-13.891472,0 -57.101498,-13.891273,0 -57.101628,-13.891092,0 -57.101757,-13.890911,0 -57.101887,-13.890712,0 -57.102016,-13.890531,0 -57.102146,-13.890350,0 -57.102275,-13.890151,0 -57.102405,-13.889970,0 -57.102534,-13.889789,0 -57.102664,-13.889590,0 -57.102793,-13.889410,0 -57.102923,-13.889229,0 -57.103052,-13.889030,0 -57.103182,-13.888849,0 -57.103311,-13.888668,0 -57.103441,-13.888469,0 -57.103570,-13.888288,0 -57.103700,-13.888107,0 -57.103829,-13.887908,0 -57.103959,-13.887727,0 -57.104107,-13.887546,0 -57.104236,-13.887347,0 -57.104366,-13.887166,0 -57.104495,-13.886967,0 -57.104625,-13.886787,0 -57.104754,-13.886606,0 -57.104884,-13.886389,0 -57.105013,-13.886153,0 -57.105142,-13.885936,0 -57.105253,-13.885719,0 -57.105383,-13.885502,0 -57.105457,-13.885285,0 -57.105531,-13.885068,0 -57.105605,-13.884851,0 -57.105660,-13.884634,0 -57.105734,-13.884417,0 -57.105808,-13.884200,0 -57.105864,-13.883983,0 -57.105937,-13.883766,0 -57.106011,-13.883549,0 -57.106085,-13.883332,0 -57.106141,-13.883133,0 -57.106215,-13.882916,0 -57.106289,-13.882699,0 -57.106344,-13.882482,0 -57.106418,-13.882265,0 -57.106492,-13.882048,0 -57.106566,-13.881831,0 -57.106621,-13.881614,0 -57.106695,-13.881397,0 -57.106769,-13.881180,0 -57.106825,-13.880963,0 -57.106899,-13.880745,0 -57.106973,-13.880528,0 -57.107047,-13.880311,0 -57.107102,-13.880094,0 -57.107176,-13.879877,0 -57.107250,-13.879660,0 -57.107305,-13.879443,0 -57.107379,-13.879226,0 -57.107453,-13.879009,0 -57.107527,-13.878792,0 -57.107583,-13.878575,0 -57.107656,-13.878358,0 -57.107730,-13.878141,0 -57.107786,-13.877924,0 -57.107860,-13.877707,0 -57.107934,-13.877490,0 -57.108008,-13.877273,0 -57.108063,-13.877056,0 -57.108137,-13.876839,0 -57.108211,-13.876622,0 -57.108266,-13.876405,0 -57.108340,-13.876188,0 -57.108414,-13.875971,0 -57.108488,-13.875772,0 -57.108544,-13.875555,0 -57.108618,-13.875338,0 -57.108692,-13.875121,0 -57.108747,-13.874904,0 -57.108821,-13.874686,0 -57.108895,-13.874469,0 -57.108969,-13.874252,0 -57.109024,-13.874035,0 -57.109098,-13.873818,0 -57.109172,-13.873601,0 -57.109228,-13.873384,0 -57.109301,-13.873167,0 -57.109375,-13.872950,0 -57.109431,-13.872733,0 -57.109505,-13.872516,0 -57.109579,-13.872299,0 -57.109634,-13.872082,0 -57.109708,-13.871865,0 -57.109782,-13.871648,0 -57.109837,-13.871431,0 -57.109911,-13.871214,0 -57.109985,-13.870997,0 -57.110041,-13.870780,0 -57.110115,-13.870563,0 -57.110189,-13.870346,0 -57.110244,-13.870129,0 -57.110318,-13.869912,0 -57.110392,-13.869695,0 -57.110447,-13.869496,0 -57.110521,-13.869279,0 -57.110595,-13.869061,0 -57.110651,-13.868844,0 -57.110725,-13.868627,0 -57.110799,-13.868410,0 -57.110854,-13.868193,0 -57.110928,-13.867976,0 -57.111002,-13.867759,0 -57.111057,-13.867542,0 -57.111131,-13.867325,0 -57.111205,-13.867108,0 -57.111261,-13.866891,0 -57.111334,-13.866674,0 -57.111408,-13.866457,0 -57.111464,-13.866240,0 -57.111538,-13.866023,0 -57.111612,-13.865806,0 -57.111667,-13.865589,0 -57.111741,-13.865372,0 -57.111815,-13.865155,0 -57.111870,-13.864938,0 -57.111944,-13.864721,0 -57.112018,-13.864504,0 -57.112074,-13.864287,0 -57.112148,-13.864070,0 -57.112222,-13.863853,0 -57.112277,-13.863654,0 -57.112351,-13.863437,0 -57.112425,-13.863219,0 -57.112480,-13.863002,0 -57.112554,-13.862785,0 -57.112628,-13.862568,0 -57.112684,-13.862351,0 -57.112757,-13.862134,0 -57.112831,-13.861917,0 -57.112887,-13.861700,0 -57.112961,-13.861483,0 -57.113035,-13.861266,0 -57.113090,-13.861049,0 -57.112961,-13.861013,0 -57.112683,-13.860977,0 -57.112424,-13.860923,0 -57.112165,-13.860869,0 -57.111905,-13.860851,0 -57.111572,-13.860833,0 -57.111239,-13.860797,0 -57.110943,-13.860779,0 -57.110665,-13.860761,0 -57.110369,-13.860725,0 -57.110129,-13.860743,0 -57.109888,-13.860743,0 -57.109629,-13.860761,0 -57.109388,-13.860761,0 -57.109148,-13.860762,0 -57.108888,-13.860780,0 -57.108648,-13.860780,0 -57.108463,-13.860816,0 -57.108148,-13.860852,0 -57.107834,-13.860979,0 -57.107741,-13.861124,0 -57.107593,-13.861341,0 -57.107445,-13.861540,0 -57.107316,-13.861757,0 -57.107168,-13.861974,0 -57.107020,-13.862282,0 -57.106835,-13.862499,0 -57.106650,-13.862698,0 -57.106483,-13.862915,0 -57.106298,-13.863114,0 -57.106113,-13.863313,0 -57.105928,-13.863512,0 -57.105743,-13.863729,0 -57.105577,-13.863892,0 -57.105410,-13.864073,0 -57.105244,-13.864253,0 -57.105077,-13.864434,0 -57.104911,-13.864615,0 -57.104744,-13.864796,0 -57.104578,-13.864977,0 -57.104411,-13.865158,0 -57.104226,-13.865321,0 -57.104060,-13.865502,0 -57.103986,-13.865737,0 -57.103893,-13.865954,0 -57.103838,-13.866207,0 -57.103764,-13.866442,0 -57.103709,-13.866677,0 -57.103635,-13.866931,0 -57.103616,-13.867184,0 -57.103579,-13.867437,0 -57.103542,-13.867690,0 -57.103524,-13.867943,0 -57.103487,-13.868197,0 -57.103469,-13.868450,0 -57.103432,-13.868703,0 -57.103376,-13.868956,0 -57.103339,-13.869227,0 -57.103284,-13.869499,0 -57.103247,-13.869752,0 -57.103210,-13.870023,0 -57.103192,-13.870258,0 -57.103173,-13.870493,0</coordinates></LineString></Placemark>
<Placemark><name>T-21 - 5,24 km</name><description>Maxima 5242 m | Minima 2743 m | Reta 218 m | 135.82 ha</description><styleUrl>#rota</styleUrl><LineString><tessellate>1</tessellate><coordinates>-57.099445,-13.894963,0 -57.099556,-13.894728,0 -57.099648,-13.894493,0 -57.099741,-13.894275,0 -57.099852,-13.893986,0 -57.099963,-13.893715,0 -57.100148,-13.893877,0 -57.100315,-13.894040,0 -57.100500,-13.894203,0 -57.100685,-13.894384,0 -57.100870,-13.894546,0 -57.101055,-13.894709,0 -57.101241,-13.894872,0 -57.101426,-13.895052,0 -57.101592,-13.895215,0 -57.101778,-13.895378,0 -57.101944,-13.895577,0 -57.102129,-13.895775,0 -57.102296,-13.895920,0 -57.102481,-13.896083,0 -57.102648,-13.896227,0 -57.102815,-13.896390,0 -57.103000,-13.896535,0 -57.103167,-13.896697,0 -57.103352,-13.896842,0 -57.103518,-13.897005,0 -57.103685,-13.897149,0 -57.103870,-13.897312,0 -57.104037,-13.897456,0 -57.104222,-13.897619,0 -57.104389,-13.897764,0 -57.104555,-13.897908,0 -57.104741,-13.898089,0 -57.104926,-13.898252,0 -57.105111,-13.898414,0 -57.105278,-13.898577,0 -57.105463,-13.898740,0 -57.105648,-13.898921,0 -57.105815,-13.899083,0 -57.106000,-13.899246,0 -57.106185,-13.899409,0 -57.106370,-13.899571,0 -57.106537,-13.899734,0 -57.106704,-13.899897,0 -57.106889,-13.900041,0 -57.107056,-13.900204,0 -57.107241,-13.900349,0 -57.107408,-13.900511,0 -57.107574,-13.900674,0 -57.107759,-13.900819,0 -57.107926,-13.900981,0 -57.108093,-13.901126,0 -57.108278,-13.901288,0 -57.108648,-13.901035,0 -57.108463,-13.900872,0 -57.108296,-13.900710,0 -57.108111,-13.900547,0 -57.107944,-13.900402,0 -57.107759,-13.900240,0 -57.107592,-13.900077,0 -57.107407,-13.899914,0 -57.107241,-13.899752,0 -57.107055,-13.899607,0 -57.106889,-13.899444,0 -57.106703,-13.899282,0 -57.106537,-13.899119,0 -57.106370,-13.898956,0 -57.106185,-13.898812,0 -57.106018,-13.898649,0 -57.105833,-13.898486,0 -57.105666,-13.898324,0 -57.105481,-13.898161,0 -57.105315,-13.898017,0 -57.105129,-13.897854,0 -57.104963,-13.897691,0 -57.104777,-13.897528,0 -57.104611,-13.897366,0 -57.104426,-13.897221,0 -57.104259,-13.897059,0 -57.104074,-13.896896,0 -57.103907,-13.896733,0 -57.103722,-13.896570,0 -57.103555,-13.896426,0 -57.103388,-13.896263,0 -57.103222,-13.896101,0 -57.103055,-13.895938,0 -57.102888,-13.895793,0 -57.102722,-13.895631,0 -57.102555,-13.895468,0 -57.102370,-13.895305,0 -57.102203,-13.895161,0 -57.102037,-13.894998,0 -57.101870,-13.894835,0 -57.101703,-13.894691,0 -57.101537,-13.894528,0 -57.101370,-13.894365,0 -57.101203,-13.894203,0 -57.101018,-13.894058,0 -57.100851,-13.893913,0 -57.100666,-13.893751,0 -57.100481,-13.893606,0 -57.100314,-13.893461,0 -57.100129,-13.893317,0 -57.100333,-13.892973,0 -57.100481,-13.892738,0 -57.100573,-13.892593,0 -57.100703,-13.892412,0 -57.100832,-13.892213,0 -57.100980,-13.892033,0 -57.101110,-13.891852,0 -57.101239,-13.891653,0 -57.101369,-13.891472,0 -57.101498,-13.891273,0 -57.101628,-13.891092,0 -57.101757,-13.890911,0 -57.101887,-13.890712,0 -57.102016,-13.890531,0 -57.102146,-13.890350,0 -57.102275,-13.890151,0 -57.102405,-13.889970,0 -57.102534,-13.889789,0 -57.102664,-13.889590,0 -57.102793,-13.889410,0 -57.102923,-13.889229,0 -57.103052,-13.889030,0 -57.103182,-13.888849,0 -57.103311,-13.888668,0 -57.103441,-13.888469,0 -57.103570,-13.888288,0 -57.103700,-13.888107,0 -57.103829,-13.887908,0 -57.103959,-13.887727,0 -57.104107,-13.887546,0 -57.104236,-13.887347,0 -57.104366,-13.887166,0 -57.104495,-13.886967,0 -57.104625,-13.886787,0 -57.104736,-13.886588,0 -57.104846,-13.886371,0 -57.104957,-13.886172,0 -57.105050,-13.885955,0 -57.105161,-13.885756,0 -57.105272,-13.885557,0 -57.105068,-13.885466,0 -57.104846,-13.885376,0 -57.104624,-13.885304,0 -57.104402,-13.885213,0 -57.104198,-13.885123,0 -57.103976,-13.885051,0 -57.103754,-13.884960,0 -57.103532,-13.884888,0 -57.103309,-13.884798,0 -57.103106,-13.884708,0 -57.102884,-13.884635,0 -57.102661,-13.884545,0 -57.102439,-13.884473,0 -57.102236,-13.884382,0 -57.102013,-13.884292,0 -57.101791,-13.884220,0 -57.101569,-13.884130,0 -57.101365,-13.884039,0 -57.101143,-13.883967,0 -57.100921,-13.883877,0 -57.100699,-13.883804,0 -57.100477,-13.883714,0 -57.100273,-13.883624,0 -57.100051,-13.883551,0 -57.099829,-13.883461,0 -57.099607,-13.883371,0 -57.099403,-13.883299,0 -57.099181,-13.883208,0 -57.098959,-13.883136,0 -57.098736,-13.883046,0 -57.098533,-13.882955,0 -57.098311,-13.882883,0 -57.098088,-13.882793,0 -57.097866,-13.882702,0 -57.097644,-13.882630,0 -57.097440,-13.882540,0 -57.097218,-13.882468,0 -57.096996,-13.882377,0 -57.096774,-13.882287,0 -57.096570,-13.882215,0 -57.096348,-13.882124,0 -57.096126,-13.882034,0 -57.095904,-13.881962,0 -57.095700,-13.881871,0 -57.095478,-13.881799,0 -57.095256,-13.881709,0 -57.095034,-13.881618,0 -57.094830,-13.881546,0 -57.094608,-13.881456,0 -57.094386,-13.881366,0 -57.094164,-13.881293,0 -57.094108,-13.881510,0 -57.094034,-13.881727,0 -57.093960,-13.881944,0 -57.093886,-13.882161,0 -57.093831,-13.882378,0 -57.093757,-13.882595,0 -57.093683,-13.882813,0 -57.093627,-13.883030,0</coordinates></LineString></Placemark>
<Placemark><name>T-22 - 7,12 km</name><description>Maxima 7120 m | Minima 4076 m | Reta 954 m | 268.29 ha</description><styleUrl>#rota</styleUrl><LineString><tessellate>1</tessellate><coordinates>-57.099445,-13.894963,0 -57.099556,-13.894728,0 -57.099648,-13.894493,0 -57.099741,-13.894275,0 -57.099852,-13.893986,0 -57.099963,-13.893715,0 -57.100148,-13.893877,0 -57.100315,-13.894040,0 -57.100500,-13.894203,0 -57.100685,-13.894384,0 -57.100870,-13.894546,0 -57.101055,-13.894709,0 -57.101241,-13.894872,0 -57.101426,-13.895052,0 -57.101592,-13.895215,0 -57.101778,-13.895378,0 -57.101944,-13.895577,0 -57.102129,-13.895775,0 -57.102296,-13.895920,0 -57.102481,-13.896083,0 -57.102648,-13.896227,0 -57.102815,-13.896390,0 -57.103000,-13.896535,0 -57.103167,-13.896697,0 -57.103352,-13.896842,0 -57.103518,-13.897005,0 -57.103685,-13.897149,0 -57.103870,-13.897312,0 -57.104037,-13.897456,0 -57.104222,-13.897619,0 -57.104389,-13.897764,0 -57.104555,-13.897908,0 -57.104741,-13.898089,0 -57.104926,-13.898252,0 -57.105111,-13.898414,0 -57.105278,-13.898577,0 -57.105463,-13.898740,0 -57.105648,-13.898921,0 -57.105815,-13.899083,0 -57.106000,-13.899246,0 -57.106185,-13.899409,0 -57.106370,-13.899571,0 -57.106537,-13.899734,0 -57.106704,-13.899897,0 -57.106889,-13.900041,0 -57.107056,-13.900204,0 -57.107241,-13.900349,0 -57.107408,-13.900511,0 -57.107574,-13.900674,0 -57.107759,-13.900819,0 -57.107926,-13.900981,0 -57.108093,-13.901126,0 -57.108278,-13.901288,0 -57.108648,-13.901035,0 -57.108463,-13.900872,0 -57.108296,-13.900710,0 -57.108111,-13.900547,0 -57.107944,-13.900402,0 -57.107759,-13.900240,0 -57.107592,-13.900077,0 -57.107407,-13.899914,0 -57.107241,-13.899752,0 -57.107055,-13.899607,0 -57.106889,-13.899444,0 -57.106703,-13.899282,0 -57.106537,-13.899119,0 -57.106370,-13.898956,0 -57.106185,-13.898812,0 -57.106018,-13.898649,0 -57.105833,-13.898486,0 -57.105666,-13.898324,0 -57.105481,-13.898161,0 -57.105315,-13.898017,0 -57.105129,-13.897854,0 -57.104963,-13.897691,0 -57.104777,-13.897528,0 -57.104611,-13.897366,0 -57.104426,-13.897221,0 -57.104259,-13.897059,0 -57.104074,-13.896896,0 -57.103907,-13.896733,0 -57.103722,-13.896570,0 -57.103555,-13.896426,0 -57.103388,-13.896263,0 -57.103222,-13.896101,0 -57.103055,-13.895938,0 -57.102888,-13.895793,0 -57.102722,-13.895631,0 -57.102555,-13.895468,0 -57.102370,-13.895305,0 -57.102203,-13.895161,0 -57.102037,-13.894998,0 -57.101870,-13.894835,0 -57.101703,-13.894691,0 -57.101537,-13.894528,0 -57.101370,-13.894365,0 -57.101203,-13.894203,0 -57.101018,-13.894058,0 -57.100851,-13.893913,0 -57.100666,-13.893751,0 -57.100481,-13.893606,0 -57.100314,-13.893461,0 -57.100129,-13.893317,0 -57.099944,-13.893100,0 -57.099722,-13.893010,0 -57.099500,-13.892919,0 -57.099277,-13.892829,0 -57.099037,-13.892739,0 -57.098815,-13.892648,0 -57.098592,-13.892558,0 -57.098370,-13.892468,0 -57.098130,-13.892377,0 -57.097907,-13.892287,0 -57.097685,-13.892197,0 -57.097463,-13.892106,0 -57.097222,-13.892016,0 -57.097000,-13.891926,0 -57.096778,-13.891835,0 -57.096482,-13.891962,0 -57.096389,-13.892179,0 -57.096315,-13.892396,0 -57.096241,-13.892613,0 -57.096167,-13.892830,0 -57.096075,-13.893047,0 -57.096001,-13.893264,0 -57.095927,-13.893463,0 -57.095853,-13.893680,0 -57.095761,-13.893897,0 -57.095687,-13.894114,0 -57.095613,-13.894331,0 -57.095539,-13.894548,0 -57.095446,-13.894765,0 -57.095224,-13.894693,0 -57.095002,-13.894621,0 -57.094761,-13.894549,0 -57.094539,-13.894476,0 -57.094298,-13.894422,0 -57.094076,-13.894350,0 -57.093854,-13.894278,0 -57.093613,-13.894206,0 -57.093391,-13.894133,0 -57.093151,-13.894061,0 -57.092928,-13.893989,0 -57.092706,-13.893935,0 -57.092466,-13.893862,0 -57.092243,-13.893790,0 -57.092003,-13.893718,0 -57.091781,-13.893646,0 -57.091558,-13.893573,0 -57.091318,-13.893519,0 -57.091096,-13.893447,0 -57.090855,-13.893375,0 -57.090633,-13.893302,0 -57.090281,-13.893357,0 -57.090207,-13.893574,0 -57.090133,-13.893791,0 -57.090078,-13.894008,0 -57.090004,-13.894225,0 -57.089930,-13.894442,0 -57.089856,-13.894659,0 -57.089800,-13.894876,0 -57.089726,-13.895093,0 -57.089634,-13.895455,0 -57.089560,-13.895672,0 -57.089467,-13.895907,0 -57.089357,-13.896142,0 -57.089264,-13.896377,0 -57.089172,-13.896612,0 -57.088949,-13.896504,0 -57.088746,-13.896396,0 -57.088524,-13.896287,0 -57.088301,-13.896179,0 -57.088098,-13.896070,0 -57.087875,-13.895962,0 -57.087672,-13.895853,0 -57.087450,-13.895745,0 -57.087227,-13.895618,0 -57.087024,-13.895510,0 -57.086802,-13.895402,0 -57.086598,-13.895293,0 -57.086376,-13.895185,0 -57.086154,-13.895076,0 -57.085950,-13.894968,0 -57.085728,-13.894859,0 -57.085524,-13.894751,0 -57.085283,-13.894661,0 -57.085043,-13.894570,0 -57.084802,-13.894480,0 -57.084580,-13.894390,0 -57.084339,-13.894299,0 -57.084098,-13.894209,0 -57.083858,-13.894119,0 -57.083617,-13.894046,0 -57.083376,-13.893974,0 -57.083136,-13.893902,0 -57.082895,-13.893812,0 -57.082636,-13.893739,0 -57.082395,-13.893667,0 -57.082155,-13.893595,0 -57.081914,-13.893523,0 -57.081710,-13.893396,0 -57.081525,-13.893270,0 -57.081321,-13.893143,0 -57.081136,-13.893035,0 -57.080933,-13.892908,0 -57.080729,-13.892781,0 -57.080544,-13.892673,0 -57.080340,-13.892547,0 -57.080136,-13.892420,0 -57.079951,-13.892293,0 -57.079748,-13.892185,0 -57.079562,-13.892059,0 -57.079340,-13.891950,0 -57.079137,-13.891824,0 -57.078914,-13.891715,0 -57.078711,-13.891607,0 -57.078507,-13.891480,0 -57.078285,-13.891372,0 -57.078081,-13.891263,0 -57.077859,-13.891155,0 -57.077655,-13.891028,0 -57.077452,-13.890920,0 -57.077230,-13.890811,0 -57.077026,-13.890667,0 -57.076822,-13.890522,0 -57.076600,-13.890378,0 -57.076396,-13.890233,0 -57.076174,-13.890088,0 -57.075970,-13.889944,0 -57.075748,-13.889799,0 -57.075915,-13.889437,0 -57.076007,-13.889220,0 -57.076100,-13.889003,0 -57.076192,-13.888786,0 -57.076285,-13.888551,0 -57.076377,-13.888334,0 -57.076470,-13.888117,0 -57.076618,-13.887755,0 -57.076729,-13.887484,0 -57.076877,-13.887122,0 -57.076988,-13.886851,0 -57.077080,-13.886634,0 -57.077173,-13.886417,0 -57.077265,-13.886200,0 -57.077357,-13.885983,0 -57.077487,-13.885657,0 -57.077579,-13.885440,0 -57.077709,-13.885133,0 -57.077838,-13.884807,0 -57.077968,-13.884500,0 -57.078060,-13.884283,0 -57.078190,-13.883975,0 -57.078319,-13.883650,0 -57.078449,-13.883342,0 -57.078597,-13.883017,0 -57.078689,-13.882800,0 -57.078800,-13.882510,0 -57.078893,-13.882293,0 -57.079041,-13.881950,0 -57.079152,-13.881660,0 -57.079244,-13.881461,0 -57.079318,-13.881244,0</coordinates></LineString></Placemark>
<Placemark><name>T-23 - 8,24 km</name><description>Maxima 8245 m | Minima 5045 m | Reta 1605 m | 249.78 ha</description><styleUrl>#rota</styleUrl><LineString><tessellate>1</tessellate><coordinates>-57.099445,-13.894963,0 -57.099556,-13.894728,0 -57.099648,-13.894493,0 -57.099741,-13.894275,0 -57.099852,-13.893986,0 -57.099963,-13.893715,0 -57.100148,-13.893877,0 -57.100315,-13.894040,0 -57.100500,-13.894203,0 -57.100685,-13.894384,0 -57.100870,-13.894546,0 -57.101055,-13.894709,0 -57.101241,-13.894872,0 -57.101426,-13.895052,0 -57.101592,-13.895215,0 -57.101778,-13.895378,0 -57.101944,-13.895577,0 -57.102129,-13.895775,0 -57.102296,-13.895920,0 -57.102481,-13.896083,0 -57.102648,-13.896227,0 -57.102815,-13.896390,0 -57.103000,-13.896535,0 -57.103167,-13.896697,0 -57.103352,-13.896842,0 -57.103518,-13.897005,0 -57.103685,-13.897149,0 -57.103870,-13.897312,0 -57.104037,-13.897456,0 -57.104222,-13.897619,0 -57.104389,-13.897764,0 -57.104555,-13.897908,0 -57.104741,-13.898089,0 -57.104926,-13.898252,0 -57.105111,-13.898414,0 -57.105278,-13.898577,0 -57.105463,-13.898740,0 -57.105648,-13.898921,0 -57.105815,-13.899083,0 -57.106000,-13.899246,0 -57.106185,-13.899409,0 -57.106370,-13.899571,0 -57.106537,-13.899734,0 -57.106704,-13.899897,0 -57.106889,-13.900041,0 -57.107056,-13.900204,0 -57.107241,-13.900349,0 -57.107408,-13.900511,0 -57.107574,-13.900674,0 -57.107759,-13.900819,0 -57.107926,-13.900981,0 -57.108093,-13.901126,0 -57.108278,-13.901288,0 -57.108648,-13.901035,0 -57.108463,-13.900872,0 -57.108296,-13.900710,0 -57.108111,-13.900547,0 -57.107944,-13.900402,0 -57.107759,-13.900240,0 -57.107592,-13.900077,0 -57.107407,-13.899914,0 -57.107241,-13.899752,0 -57.107055,-13.899607,0 -57.106889,-13.899444,0 -57.106703,-13.899282,0 -57.106537,-13.899119,0 -57.106370,-13.898956,0 -57.106185,-13.898812,0 -57.106018,-13.898649,0 -57.105833,-13.898486,0 -57.105666,-13.898324,0 -57.105481,-13.898161,0 -57.105315,-13.898017,0 -57.105129,-13.897854,0 -57.104963,-13.897691,0 -57.104777,-13.897528,0 -57.104611,-13.897366,0 -57.104426,-13.897221,0 -57.104259,-13.897059,0 -57.104074,-13.896896,0 -57.103907,-13.896733,0 -57.103722,-13.896570,0 -57.103555,-13.896426,0 -57.103388,-13.896263,0 -57.103222,-13.896101,0 -57.103055,-13.895938,0 -57.102888,-13.895793,0 -57.102722,-13.895631,0 -57.102555,-13.895468,0 -57.102370,-13.895305,0 -57.102203,-13.895161,0 -57.102037,-13.894998,0 -57.101870,-13.894835,0 -57.101703,-13.894691,0 -57.101537,-13.894528,0 -57.101370,-13.894365,0 -57.101203,-13.894203,0 -57.101018,-13.894058,0 -57.100851,-13.893913,0 -57.100666,-13.893751,0 -57.100481,-13.893606,0 -57.100314,-13.893461,0 -57.100129,-13.893317,0 -57.100333,-13.892973,0 -57.100481,-13.892738,0 -57.100573,-13.892593,0 -57.100703,-13.892412,0 -57.100832,-13.892213,0 -57.100980,-13.892033,0 -57.101110,-13.891852,0 -57.101239,-13.891653,0 -57.101369,-13.891472,0 -57.101498,-13.891273,0 -57.101628,-13.891092,0 -57.101757,-13.890911,0 -57.101887,-13.890712,0 -57.102016,-13.890531,0 -57.102146,-13.890350,0 -57.102275,-13.890151,0 -57.102405,-13.889970,0 -57.102534,-13.889789,0 -57.102664,-13.889590,0 -57.102793,-13.889410,0 -57.102923,-13.889229,0 -57.103052,-13.889030,0 -57.103182,-13.888849,0 -57.103311,-13.888668,0 -57.103441,-13.888469,0 -57.103570,-13.888288,0 -57.103700,-13.888107,0 -57.103829,-13.887908,0 -57.103959,-13.887727,0 -57.104107,-13.887546,0 -57.104236,-13.887347,0 -57.104366,-13.887166,0 -57.104495,-13.886967,0 -57.104625,-13.886787,0 -57.104736,-13.886588,0 -57.104846,-13.886371,0 -57.104957,-13.886172,0 -57.105050,-13.885955,0 -57.105161,-13.885756,0 -57.105272,-13.885557,0 -57.105068,-13.885466,0 -57.104846,-13.885376,0 -57.104624,-13.885304,0 -57.104402,-13.885213,0 -57.104198,-13.885123,0 -57.103883,-13.884924,0 -57.103661,-13.884834,0 -57.103457,-13.884744,0 -57.103235,-13.884671,0 -57.103032,-13.884581,0 -57.102809,-13.884509,0 -57.102587,-13.884418,0 -57.102384,-13.884328,0 -57.102161,-13.884256,0 -57.101958,-13.884166,0 -57.101736,-13.884075,0 -57.101513,-13.884003,0 -57.101310,-13.883913,0 -57.101088,-13.883822,0 -57.100865,-13.883750,0 -57.100662,-13.883660,0 -57.100440,-13.883587,0 -57.100236,-13.883497,0 -57.100014,-13.883407,0 -57.099792,-13.883335,0 -57.099588,-13.883244,0 -57.099366,-13.883154,0 -57.099144,-13.883082,0 -57.098940,-13.882991,0 -57.098718,-13.882901,0 -57.098514,-13.882829,0 -57.098292,-13.882738,0 -57.098070,-13.882666,0 -57.097866,-13.882576,0 -57.097644,-13.882485,0 -57.097440,-13.882413,0 -57.097218,-13.882323,0 -57.096996,-13.882233,0 -57.096792,-13.882160,0 -57.096570,-13.882070,0 -57.096348,-13.881980,0 -57.096144,-13.881907,0 -57.095922,-13.881817,0 -57.095719,-13.881745,0 -57.095496,-13.881654,0 -57.095274,-13.881564,0 -57.095071,-13.881492,0 -57.094849,-13.881401,0 -57.094645,-13.881311,0 -57.094423,-13.881239,0 -57.094201,-13.881149,0 -57.094293,-13.880932,0 -57.094385,-13.880733,0 -57.094478,-13.880516,0 -57.094570,-13.880298,0 -57.094644,-13.880081,0 -57.094737,-13.879882,0 -57.094829,-13.879665,0 -57.094922,-13.879448,0 -57.095014,-13.879231,0 -57.095107,-13.879014,0 -57.095181,-13.878815,0 -57.095273,-13.878598,0 -57.095366,-13.878381,0 -57.095458,-13.878164,0 -57.095551,-13.877965,0 -57.095624,-13.877748,0 -57.095717,-13.877531,0 -57.095809,-13.877314,0 -57.095902,-13.877115,0 -57.095994,-13.876898,0 -57.096087,-13.876681,0 -57.096161,-13.876464,0 -57.096253,-13.876265,0 -57.096346,-13.876048,0 -57.096438,-13.875831,0 -57.096531,-13.875614,0 -57.096623,-13.875415,0 -57.096697,-13.875198,0 -57.096789,-13.874981,0 -57.096882,-13.874764,0 -57.096974,-13.874565,0 -57.097067,-13.874348,0 -57.097159,-13.874131,0 -57.097233,-13.873914,0 -57.097326,-13.873715,0 -57.097418,-13.873498,0 -57.097511,-13.873281,0 -57.097603,-13.873064,0 -57.097677,-13.872865,0 -57.097770,-13.872648,0 -57.097862,-13.872431,0 -57.097954,-13.872214,0 -57.098047,-13.871996,0 -57.098139,-13.871798,0 -57.098213,-13.871580,0 -57.098306,-13.871363,0 -57.098398,-13.871128,0 -57.098491,-13.870875,0 -57.098583,-13.870640,0 -57.098676,-13.870405,0 -57.098768,-13.870188,0 -57.098842,-13.869971,0 -57.098934,-13.869736,0 -57.099027,-13.869519,0 -57.099119,-13.869302,0 -57.099212,-13.869066,0 -57.099286,-13.868849,0 -57.099378,-13.868632,0 -57.099471,-13.868397,0 -57.099563,-13.868162,0 -57.099637,-13.867927,0 -57.099600,-13.867674,0 -57.099581,-13.867421,0 -57.099600,-13.867041,0 -57.099637,-13.866788,0 -57.099692,-13.866534,0 -57.099729,-13.866281,0 -57.099599,-13.865992,0 -57.099525,-13.865902,0 -57.099284,-13.865811,0 -57.099062,-13.865703,0 -57.098988,-13.865667,0 -57.098766,-13.865631,0 -57.098525,-13.865576,0 -57.098285,-13.865540,0 -57.098044,-13.865486,0 -57.097804,-13.865450,0 -57.097563,-13.865396,0 -57.097322,-13.865360,0 -57.097063,-13.865306,0 -57.096804,-13.865270,0 -57.096563,-13.865216,0 -57.096304,-13.865161,0 -57.096064,-13.865107,0 -57.095804,-13.865053,0 -57.095564,-13.865017,0 -57.095268,-13.864981,0 -57.094990,-13.864945,0 -57.094749,-13.864945,0 -57.094527,-13.864927,0 -57.094287,-13.864909,0 -57.094064,-13.864909,0 -57.093824,-13.864891,0 -57.093583,-13.864855,0 -57.093343,-13.864837,0 -57.093102,-13.864801,0 -57.092843,-13.864765,0 -57.092602,-13.864747,0 -57.092361,-13.864711,0 -57.092028,-13.864657,0 -57.091788,-13.864639,0 -57.091566,-13.864621,0 -57.091158,-13.864567,0 -57.091029,-13.864476,0 -57.090825,-13.864223,0 -57.090621,-13.864060,0 -57.090381,-13.863880,0 -57.090140,-13.863717,0 -57.089899,-13.863536,0 -57.089677,-13.863392,0 -57.089473,-13.863247,0 -57.089270,-13.863102,0 -57.089048,-13.862958,0 -57.088844,-13.862813,0 -57.088622,-13.862669,0 -57.088418,-13.862524,0 -57.088177,-13.862343,0 -57.087918,-13.862181,0 -57.087678,-13.862000,0</coordinates></LineString></Placemark>
<Placemark><name>T-24 - 10,07 km</name><description>Maxima 10067 m | Minima 6529 m | Reta 2810 m | 313.18 ha</description><styleUrl>#rota</styleUrl><LineString><tessellate>1</tessellate><coordinates>-57.099445,-13.894963,0 -57.099556,-13.894728,0 -57.099648,-13.894493,0 -57.099741,-13.894275,0 -57.099852,-13.893986,0 -57.099963,-13.893715,0 -57.100148,-13.893877,0 -57.100315,-13.894040,0 -57.100500,-13.894203,0 -57.100685,-13.894384,0 -57.100870,-13.894546,0 -57.101055,-13.894709,0 -57.101241,-13.894872,0 -57.101426,-13.895052,0 -57.101592,-13.895215,0 -57.101778,-13.895378,0 -57.101944,-13.895577,0 -57.102129,-13.895775,0 -57.102296,-13.895920,0 -57.102481,-13.896083,0 -57.102648,-13.896227,0 -57.102815,-13.896390,0 -57.103000,-13.896535,0 -57.103167,-13.896697,0 -57.103352,-13.896842,0 -57.103518,-13.897005,0 -57.103685,-13.897149,0 -57.103870,-13.897312,0 -57.104037,-13.897456,0 -57.104222,-13.897619,0 -57.104389,-13.897764,0 -57.104555,-13.897908,0 -57.104741,-13.898089,0 -57.104926,-13.898252,0 -57.105111,-13.898414,0 -57.105278,-13.898577,0 -57.105463,-13.898740,0 -57.105648,-13.898921,0 -57.105815,-13.899083,0 -57.106000,-13.899246,0 -57.106185,-13.899409,0 -57.106370,-13.899571,0 -57.106537,-13.899734,0 -57.106704,-13.899897,0 -57.106889,-13.900041,0 -57.107056,-13.900204,0 -57.107241,-13.900349,0 -57.107408,-13.900511,0 -57.107574,-13.900674,0 -57.107759,-13.900819,0 -57.107926,-13.900981,0 -57.108093,-13.901126,0 -57.108278,-13.901288,0 -57.108648,-13.901035,0 -57.108463,-13.900872,0 -57.108296,-13.900710,0 -57.108111,-13.900547,0 -57.107944,-13.900402,0 -57.107759,-13.900240,0 -57.107592,-13.900077,0 -57.107407,-13.899914,0 -57.107241,-13.899752,0 -57.107055,-13.899607,0 -57.106889,-13.899444,0 -57.106703,-13.899282,0 -57.106537,-13.899119,0 -57.106370,-13.898956,0 -57.106185,-13.898812,0 -57.106018,-13.898649,0 -57.105833,-13.898486,0 -57.105666,-13.898324,0 -57.105481,-13.898161,0 -57.105315,-13.898017,0 -57.105129,-13.897854,0 -57.104963,-13.897691,0 -57.104777,-13.897528,0 -57.104611,-13.897366,0 -57.104426,-13.897221,0 -57.104259,-13.897059,0 -57.104074,-13.896896,0 -57.103907,-13.896733,0 -57.103722,-13.896570,0 -57.103555,-13.896426,0 -57.103388,-13.896263,0 -57.103222,-13.896101,0 -57.103055,-13.895938,0 -57.102888,-13.895793,0 -57.102722,-13.895631,0 -57.102555,-13.895468,0 -57.102370,-13.895305,0 -57.102203,-13.895161,0 -57.102037,-13.894998,0 -57.101870,-13.894835,0 -57.101703,-13.894691,0 -57.101537,-13.894528,0 -57.101370,-13.894365,0 -57.101203,-13.894203,0 -57.101018,-13.894058,0 -57.100851,-13.893913,0 -57.100666,-13.893751,0 -57.100481,-13.893606,0 -57.100314,-13.893461,0 -57.100129,-13.893317,0 -57.100333,-13.892973,0 -57.100481,-13.892738,0 -57.100573,-13.892593,0 -57.100703,-13.892412,0 -57.100832,-13.892213,0 -57.100980,-13.892033,0 -57.101110,-13.891852,0 -57.101239,-13.891653,0 -57.101369,-13.891472,0 -57.101498,-13.891273,0 -57.101628,-13.891092,0 -57.101757,-13.890911,0 -57.101887,-13.890712,0 -57.102016,-13.890531,0 -57.102146,-13.890350,0 -57.102275,-13.890151,0 -57.102405,-13.889970,0 -57.102534,-13.889789,0 -57.102664,-13.889590,0 -57.102793,-13.889410,0 -57.102923,-13.889229,0 -57.103052,-13.889030,0 -57.103182,-13.888849,0 -57.103311,-13.888668,0 -57.103441,-13.888469,0 -57.103570,-13.888288,0 -57.103700,-13.888107,0 -57.103829,-13.887908,0 -57.103959,-13.887727,0 -57.104107,-13.887546,0 -57.104236,-13.887347,0 -57.104366,-13.887166,0 -57.104495,-13.886967,0 -57.104625,-13.886787,0 -57.104736,-13.886588,0 -57.104846,-13.886371,0 -57.104957,-13.886172,0 -57.105050,-13.885955,0 -57.105161,-13.885756,0 -57.105272,-13.885557,0 -57.105068,-13.885466,0 -57.104846,-13.885376,0 -57.104624,-13.885304,0 -57.104402,-13.885213,0 -57.104198,-13.885123,0 -57.103976,-13.885051,0 -57.103754,-13.884960,0 -57.103532,-13.884888,0 -57.103309,-13.884798,0 -57.103106,-13.884708,0 -57.102884,-13.884635,0 -57.102661,-13.884545,0 -57.102439,-13.884473,0 -57.102236,-13.884382,0 -57.102013,-13.884292,0 -57.101791,-13.884220,0 -57.101569,-13.884130,0 -57.101365,-13.884039,0 -57.101143,-13.883967,0 -57.100921,-13.883877,0 -57.100699,-13.883804,0 -57.100477,-13.883714,0 -57.100273,-13.883624,0 -57.100051,-13.883551,0 -57.099829,-13.883461,0 -57.099607,-13.883371,0 -57.099403,-13.883299,0 -57.099181,-13.883208,0 -57.098959,-13.883136,0 -57.098736,-13.883046,0 -57.098533,-13.882955,0 -57.098311,-13.882883,0 -57.098088,-13.882793,0 -57.097866,-13.882702,0 -57.097644,-13.882630,0 -57.097440,-13.882540,0 -57.097218,-13.882468,0 -57.096996,-13.882377,0 -57.096774,-13.882287,0 -57.096570,-13.882215,0 -57.096348,-13.882124,0 -57.096126,-13.882034,0 -57.095904,-13.881962,0 -57.095700,-13.881871,0 -57.095478,-13.881799,0 -57.095256,-13.881709,0 -57.095034,-13.881618,0 -57.094830,-13.881546,0 -57.094608,-13.881456,0 -57.094386,-13.881366,0 -57.094145,-13.881239,0 -57.093923,-13.881149,0 -57.093719,-13.881058,0 -57.093497,-13.880968,0 -57.093275,-13.880896,0 -57.093053,-13.880805,0 -57.092849,-13.880715,0 -57.092627,-13.880625,0 -57.092405,-13.880534,0 -57.092183,-13.880444,0 -57.091979,-13.880372,0 -57.091757,-13.880281,0 -57.091535,-13.880191,0 -57.091312,-13.880101,0 -57.091109,-13.880010,0 -57.090887,-13.879920,0 -57.090665,-13.879830,0 -57.090442,-13.879758,0 -57.090239,-13.879667,0 -57.090017,-13.879577,0 -57.089794,-13.879486,0 -57.089572,-13.879396,0 -57.089369,-13.879306,0 -57.089146,-13.879215,0 -57.088924,-13.879143,0 -57.088702,-13.879053,0 -57.088498,-13.878963,0 -57.088276,-13.878872,0 -57.088054,-13.878782,0 -57.087832,-13.878691,0 -57.087628,-13.878619,0 -57.087406,-13.878529,0 -57.087184,-13.878439,0 -57.086962,-13.878348,0 -57.086758,-13.878258,0 -57.086536,-13.878168,0 -57.086314,-13.878077,0 -57.086110,-13.877987,0 -57.085888,-13.877915,0 -57.085666,-13.877824,0 -57.085444,-13.877734,0 -57.085222,-13.877644,0 -57.084999,-13.877571,0 -57.084777,-13.877481,0 -57.084555,-13.877391,0 -57.084333,-13.877300,0 -57.084111,-13.877210,0 -57.083889,-13.877120,0 -57.083667,-13.877029,0 -57.083444,-13.876939,0 -57.083222,-13.876867,0 -57.083000,-13.876776,0 -57.082778,-13.876686,0 -57.082556,-13.876596,0 -57.082334,-13.876505,0 -57.082111,-13.876415,0 -57.081889,-13.876325,0 -57.081667,-13.876252,0 -57.081445,-13.876162,0 -57.081223,-13.876072,0 -57.081001,-13.875981,0 -57.080797,-13.875891,0 -57.080575,-13.875801,0 -57.080353,-13.875728,0 -57.080131,-13.875638,0 -57.079908,-13.875548,0 -57.079686,-13.875457,0 -57.079464,-13.875367,0 -57.079242,-13.875295,0 -57.079038,-13.875204,0 -57.078816,-13.875114,0 -57.078594,-13.875024,0 -57.078372,-13.874933,0 -57.078150,-13.874861,0 -57.077928,-13.874771,0 -57.077705,-13.874680,0 -57.077483,-13.874590,0 -57.077280,-13.874500,0 -57.077057,-13.874427,0 -57.076835,-13.874337,0 -57.076613,-13.874247,0 -57.076391,-13.874156,0 -57.076169,-13.874066,0 -57.075947,-13.873976,0 -57.075725,-13.873903,0 -57.075521,-13.873813,0 -57.075299,-13.873723,0 -57.075077,-13.873632,0 -57.074855,-13.873560,0 -57.074632,-13.873470,0 -57.074429,-13.873379,0 -57.074207,-13.873289,0 -57.073984,-13.873217,0 -57.073781,-13.873126,0 -57.073559,-13.873036,0 -57.073337,-13.872946,0 -57.073133,-13.872873,0 -57.072911,-13.872783,0 -57.072689,-13.872693,0 -57.072485,-13.872620,0 -57.072263,-13.872530,0 -57.072041,-13.872440,0 -57.071837,-13.872349,0 -57.071615,-13.872277,0 -57.071393,-13.872187,0 -57.071189,-13.872096,0 -57.070967,-13.872006,0 -57.070745,-13.871934,0 -57.070541,-13.871843,0 -57.070319,-13.871753,0 -57.070097,-13.871681,0 -57.069893,-13.871590,0 -57.069671,-13.871500,0 -57.069449,-13.871409,0 -57.069227,-13.871337,0 -57.069023,-13.871247,0 -57.068801,-13.871156,0 -57.068579,-13.871066,0 -57.068375,-13.870994,0 -57.068153,-13.870903,0 -57.067931,-13.870813,0 -57.067727,-13.870741,0 -57.067505,-13.870650,0 -57.067283,-13.870560,0 -57.067079,-13.870470,0 -57.066857,-13.870397,0 -57.066635,-13.870307,0 -57.066432,-13.870217,0 -57.066209,-13.870126,0 -57.065987,-13.870054,0 -57.065784,-13.869964,0 -57.065561,-13.869873,0 -57.065432,-13.869620,0 -57.065358,-13.869367,0 -57.065265,-13.869132,0 -57.065172,-13.868897,0 -57.065080,-13.868662,0 -57.065080,-13.868499,0 -57.065024,-13.868156,0 -57.064969,-13.867830,0 -57.064894,-13.867559,0 -57.064839,-13.867306,0 -57.064765,-13.867052,0 -57.064672,-13.866745,0 -57.064561,-13.866456,0 -57.064561,-13.866311,0 -57.064579,-13.865913,0 -57.064653,-13.865678,0 -57.064709,-13.865425,0 -57.064746,-13.865136,0 -57.064801,-13.864864,0 -57.064820,-13.864629,0 -57.064838,-13.864412,0 -57.064857,-13.864177,0 -57.064819,-13.863852,0 -57.064801,-13.863472,0 -57.064838,-13.863182,0 -57.064856,-13.862875,0 -57.064912,-13.862604,0 -57.064967,-13.862332,0 -57.064948,-13.861953,0 -57.065022,-13.861718,0 -57.065226,-13.861410,0 -57.065559,-13.861139,0 -57.065855,-13.860904,0 -57.066096,-13.860596,0 -57.066410,-13.860325,0 -57.066669,-13.860216,0 -57.066928,-13.860126,0 -57.067206,-13.860035,0 -57.067539,-13.859981,0 -57.068002,-13.859981,0 -57.068298,-13.859944,0 -57.068557,-13.859926,0 -57.068835,-13.859890,0 -57.069112,-13.859872,0 -57.069371,-13.859854,0 -57.069649,-13.859836,0 -57.069927,-13.859817,0 -57.070352,-13.859817,0 -57.070538,-13.859835,0 -57.070852,-13.859908,0 -57.071111,-13.859962,0 -57.071352,-13.859998,0</coordinates></LineString></Placemark>
<Placemark><name>T-25 - 8,77 km</name><description>Maxima 8765 m | Minima 6106 m | Reta 2542 m | 128.42 ha</description><styleUrl>#rota</styleUrl><LineString><tessellate>1</tessellate><coordinates>-57.099445,-13.894963,0 -57.099556,-13.894728,0 -57.099648,-13.894493,0 -57.099741,-13.894275,0 -57.099852,-13.893986,0 -57.099963,-13.893715,0 -57.100148,-13.893877,0 -57.100315,-13.894040,0 -57.100500,-13.894203,0 -57.100685,-13.894384,0 -57.100870,-13.894546,0 -57.101055,-13.894709,0 -57.101241,-13.894872,0 -57.101426,-13.895052,0 -57.101592,-13.895215,0 -57.101778,-13.895378,0 -57.101944,-13.895577,0 -57.102129,-13.895775,0 -57.102296,-13.895920,0 -57.102481,-13.896083,0 -57.102648,-13.896227,0 -57.102815,-13.896390,0 -57.103000,-13.896535,0 -57.103167,-13.896697,0 -57.103352,-13.896842,0 -57.103518,-13.897005,0 -57.103685,-13.897149,0 -57.103870,-13.897312,0 -57.104037,-13.897456,0 -57.104222,-13.897619,0 -57.104389,-13.897764,0 -57.104555,-13.897908,0 -57.104741,-13.898089,0 -57.104926,-13.898252,0 -57.105111,-13.898414,0 -57.105278,-13.898577,0 -57.105463,-13.898740,0 -57.105648,-13.898921,0 -57.105815,-13.899083,0 -57.106000,-13.899246,0 -57.106185,-13.899409,0 -57.106370,-13.899571,0 -57.106537,-13.899734,0 -57.106704,-13.899897,0 -57.106889,-13.900041,0 -57.107056,-13.900204,0 -57.107241,-13.900349,0 -57.107408,-13.900511,0 -57.107574,-13.900674,0 -57.107759,-13.900819,0 -57.107926,-13.900981,0 -57.108093,-13.901126,0 -57.108278,-13.901288,0 -57.108648,-13.901035,0 -57.108463,-13.900872,0 -57.108296,-13.900710,0 -57.108111,-13.900547,0 -57.107944,-13.900402,0 -57.107759,-13.900240,0 -57.107592,-13.900077,0 -57.107407,-13.899914,0 -57.107241,-13.899752,0 -57.107055,-13.899607,0 -57.106889,-13.899444,0 -57.106703,-13.899282,0 -57.106537,-13.899119,0 -57.106370,-13.898956,0 -57.106185,-13.898812,0 -57.106018,-13.898649,0 -57.105833,-13.898486,0 -57.105666,-13.898324,0 -57.105481,-13.898161,0 -57.105315,-13.898017,0 -57.105129,-13.897854,0 -57.104963,-13.897691,0 -57.104777,-13.897528,0 -57.104611,-13.897366,0 -57.104426,-13.897221,0 -57.104259,-13.897059,0 -57.104074,-13.896896,0 -57.103907,-13.896733,0 -57.103722,-13.896570,0 -57.103555,-13.896426,0 -57.103388,-13.896263,0 -57.103222,-13.896101,0 -57.103055,-13.895938,0 -57.102888,-13.895793,0 -57.102722,-13.895631,0 -57.102555,-13.895468,0 -57.102370,-13.895305,0 -57.102203,-13.895161,0 -57.102037,-13.894998,0 -57.101870,-13.894835,0 -57.101703,-13.894691,0 -57.101537,-13.894528,0 -57.101370,-13.894365,0 -57.101203,-13.894203,0 -57.101018,-13.894058,0 -57.100851,-13.893913,0 -57.100666,-13.893751,0 -57.100481,-13.893606,0 -57.100314,-13.893461,0 -57.100129,-13.893317,0 -57.099944,-13.893100,0 -57.099722,-13.893010,0 -57.099500,-13.892919,0 -57.099277,-13.892829,0 -57.099037,-13.892739,0 -57.098815,-13.892648,0 -57.098592,-13.892558,0 -57.098370,-13.892468,0 -57.098130,-13.892377,0 -57.097907,-13.892287,0 -57.097685,-13.892197,0 -57.097463,-13.892106,0 -57.097222,-13.892016,0 -57.097000,-13.891926,0 -57.096778,-13.891835,0 -57.096482,-13.891962,0 -57.096389,-13.892179,0 -57.096315,-13.892396,0 -57.096241,-13.892613,0 -57.096167,-13.892830,0 -57.096075,-13.893047,0 -57.096001,-13.893264,0 -57.095927,-13.893463,0 -57.095853,-13.893680,0 -57.095761,-13.893897,0 -57.095687,-13.894114,0 -57.095613,-13.894331,0 -57.095539,-13.894548,0 -57.095446,-13.894765,0 -57.095224,-13.894693,0 -57.095002,-13.894621,0 -57.094761,-13.894549,0 -57.094539,-13.894476,0 -57.094298,-13.894422,0 -57.094076,-13.894350,0 -57.093854,-13.894278,0 -57.093613,-13.894206,0 -57.093391,-13.894133,0 -57.093151,-13.894061,0 -57.092928,-13.893989,0 -57.092706,-13.893935,0 -57.092466,-13.893862,0 -57.092243,-13.893790,0 -57.092003,-13.893718,0 -57.091781,-13.893646,0 -57.091558,-13.893573,0 -57.091318,-13.893519,0 -57.091096,-13.893447,0 -57.090855,-13.893375,0 -57.090633,-13.893302,0 -57.090281,-13.893357,0 -57.090207,-13.893574,0 -57.090133,-13.893791,0 -57.090078,-13.894008,0 -57.090004,-13.894225,0 -57.089930,-13.894442,0 -57.089856,-13.894659,0 -57.089800,-13.894876,0 -57.089726,-13.895093,0 -57.089634,-13.895455,0 -57.089560,-13.895672,0 -57.089467,-13.895907,0 -57.089357,-13.896142,0 -57.089264,-13.896377,0 -57.089172,-13.896612,0 -57.088949,-13.896504,0 -57.088746,-13.896396,0 -57.088524,-13.896287,0 -57.088301,-13.896179,0 -57.088098,-13.896070,0 -57.087875,-13.895962,0 -57.087672,-13.895853,0 -57.087450,-13.895745,0 -57.087227,-13.895618,0 -57.087024,-13.895510,0 -57.086802,-13.895402,0 -57.086598,-13.895293,0 -57.086376,-13.895185,0 -57.086154,-13.895076,0 -57.085950,-13.894968,0 -57.085728,-13.894859,0 -57.085524,-13.894751,0 -57.085283,-13.894661,0 -57.085043,-13.894570,0 -57.084802,-13.894480,0 -57.084580,-13.894390,0 -57.084339,-13.894299,0 -57.084098,-13.894209,0 -57.083858,-13.894119,0 -57.083617,-13.894046,0 -57.083376,-13.893974,0 -57.083136,-13.893902,0 -57.082895,-13.893812,0 -57.082636,-13.893739,0 -57.082395,-13.893667,0 -57.082155,-13.893595,0 -57.081914,-13.893523,0 -57.081710,-13.893396,0 -57.081525,-13.893270,0 -57.081321,-13.893143,0 -57.081136,-13.893035,0 -57.080933,-13.892908,0 -57.080729,-13.892781,0 -57.080544,-13.892673,0 -57.080340,-13.892547,0 -57.080136,-13.892420,0 -57.079951,-13.892293,0 -57.079748,-13.892185,0 -57.079562,-13.892059,0 -57.079340,-13.891950,0 -57.079137,-13.891824,0 -57.078914,-13.891715,0 -57.078711,-13.891607,0 -57.078507,-13.891480,0 -57.078285,-13.891372,0 -57.078081,-13.891263,0 -57.077859,-13.891155,0 -57.077655,-13.891028,0 -57.077452,-13.890920,0 -57.077230,-13.890811,0 -57.077026,-13.890667,0 -57.076822,-13.890522,0 -57.076600,-13.890378,0 -57.076396,-13.890233,0 -57.076174,-13.890088,0 -57.075970,-13.889944,0 -57.075748,-13.889799,0 -57.075563,-13.889618,0 -57.075341,-13.889492,0 -57.075100,-13.889329,0 -57.074860,-13.889185,0 -57.074637,-13.889058,0 -57.074397,-13.888932,0 -57.074137,-13.888751,0 -57.073878,-13.888588,0 -57.073675,-13.888444,0 -57.073489,-13.888317,0 -57.073786,-13.888064,0 -57.074008,-13.887883,0 -57.074007,-13.887485,0 -57.074044,-13.887268,0 -57.074285,-13.886870,0 -57.074489,-13.886707,0 -57.074877,-13.886580,0 -57.075118,-13.886418,0 -57.075266,-13.886074,0 -57.075118,-13.885857,0 -57.074895,-13.885550,0 -57.074747,-13.885333,0 -57.074581,-13.885134,0 -57.074432,-13.884935,0 -57.074284,-13.884736,0 -57.074136,-13.884537,0 -57.074081,-13.884393,0 -57.074284,-13.884230,0 -57.074580,-13.884103,0 -57.074895,-13.883976,0 -57.075210,-13.883904,0 -57.075506,-13.883832,0 -57.075598,-13.883813,0 -57.075672,-13.883434,0 -57.075468,-13.883217,0 -57.075172,-13.882945,0 -57.074931,-13.882584,0 -57.074765,-13.882385,0 -57.074598,-13.882186,0 -57.074431,-13.881969,0 -57.074302,-13.881788,0 -57.074172,-13.881589,0 -57.074043,-13.881391,0 -57.073894,-13.881210,0 -57.073765,-13.881011,0 -57.073617,-13.880830,0 -57.073487,-13.880649,0 -57.073246,-13.880414,0 -57.072969,-13.880143,0 -57.072820,-13.879944,0 -57.072635,-13.879818,0 -57.072598,-13.879583,0 -57.072654,-13.879402,0 -57.072691,-13.879112,0 -57.072616,-13.878877,0 -57.072579,-13.878642,0 -57.072524,-13.878407,0 -57.072450,-13.878172,0 -57.072357,-13.877955,0 -57.072172,-13.877756,0 -57.071987,-13.877557,0 -57.071802,-13.877359,0 -57.071505,-13.877069,0 -57.071265,-13.876798,0 -57.070876,-13.876581,0 -57.070635,-13.876527,0 -57.070413,-13.876455,0 -57.070191,-13.876382,0 -57.069950,-13.876310,0 -57.069728,-13.876256,0 -57.069506,-13.876184,0 -57.069265,-13.876111,0 -57.069043,-13.876057,0 -57.068765,-13.875949,0 -57.068506,-13.875840,0 -57.068247,-13.875732,0 -57.068006,-13.875624,0 -57.067803,-13.875497,0 -57.067618,-13.875370,0 -57.067358,-13.875135,0 -57.067247,-13.874918,0 -57.067118,-13.874683,0 -57.067007,-13.874466,0 -57.066877,-13.874231,0 -57.066840,-13.874014,0 -57.066784,-13.873779,0 -57.066747,-13.873562,0 -57.066692,-13.873345,0</coordinates></LineString></Placemark>
<Placemark><name>T-29C - 1,53 km</name><description>Maxima 1528 m | Minima 68 m | Reta 61 m | 27.2 ha</description><styleUrl>#rota</styleUrl><LineString><tessellate>1</tessellate><coordinates>-57.099445,-13.894963,0 -57.099538,-13.895162,0 -57.099445,-13.895379,0 -57.099353,-13.895578,0 -57.099260,-13.895795,0 -57.099168,-13.896012,0 -57.099075,-13.896229,0 -57.099001,-13.896446,0 -57.098909,-13.896663,0 -57.098816,-13.896880,0 -57.098724,-13.897079,0 -57.098631,-13.897296,0 -57.098539,-13.897513,0 -57.098446,-13.897730,0 -57.098373,-13.897947,0 -57.098280,-13.898164,0 -57.098188,-13.898381,0 -57.098095,-13.898580,0 -57.098317,-13.898652,0 -57.098558,-13.898707,0 -57.098780,-13.898761,0 -57.099021,-13.898815,0 -57.099243,-13.898887,0 -57.099465,-13.898941,0 -57.099706,-13.898995,0 -57.099928,-13.899050,0 -57.100169,-13.899122,0 -57.100391,-13.899176,0 -57.100613,-13.899230,0 -57.100854,-13.899284,0 -57.101076,-13.899338,0 -57.101317,-13.899411,0 -57.101539,-13.899465,0 -57.101779,-13.899519,0 -57.102002,-13.899573,0 -57.102224,-13.899645,0 -57.102390,-13.899826,0 -57.102557,-13.900025,0 -57.102816,-13.900007,0 -57.103075,-13.899989,0 -57.103335,-13.899952,0 -57.103612,-13.899934,0 -57.103723,-13.900133,0 -57.103853,-13.900314,0 -57.103983,-13.900513,0 -57.104112,-13.900712,0 -57.104224,-13.900892,0 -57.104353,-13.901091,0 -57.104594,-13.901163,0 -57.104816,-13.901236,0 -57.105038,-13.901326,0 -57.105279,-13.901398,0 -57.105501,-13.901471,0 -57.105723,-13.901543,0 -57.105964,-13.901615,0 -57.106112,-13.901832,0 -57.106260,-13.902031,0 -57.106427,-13.902230,0</coordinates></LineString></Placemark>
</Folder><Folder><name>Malha usada no calculo</name>
<Placemark><name>divisa 0</name><styleUrl>#malha</styleUrl><LineString><tessellate>1</tessellate><coordinates>-57.162590,-13.925710,0 -57.161130,-13.912250,0 -57.164640,-13.911920,0 -57.165040,-13.912020,0 -57.165060,-13.913670,0 -57.164840,-13.916860,0 -57.165050,-13.917980,0 -57.165070,-13.919490,0 -57.165270,-13.919720,0 -57.165800,-13.919610,0 -57.168330,-13.917570,0 -57.170810,-13.917340,0 -57.171300,-13.917390,0 -57.172800,-13.918560,0 -57.174680,-13.919280,0 -57.174860,-13.919610,0 -57.174860,-13.919980,0 -57.174660,-13.922550,0 -57.174680,-13.924480,0</coordinates></LineString></Placemark>
<Placemark><name>divisa 1</name><styleUrl>#malha</styleUrl><LineString><tessellate>1</tessellate><coordinates>-57.174680,-13.924480,0 -57.174760,-13.925770,0 -57.174660,-13.927800,0 -57.174760,-13.928490,0 -57.177450,-13.928320,0 -57.177970,-13.928430,0 -57.177190,-13.937610,0 -57.176980,-13.937830,0 -57.164100,-13.939160,0</coordinates></LineString></Placemark>
<Placemark><name>divisa 2</name><styleUrl>#malha</styleUrl><LineString><tessellate>1</tessellate><coordinates>-57.162590,-13.925710,0 -57.174680,-13.924480,0</coordinates></LineString></Placemark>
<Placemark><name>divisa 3</name><styleUrl>#malha</styleUrl><LineString><tessellate>1</tessellate><coordinates>-57.164100,-13.939160,0 -57.162590,-13.925710,0</coordinates></LineString></Placemark>
<Placemark><name>divisa 4</name><styleUrl>#malha</styleUrl><LineString><tessellate>1</tessellate><coordinates>-57.164100,-13.939160,0 -57.150790,-13.940540,0</coordinates></LineString></Placemark>
<Placemark><name>divisa 5</name><styleUrl>#malha</styleUrl><LineString><tessellate>1</tessellate><coordinates>-57.147860,-13.913600,0 -57.161110,-13.912270,0 -57.162590,-13.925710,0</coordinates></LineString></Placemark>
<Placemark><name>divisa 6</name><styleUrl>#malha</styleUrl><LineString><tessellate>1</tessellate><coordinates>-57.149410,-13.926970,0 -57.162590,-13.925710,0</coordinates></LineString></Placemark>
<Placemark><name>divisa 7</name><styleUrl>#malha</styleUrl><LineString><tessellate>1</tessellate><coordinates>-57.150790,-13.940540,0 -57.149410,-13.926970,0</coordinates></LineString></Placemark>
<Placemark><name>divisa 8</name><styleUrl>#malha</styleUrl><LineString><tessellate>1</tessellate><coordinates>-57.150790,-13.940540,0 -57.137690,-13.941900,0</coordinates></LineString></Placemark>
<Placemark><name>divisa 9</name><styleUrl>#malha</styleUrl><LineString><tessellate>1</tessellate><coordinates>-57.136490,-13.885320,0 -57.149820,-13.889600,0</coordinates></LineString></Placemark>
<Placemark><name>divisa 10</name><styleUrl>#malha</styleUrl><LineString><tessellate>1</tessellate><coordinates>-57.138040,-13.880620,0 -57.138210,-13.880890,0 -57.138610,-13.880650,0 -57.139130,-13.879060,0 -57.139890,-13.877330,0 -57.140350,-13.875410,0 -57.140560,-13.875050,0 -57.142510,-13.873720,0 -57.143260,-13.873740,0 -57.145720,-13.874680,0 -57.150290,-13.877330,0 -57.151290,-13.878480,0 -57.152690,-13.881420,0 -57.152770,-13.881980,0 -57.152520,-13.882960,0 -57.149820,-13.889600,0</coordinates></LineString></Placemark>
<Placemark><name>divisa 11</name><styleUrl>#malha</styleUrl><LineString><tessellate>1</tessellate><coordinates>-57.149820,-13.889600,0 -57.145980,-13.899040,0 -57.134980,-13.900090,0</coordinates></LineString></Placemark>
<Placemark><name>divisa 12</name><styleUrl>#malha</styleUrl><LineString><tessellate>1</tessellate><coordinates>-57.147860,-13.913600,0 -57.149410,-13.926970,0</coordinates></LineString></Placemark>
<Placemark><name>divisa 13</name><styleUrl>#malha</styleUrl><LineString><tessellate>1</tessellate><coordinates>-57.136260,-13.928310,0 -57.149410,-13.926970,0</coordinates></LineString></Placemark>
<Placemark><name>divisa 14</name><styleUrl>#malha</styleUrl><LineString><tessellate>1</tessellate><coordinates>-57.148790,-13.899570,0 -57.148540,-13.899270,0</coordinates></LineString></Placemark>
<Placemark><name>divisa 15</name><styleUrl>#malha</styleUrl><LineString><tessellate>1</tessellate><coordinates>-57.148540,-13.899270,0 -57.148790,-13.899570,0</coordinates></LineString></Placemark>
<Placemark><name>divisa 16</name><styleUrl>#malha</styleUrl><LineString><tessellate>1</tessellate><coordinates>-57.148540,-13.899270,0 -57.157940,-13.898320,0 -57.158330,-13.898460,0 -57.159120,-13.898460,0 -57.159550,-13.898730,0 -57.159890,-13.899070,0 -57.160970,-13.901560,0 -57.161930,-13.902550,0 -57.162970,-13.904110,0 -57.163180,-13.904610,0 -57.163400,-13.905140,0 -57.163650,-13.906590,0 -57.163900,-13.907340,0 -57.164600,-13.908490,0 -57.165480,-13.910440,0 -57.165460,-13.911150,0 -57.165140,-13.911870,0 -57.161140,-13.912210,0 -57.148790,-13.899570,0</coordinates></LineString></Placemark>
<Placemark><name>divisa 17</name><styleUrl>#malha</styleUrl><LineString><tessellate>1</tessellate><coordinates>-57.148790,-13.899570,0 -57.161070,-13.912220,0 -57.147860,-13.913600,0</coordinates></LineString></Placemark>
<Placemark><name>divisa 18</name><styleUrl>#malha</styleUrl><LineString><tessellate>1</tessellate><coordinates>-57.135240,-13.900570,0 -57.145920,-13.899430,0 -57.146530,-13.899480,0 -57.148540,-13.899270,0</coordinates></LineString></Placemark>
<Placemark><name>divisa 19</name><styleUrl>#malha</styleUrl><LineString><tessellate>1</tessellate><coordinates>-57.147860,-13.913600,0 -57.135240,-13.900570,0</coordinates></LineString></Placemark>
<Placemark><name>divisa 20</name><styleUrl>#malha</styleUrl><LineString><tessellate>1</tessellate><coordinates>-57.134840,-13.914970,0 -57.147860,-13.913600,0</coordinates></LineString></Placemark>
<Placemark><name>divisa 21</name><styleUrl>#malha</styleUrl><LineString><tessellate>1</tessellate><coordinates>-57.147860,-13.913600,0 -57.123510,-13.916140,0</coordinates></LineString></Placemark>
<Placemark><name>divisa 22</name><styleUrl>#malha</styleUrl><LineString><tessellate>1</tessellate><coordinates>-57.138100,-13.880400,0 -57.124030,-13.876950,0</coordinates></LineString></Placemark>
<Placemark><name>divisa 23</name><styleUrl>#malha</styleUrl><LineString><tessellate>1</tessellate><coordinates>-57.123850,-13.863030,0 -57.123950,-13.863200,0 -57.124540,-13.863510,0 -57.126440,-13.864180,0 -57.127860,-13.865060,0 -57.128210,-13.865350,0 -57.129220,-13.866770,0 -57.130440,-13.868100,0 -57.132930,-13.870090,0 -57.135390,-13.871260,0 -57.136600,-13.872000,0 -57.137450,-13.872860,0 -57.137850,-13.873670,0 -57.138180,-13.875410,0 -57.138590,-13.876190,0 -57.138770,-13.876980,0 -57.138750,-13.878130,0 -57.138100,-13.880400,0</coordinates></LineString></Placemark>
<Placemark><name>divisa 24</name><styleUrl>#malha</styleUrl><LineString><tessellate>1</tessellate><coordinates>-57.138100,-13.880400,0 -57.138040,-13.880620,0</coordinates></LineString></Placemark>
<Placemark><name>divisa 25</name><styleUrl>#malha</styleUrl><LineString><tessellate>1</tessellate><coordinates>-57.138040,-13.880620,0 -57.136490,-13.885320,0</coordinates></LineString></Placemark>
<Placemark><name>divisa 26</name><styleUrl>#malha</styleUrl><LineString><tessellate>1</tessellate><coordinates>-57.136490,-13.885320,0 -57.138040,-13.880620,0</coordinates></LineString></Placemark>
<Placemark><name>divisa 27</name><styleUrl>#malha</styleUrl><LineString><tessellate>1</tessellate><coordinates>-57.137690,-13.941900,0 -57.136260,-13.928310,0</coordinates></LineString></Placemark>
<Placemark><name>divisa 28</name><styleUrl>#malha</styleUrl><LineString><tessellate>1</tessellate><coordinates>-57.137690,-13.941900,0 -57.124730,-13.943240,0 -57.124540,-13.943100,0 -57.122710,-13.933330,0 -57.122890,-13.929680,0</coordinates></LineString></Placemark>
<Placemark><name>divisa 29</name><styleUrl>#malha</styleUrl><LineString><tessellate>1</tessellate><coordinates>-57.136490,-13.885320,0 -57.136490,-13.885320,0</coordinates></LineString></Placemark>
<Placemark><name>divisa 30</name><styleUrl>#malha</styleUrl><LineString><tessellate>1</tessellate><coordinates>-57.136490,-13.885320,0 -57.134010,-13.892610,0</coordinates></LineString></Placemark>
<Placemark><name>divisa 31</name><styleUrl>#malha</styleUrl><LineString><tessellate>1</tessellate><coordinates>-57.134010,-13.892610,0 -57.136490,-13.885320,0</coordinates></LineString></Placemark>
<Placemark><name>divisa 32</name><styleUrl>#malha</styleUrl><LineString><tessellate>1</tessellate><coordinates>-57.134840,-13.914970,0 -57.136260,-13.928310,0</coordinates></LineString></Placemark>
<Placemark><name>divisa 33</name><styleUrl>#malha</styleUrl><LineString><tessellate>1</tessellate><coordinates>-57.122890,-13.929680,0 -57.136260,-13.928310,0</coordinates></LineString></Placemark>
<Placemark><name>divisa 34</name><styleUrl>#malha</styleUrl><LineString><tessellate>1</tessellate><coordinates>-57.123510,-13.916140,0 -57.124260,-13.901720,0 -57.135240,-13.900570,0</coordinates></LineString></Placemark>
<Placemark><name>divisa 35</name><styleUrl>#malha</styleUrl><LineString><tessellate>1</tessellate><coordinates>-57.134980,-13.900090,0 -57.134010,-13.892610,0</coordinates></LineString></Placemark>
<Placemark><name>divisa 36</name><styleUrl>#malha</styleUrl><LineString><tessellate>1</tessellate><coordinates>-57.134980,-13.900090,0 -57.124190,-13.901190,0</coordinates></LineString></Placemark>
<Placemark><name>divisa 37</name><styleUrl>#malha</styleUrl><LineString><tessellate>1</tessellate><coordinates>-57.123510,-13.916140,0 -57.134840,-13.914970,0</coordinates></LineString></Placemark>
<Placemark><name>divisa 38</name><styleUrl>#malha</styleUrl><LineString><tessellate>1</tessellate><coordinates>-57.134010,-13.892610,0 -57.124140,-13.890220,0</coordinates></LineString></Placemark>
<Placemark><name>divisa 39</name><styleUrl>#malha</styleUrl><LineString><tessellate>1</tessellate><coordinates>-57.124190,-13.901190,0 -57.124140,-13.890220,0</coordinates></LineString></Placemark>
<Placemark><name>divisa 40</name><styleUrl>#malha</styleUrl><LineString><tessellate>1</tessellate><coordinates>-57.124190,-13.901190,0 -57.108940,-13.902750,0 -57.107970,-13.902950,0 -57.106660,-13.900590,0 -57.105360,-13.899090,0 -57.103310,-13.897390,0 -57.099450,-13.894970,0 -57.099960,-13.893710,0 -57.108270,-13.901290,0 -57.108640,-13.901030,0 -57.100130,-13.893310,0 -57.100480,-13.892750,0</coordinates></LineString></Placemark>
<Placemark><name>divisa 41</name><styleUrl>#malha</styleUrl><LineString><tessellate>1</tessellate><coordinates>-57.105390,-13.885510,0 -57.124140,-13.890220,0</coordinates></LineString></Placemark>
<Placemark><name>divisa 42</name><styleUrl>#malha</styleUrl><LineString><tessellate>1</tessellate><coordinates>-57.124140,-13.890220,0 -57.124030,-13.876950,0</coordinates></LineString></Placemark>
<Placemark><name>divisa 43</name><styleUrl>#malha</styleUrl><LineString><tessellate>1</tessellate><coordinates>-57.109300,-13.873160,0 -57.124030,-13.876950,0</coordinates></LineString></Placemark>
<Placemark><name>divisa 44</name><styleUrl>#malha</styleUrl><LineString><tessellate>1</tessellate><coordinates>-57.124030,-13.876950,0 -57.123850,-13.863030,0</coordinates></LineString></Placemark>
<Placemark><name>divisa 45</name><styleUrl>#malha</styleUrl><LineString><tessellate>1</tessellate><coordinates>-57.113100,-13.861050,0 -57.115080,-13.861320,0 -57.116230,-13.861260,0 -57.118100,-13.861630,0 -57.119290,-13.862000,0 -57.122030,-13.862350,0 -57.123850,-13.863030,0</coordinates></LineString></Placemark>
<Placemark><name>divisa 46</name><styleUrl>#malha</styleUrl><LineString><tessellate>1</tessellate><coordinates>-57.122890,-13.929680,0 -57.123120,-13.924910,0 -57.124020,-13.924950,0 -57.126930,-13.926880,0 -57.128380,-13.927370,0 -57.129960,-13.927260,0 -57.131000,-13.926890,0 -57.132040,-13.926220,0 -57.132310,-13.925660,0 -57.132180,-13.925410,0 -57.131940,-13.925310,0 -57.129350,-13.925120,0 -57.127200,-13.924730,0 -57.125570,-13.923920,0 -57.123250,-13.922220,0 -57.123510,-13.916140,0</coordinates></LineString></Placemark>
<Placemark><name>divisa 47</name><styleUrl>#malha</styleUrl><LineString><tessellate>1</tessellate><coordinates>-57.098310,-13.871370,0 -57.098980,-13.871630,0 -57.100220,-13.872530,0 -57.104150,-13.878820,0 -57.105410,-13.879140,0 -57.103020,-13.872890,0 -57.103200,-13.870020,0 -57.103640,-13.866920,0 -57.104070,-13.865510,0 -57.107030,-13.862280,0 -57.107830,-13.860970,0 -57.108650,-13.860790,0 -57.110370,-13.860730,0 -57.113100,-13.861050,0</coordinates></LineString></Placemark>
<Placemark><name>divisa 48</name><styleUrl>#malha</styleUrl><LineString><tessellate>1</tessellate><coordinates>-57.109300,-13.873160,0 -57.113100,-13.861050,0</coordinates></LineString></Placemark>
<Placemark><name>divisa 49</name><styleUrl>#malha</styleUrl><LineString><tessellate>1</tessellate><coordinates>-57.105390,-13.885510,0 -57.109300,-13.873160,0</coordinates></LineString></Placemark>
<Placemark><name>divisa 50</name><styleUrl>#malha</styleUrl><LineString><tessellate>1</tessellate><coordinates>-57.105390,-13.885510,0 -57.094210,-13.881150,0</coordinates></LineString></Placemark>
<Placemark><name>divisa 51</name><styleUrl>#malha</styleUrl><LineString><tessellate>1</tessellate><coordinates>-57.104620,-13.886790,0 -57.105390,-13.885510,0</coordinates></LineString></Placemark>
<Placemark><name>divisa 52</name><styleUrl>#malha</styleUrl><LineString><tessellate>1</tessellate><coordinates>-57.100480,-13.892750,0 -57.100180,-13.893190,0 -57.096550,-13.891750,0 -57.095460,-13.894760,0 -57.090400,-13.893230,0 -57.094170,-13.881290,0 -57.105280,-13.885550,0 -57.104620,-13.886790,0</coordinates></LineString></Placemark>
<Placemark><name>divisa 53</name><styleUrl>#malha</styleUrl><LineString><tessellate>1</tessellate><coordinates>-57.104620,-13.886790,0 -57.100480,-13.892750,0</coordinates></LineString></Placemark>
<Placemark><name>divisa 54</name><styleUrl>#malha</styleUrl><LineString><tessellate>1</tessellate><coordinates>-57.100480,-13.892750,0 -57.104620,-13.886790,0</coordinates></LineString></Placemark>
<Placemark><name>divisa 55</name><styleUrl>#malha</styleUrl><LineString><tessellate>1</tessellate><coordinates>-57.087390,-13.861870,0 -57.091310,-13.864610,0 -57.095560,-13.865010,0 -57.099000,-13.865670,0 -57.099530,-13.865910,0 -57.099720,-13.866270,0 -57.099570,-13.867310,0 -57.099650,-13.867930,0 -57.098310,-13.871370,0</coordinates></LineString></Placemark>
<Placemark><name>divisa 56</name><styleUrl>#malha</styleUrl><LineString><tessellate>1</tessellate><coordinates>-57.094210,-13.881150,0 -57.098310,-13.871370,0</coordinates></LineString></Placemark>
<Placemark><name>divisa 57</name><styleUrl>#malha</styleUrl><LineString><tessellate>1</tessellate><coordinates>-57.094210,-13.881150,0 -57.085660,-13.877820,0</coordinates></LineString></Placemark>
<Placemark><name>divisa 58</name><styleUrl>#malha</styleUrl><LineString><tessellate>1</tessellate><coordinates>-57.089650,-13.895330,0 -57.089680,-13.895330,0</coordinates></LineString></Placemark>
<Placemark><name>divisa 59</name><styleUrl>#malha</styleUrl><LineString><tessellate>1</tessellate><coordinates>-57.089650,-13.895310,0 -57.089680,-13.895330,0</coordinates></LineString></Placemark>
<Placemark><name>divisa 60</name><styleUrl>#malha</styleUrl><LineString><tessellate>1</tessellate><coordinates>-57.089680,-13.895330,0 -57.089680,-13.895350,0</coordinates></LineString></Placemark>
<Placemark><name>divisa 61</name><styleUrl>#malha</styleUrl><LineString><tessellate>1</tessellate><coordinates>-57.089680,-13.895330,0 -57.089680,-13.895350,0</coordinates></LineString></Placemark>
<Placemark><name>divisa 62</name><styleUrl>#malha</styleUrl><LineString><tessellate>1</tessellate><coordinates>-57.089680,-13.895350,0 -57.089680,-13.895370,0</coordinates></LineString></Placemark>
<Placemark><name>divisa 63</name><styleUrl>#malha</styleUrl><LineString><tessellate>1</tessellate><coordinates>-57.089680,-13.895350,0 -57.089660,-13.895360,0</coordinates></LineString></Placemark>
<Placemark><name>divisa 64</name><styleUrl>#malha</styleUrl><LineString><tessellate>1</tessellate><coordinates>-57.089680,-13.895370,0 -57.089680,-13.895370,0</coordinates></LineString></Placemark>
<Placemark><name>divisa 65</name><styleUrl>#malha</styleUrl><LineString><tessellate>1</tessellate><coordinates>-57.089680,-13.895370,0 -57.089680,-13.895370,0</coordinates></LineString></Placemark>
<Placemark><name>divisa 66</name><styleUrl>#malha</styleUrl><LineString><tessellate>1</tessellate><coordinates>-57.089680,-13.895370,0 -57.089680,-13.895390,0</coordinates></LineString></Placemark>
<Placemark><name>divisa 67</name><styleUrl>#malha</styleUrl><LineString><tessellate>1</tessellate><coordinates>-57.089680,-13.895370,0 -57.089670,-13.895390,0</coordinates></LineString></Placemark>
<Placemark><name>divisa 68</name><styleUrl>#malha</styleUrl><LineString><tessellate>1</tessellate><coordinates>-57.089660,-13.895370,0 -57.089680,-13.895370,0</coordinates></LineString></Placemark>
<Placemark><name>divisa 69</name><styleUrl>#malha</styleUrl><LineString><tessellate>1</tessellate><coordinates>-57.089680,-13.895390,0 -57.089670,-13.895390,0</coordinates></LineString></Placemark>
<Placemark><name>divisa 70</name><styleUrl>#malha</styleUrl><LineString><tessellate>1</tessellate><coordinates>-57.089660,-13.895430,0 -57.089680,-13.895390,0</coordinates></LineString></Placemark>
<Placemark><name>divisa 71</name><styleUrl>#malha</styleUrl><LineString><tessellate>1</tessellate><coordinates>-57.089680,-13.895390,0 -57.089680,-13.895410,0</coordinates></LineString></Placemark>
<Placemark><name>divisa 72</name><styleUrl>#malha</styleUrl><LineString><tessellate>1</tessellate><coordinates>-57.089670,-13.895400,0 -57.089680,-13.895410,0</coordinates></LineString></Placemark>
<Placemark><name>divisa 73</name><styleUrl>#malha</styleUrl><LineString><tessellate>1</tessellate><coordinates>-57.089680,-13.895410,0 -57.089670,-13.895390,0</coordinates></LineString></Placemark>
<Placemark><name>divisa 74</name><styleUrl>#malha</styleUrl><LineString><tessellate>1</tessellate><coordinates>-57.089680,-13.895410,0 -57.089660,-13.895420,0</coordinates></LineString></Placemark>
<Placemark><name>divisa 75</name><styleUrl>#malha</styleUrl><LineString><tessellate>1</tessellate><coordinates>-57.089670,-13.895390,0 -57.089670,-13.895380,0</coordinates></LineString></Placemark>
<Placemark><name>divisa 76</name><styleUrl>#malha</styleUrl><LineString><tessellate>1</tessellate><coordinates>-57.089670,-13.895390,0 -57.089670,-13.895390,0</coordinates></LineString></Placemark>
<Placemark><name>divisa 77</name><styleUrl>#malha</styleUrl><LineString><tessellate>1</tessellate><coordinates>-57.089670,-13.895390,0 -57.089670,-13.895380,0</coordinates></LineString></Placemark>
<Placemark><name>divisa 78</name><styleUrl>#malha</styleUrl><LineString><tessellate>1</tessellate><coordinates>-57.089670,-13.895390,0 -57.089670,-13.895400,0</coordinates></LineString></Placemark>
<Placemark><name>divisa 79</name><styleUrl>#malha</styleUrl><LineString><tessellate>1</tessellate><coordinates>-57.089640,-13.895370,0 -57.089670,-13.895400,0</coordinates></LineString></Placemark>
<Placemark><name>divisa 80</name><styleUrl>#malha</styleUrl><LineString><tessellate>1</tessellate><coordinates>-57.089670,-13.895400,0 -57.089660,-13.895420,0</coordinates></LineString></Placemark>
<Placemark><name>divisa 81</name><styleUrl>#malha</styleUrl><LineString><tessellate>1</tessellate><coordinates>-57.089670,-13.895380,0 -57.089640,-13.895370,0</coordinates></LineString></Placemark>
<Placemark><name>divisa 82</name><styleUrl>#malha</styleUrl><LineString><tessellate>1</tessellate><coordinates>-57.089670,-13.895380,0 -57.089660,-13.895370,0</coordinates></LineString></Placemark>
<Placemark><name>divisa 83</name><styleUrl>#malha</styleUrl><LineString><tessellate>1</tessellate><coordinates>-57.089640,-13.895370,0 -57.089660,-13.895370,0</coordinates></LineString></Placemark>
<Placemark><name>divisa 84</name><styleUrl>#malha</styleUrl><LineString><tessellate>1</tessellate><coordinates>-57.089660,-13.895370,0 -57.089660,-13.895360,0</coordinates></LineString></Placemark>
<Placemark><name>divisa 85</name><styleUrl>#malha</styleUrl><LineString><tessellate>1</tessellate><coordinates>-57.089660,-13.895420,0 -57.089660,-13.895430,0</coordinates></LineString></Placemark>
<Placemark><name>divisa 86</name><styleUrl>#malha</styleUrl><LineString><tessellate>1</tessellate><coordinates>-57.089660,-13.895420,0 -57.089640,-13.895430,0</coordinates></LineString></Placemark>
<Placemark><name>divisa 87</name><styleUrl>#malha</styleUrl><LineString><tessellate>1</tessellate><coordinates>-57.089660,-13.895360,0 -57.089650,-13.895340,0</coordinates></LineString></Placemark>
<Placemark><name>divisa 88</name><styleUrl>#malha</styleUrl><LineString><tessellate>1</tessellate><coordinates>-57.089660,-13.895360,0 -57.089640,-13.895370,0</coordinates></LineString></Placemark>
<Placemark><name>divisa 89</name><styleUrl>#malha</styleUrl><LineString><tessellate>1</tessellate><coordinates>-57.089660,-13.895430,0 -57.089170,-13.896620,0 -57.085520,-13.894740,0 -57.081910,-13.893510,0 -57.079550,-13.892060,0 -57.077240,-13.890810,0 -57.075780,-13.889740,0</coordinates></LineString></Placemark>
<Placemark><name>divisa 90</name><styleUrl>#malha</styleUrl><LineString><tessellate>1</tessellate><coordinates>-57.089640,-13.895440,0 -57.089660,-13.895430,0</coordinates></LineString></Placemark>
<Placemark><name>divisa 91</name><styleUrl>#malha</styleUrl><LineString><tessellate>1</tessellate><coordinates>-57.085660,-13.877820,0 -57.094150,-13.881240,0 -57.089650,-13.895310,0</coordinates></LineString></Placemark>
<Placemark><name>divisa 92</name><styleUrl>#malha</styleUrl><LineString><tessellate>1</tessellate><coordinates>-57.089650,-13.895310,0 -57.089650,-13.895330,0</coordinates></LineString></Placemark>
<Placemark><name>divisa 93</name><styleUrl>#malha</styleUrl><LineString><tessellate>1</tessellate><coordinates>-57.089640,-13.895330,0 -57.089650,-13.895310,0</coordinates></LineString></Placemark>
<Placemark><name>divisa 94</name><styleUrl>#malha</styleUrl><LineString><tessellate>1</tessellate><coordinates>-57.089640,-13.895330,0 -57.089650,-13.895330,0</coordinates></LineString></Placemark>
<Placemark><name>divisa 95</name><styleUrl>#malha</styleUrl><LineString><tessellate>1</tessellate><coordinates>-57.089650,-13.895330,0 -57.089650,-13.895340,0</coordinates></LineString></Placemark>
<Placemark><name>divisa 96</name><styleUrl>#malha</styleUrl><LineString><tessellate>1</tessellate><coordinates>-57.089650,-13.895340,0 -57.089640,-13.895330,0</coordinates></LineString></Placemark>
<Placemark><name>divisa 97</name><styleUrl>#malha</styleUrl><LineString><tessellate>1</tessellate><coordinates>-57.089650,-13.895340,0 -57.089640,-13.895360,0</coordinates></LineString></Placemark>
<Placemark><name>divisa 98</name><styleUrl>#malha</styleUrl><LineString><tessellate>1</tessellate><coordinates>-57.089640,-13.895360,0 -57.089640,-13.895330,0</coordinates></LineString></Placemark>
<Placemark><name>divisa 99</name><styleUrl>#malha</styleUrl><LineString><tessellate>1</tessellate><coordinates>-57.089640,-13.895430,0 -57.089640,-13.895360,0</coordinates></LineString></Placemark>
<Placemark><name>divisa 100</name><styleUrl>#malha</styleUrl><LineString><tessellate>1</tessellate><coordinates>-57.089640,-13.895360,0 -57.089610,-13.895440,0</coordinates></LineString></Placemark>
<Placemark><name>divisa 101</name><styleUrl>#malha</styleUrl><LineString><tessellate>1</tessellate><coordinates>-57.089640,-13.895440,0 -57.089640,-13.895430,0</coordinates></LineString></Placemark>
<Placemark><name>divisa 102</name><styleUrl>#malha</styleUrl><LineString><tessellate>1</tessellate><coordinates>-57.089640,-13.895430,0 -57.089610,-13.895440,0</coordinates></LineString></Placemark>
<Placemark><name>divisa 103</name><styleUrl>#malha</styleUrl><LineString><tessellate>1</tessellate><coordinates>-57.089610,-13.895450,0 -57.089640,-13.895440,0</coordinates></LineString></Placemark>
<Placemark><name>divisa 104</name><styleUrl>#malha</styleUrl><LineString><tessellate>1</tessellate><coordinates>-57.089610,-13.895450,0 -57.089640,-13.895440,0</coordinates></LineString></Placemark>
<Placemark><name>divisa 105</name><styleUrl>#malha</styleUrl><LineString><tessellate>1</tessellate><coordinates>-57.089610,-13.895440,0 -57.089610,-13.895450,0</coordinates></LineString></Placemark>
<Placemark><name>divisa 106</name><styleUrl>#malha</styleUrl><LineString><tessellate>1</tessellate><coordinates>-57.089610,-13.895440,0 -57.089610,-13.895450,0</coordinates></LineString></Placemark>
<Placemark><name>divisa 107</name><styleUrl>#malha</styleUrl><LineString><tessellate>1</tessellate><coordinates>-57.081450,-13.876160,0 -57.087390,-13.861870,0</coordinates></LineString></Placemark>
<Placemark><name>divisa 108</name><styleUrl>#malha</styleUrl><LineString><tessellate>1</tessellate><coordinates>-57.081450,-13.876160,0 -57.065560,-13.869880,0 -57.065070,-13.868660,0 -57.064970,-13.867830,0 -57.064550,-13.866310,0 -57.064790,-13.864860,0 -57.064800,-13.863480,0 -57.065020,-13.861710,0 -57.066410,-13.860320,0 -57.067200,-13.860030,0 -57.070350,-13.859810,0 -57.071860,-13.860040,0 -57.074340,-13.859450,0 -57.076660,-13.858540,0 -57.077230,-13.858480,0 -57.078300,-13.858840,0 -57.079660,-13.859520,0 -57.080380,-13.860200,0 -57.081670,-13.861020,0 -57.082970,-13.861240,0 -57.085180,-13.861860,0 -57.087390,-13.861870,0</coordinates></LineString></Placemark>
<Placemark><name>divisa 109</name><styleUrl>#malha</styleUrl><LineString><tessellate>1</tessellate><coordinates>-57.081430,-13.876200,0 -57.085660,-13.877820,0</coordinates></LineString></Placemark>
<Placemark><name>divisa 110</name><styleUrl>#malha</styleUrl><LineString><tessellate>1</tessellate><coordinates>-57.085660,-13.877820,0 -57.081450,-13.876160,0</coordinates></LineString></Placemark>
<Placemark><name>divisa 111</name><styleUrl>#malha</styleUrl><LineString><tessellate>1</tessellate><coordinates>-57.081430,-13.876200,0 -57.081430,-13.876200,0</coordinates></LineString></Placemark>
<Placemark><name>divisa 112</name><styleUrl>#malha</styleUrl><LineString><tessellate>1</tessellate><coordinates>-57.075780,-13.889740,0 -57.073490,-13.888310,0 -57.074070,-13.887750,0 -57.074040,-13.887260,0 -57.074290,-13.886880,0 -57.075270,-13.886270,0 -57.075260,-13.886070,0 -57.074090,-13.884400,0 -57.074280,-13.884230,0 -57.075840,-13.883680,0 -57.075170,-13.882940,0 -57.073480,-13.880650,0 -57.072640,-13.879830,0 -57.072690,-13.879110,0 -57.072360,-13.877950,0 -57.071260,-13.876800,0 -57.068240,-13.875730,0 -57.067370,-13.875140,0 -57.066880,-13.874230,0 -57.066580,-13.872760,0 -57.066000,-13.870860,0 -57.065580,-13.869930,0 -57.081430,-13.876200,0</coordinates></LineString></Placemark>
<Placemark><name>divisa 113</name><styleUrl>#malha</styleUrl><LineString><tessellate>1</tessellate><coordinates>-57.081430,-13.876200,0 -57.081430,-13.876200,0</coordinates></LineString></Placemark>
<Placemark><name>divisa 114</name><styleUrl>#malha</styleUrl><LineString><tessellate>1</tessellate><coordinates>-57.075910,-13.889440,0 -57.081430,-13.876200,0</coordinates></LineString></Placemark>
<Placemark><name>divisa 115</name><styleUrl>#malha</styleUrl><LineString><tessellate>1</tessellate><coordinates>-57.081430,-13.876200,0 -57.075910,-13.889440,0</coordinates></LineString></Placemark>
<Placemark><name>divisa 116</name><styleUrl>#malha</styleUrl><LineString><tessellate>1</tessellate><coordinates>-57.071760,-13.893640,0 -57.074300,-13.896490,0 -57.076820,-13.897130,0</coordinates></LineString></Placemark>
<Placemark><name>divisa 117</name><styleUrl>#malha</styleUrl><LineString><tessellate>1</tessellate><coordinates>-57.071760,-13.893640,0 -57.074340,-13.896490,0 -57.076820,-13.897130,0</coordinates></LineString></Placemark>
<Placemark><name>divisa 118</name><styleUrl>#malha</styleUrl><LineString><tessellate>1</tessellate><coordinates>-57.076820,-13.897130,0 -57.078390,-13.897540,0 -57.076540,-13.897700,0</coordinates></LineString></Placemark>
<Placemark><name>divisa 119</name><styleUrl>#malha</styleUrl><LineString><tessellate>1</tessellate><coordinates>-57.076820,-13.897130,0 -57.078290,-13.897540,0 -57.076540,-13.897700,0</coordinates></LineString></Placemark>
<Placemark><name>divisa 120</name><styleUrl>#malha</styleUrl><LineString><tessellate>1</tessellate><coordinates>-57.076540,-13.897700,0 -57.065010,-13.898870,0</coordinates></LineString></Placemark>
<Placemark><name>divisa 121</name><styleUrl>#malha</styleUrl><LineString><tessellate>1</tessellate><coordinates>-57.076540,-13.897700,0 -57.073370,-13.897970,0 -57.066320,-13.890400,0</coordinates></LineString></Placemark>
<Placemark><name>divisa 122</name><styleUrl>#malha</styleUrl><LineString><tessellate>1</tessellate><coordinates>-57.075910,-13.889440,0 -57.075780,-13.889740,0</coordinates></LineString></Placemark>
<Placemark><name>divisa 123</name><styleUrl>#malha</styleUrl><LineString><tessellate>1</tessellate><coordinates>-57.075780,-13.889740,0 -57.075910,-13.889440,0</coordinates></LineString></Placemark>
<Placemark><name>divisa 124</name><styleUrl>#malha</styleUrl><LineString><tessellate>1</tessellate><coordinates>-57.070210,-13.892730,0 -57.070370,-13.893040,0 -57.071760,-13.893640,0</coordinates></LineString></Placemark>
<Placemark><name>divisa 125</name><styleUrl>#malha</styleUrl><LineString><tessellate>1</tessellate><coordinates>-57.070210,-13.892730,0 -57.070430,-13.893020,0 -57.071760,-13.893640,0</coordinates></LineString></Placemark>
<Placemark><name>divisa 126</name><styleUrl>#malha</styleUrl><LineString><tessellate>1</tessellate><coordinates>-57.069010,-13.890490,0 -57.069920,-13.892370,0 -57.070210,-13.892730,0</coordinates></LineString></Placemark>
<Placemark><name>divisa 127</name><styleUrl>#malha</styleUrl><LineString><tessellate>1</tessellate><coordinates>-57.069010,-13.890490,0 -57.070210,-13.892730,0</coordinates></LineString></Placemark>
<Placemark><name>divisa 128</name><styleUrl>#malha</styleUrl><LineString><tessellate>1</tessellate><coordinates>-57.068810,-13.890100,0 -57.069010,-13.890490,0</coordinates></LineString></Placemark>
<Placemark><name>divisa 129</name><styleUrl>#malha</styleUrl><LineString><tessellate>1</tessellate><coordinates>-57.068810,-13.890100,0 -57.069010,-13.890490,0</coordinates></LineString></Placemark>
<Placemark><name>divisa 130</name><styleUrl>#malha</styleUrl><LineString><tessellate>1</tessellate><coordinates>-57.067620,-13.890200,0 -57.068760,-13.890020,0 -57.068810,-13.890100,0</coordinates></LineString></Placemark>
<Placemark><name>divisa 131</name><styleUrl>#malha</styleUrl><LineString><tessellate>1</tessellate><coordinates>-57.067620,-13.890200,0 -57.068810,-13.890100,0</coordinates></LineString></Placemark>
<Placemark><name>divisa 132</name><styleUrl>#malha</styleUrl><LineString><tessellate>1</tessellate><coordinates>-57.068310,-13.887950,0 -57.068330,-13.889060,0 -57.068620,-13.889780,0</coordinates></LineString></Placemark>
<Placemark><name>divisa 133</name><styleUrl>#malha</styleUrl><LineString><tessellate>1</tessellate><coordinates>-57.068310,-13.887950,0 -57.068370,-13.889060,0 -57.068620,-13.889780,0</coordinates></LineString></Placemark>
<Placemark><name>divisa 134</name><styleUrl>#malha</styleUrl><LineString><tessellate>1</tessellate><coordinates>-57.068620,-13.889780,0 -57.068720,-13.890020,0 -57.066150,-13.890290,0</coordinates></LineString></Placemark>
<Placemark><name>divisa 135</name><styleUrl>#malha</styleUrl><LineString><tessellate>1</tessellate><coordinates>-57.068620,-13.889780,0 -57.068700,-13.889990,0 -57.066150,-13.890290,0</coordinates></LineString></Placemark>
<Placemark><name>divisa 136</name><styleUrl>#malha</styleUrl><LineString><tessellate>1</tessellate><coordinates>-57.068310,-13.887950,0 -57.068310,-13.887950,0</coordinates></LineString></Placemark>
<Placemark><name>divisa 137</name><styleUrl>#malha</styleUrl><LineString><tessellate>1</tessellate><coordinates>-57.068310,-13.887950,0 -57.068310,-13.887950,0</coordinates></LineString></Placemark>
<Placemark><name>divisa 138</name><styleUrl>#malha</styleUrl><LineString><tessellate>1</tessellate><coordinates>-57.067820,-13.886520,0 -57.068100,-13.887060,0 -57.068310,-13.887950,0</coordinates></LineString></Placemark>
<Placemark><name>divisa 139</name><styleUrl>#malha</styleUrl><LineString><tessellate>1</tessellate><coordinates>-57.067820,-13.886520,0 -57.068070,-13.886930,0 -57.068310,-13.887950,0</coordinates></LineString></Placemark>
<Placemark><name>divisa 140</name><styleUrl>#malha</styleUrl><LineString><tessellate>1</tessellate><coordinates>-57.064720,-13.882010,0 -57.067820,-13.886520,0</coordinates></LineString></Placemark>
<Placemark><name>divisa 141</name><styleUrl>#malha</styleUrl><LineString><tessellate>1</tessellate><coordinates>-57.064720,-13.882010,0 -57.066740,-13.884720,0 -57.067820,-13.886520,0</coordinates></LineString></Placemark>
<Placemark><name>divisa 142</name><styleUrl>#malha</styleUrl><LineString><tessellate>1</tessellate><coordinates>-57.066320,-13.890400,0 -57.067620,-13.890200,0</coordinates></LineString></Placemark>
<Placemark><name>divisa 143</name><styleUrl>#malha</styleUrl><LineString><tessellate>1</tessellate><coordinates>-57.066320,-13.890400,0 -57.066230,-13.890310,0 -57.067620,-13.890200,0</coordinates></LineString></Placemark>
<Placemark><name>divisa 144</name><styleUrl>#malha</styleUrl><LineString><tessellate>1</tessellate><coordinates>-57.066220,-13.890400,0 -57.066320,-13.890400,0</coordinates></LineString></Placemark>
<Placemark><name>divisa 145</name><styleUrl>#malha</styleUrl><LineString><tessellate>1</tessellate><coordinates>-57.066160,-13.890370,0 -57.066220,-13.890400,0</coordinates></LineString></Placemark>
<Placemark><name>divisa 146</name><styleUrl>#malha</styleUrl><LineString><tessellate>1</tessellate><coordinates>-57.066150,-13.890290,0 -57.066220,-13.890400,0</coordinates></LineString></Placemark>
<Placemark><name>divisa 147</name><styleUrl>#malha</styleUrl><LineString><tessellate>1</tessellate><coordinates>-57.066220,-13.890400,0 -57.066160,-13.890370,0</coordinates></LineString></Placemark>
<Placemark><name>divisa 148</name><styleUrl>#malha</styleUrl><LineString><tessellate>1</tessellate><coordinates>-57.066120,-13.890350,0 -57.066160,-13.890370,0</coordinates></LineString></Placemark>
<Placemark><name>divisa 149</name><styleUrl>#malha</styleUrl><LineString><tessellate>1</tessellate><coordinates>-57.066160,-13.890370,0 -57.066110,-13.890300,0</coordinates></LineString></Placemark>
<Placemark><name>divisa 150</name><styleUrl>#malha</styleUrl><LineString><tessellate>1</tessellate><coordinates>-57.066160,-13.890370,0 -57.066160,-13.890370,0</coordinates></LineString></Placemark>
<Placemark><name>divisa 151</name><styleUrl>#malha</styleUrl><LineString><tessellate>1</tessellate><coordinates>-57.066160,-13.890370,0 -57.066120,-13.890350,0</coordinates></LineString></Placemark>
<Placemark><name>divisa 152</name><styleUrl>#malha</styleUrl><LineString><tessellate>1</tessellate><coordinates>-57.065010,-13.898870,0 -57.056290,-13.891370,0 -57.066160,-13.890370,0</coordinates></LineString></Placemark>
<Placemark><name>divisa 153</name><styleUrl>#malha</styleUrl><LineString><tessellate>1</tessellate><coordinates>-57.066150,-13.890290,0 -57.066150,-13.890290,0</coordinates></LineString></Placemark>
<Placemark><name>divisa 154</name><styleUrl>#malha</styleUrl><LineString><tessellate>1</tessellate><coordinates>-57.066150,-13.890290,0 -57.066110,-13.890300,0</coordinates></LineString></Placemark>
<Placemark><name>divisa 155</name><styleUrl>#malha</styleUrl><LineString><tessellate>1</tessellate><coordinates>-57.066110,-13.890290,0 -57.066040,-13.890120,0 -57.066150,-13.890290,0</coordinates></LineString></Placemark>
<Placemark><name>divisa 156</name><styleUrl>#malha</styleUrl><LineString><tessellate>1</tessellate><coordinates>-57.066150,-13.890290,0 -57.066110,-13.890290,0</coordinates></LineString></Placemark>
<Placemark><name>divisa 157</name><styleUrl>#malha</styleUrl><LineString><tessellate>1</tessellate><coordinates>-57.066120,-13.890350,0 -57.066090,-13.890300,0</coordinates></LineString></Placemark>
<Placemark><name>divisa 158</name><styleUrl>#malha</styleUrl><LineString><tessellate>1</tessellate><coordinates>-57.066110,-13.890300,0 -57.066110,-13.890290,0</coordinates></LineString></Placemark>
<Placemark><name>divisa 159</name><styleUrl>#malha</styleUrl><LineString><tessellate>1</tessellate><coordinates>-57.066110,-13.890300,0 -57.066090,-13.890300,0</coordinates></LineString></Placemark>
<Placemark><name>divisa 160</name><styleUrl>#malha</styleUrl><LineString><tessellate>1</tessellate><coordinates>-57.066110,-13.890290,0 -57.066080,-13.890290,0</coordinates></LineString></Placemark>
<Placemark><name>divisa 161</name><styleUrl>#malha</styleUrl><LineString><tessellate>1</tessellate><coordinates>-57.066090,-13.890300,0 -57.066080,-13.890290,0</coordinates></LineString></Placemark>
<Placemark><name>divisa 162</name><styleUrl>#malha</styleUrl><LineString><tessellate>1</tessellate><coordinates>-57.066090,-13.890300,0 -57.064830,-13.890440,0</coordinates></LineString></Placemark>
<Placemark><name>divisa 163</name><styleUrl>#malha</styleUrl><LineString><tessellate>1</tessellate><coordinates>-57.066080,-13.890290,0 -57.065820,-13.889950,0</coordinates></LineString></Placemark>
<Placemark><name>divisa 164</name><styleUrl>#malha</styleUrl><LineString><tessellate>1</tessellate><coordinates>-57.066080,-13.890290,0 -57.064830,-13.890440,0</coordinates></LineString></Placemark>
<Placemark><name>divisa 165</name><styleUrl>#malha</styleUrl><LineString><tessellate>1</tessellate><coordinates>-57.065010,-13.898870,0 -57.046250,-13.900780,0 -57.043500,-13.892580,0 -57.056120,-13.891330,0 -57.065010,-13.898870,0</coordinates></LineString></Placemark>
<Placemark><name>divisa 166</name><styleUrl>#malha</styleUrl><LineString><tessellate>1</tessellate><coordinates>-57.064830,-13.890440,0 -57.064450,-13.890480,0</coordinates></LineString></Placemark>
<Placemark><name>divisa 167</name><styleUrl>#malha</styleUrl><LineString><tessellate>1</tessellate><coordinates>-57.064830,-13.890440,0 -57.064500,-13.890470,0 -57.059310,-13.882540,0 -57.064720,-13.882010,0</coordinates></LineString></Placemark>
<Placemark><name>divisa 168</name><styleUrl>#malha</styleUrl><LineString><tessellate>1</tessellate><coordinates>-57.064620,-13.881870,0 -57.064720,-13.882010,0</coordinates></LineString></Placemark>
<Placemark><name>divisa 169</name><styleUrl>#malha</styleUrl><LineString><tessellate>1</tessellate><coordinates>-57.056500,-13.882780,0 -57.064620,-13.881870,0</coordinates></LineString></Placemark>
<Placemark><name>divisa 170</name><styleUrl>#malha</styleUrl><LineString><tessellate>1</tessellate><coordinates>-57.056500,-13.882780,0 -57.049310,-13.875100,0 -57.059040,-13.874410,0 -57.059730,-13.874700,0 -57.060110,-13.875040,0 -57.061490,-13.877390,0 -57.061960,-13.877870,0 -57.063480,-13.880020,0 -57.064080,-13.880500,0 -57.064400,-13.881660,0 -57.064620,-13.881870,0</coordinates></LineString></Placemark>
<Placemark><name>divisa 171</name><styleUrl>#malha</styleUrl><LineString><tessellate>1</tessellate><coordinates>-57.064620,-13.881870,0 -57.056500,-13.882780,0</coordinates></LineString></Placemark>
<Placemark><name>divisa 172</name><styleUrl>#malha</styleUrl><LineString><tessellate>1</tessellate><coordinates>-57.064460,-13.890480,0 -57.064460,-13.890480,0</coordinates></LineString></Placemark>
<Placemark><name>divisa 173</name><styleUrl>#malha</styleUrl><LineString><tessellate>1</tessellate><coordinates>-57.064460,-13.890480,0 -57.064450,-13.890480,0</coordinates></LineString></Placemark>
<Placemark><name>divisa 174</name><styleUrl>#malha</styleUrl><LineString><tessellate>1</tessellate><coordinates>-57.064450,-13.890480,0 -57.064460,-13.890480,0</coordinates></LineString></Placemark>
<Placemark><name>divisa 175</name><styleUrl>#malha</styleUrl><LineString><tessellate>1</tessellate><coordinates>-57.064450,-13.890480,0 -57.057800,-13.891080,0 -57.050890,-13.883410,0 -57.056500,-13.882780,0</coordinates></LineString></Placemark>
<Placemark><name>divisa 176</name><styleUrl>#malha</styleUrl><LineString><tessellate>1</tessellate><coordinates>-57.038190,-13.884470,0 -57.045010,-13.883840,0</coordinates></LineString></Placemark>
<Placemark><name>divisa 177</name><styleUrl>#malha</styleUrl><LineString><tessellate>1</tessellate><coordinates>-57.038190,-13.884470,0 -57.040760,-13.875760,0 -57.049180,-13.875150,0 -57.052770,-13.878950,0 -57.053760,-13.880180,0 -57.056420,-13.882790,0 -57.045010,-13.883840,0</coordinates></LineString></Placemark>
<Placemark><name>divisa 178</name><styleUrl>#malha</styleUrl><LineString><tessellate>1</tessellate><coordinates>-57.045010,-13.883840,0 -57.043360,-13.892510,0 -57.046200,-13.900830,0 -57.033020,-13.902180,0</coordinates></LineString></Placemark>
<Placemark><name>divisa 179</name><styleUrl>#malha</styleUrl><LineString><tessellate>1</tessellate><coordinates>-57.045010,-13.883840,0 -57.038190,-13.884470,0</coordinates></LineString></Placemark>
<Placemark><name>divisa 180</name><styleUrl>#malha</styleUrl><LineString><tessellate>1</tessellate><coordinates>-57.033020,-13.902180,0 -57.038190,-13.884470,0</coordinates></LineString></Placemark>
<Placemark><name>divisa 181</name><styleUrl>#malha</styleUrl><LineString><tessellate>1</tessellate><coordinates>-57.033020,-13.902180,0 -57.055790,-13.899850,0 -57.058130,-13.907960,0 -57.054710,-13.908190,0 -57.030830,-13.910640,0 -57.030640,-13.910340,0 -57.033020,-13.902180,0</coordinates></LineString></Placemark>
<Placemark><name>divisa 182</name><styleUrl>#malha</styleUrl><LineString><tessellate>1</tessellate><coordinates>-57.103110,-13.897460,0 -57.105080,-13.899060,0 -57.106710,-13.900860,0 -57.107810,-13.902990,0 -57.107040,-13.903040,0 -57.105960,-13.901620,0 -57.104360,-13.901090,0 -57.103600,-13.899940,0 -57.102560,-13.900020,0 -57.102230,-13.899640,0 -57.098090,-13.898590,0 -57.099530,-13.895160,0 -57.103110,-13.897460,0</coordinates></LineString></Placemark>
<Placemark><name>divisa 183</name><styleUrl>#malha</styleUrl><LineString><tessellate>1</tessellate><coordinates>-57.086250,-13.905300,0 -57.085880,-13.905150,0 -57.080460,-13.905650,0 -57.079560,-13.905900,0 -57.077450,-13.906120,0 -57.071610,-13.903930,0 -57.068720,-13.902200,0 -57.065030,-13.898970,0 -57.080830,-13.897290,0 -57.082430,-13.898350,0 -57.083630,-13.898510,0 -57.084120,-13.898820,0 -57.084850,-13.899910,0 -57.085490,-13.901450,0 -57.086540,-13.904960,0 -57.086510,-13.905280,0 -57.086250,-13.905300,0</coordinates></LineString></Placemark>
<Placemark><name>divisa 184</name><styleUrl>#malha</styleUrl><LineString><tessellate>1</tessellate><coordinates>-57.064970,-13.899030,0 -57.068230,-13.902040,0 -57.069690,-13.902970,0 -57.071430,-13.903960,0 -57.076740,-13.905900,0 -57.077190,-13.906160,0 -57.058250,-13.907910,0 -57.055920,-13.899950,0 -57.064970,-13.899030,0</coordinates></LineString></Placemark>
<Placemark><name>divisa 185</name><styleUrl>#malha</styleUrl><LineString><tessellate>1</tessellate><coordinates>-57.050800,-13.883370,0 -57.057800,-13.891120,0 -57.043500,-13.892490,0 -57.045050,-13.883870,0 -57.050800,-13.883370,0</coordinates></LineString></Placemark>
<Placemark><name>divisa 186</name><styleUrl>#malha</styleUrl><LineString><tessellate>1</tessellate><coordinates>-57.045690,-13.874290,0 -57.049860,-13.860600,0 -57.055020,-13.862070,0 -57.055140,-13.862160,0 -57.055540,-13.869320,0 -57.059170,-13.874330,0 -57.045500,-13.875310,0 -57.045690,-13.874290,0</coordinates></LineString></Placemark>
<Placemark><name>divisa 187</name><styleUrl>#malha</styleUrl><LineString><tessellate>1</tessellate><coordinates>-57.045660,-13.874270,0 -57.045440,-13.875340,0 -57.040780,-13.875680,0 -57.045560,-13.859520,0 -57.047720,-13.859880,0 -57.049820,-13.860590,0 -57.045660,-13.874270,0</coordinates></LineString></Placemark>
</Folder><Folder><name>Estradas extras</name>
<Placemark><name>ESTRADA 01 - PONTE DE PEDRA</name><styleUrl>#extra</styleUrl><LineString><tessellate>1</tessellate><coordinates>-57.475096,-13.560327,0 -57.475134,-13.559923,0 -57.474906,-13.559553,0 -57.474968,-13.559292,0 -57.475702,-13.558849,0 -57.476770,-13.558147,0 -57.477580,-13.557621,0 -57.478202,-13.557300,0 -57.480029,-13.556653,0 -57.481029,-13.556374,0 -57.482240,-13.556040,0 -57.484200,-13.555561,0 -57.485734,-13.554956,0 -57.486822,-13.557173,0 -57.489803,-13.563659,0 -57.498769,-13.583329,0 -57.498800,-13.583550,0 -57.498716,-13.583704,0 -57.498448,-13.583975,0 -57.498246,-13.584218,0 -57.497385,-13.584833,0 -57.497275,-13.584849,0 -57.497085,-13.584700,0 -57.495840,-13.583848,0 -57.495580,-13.583655,0 -57.494108,-13.582625,0 -57.492241,-13.581418,0 -57.491265,-13.580706,0 -57.491104,-13.580539,0 -57.490087,-13.579624,0 -57.489851,-13.579535,0 -57.489586,-13.579496,0 -57.489350,-13.579410,0 -57.488703,-13.579043,0 -57.488228,-13.578740,0 -57.486530,-13.577490,0 -57.486005,-13.577017,0 -57.485715,-13.576219,0 -57.485605,-13.575935,0 -57.485501,-13.575627,0 -57.485407,-13.575233,0 -57.485393,-13.574430,0 -57.485372,-13.573659,0 -57.485299,-13.572274,0 -57.485286,-13.571750,0 -57.485203,-13.570410,0 -57.485109,-13.570063,0 -57.484658,-13.568606,0 -57.484307,-13.567487,0 -57.484189,-13.566804,0 -57.483543,-13.566968,0 -57.483170,-13.566989,0 -57.481933,-13.567226,0 -57.481335,-13.567372,0 -57.480555,-13.567563,0 -57.480064,-13.567602,0 -57.479761,-13.567492,0 -57.479514,-13.567325,0 -57.479213,-13.567187,0 -57.478755,-13.567005,0 -57.478366,-13.566830,0 -57.477792,-13.566554,0 -57.477470,-13.566454,0 -57.477270,-13.566410,0 -57.476451,-13.567273,0 -57.475834,-13.567907,0 -57.474064,-13.569761,0 -57.472017,-13.571849,0 -57.471513,-13.572347,0 -57.471725,-13.572663,0 -57.476711,-13.577215,0 -57.478935,-13.579259,0 -57.480791,-13.580967,0 -57.481504,-13.581652,0 -57.491840,-13.590690,0 -57.491891,-13.590724,0 -57.493703,-13.588872,0 -57.488751,-13.593966,0 -57.442907,-13.641295,0 -57.437745,-13.646644,0 -57.436604,-13.647817,0 -57.436502,-13.647942,0 -57.435603,-13.648883,0 -57.433404,-13.651145,0 -57.430794,-13.653858,0 -57.429737,-13.655029,0 -57.429684,-13.655094,0</coordinates></LineString></Placemark>
<Placemark><name>ESTRADA 02 - PONTE DE PEDRA</name><styleUrl>#extra</styleUrl><LineString><tessellate>1</tessellate><coordinates>-57.428880,-13.515290,0 -57.428552,-13.515950,0 -57.425945,-13.524681,0 -57.423796,-13.531780,0 -57.423737,-13.531999,0</coordinates></LineString></Placemark>
<Placemark><name>ESTRADA 03 - PONTE DE PEDRA</name><styleUrl>#extra</styleUrl><LineString><tessellate>1</tessellate><coordinates>-57.414387,-13.517092,0 -57.409830,-13.527850,0 -57.409841,-13.527987,0 -57.436234,-13.535706,0 -57.441820,-13.537430,0 -57.443859,-13.537996,0 -57.445898,-13.538587,0 -57.448820,-13.539458,0 -57.450873,-13.540082,0 -57.451461,-13.540338,0 -57.452585,-13.540879,0 -57.454021,-13.541600,0 -57.454567,-13.541879,0 -57.455255,-13.542066,0 -57.455583,-13.542102,0 -57.457201,-13.542176,0 -57.458316,-13.542246,0 -57.458640,-13.542377,0 -57.458638,-13.542541,0 -57.458727,-13.542716,0 -57.458759,-13.542893,0 -57.459739,-13.544986,0 -57.459987,-13.545326,0 -57.461135,-13.546784,0 -57.461350,-13.547180,0 -57.461634,-13.547738,0 -57.461865,-13.548103,0 -57.462364,-13.548656,0 -57.462444,-13.548656,0 -57.462520,-13.548850,0 -57.462670,-13.549167,0 -57.462852,-13.549501,0 -57.463002,-13.549824,0 -57.463297,-13.550570,0 -57.463490,-13.550867,0 -57.463802,-13.551368,0 -57.464198,-13.551738,0 -57.464697,-13.551868,0 -57.466820,-13.552560,0 -57.467047,-13.552656,0 -57.467347,-13.552937,0 -57.467510,-13.553150,0 -57.467675,-13.553344,0 -57.467927,-13.553788,0 -57.468318,-13.554343,0 -57.468989,-13.555102,0 -57.469466,-13.555522,0 -57.469651,-13.555654,0 -57.470767,-13.556421,0 -57.471443,-13.556870,0 -57.472554,-13.557521,0 -57.473439,-13.557931,0 -57.474353,-13.558544,0 -57.474646,-13.558890,0 -57.474968,-13.559292,0</coordinates></LineString></Placemark>
<Placemark><name>ESTRADA 04 - PONTE DE PEDRA</name><styleUrl>#extra</styleUrl><LineString><tessellate>1</tessellate><coordinates>-57.441705,-13.537422,0 -57.440472,-13.539190,0 -57.439452,-13.540546,0 -57.438229,-13.542205,0 -57.437001,-13.543837,0 -57.432901,-13.549323,0 -57.430969,-13.551935,0 -57.429469,-13.553926,0 -57.429362,-13.554108,0 -57.429343,-13.554279,0 -57.429382,-13.554412,0 -57.429496,-13.554546,0 -57.429697,-13.554687,0 -57.430002,-13.554807,0 -57.430368,-13.554958,0 -57.430974,-13.555248,0 -57.431417,-13.555407,0 -57.432055,-13.555610,0 -57.432508,-13.555725,0 -57.432948,-13.555759,0 -57.433568,-13.555459,0 -57.434380,-13.555034,0 -57.434791,-13.554964,0 -57.435137,-13.554977,0 -57.435528,-13.555052,0 -57.435783,-13.555117,0 -57.436350,-13.555330,0 -57.437207,-13.555923,0 -57.437615,-13.556160,0 -57.438101,-13.556439,0 -57.438599,-13.556786,0 -57.439018,-13.556969,0 -57.439544,-13.557196,0 -57.440018,-13.557323,0 -57.440300,-13.557490,0 -57.440507,-13.557754,0 -57.440893,-13.558431,0 -57.440965,-13.558737,0 -57.441160,-13.559550,0 -57.441595,-13.559965,0 -57.442183,-13.560606,0 -57.442454,-13.560877,0 -57.442698,-13.561146,0 -57.443057,-13.561623,0 -57.443272,-13.561829,0 -57.443430,-13.561871,0 -57.443425,-13.562210,0 -57.443430,-13.562450,0 -57.443500,-13.562770,0 -57.443631,-13.562945,0 -57.444224,-13.563508,0 -57.444688,-13.563863,0 -57.445620,-13.564540,0 -57.446386,-13.565151,0 -57.447276,-13.565993,0 -57.447400,-13.566180,0 -57.447555,-13.566319,0 -57.447633,-13.566548,0 -57.447901,-13.566955,0 -57.448145,-13.567297,0 -57.449385,-13.568984,0 -57.450087,-13.569904,0 -57.450492,-13.570509,0 -57.451160,-13.571410,0 -57.452170,-13.572660,0 -57.452799,-13.573580,0 -57.453008,-13.573776,0 -57.453153,-13.574024,0 -57.453424,-13.574443,0 -57.453537,-13.574767,0 -57.453542,-13.575249,0 -57.453526,-13.575564,0 -57.453491,-13.575802,0 -57.453494,-13.578508,0 -57.452880,-13.580239,0 -57.452700,-13.580557,0 -57.451587,-13.581668,0 -57.450972,-13.581970,0 -57.449647,-13.582296,0 -57.448870,-13.582416,0 -57.447896,-13.582886,0 -57.445919,-13.583863,0 -57.445627,-13.584426,0 -57.444460,-13.586228,0 -57.444235,-13.587065,0 -57.444187,-13.588079,0 -57.444157,-13.588277,0 -57.443967,-13.588726,0 -57.443851,-13.588958,0 -57.443540,-13.589203,0 -57.442743,-13.589630,0 -57.442135,-13.589865,0 -57.441848,-13.590034,0 -57.440375,-13.591004,0 -57.439222,-13.591745,0 -57.438610,-13.591927,0 -57.437591,-13.592305,0 -57.436132,-13.592725,0 -57.435864,-13.592722,0 -57.435646,-13.592696,0 -57.435515,-13.592605,0 -57.435241,-13.592378,0 -57.435046,-13.592130,0 -57.434850,-13.591961,0 -57.434329,-13.591982,0 -57.433417,-13.592144,0 -57.433214,-13.592039,0 -57.433086,-13.591915,0 -57.433027,-13.591833,0 -57.432826,-13.591567,0 -57.432763,-13.591441,0 -57.432633,-13.591230,0 -57.432463,-13.590957,0 -57.432367,-13.590800,0 -57.432263,-13.590659,0 -57.432196,-13.590532,0 -57.431990,-13.590220,0 -57.431893,-13.590015,0 -57.431764,-13.589775,0 -57.431665,-13.589570,0 -57.431537,-13.589300,0 -57.431447,-13.589117,0 -57.431374,-13.588971,0 -57.431170,-13.588758,0 -57.430942,-13.588617,0 -57.430624,-13.588535,0 -57.430330,-13.588513,0 -57.430187,-13.588524,0 -57.429941,-13.588524,0 -57.429623,-13.588538,0 -57.429402,-13.588542,0 -57.426682,-13.588475,0 -57.425838,-13.588486,0 -57.425148,-13.588546,0 -57.424440,-13.588520,0 -57.423311,-13.588499,0 -57.422200,-13.588488,0 -57.421940,-13.588423,0 -57.421795,-13.588348,0 -57.420736,-13.587571,0 -57.420444,-13.587485,0 -57.419658,-13.587581,0 -57.417209,-13.587967,0 -57.415382,-13.588209,0 -57.415028,-13.588202,0 -57.414199,-13.588204,0 -57.413596,-13.587998,0 -57.413065,-13.587847,0 -57.412759,-13.587737,0 -57.412590,-13.587730,0 -57.411930,-13.587513,0 -57.411410,-13.587340,0 -57.410804,-13.586932,0 -57.410342,-13.586697,0 -57.410058,-13.586538,0 -57.409441,-13.586225,0 -57.408494,-13.585727,0 -57.407204,-13.584930,0 -57.406829,-13.584713,0 -57.406628,-13.584708,0 -57.406560,-13.584765,0 -57.405903,-13.585654,0 -57.405506,-13.586178,0 -57.404924,-13.586958,0 -57.404087,-13.588113,0 -57.403363,-13.589075,0</coordinates></LineString></Placemark>
<Placemark><name>ESTRADA 05 - PONTE DE PEDRA</name><styleUrl>#extra</styleUrl><LineString><tessellate>1</tessellate><coordinates>-57.412740,-13.587826,0 -57.413344,-13.588348,0 -57.413717,-13.588668,0 -57.415828,-13.590592,0 -57.416565,-13.591283,0 -57.417933,-13.592566,0 -57.418925,-13.593460,0 -57.420178,-13.594599,0 -57.421299,-13.595660,0 -57.422520,-13.596763,0 -57.423877,-13.598035,0 -57.425910,-13.599913,0 -57.427374,-13.601266,0 -57.428659,-13.602457,0 -57.429724,-13.603414,0 -57.431229,-13.604816,0 -57.433042,-13.606490,0 -57.434970,-13.608268,0 -57.435920,-13.609190,0 -57.443851,-13.616487,0 -57.446359,-13.618818,0 -57.449484,-13.621719,0 -57.449213,-13.622600,0 -57.449047,-13.623051,0 -57.449505,-13.624042,0 -57.449736,-13.624284,0 -57.450106,-13.624660,0 -57.450320,-13.624780,0 -57.450538,-13.624868,0 -57.451697,-13.625337,0 -57.452104,-13.625530,0 -57.452485,-13.625640,0 -57.452933,-13.625684,0 -57.453416,-13.625726,0 -57.454003,-13.625757,0 -57.454328,-13.625681,0 -57.456230,-13.627400,0 -57.456230,-13.627400,0</coordinates></LineString></Placemark>
<Placemark><name>ESTRADA 06 - PONTE DE PEDRA</name><styleUrl>#extra</styleUrl><LineString><tessellate>1</tessellate><coordinates>-57.427159,-13.637939,0 -57.428184,-13.636873,0 -57.429004,-13.636025,0 -57.432758,-13.632180,0 -57.435383,-13.629521,0 -57.437092,-13.627780,0 -57.439383,-13.625405,0 -57.441475,-13.623247,0 -57.444492,-13.620126,0 -57.446195,-13.618390,0 -57.447985,-13.616495,0 -57.449841,-13.614589,0 -57.451592,-13.612754,0 -57.453295,-13.610989,0 -57.455049,-13.609183,0 -57.456881,-13.607241,0 -57.458690,-13.605350,0 -57.460054,-13.603912,0 -57.461680,-13.602233,0 -57.463909,-13.599928,0 -57.465628,-13.598174,0 -57.467718,-13.595994,0 -57.469558,-13.594081,0 -57.471160,-13.592420,0 -57.472441,-13.591085,0 -57.474099,-13.589372,0 -57.478940,-13.584340,0 -57.480622,-13.582604,0 -57.481520,-13.581700,0 -57.481543,-13.581673,0</coordinates></LineString></Placemark>
<Placemark><name>ESTRADA 07 - PONTE DE PEDRA</name><styleUrl>#extra</styleUrl><LineString><tessellate>1</tessellate><coordinates>-57.471450,-13.572380,0 -57.471513,-13.572347,0 -57.471140,-13.572728,0 -57.470925,-13.572952,0 -57.468774,-13.575194,0 -57.466425,-13.577666,0 -57.465851,-13.578240,0 -57.461983,-13.582255,0 -57.461227,-13.583021,0 -57.460218,-13.584069,0 -57.455782,-13.588653,0 -57.452252,-13.592308,0 -57.448540,-13.596182,0 -57.435810,-13.609363,0 -57.430054,-13.615343,0 -57.427769,-13.617710,0 -57.425226,-13.620348,0 -57.424861,-13.620708,0 -57.424349,-13.621339,0 -57.423497,-13.622270,0 -57.423268,-13.622500,0 -57.422805,-13.622985,0 -57.422758,-13.622944,0 -57.422536,-13.623119,0 -57.421948,-13.623724,0 -57.416740,-13.629120,0 -57.411203,-13.634857,0 -57.410820,-13.635200,0</coordinates></LineString></Placemark>
<Placemark><name>ESTRADA 08 - PONTE DE PEDRA</name><styleUrl>#extra</styleUrl><LineString><tessellate>1</tessellate><coordinates>-57.442074,-13.589871,0 -57.442258,-13.590066,0 -57.442832,-13.590621,0 -57.443654,-13.591356,0 -57.444113,-13.591790,0 -57.446373,-13.593901,0 -57.447106,-13.594571,0 -57.448498,-13.595891,0 -57.448768,-13.596128,0 -57.449241,-13.596549,0 -57.450124,-13.597368,0 -57.450808,-13.598026,0 -57.451805,-13.598947,0 -57.452601,-13.599695,0 -57.453892,-13.600897,0 -57.455173,-13.602075,0 -57.456470,-13.603296,0 -57.457632,-13.604356,0 -57.458845,-13.605495,0 -57.459431,-13.606018,0 -57.460146,-13.606695,0 -57.461532,-13.607969,0 -57.462962,-13.609301,0 -57.464404,-13.610611,0 -57.466391,-13.612469,0 -57.468714,-13.614580,0</coordinates></LineString></Placemark>
<Placemark><name>ESTRADA 09 - PONTE DE PEDRA</name><styleUrl>#extra</styleUrl><LineString><tessellate>1</tessellate><coordinates>-57.439530,-13.540480,0 -57.440555,-13.541602,0 -57.441424,-13.542614,0 -57.442561,-13.543887,0 -57.443336,-13.544810,0 -57.444323,-13.545910,0 -57.445318,-13.547005,0 -57.445396,-13.547159,0 -57.446397,-13.548286,0 -57.447290,-13.549297,0 -57.447590,-13.549621,0 -57.447955,-13.550086,0 -57.448486,-13.550656,0 -57.448609,-13.550791,0 -57.449236,-13.551514,0 -57.449386,-13.551696,0 -57.449932,-13.552296,0 -57.450110,-13.552563,0 -57.450271,-13.552735,0 -57.450365,-13.552825,0 -57.450523,-13.552979,0 -57.451027,-13.553563,0 -57.451187,-13.553768,0 -57.451345,-13.553885,0 -57.451601,-13.554100,0 -57.451823,-13.554291,0 -57.452351,-13.554804,0 -57.452725,-13.555146,0 -57.452932,-13.555342,0 -57.453488,-13.555860,0 -57.454030,-13.556343,0 -57.454274,-13.556576,0 -57.454783,-13.557036,0 -57.455434,-13.557630,0 -57.456061,-13.558202,0 -57.456586,-13.558697,0 -57.457198,-13.559249,0 -57.457417,-13.559451,0 -57.458111,-13.560083,0 -57.458882,-13.560816,0 -57.459128,-13.561042,0 -57.460209,-13.562032,0 -57.460869,-13.562632,0 -57.461380,-13.563080,0 -57.461491,-13.563211,0 -57.461755,-13.563433,0 -57.462460,-13.564095,0 -57.463384,-13.564964,0 -57.464174,-13.565689,0 -57.465043,-13.566481,0 -57.465916,-13.567278,0 -57.466767,-13.568087,0 -57.467925,-13.569150,0 -57.468864,-13.570007,0 -57.469812,-13.570852,0 -57.470472,-13.571519,0 -57.471450,-13.572380,0</coordinates></LineString></Placemark>
<Placemark><name>ESTRADA 10 - PONTE DE PEDRA</name><styleUrl>#extra</styleUrl><LineString><tessellate>1</tessellate><coordinates>-57.469072,-13.555177,0 -57.468613,-13.555537,0 -57.468112,-13.556069,0 -57.466502,-13.557720,0 -57.465084,-13.559229,0 -57.463708,-13.560643,0 -57.461728,-13.562700,0 -57.461347,-13.563097,0 -57.460679,-13.563775,0 -57.458672,-13.565870,0 -57.456163,-13.568487,0 -57.454006,-13.570744,0 -57.452170,-13.572660,0</coordinates></LineString></Placemark>
<Placemark><name>ESTRADA 11 - PONTE DE PEDRA</name><styleUrl>#extra</styleUrl><LineString><tessellate>1</tessellate><coordinates>-57.474101,-13.569721,0 -57.473726,-13.569407,0 -57.473486,-13.569174,0 -57.470250,-13.566203,0 -57.468820,-13.564878,0 -57.467327,-13.563506,0 -57.465368,-13.561695,0 -57.464000,-13.560430,0 -57.463957,-13.560387,0</coordinates></LineString></Placemark>
<Placemark><name>ESTRADA 12 - PONTE DE PEDRA</name><styleUrl>#extra</styleUrl><LineString><tessellate>1</tessellate><coordinates>-57.475767,-13.547235,0 -57.479683,-13.548387,0 -57.483288,-13.549438,0 -57.483725,-13.549595,0</coordinates></LineString></Placemark>
<Placemark><name>ESTRADA 13 - PONTE DE PEDRA</name><styleUrl>#extra</styleUrl><LineString><tessellate>1</tessellate><coordinates>-57.483430,-13.549563,0 -57.484100,-13.551232,0 -57.485480,-13.554232,0 -57.485788,-13.554924,0 -57.485734,-13.554956,0</coordinates></LineString></Placemark>
<Placemark><name>ESTRADA 14 - PONTE DE PEDRA</name><styleUrl>#extra</styleUrl><LineString><tessellate>1</tessellate><coordinates>-57.403363,-13.589075,0 -57.402384,-13.590394,0 -57.402620,-13.590986,0 -57.402996,-13.591870,0 -57.403428,-13.592764,0 -57.404031,-13.594120,0 -57.404444,-13.595017,0 -57.404928,-13.596208,0 -57.404896,-13.596530,0 -57.404749,-13.597105,0 -57.404597,-13.597771,0 -57.404387,-13.598612,0 -57.404212,-13.599385,0 -57.404066,-13.600044,0 -57.403869,-13.600841,0 -57.403721,-13.601620,0 -57.403582,-13.602444,0 -57.403331,-13.603641,0 -57.403228,-13.604310,0 -57.403102,-13.604936,0 -57.402403,-13.608828,0 -57.402124,-13.610288,0 -57.401775,-13.612090,0 -57.401612,-13.612585,0 -57.401502,-13.612905,0 -57.401022,-13.614506,0 -57.400650,-13.615740,0 -57.400507,-13.616146,0 -57.400515,-13.616318,0 -57.400433,-13.617340,0 -57.400390,-13.617676,0 -57.400292,-13.618300,0 -57.400257,-13.618665,0 -57.400269,-13.619161,0 -57.400300,-13.619720,0 -57.400453,-13.620047,0 -57.400749,-13.620759,0 -57.401058,-13.621406,0 -57.401393,-13.621886,0 -57.401750,-13.622401,0 -57.402057,-13.622817,0 -57.402414,-13.623351,0 -57.402745,-13.623815,0 -57.403167,-13.624420,0 -57.403705,-13.625172,0 -57.404429,-13.626214,0 -57.405171,-13.627275,0 -57.405754,-13.628109,0 -57.406154,-13.628692,0 -57.406531,-13.629342,0 -57.406669,-13.629808,0 -57.406759,-13.630230,0 -57.407066,-13.630635,0 -57.407580,-13.631158,0 -57.408100,-13.631734,0 -57.408202,-13.631969,0 -57.408438,-13.632495,0 -57.408649,-13.632979,0 -57.409007,-13.633759,0 -57.409236,-13.634197,0 -57.409362,-13.634260,0 -57.409768,-13.634523,0 -57.410647,-13.635065,0 -57.410820,-13.635200,0</coordinates></LineString></Placemark>
<Placemark><name>ESTRADA 15 - PONTE DE PEDRA</name><styleUrl>#extra</styleUrl><LineString><tessellate>1</tessellate><coordinates>-57.407204,-13.608551,0 -57.408669,-13.604975,0 -57.409653,-13.602504,0</coordinates></LineString></Placemark>
<Placemark><name>ESTRADA 16 - PONTE DE PEDRA</name><styleUrl>#extra</styleUrl><LineString><tessellate>1</tessellate><coordinates>-57.403139,-13.604745,0 -57.403383,-13.605012,0 -57.404763,-13.606288,0 -57.405639,-13.607103,0 -57.406328,-13.607744,0 -57.407204,-13.608551,0 -57.408470,-13.609720,0 -57.409172,-13.610360,0 -57.409932,-13.611068,0 -57.410758,-13.611826,0 -57.411328,-13.612350,0 -57.412637,-13.613564,0 -57.413359,-13.614217,0 -57.414413,-13.615194,0 -57.415131,-13.615875,0 -57.417784,-13.618319,0 -57.421836,-13.622063,0 -57.422805,-13.622985,0 -57.423779,-13.623906,0 -57.424086,-13.624181,0 -57.424722,-13.624777,0 -57.425910,-13.625860,0 -57.426517,-13.626439,0 -57.427838,-13.627675,0 -57.428990,-13.628742,0 -57.430671,-13.630299,0 -57.432740,-13.632199,0 -57.437374,-13.636489,0 -57.442762,-13.641444,0</coordinates></LineString></Placemark>
<Placemark><name>ESTRADA 17 - PONTE DE PEDRA</name><styleUrl>#extra</styleUrl><LineString><tessellate>1</tessellate><coordinates>-57.412637,-13.613564,0 -57.413703,-13.612503,0 -57.414674,-13.611495,0 -57.416367,-13.609732,0 -57.416903,-13.609182,0 -57.417862,-13.608175,0 -57.419399,-13.606616,0 -57.420245,-13.605725,0 -57.420972,-13.604988,0 -57.424553,-13.601267,0 -57.425898,-13.599881,0 -57.427482,-13.598252,0 -57.430633,-13.594944,0 -57.431949,-13.593583,0 -57.433354,-13.592120,0 -57.433365,-13.592111,0</coordinates></LineString></Placemark>
<Placemark><name>ESTRADA 18 - PONTE DE PEDRA</name><styleUrl>#extra</styleUrl><LineString><tessellate>1</tessellate><coordinates>-57.453510,-13.575662,0 -57.453715,-13.575832,0 -57.454332,-13.576411,0 -57.455147,-13.577155,0 -57.455779,-13.577717,0 -57.456647,-13.578522,0 -57.457391,-13.579211,0 -57.458056,-13.579856,0 -57.459083,-13.580804,0 -57.460012,-13.581668,0 -57.461359,-13.582891,0 -57.462113,-13.583596,0 -57.463155,-13.584559,0 -57.463793,-13.585151,0 -57.464811,-13.586096,0 -57.465825,-13.587032,0 -57.466743,-13.587873,0 -57.467471,-13.588559,0 -57.469004,-13.589967,0 -57.471420,-13.592150,0 -57.471580,-13.592347,0 -57.471811,-13.592535,0 -57.471923,-13.592657,0 -57.474096,-13.594646,0 -57.476926,-13.597256,0 -57.479728,-13.599842,0 -57.480166,-13.600249,0 -57.481490,-13.601430,0</coordinates></LineString></Placemark>
<Placemark><name>ESTRADA 19 - PONTE DE PEDRA</name><styleUrl>#extra</styleUrl><LineString><tessellate>1</tessellate><coordinates>-57.425258,-13.620311,0 -57.425516,-13.620596,0 -57.426138,-13.621207,0 -57.426876,-13.621916,0 -57.428176,-13.623170,0 -57.428901,-13.623863,0 -57.430105,-13.625014,0 -57.430970,-13.625867,0 -57.432115,-13.626985,0 -57.433179,-13.628013,0 -57.434246,-13.629044,0 -57.435079,-13.629830,0</coordinates></LineString></Placemark>
<Placemark><name>ESTRADA 20 - PONTE DE PEDRA</name><styleUrl>#extra</styleUrl><LineString><tessellate>1</tessellate><coordinates>-57.427159,-13.637939,0 -57.426460,-13.638627,0 -57.425249,-13.639850,0 -57.423532,-13.641624,0</coordinates></LineString></Placemark>
<Placemark><name>ESTRADA 21 - PONTE DE PEDRA</name><styleUrl>#extra</styleUrl><LineString><tessellate>1</tessellate><coordinates>-57.482240,-13.556040,0 -57.482145,-13.556246,0 -57.482159,-13.556752,0 -57.482263,-13.558468,0 -57.482287,-13.558953,0 -57.481748,-13.559813,0 -57.481703,-13.560001,0 -57.481788,-13.560251,0 -57.482490,-13.561940,0 -57.482826,-13.562483,0 -57.483200,-13.563160,0 -57.483787,-13.564507,0 -57.484120,-13.565330,0 -57.484229,-13.565868,0 -57.484189,-13.566804,0</coordinates></LineString></Placemark>
<Placemark><name>ESTRADA 22 - PONTE DE PEDRA</name><styleUrl>#extra</styleUrl><LineString><tessellate>1</tessellate><coordinates>-57.477270,-13.566410,0 -57.477080,-13.565545,0 -57.476771,-13.564210,0 -57.476530,-13.563349,0 -57.476824,-13.562747,0 -57.476289,-13.562091,0 -57.476000,-13.561822,0 -57.475661,-13.561470,0 -57.475525,-13.561109,0 -57.475470,-13.560961,0 -57.475367,-13.560755,0 -57.475141,-13.560486,0 -57.475096,-13.560327,0</coordinates></LineString></Placemark>
<Placemark><name>ESTRADA 23 - PONTE DE PEDRA</name><styleUrl>#extra</styleUrl><LineString><tessellate>1</tessellate><coordinates>-57.474906,-13.559553,0 -57.474694,-13.559571,0 -57.474721,-13.559876,0 -57.474922,-13.560270,0 -57.474992,-13.560598,0 -57.474954,-13.561044,0 -57.475311,-13.561516,0 -57.475568,-13.561858,0 -57.476129,-13.562676,0 -57.476491,-13.563380,0 -57.476569,-13.563537,0 -57.476590,-13.563550,0</coordinates></LineString></Placemark>
<Placemark><name>ESTRADA 24 - PONTE DE PEDRA</name><styleUrl>#extra</styleUrl><LineString><tessellate>1</tessellate><coordinates>-57.436184,-13.535691,0 -57.436334,-13.535163,0 -57.436597,-13.534318,0 -57.436971,-13.532985,0 -57.437193,-13.532164,0 -57.437419,-13.531370,0 -57.437642,-13.530568,0 -57.437838,-13.529829,0 -57.438064,-13.529083,0 -57.439034,-13.525656,0 -57.439131,-13.525176,0 -57.439318,-13.523982,0 -57.439613,-13.522182,0 -57.440032,-13.519601,0 -57.440252,-13.518677,0 -57.440697,-13.517759,0 -57.441105,-13.517300,0 -57.441663,-13.516935,0 -57.441786,-13.516633,0 -57.442156,-13.515454,0 -57.442526,-13.514338,0 -57.443111,-13.512580,0 -57.442993,-13.512497,0 -57.442274,-13.512351,0 -57.440423,-13.511902,0 -57.436936,-13.511099,0 -57.435150,-13.510681,0 -57.433552,-13.510316,0 -57.431411,-13.509769,0 -57.431213,-13.509701,0 -57.430708,-13.509414,0 -57.429512,-13.508637,0 -57.428707,-13.508152,0 -57.427463,-13.507312,0 -57.426637,-13.506764,0 -57.425231,-13.505831,0 -57.423043,-13.504417,0 -57.421927,-13.503687,0 -57.422136,-13.502878,0 -57.422571,-13.501517,0 -57.423102,-13.499764,0 -57.423998,-13.496838,0 -57.424427,-13.495482,0 -57.424346,-13.495257,0 -57.424352,-13.495049,0 -57.424475,-13.494548,0 -57.424582,-13.494078,0 -57.424850,-13.493974,0 -57.425038,-13.493447,0 -57.425199,-13.492988,0 -57.425376,-13.492378,0 -57.426535,-13.488680,0 -57.426707,-13.488643,0 -57.427045,-13.488763,0 -57.427415,-13.488956,0 -57.431760,-13.491079,0 -57.436780,-13.493550,0 -57.438326,-13.489060,0 -57.438524,-13.489128,0 -57.438766,-13.489316,0 -57.447810,-13.497770,0 -57.447783,-13.497985,0 -57.445689,-13.504699,0 -57.445115,-13.506519,0 -57.443116,-13.512591,0</coordinates></LineString></Placemark>
<Placemark><name>ESTRADA 25 - PONTE DE PEDRA</name><styleUrl>#extra</styleUrl><LineString><tessellate>1</tessellate><coordinates>-57.436780,-13.493550,0 -57.436129,-13.495377,0 -57.434842,-13.499157,0 -57.433718,-13.502456,0 -57.432857,-13.505069,0 -57.431312,-13.509735,0</coordinates></LineString></Placemark>
<Placemark><name>ESTRADA 26 - PONTE DE PEDRA</name><styleUrl>#extra</styleUrl><LineString><tessellate>1</tessellate><coordinates>-57.445121,-13.506492,0 -57.444807,-13.506243,0 -57.444237,-13.505836,0 -57.443323,-13.505182,0 -57.442336,-13.504484,0 -57.441303,-13.503734,0 -57.440368,-13.503070,0 -57.439436,-13.502406,0 -57.437991,-13.501371,0 -57.434854,-13.499124,0 -57.434697,-13.499010,0 -57.434439,-13.498833,0 -57.434201,-13.498656,0 -57.433090,-13.497858,0 -57.431805,-13.496947,0 -57.430140,-13.495742,0</coordinates></LineString></Placemark>
</Folder></Document></kml>