<?xml version="1.0" encoding="UTF-8"?>
<kml xmlns="http://www.opengis.net/kml/2.2"><Document>
<name>FAZENDA TUCANO - rotas ate a sede</name>
<Style id="rota"><LineStyle><color>ff2d2dff</color><width>4</width></LineStyle></Style>
<Style id="malha"><LineStyle><color>ff00e5ff</color><width>1</width></LineStyle></Style>
<Style id="extra"><LineStyle><color>ff008aff</color><width>3</width></LineStyle></Style>
<Style id="sede"><IconStyle><color>ff2d2dff</color><scale>1.3</scale></IconStyle></Style>
<Placemark><name>SEDE</name><styleUrl>#sede</styleUrl><Point><coordinates>-57.555499,-13.586393,0</coordinates></Point></Placemark>
<Folder><name>Rotas por talhao (ponto mais extremo)</name>
<Placemark><name>T-01 - 2,75 km</name><description>Maxima 2753 m | Minima 172 m | Reta 172 m | 110.29 ha</description><styleUrl>#rota</styleUrl><LineString><tessellate>1</tessellate><coordinates>-57.556949,-13.587035,0 -57.557059,-13.586836,0 -57.557188,-13.586637,0 -57.557298,-13.586438,0 -57.557409,-13.586238,0 -57.557519,-13.586039,0 -57.557630,-13.585840,0 -57.557759,-13.585641,0 -57.557869,-13.585442,0 -57.557980,-13.585242,0 -57.558090,-13.585043,0 -57.558200,-13.584844,0 -57.558329,-13.584645,0 -57.558440,-13.584446,0 -57.558550,-13.584247,0 -57.558661,-13.584047,0 -57.558771,-13.583848,0 -57.558900,-13.583649,0 -57.559011,-13.583450,0 -57.559121,-13.583251,0 -57.559232,-13.583052,0 -57.559342,-13.582852,0 -57.559657,-13.582978,0 -57.559953,-13.583104,0 -57.560304,-13.583085,0 -57.560526,-13.583175,0 -57.560729,-13.583265,0 -57.560951,-13.583355,0 -57.561155,-13.583463,0 -57.561377,-13.583553,0 -57.561581,-13.583643,0 -57.561803,-13.583733,0 -57.562006,-13.583823,0 -57.562228,-13.583913,0 -57.562432,-13.584003,0 -57.562654,-13.584093,0 -57.562858,-13.584183,0 -57.563080,-13.584273,0 -57.563283,-13.584363,0 -57.563505,-13.584452,0 -57.563709,-13.584542,0 -57.563931,-13.584632,0 -57.564153,-13.584722,0 -57.564356,-13.584812,0 -57.564578,-13.584902,0 -57.564782,-13.584992,0 -57.565004,-13.585082,0 -57.565208,-13.585172,0 -57.565430,-13.585280,0 -57.565633,-13.585370,0 -57.565855,-13.585460,0 -57.566059,-13.585550,0 -57.566281,-13.585640,0 -57.566485,-13.585730,0 -57.566707,-13.585820,0 -57.566910,-13.585909,0 -57.567132,-13.585999,0 -57.567336,-13.586089,0 -57.567558,-13.586179,0 -57.567761,-13.586269,0 -57.567983,-13.586359,0 -57.568187,-13.586449,0 -57.568409,-13.586539,0 -57.568724,-13.586773,0 -57.568872,-13.587026,0 -57.569002,-13.587261,0 -57.568873,-13.587460,0 -57.568745,-13.587641,0 -57.568634,-13.587841,0 -57.568505,-13.588022,0 -57.568376,-13.588221,0 -57.568247,-13.588402,0 -57.568137,-13.588601,0 -57.568008,-13.588800,0 -57.567879,-13.588982,0 -57.567750,-13.589181,0 -57.567639,-13.589362,0 -57.567510,-13.589561,0 -57.567381,-13.589742,0 -57.567253,-13.589941,0 -57.567124,-13.590141,0 -57.567013,-13.590322,0 -57.566884,-13.590521,0 -57.566755,-13.590702,0 -57.566626,-13.590901,0 -57.566516,-13.591100,0 -57.566387,-13.591282,0 -57.566258,-13.591481,0 -57.566129,-13.591662,0 -57.566000,-13.591861,0 -57.565889,-13.592042,0 -57.565761,-13.592241,0 -57.565632,-13.592441,0 -57.565503,-13.592622,0 -57.565392,-13.592821,0 -57.565263,-13.593002,0 -57.565134,-13.593201,0 -57.565005,-13.593382,0 -57.564876,-13.593582,0 -57.564766,-13.593781,0 -57.564637,-13.593962,0</coordinates></LineString></Placemark>
<Placemark><name>T-02 - 3,77 km</name><description>Maxima 3767 m | Minima 788 m | Reta 623 m | 159.81 ha</description><styleUrl>#rota</styleUrl><LineString><tessellate>1</tessellate><coordinates>-57.556949,-13.587035,0 -57.557059,-13.586836,0 -57.557188,-13.586637,0 -57.557298,-13.586438,0 -57.557409,-13.586238,0 -57.557519,-13.586039,0 -57.557630,-13.585840,0 -57.557759,-13.585641,0 -57.557869,-13.585442,0 -57.557980,-13.585242,0 -57.558090,-13.585043,0 -57.558200,-13.584844,0 -57.558329,-13.584645,0 -57.558440,-13.584446,0 -57.558550,-13.584247,0 -57.558661,-13.584047,0 -57.558771,-13.583848,0 -57.558900,-13.583649,0 -57.559011,-13.583450,0 -57.559121,-13.583251,0 -57.559232,-13.583052,0 -57.559342,-13.582852,0 -57.559657,-13.582978,0 -57.560026,-13.582959,0 -57.560266,-13.582886,0 -57.560488,-13.582796,0 -57.560710,-13.582723,0 -57.560950,-13.582632,0 -57.561171,-13.582559,0 -57.561412,-13.582468,0 -57.561633,-13.582395,0 -57.561836,-13.582340,0 -57.562095,-13.582286,0 -57.562354,-13.582231,0 -57.562612,-13.582158,0 -57.562816,-13.582103,0 -57.563204,-13.581958,0 -57.563610,-13.581812,0 -57.563739,-13.581631,0 -57.563886,-13.581432,0 -57.564015,-13.581250,0 -57.564163,-13.581051,0 -57.564292,-13.580870,0 -57.564439,-13.580689,0 -57.564568,-13.580490,0 -57.564697,-13.580309,0 -57.564844,-13.580109,0 -57.564973,-13.579928,0 -57.565121,-13.579729,0 -57.565250,-13.579548,0 -57.565397,-13.579367,0 -57.565526,-13.579167,0 -57.565655,-13.578986,0 -57.565803,-13.578787,0 -57.565932,-13.578606,0 -57.566079,-13.578407,0 -57.566208,-13.578225,0 -57.566355,-13.578044,0 -57.566484,-13.577845,0 -57.566613,-13.577664,0 -57.566761,-13.577465,0 -57.566890,-13.577284,0 -57.567037,-13.577084,0 -57.567166,-13.576903,0 -57.567314,-13.576722,0 -57.567442,-13.576523,0 -57.567571,-13.576342,0 -57.567719,-13.576142,0 -57.567848,-13.575961,0 -57.567995,-13.575780,0 -57.568124,-13.575581,0 -57.568272,-13.575400,0 -57.568401,-13.575200,0 -57.568530,-13.575019,0 -57.568659,-13.574838,0 -57.568806,-13.574639,0 -57.568935,-13.574458,0 -57.569064,-13.574259,0 -57.569193,-13.574077,0 -57.569322,-13.573896,0 -57.569451,-13.573697,0 -57.569580,-13.573516,0 -57.569727,-13.573335,0 -57.569856,-13.573136,0 -57.569985,-13.572954,0 -57.570114,-13.572755,0 -57.570243,-13.572574,0 -57.570390,-13.572393,0 -57.570519,-13.572194,0 -57.570648,-13.572013,0 -57.570777,-13.571813,0 -57.570906,-13.571632,0 -57.571035,-13.571433,0 -57.571164,-13.571252,0 -57.571293,-13.571053,0 -57.571422,-13.570872,0 -57.571551,-13.570672,0 -57.571680,-13.570491,0 -57.571809,-13.570292,0 -57.571938,-13.570111,0 -57.572067,-13.569930,0 -57.572196,-13.569730,0 -57.572325,-13.569549,0 -57.572453,-13.569350,0 -57.572582,-13.569169,0 -57.572711,-13.568970,0 -57.572840,-13.568789,0 -57.572969,-13.568589,0 -57.573173,-13.568697,0 -57.573376,-13.568806,0 -57.573580,-13.568914,0 -57.573784,-13.569022,0 -57.573987,-13.569130,0 -57.574191,-13.569256,0 -57.574394,-13.569364,0 -57.574598,-13.569472,0 -57.574802,-13.569580,0 -57.575005,-13.569688,0 -57.575190,-13.569796,0 -57.575394,-13.569904,0 -57.575598,-13.570012,0 -57.575801,-13.570120,0 -57.576005,-13.570228,0 -57.576208,-13.570336,0 -57.576412,-13.570444,0 -57.576616,-13.570552,0 -57.576819,-13.570660,0 -57.577023,-13.570768,0 -57.577226,-13.570876,0 -57.577430,-13.571002,0 -57.577634,-13.571110,0 -57.577837,-13.571218,0 -57.578041,-13.571326,0 -57.578244,-13.571435,0 -57.578430,-13.571543,0 -57.578633,-13.571651,0 -57.578837,-13.571759,0 -57.579040,-13.571867,0 -57.578911,-13.572066,0 -57.578801,-13.572247,0</coordinates></LineString></Placemark>
<Placemark><name>T-03 - 6,40 km</name><description>Maxima 6404 m | Minima 2981 m | Reta 2661 m | 286.07 ha</description><styleUrl>#rota</styleUrl><LineString><tessellate>1</tessellate><coordinates>-57.556949,-13.587035,0 -57.557059,-13.586836,0 -57.557188,-13.586637,0 -57.557298,-13.586438,0 -57.557409,-13.586238,0 -57.557519,-13.586039,0 -57.557630,-13.585840,0 -57.557759,-13.585641,0 -57.557869,-13.585442,0 -57.557980,-13.585242,0 -57.558090,-13.585043,0 -57.558200,-13.584844,0 -57.558329,-13.584645,0 -57.558440,-13.584446,0 -57.558550,-13.584247,0 -57.558661,-13.584047,0 -57.558771,-13.583848,0 -57.558900,-13.583649,0 -57.559011,-13.583450,0 -57.559121,-13.583251,0 -57.559232,-13.583052,0 -57.559342,-13.582852,0 -57.559657,-13.582978,0 -57.560026,-13.582959,0 -57.560266,-13.582886,0 -57.560488,-13.582796,0 -57.560710,-13.582723,0 -57.560950,-13.582632,0 -57.561171,-13.582559,0 -57.561412,-13.582468,0 -57.561633,-13.582395,0 -57.561836,-13.582340,0 -57.562095,-13.582286,0 -57.562354,-13.582231,0 -57.562612,-13.582158,0 -57.562816,-13.582103,0 -57.563204,-13.581958,0 -57.563610,-13.581812,0 -57.563739,-13.581631,0 -57.563886,-13.581432,0 -57.564015,-13.581250,0 -57.564163,-13.581051,0 -57.564292,-13.580870,0 -57.564439,-13.580689,0 -57.564568,-13.580490,0 -57.564697,-13.580309,0 -57.564844,-13.580109,0 -57.564973,-13.579928,0 -57.565121,-13.579729,0 -57.565250,-13.579548,0 -57.565397,-13.579367,0 -57.565526,-13.579167,0 -57.565655,-13.578986,0 -57.565803,-13.578787,0 -57.565932,-13.578606,0 -57.566079,-13.578407,0 -57.566208,-13.578225,0 -57.566355,-13.578044,0 -57.566484,-13.577845,0 -57.566613,-13.577664,0 -57.566761,-13.577465,0 -57.566890,-13.577284,0 -57.567037,-13.577084,0 -57.567166,-13.576903,0 -57.567314,-13.576722,0 -57.567442,-13.576523,0 -57.567571,-13.576342,0 -57.567719,-13.576142,0 -57.567848,-13.575961,0 -57.567995,-13.575780,0 -57.568124,-13.575581,0 -57.568272,-13.575400,0 -57.568401,-13.575200,0 -57.568530,-13.575019,0 -57.568659,-13.574838,0 -57.568806,-13.574639,0 -57.568935,-13.574458,0 -57.569064,-13.574259,0 -57.569193,-13.574077,0 -57.569322,-13.573896,0 -57.569451,-13.573697,0 -57.569580,-13.573516,0 -57.569727,-13.573335,0 -57.569856,-13.573136,0 -57.569985,-13.572954,0 -57.570114,-13.572755,0 -57.570243,-13.572574,0 -57.570390,-13.572393,0 -57.570519,-13.572194,0 -57.570648,-13.572013,0 -57.570777,-13.571813,0 -57.570906,-13.571632,0 -57.571035,-13.571433,0 -57.571164,-13.571252,0 -57.571293,-13.571053,0 -57.571422,-13.570872,0 -57.571551,-13.570672,0 -57.571680,-13.570491,0 -57.571809,-13.570292,0 -57.571938,-13.570111,0 -57.572067,-13.569930,0 -57.572196,-13.569730,0 -57.572325,-13.569549,0 -57.572453,-13.569350,0 -57.572582,-13.569169,0 -57.572711,-13.568970,0 -57.572858,-13.568662,0 -57.572987,-13.568463,0 -57.572784,-13.568355,0 -57.572562,-13.568229,0 -57.572358,-13.568103,0 -57.572136,-13.567977,0 -57.571932,-13.567868,0 -57.571710,-13.567742,0 -57.571488,-13.567616,0 -57.571284,-13.567490,0 -57.571062,-13.567364,0 -57.570859,-13.567256,0 -57.570655,-13.567148,0 -57.570451,-13.567022,0 -57.570248,-13.566914,0 -57.570044,-13.566788,0 -57.569841,-13.566680,0 -57.569656,-13.566572,0 -57.569452,-13.566446,0 -57.569248,-13.566337,0 -57.569045,-13.566229,0 -57.568841,-13.566103,0 -57.568637,-13.565995,0 -57.568434,-13.565887,0 -57.568249,-13.565761,0 -57.568045,-13.565653,0 -57.567842,-13.565545,0 -57.567638,-13.565419,0 -57.567434,-13.565311,0 -57.567563,-13.565112,0 -57.567711,-13.564912,0 -57.567840,-13.564695,0 -57.567987,-13.564496,0 -57.568097,-13.564315,0 -57.568226,-13.564115,0 -57.568355,-13.563916,0 -57.568484,-13.563735,0 -57.568613,-13.563536,0 -57.568742,-13.563355,0 -57.568871,-13.563156,0 -57.569000,-13.562974,0 -57.569129,-13.562775,0 -57.569258,-13.562594,0 -57.569387,-13.562395,0 -57.569516,-13.562214,0 -57.569645,-13.562015,0 -57.569774,-13.561833,0 -57.569903,-13.561634,0 -57.570032,-13.561453,0 -57.570160,-13.561254,0 -57.570289,-13.561055,0 -57.570418,-13.560873,0 -57.570547,-13.560674,0 -57.570658,-13.560493,0 -57.570787,-13.560294,0 -57.570916,-13.560113,0 -57.571045,-13.559914,0 -57.571173,-13.559732,0 -57.571302,-13.559533,0 -57.571431,-13.559352,0 -57.571560,-13.559153,0 -57.571689,-13.558972,0 -57.571818,-13.558773,0 -57.571947,-13.558591,0 -57.572076,-13.558392,0 -57.572205,-13.558193,0 -57.572334,-13.558012,0 -57.572463,-13.557813,0 -57.572592,-13.557632,0 -57.572721,-13.557432,0 -57.572850,-13.557251,0 -57.572960,-13.557052,0 -57.573089,-13.556871,0 -57.573218,-13.556672,0 -57.573347,-13.556490,0 -57.573476,-13.556291,0 -57.573605,-13.556110,0 -57.573734,-13.555911,0 -57.573863,-13.555730,0 -57.573992,-13.555531,0 -57.574120,-13.555331,0 -57.574249,-13.555150,0 -57.574378,-13.554951,0 -57.574507,-13.554770,0 -57.574636,-13.554571,0 -57.574765,-13.554390,0 -57.574894,-13.554190,0 -57.575023,-13.554009,0 -57.575152,-13.553810,0 -57.575262,-13.553629,0 -57.575391,-13.553430,0 -57.575520,-13.553248,0 -57.575649,-13.553049,0 -57.575778,-13.552868,0 -57.575907,-13.552669,0 -57.576036,-13.552470,0 -57.576165,-13.552289,0 -57.576294,-13.552089,0 -57.576423,-13.551908,0 -57.576552,-13.551709,0 -57.576681,-13.551528,0 -57.576809,-13.551329,0 -57.576938,-13.551147,0 -57.577067,-13.550948,0 -57.577196,-13.550767,0 -57.577325,-13.550568,0 -57.577529,-13.550676,0 -57.577732,-13.550766,0 -57.577936,-13.550874,0 -57.578139,-13.550982,0 -57.578362,-13.551072,0 -57.578565,-13.551180,0 -57.578769,-13.551288,0 -57.578972,-13.551378,0 -57.579176,-13.551486,0 -57.579398,-13.551576,0 -57.579601,-13.551684,0 -57.579805,-13.551792,0 -57.580009,-13.551882,0 -57.580212,-13.551990,0 -57.580434,-13.552098,0 -57.580638,-13.552188,0 -57.580841,-13.552296,0 -57.581045,-13.552386,0 -57.581248,-13.552494,0 -57.581471,-13.552602,0 -57.581674,-13.552692,0 -57.581878,-13.552800,0 -57.582081,-13.552908,0 -57.582285,-13.552998,0 -57.582507,-13.553106,0 -57.582710,-13.553214,0 -57.582914,-13.553304,0 -57.583118,-13.553412,0 -57.583321,-13.553502,0 -57.583543,-13.553610,0 -57.583747,-13.553718,0</coordinates></LineString></Placemark>
<Placemark><name>T-04 - 6,13 km</name><description>Maxima 6131 m | Minima 3298 m | Reta 2656 m | 172.75 ha</description><styleUrl>#rota</styleUrl><LineString><tessellate>1</tessellate><coordinates>-57.556949,-13.587035,0 -57.557059,-13.586836,0 -57.557188,-13.586637,0 -57.557298,-13.586438,0 -57.557409,-13.586238,0 -57.557519,-13.586039,0 -57.557630,-13.585840,0 -57.557759,-13.585641,0 -57.557869,-13.585442,0 -57.557980,-13.585242,0 -57.558090,-13.585043,0 -57.558200,-13.584844,0 -57.558329,-13.584645,0 -57.558440,-13.584446,0 -57.558550,-13.584247,0 -57.558661,-13.584047,0 -57.558771,-13.583848,0 -57.558900,-13.583649,0 -57.559011,-13.583450,0 -57.559121,-13.583251,0 -57.559232,-13.583052,0 -57.559342,-13.582852,0 -57.559657,-13.582978,0 -57.560026,-13.582959,0 -57.560266,-13.582886,0 -57.560488,-13.582796,0 -57.560710,-13.582723,0 -57.560950,-13.582632,0 -57.561171,-13.582559,0 -57.561412,-13.582468,0 -57.561633,-13.582395,0 -57.561836,-13.582340,0 -57.562095,-13.582286,0 -57.562354,-13.582231,0 -57.562612,-13.582158,0 -57.562816,-13.582103,0 -57.563204,-13.581958,0 -57.563610,-13.581812,0 -57.563739,-13.581631,0 -57.563886,-13.581432,0 -57.564015,-13.581250,0 -57.564163,-13.581051,0 -57.564292,-13.580870,0 -57.564439,-13.580689,0 -57.564568,-13.580490,0 -57.564697,-13.580309,0 -57.564844,-13.580109,0 -57.564973,-13.579928,0 -57.565121,-13.579729,0 -57.565250,-13.579548,0 -57.565397,-13.579367,0 -57.565526,-13.579167,0 -57.565655,-13.578986,0 -57.565803,-13.578787,0 -57.565932,-13.578606,0 -57.566079,-13.578407,0 -57.566208,-13.578225,0 -57.566355,-13.578044,0 -57.566484,-13.577845,0 -57.566613,-13.577664,0 -57.566761,-13.577465,0 -57.566890,-13.577284,0 -57.567037,-13.577084,0 -57.567166,-13.576903,0 -57.567314,-13.576722,0 -57.567442,-13.576523,0 -57.567571,-13.576342,0 -57.567719,-13.576142,0 -57.567848,-13.575961,0 -57.567995,-13.575780,0 -57.568124,-13.575581,0 -57.568272,-13.575400,0 -57.568401,-13.575200,0 -57.568530,-13.575019,0 -57.568659,-13.574838,0 -57.568806,-13.574639,0 -57.568935,-13.574458,0 -57.569064,-13.574259,0 -57.569193,-13.574077,0 -57.569322,-13.573896,0 -57.569451,-13.573697,0 -57.569580,-13.573516,0 -57.569727,-13.573335,0 -57.569856,-13.573136,0 -57.569985,-13.572954,0 -57.570114,-13.572755,0 -57.570243,-13.572574,0 -57.570390,-13.572393,0 -57.570519,-13.572194,0 -57.570648,-13.572013,0 -57.570777,-13.571813,0 -57.570906,-13.571632,0 -57.571035,-13.571433,0 -57.571164,-13.571252,0 -57.571293,-13.571053,0 -57.571422,-13.570872,0 -57.571551,-13.570672,0 -57.571680,-13.570491,0 -57.571809,-13.570292,0 -57.571938,-13.570111,0 -57.572067,-13.569930,0 -57.572196,-13.569730,0 -57.572325,-13.569549,0 -57.572453,-13.569350,0 -57.572582,-13.569169,0 -57.572711,-13.568970,0 -57.572858,-13.568662,0 -57.572987,-13.568463,0 -57.572784,-13.568355,0 -57.572562,-13.568229,0 -57.572358,-13.568103,0 -57.572136,-13.567977,0 -57.571932,-13.567868,0 -57.571710,-13.567742,0 -57.571488,-13.567616,0 -57.571284,-13.567490,0 -57.571062,-13.567364,0 -57.570859,-13.567256,0 -57.570655,-13.567148,0 -57.570451,-13.567022,0 -57.570248,-13.566914,0 -57.570044,-13.566788,0 -57.569841,-13.566680,0 -57.569656,-13.566572,0 -57.569452,-13.566446,0 -57.569248,-13.566337,0 -57.569045,-13.566229,0 -57.568841,-13.566103,0 -57.568637,-13.565995,0 -57.568434,-13.565887,0 -57.568249,-13.565761,0 -57.568045,-13.565653,0 -57.567842,-13.565545,0 -57.567638,-13.565419,0 -57.567434,-13.565311,0 -57.567563,-13.565112,0 -57.567711,-13.564912,0 -57.567840,-13.564695,0 -57.567987,-13.564496,0 -57.568097,-13.564315,0 -57.568226,-13.564115,0 -57.568355,-13.563916,0 -57.568484,-13.563735,0 -57.568613,-13.563536,0 -57.568742,-13.563355,0 -57.568871,-13.563156,0 -57.569000,-13.562974,0 -57.569129,-13.562775,0 -57.569258,-13.562594,0 -57.569387,-13.562395,0 -57.569516,-13.562214,0 -57.569645,-13.562015,0 -57.569774,-13.561833,0 -57.569903,-13.561634,0 -57.570032,-13.561453,0 -57.570160,-13.561254,0 -57.570289,-13.561055,0 -57.570418,-13.560873,0 -57.570547,-13.560674,0 -57.570658,-13.560493,0 -57.570787,-13.560294,0 -57.570916,-13.560113,0 -57.571045,-13.559914,0 -57.571173,-13.559732,0 -57.571302,-13.559533,0 -57.571413,-13.559334,0 -57.571542,-13.559135,0 -57.571652,-13.558954,0 -57.571781,-13.558755,0 -57.571910,-13.558573,0 -57.572039,-13.558374,0 -57.572168,-13.558175,0 -57.572297,-13.557994,0 -57.572426,-13.557795,0 -57.572555,-13.557614,0 -57.572684,-13.557414,0 -57.572794,-13.557233,0 -57.572923,-13.557034,0 -57.573052,-13.556835,0 -57.573181,-13.556654,0 -57.573310,-13.556454,0 -57.573439,-13.556273,0 -57.573568,-13.556074,0 -57.573697,-13.555893,0 -57.573826,-13.555694,0 -57.573936,-13.555495,0 -57.574065,-13.555313,0 -57.574194,-13.555114,0 -57.574323,-13.554933,0 -57.574452,-13.554734,0 -57.574581,-13.554553,0 -57.574710,-13.554353,0 -57.574839,-13.554172,0 -57.574967,-13.553973,0 -57.575078,-13.553774,0 -57.575207,-13.553593,0 -57.575336,-13.553394,0 -57.575465,-13.553212,0 -57.575594,-13.553013,0 -57.575723,-13.552832,0 -57.575851,-13.552633,0 -57.575980,-13.552434,0 -57.576109,-13.552253,0 -57.576220,-13.552053,0 -57.576349,-13.551872,0 -57.576478,-13.551673,0 -57.576607,-13.551492,0 -57.576735,-13.551293,0 -57.576864,-13.551093,0 -57.576993,-13.550912,0 -57.577122,-13.550713,0 -57.577251,-13.550532,0 -57.577029,-13.550424,0 -57.576826,-13.550316,0 -57.576622,-13.550226,0 -57.576418,-13.550118,0 -57.576196,-13.550010,0 -57.575993,-13.549920,0 -57.575789,-13.549812,0 -57.575586,-13.549704,0 -57.575382,-13.549614,0 -57.575160,-13.549506,0 -57.574956,-13.549398,0 -57.574753,-13.549308,0 -57.574549,-13.549200,0 -57.574346,-13.549092,0 -57.574124,-13.549002,0 -57.573920,-13.548894,0 -57.573717,-13.548786,0 -57.573513,-13.548696,0 -57.573309,-13.548588,0 -57.573087,-13.548480,0</coordinates></LineString></Placemark>
<Placemark><name>T-05A - 5,93 km</name><description>Maxima 5926 m | Minima 4424 m | Reta 3629 m | 49.08 ha</description><styleUrl>#rota</styleUrl><LineString><tessellate>1</tessellate><coordinates>-57.556949,-13.587035,0 -57.557059,-13.586836,0 -57.557188,-13.586637,0 -57.557298,-13.586438,0 -57.557409,-13.586238,0 -57.557519,-13.586039,0 -57.557630,-13.585840,0 -57.557759,-13.585641,0 -57.557869,-13.585442,0 -57.557980,-13.585242,0 -57.558090,-13.585043,0 -57.558200,-13.584844,0 -57.558329,-13.584645,0 -57.558440,-13.584446,0 -57.558550,-13.584247,0 -57.558661,-13.584047,0 -57.558771,-13.583848,0 -57.558900,-13.583649,0 -57.559011,-13.583450,0 -57.559121,-13.583251,0 -57.559232,-13.583052,0 -57.559342,-13.582852,0 -57.559120,-13.582600,0 -57.558898,-13.582510,0 -57.558675,-13.582402,0 -57.558453,-13.582312,0 -57.558231,-13.582222,0 -57.557991,-13.582132,0 -57.557769,-13.582042,0 -57.557547,-13.581952,0 -57.557325,-13.581862,0 -57.557103,-13.581754,0 -57.556862,-13.581664,0 -57.556640,-13.581574,0 -57.556603,-13.581484,0 -57.556750,-13.581140,0 -57.556879,-13.580941,0 -57.557008,-13.580742,0 -57.557137,-13.580561,0 -57.557266,-13.580361,0 -57.557395,-13.580162,0 -57.557524,-13.579981,0 -57.557653,-13.579782,0 -57.557781,-13.579583,0 -57.557910,-13.579402,0 -57.558039,-13.579202,0 -57.558168,-13.579003,0 -57.558297,-13.578822,0 -57.558426,-13.578623,0 -57.558555,-13.578424,0 -57.558739,-13.578134,0 -57.558868,-13.577935,0 -57.558997,-13.577735,0 -57.559126,-13.577536,0 -57.559255,-13.577355,0 -57.559384,-13.577156,0 -57.559513,-13.576957,0 -57.559642,-13.576757,0 -57.559771,-13.576558,0 -57.559918,-13.576377,0 -57.560047,-13.576178,0 -57.560176,-13.575979,0 -57.560305,-13.575779,0 -57.560434,-13.575580,0 -57.560563,-13.575381,0 -57.560710,-13.575182,0 -57.560839,-13.574983,0 -57.560968,-13.574783,0 -57.561116,-13.574584,0 -57.561245,-13.574385,0 -57.561374,-13.574186,0 -57.561521,-13.573968,0 -57.561650,-13.573769,0 -57.561779,-13.573570,0 -57.561926,-13.573371,0 -57.562055,-13.573171,0 -57.562184,-13.572972,0 -57.562276,-13.572809,0 -57.562294,-13.572556,0 -57.562312,-13.572303,0 -57.562330,-13.572050,0 -57.562366,-13.571796,0 -57.562384,-13.571525,0 -57.562402,-13.571380,0 -57.562402,-13.571145,0 -57.562420,-13.570910,0 -57.562438,-13.570675,0 -57.562455,-13.570440,0 -57.562473,-13.570205,0 -57.562491,-13.569970,0 -57.562509,-13.569734,0 -57.562527,-13.569499,0 -57.562545,-13.569264,0 -57.562563,-13.569029,0 -57.562562,-13.568794,0 -57.562580,-13.568559,0 -57.562598,-13.568324,0 -57.562616,-13.568089,0 -57.562634,-13.567853,0 -57.562652,-13.567618,0 -57.562670,-13.567383,0 -57.562688,-13.567148,0 -57.562706,-13.566913,0 -57.562724,-13.566678,0 -57.562742,-13.566461,0 -57.562760,-13.566226,0 -57.562778,-13.565990,0 -57.562796,-13.565755,0 -57.562814,-13.565520,0 -57.562831,-13.565285,0 -57.562849,-13.565050,0 -57.562867,-13.564833,0 -57.562885,-13.564598,0 -57.562903,-13.564363,0 -57.562921,-13.564128,0 -57.562939,-13.563892,0 -57.562957,-13.563657,0 -57.562975,-13.563440,0 -57.562993,-13.563205,0 -57.563011,-13.562970,0 -57.563102,-13.562608,0 -57.563139,-13.562373,0 -57.563157,-13.562138,0 -57.563175,-13.561903,0 -57.563211,-13.561667,0 -57.563229,-13.561432,0 -57.563247,-13.561197,0 -57.563283,-13.560962,0 -57.563301,-13.560727,0 -57.563319,-13.560492,0 -57.563356,-13.560239,0 -57.563374,-13.560003,0 -57.563392,-13.559768,0 -57.563428,-13.559533,0 -57.563632,-13.559677,0 -57.563835,-13.559803,0 -57.564057,-13.559948,0 -57.564371,-13.559820,0 -57.564482,-13.559567,0 -57.564407,-13.559169,0 -57.564222,-13.559025,0 -57.564018,-13.558881,0 -57.564128,-13.558501,0 -57.563906,-13.558393,0 -57.563665,-13.558285,0 -57.563443,-13.558177,0 -57.563498,-13.557960,0 -57.563572,-13.557742,0 -57.563645,-13.557525,0 -57.563718,-13.557308,0 -57.563792,-13.557091,0 -57.563865,-13.556874,0 -57.563939,-13.556657,0 -57.564012,-13.556439,0 -57.564067,-13.556204,0 -57.564140,-13.555987,0 -57.564214,-13.555770,0 -57.564287,-13.555553,0 -57.564361,-13.555336,0 -57.564434,-13.555118,0 -57.564508,-13.554901,0 -57.564581,-13.554684,0 -57.564636,-13.554467,0 -57.564709,-13.554250,0 -57.564783,-13.554033,0 -57.564856,-13.553815,0 -57.564930,-13.553598,0 -57.565003,-13.553381,0 -57.565076,-13.553164,0 -57.565150,-13.552929,0 -57.565205,-13.552711,0 -57.565278,-13.552494,0 -57.565352,-13.552277,0 -57.565425,-13.552060,0 -57.565499,-13.551843,0 -57.565572,-13.551626,0 -57.565645,-13.551408,0 -57.565719,-13.551191,0 -57.565774,-13.550974,0 -57.565847,-13.550757,0 -57.565921,-13.550540,0 -57.565994,-13.550323,0 -57.566067,-13.550105,0 -57.566141,-13.549888,0 -57.566214,-13.549653,0 -57.566288,-13.549436,0 -57.566361,-13.549219,0 -57.566416,-13.549002,0 -57.566489,-13.548784,0 -57.566563,-13.548567,0 -57.566636,-13.548350,0 -57.566710,-13.548133,0 -57.566783,-13.547916,0 -57.566857,-13.547698,0 -57.566930,-13.547481,0 -57.566985,-13.547264,0 -57.567058,-13.547047,0 -57.567132,-13.546830,0 -57.567205,-13.546613,0 -57.567279,-13.546377,0 -57.567259,-13.546106,0 -57.567314,-13.545889,0 -57.567388,-13.545672,0 -57.567184,-13.545564,0 -57.566962,-13.545456,0 -57.566740,-13.545330,0 -57.566536,-13.545222,0 -57.566314,-13.545114,0 -57.566092,-13.545006,0 -57.565889,-13.544898,0 -57.565667,-13.544790,0 -57.565445,-13.544682,0 -57.565241,-13.544574,0 -57.565019,-13.544466,0 -57.564797,-13.544358,0 -57.564593,-13.544231,0 -57.564371,-13.544123,0 -57.564149,-13.544015,0 -57.563946,-13.543907,0 -57.563724,-13.543799,0</coordinates></LineString></Placemark>
<Placemark><name>T-05B - 6,35 km</name><description>Maxima 6348 m | Minima 5285 m | Reta 4262 m | 31.8 ha</description><styleUrl>#rota</styleUrl><LineString><tessellate>1</tessellate><coordinates>-57.556949,-13.587035,0 -57.557059,-13.586836,0 -57.557188,-13.586637,0 -57.557298,-13.586438,0 -57.557409,-13.586238,0 -57.557519,-13.586039,0 -57.557630,-13.585840,0 -57.557759,-13.585641,0 -57.557869,-13.585442,0 -57.557980,-13.585242,0 -57.558090,-13.585043,0 -57.558200,-13.584844,0 -57.558329,-13.584645,0 -57.558440,-13.584446,0 -57.558550,-13.584247,0 -57.558661,-13.584047,0 -57.558771,-13.583848,0 -57.558900,-13.583649,0 -57.559011,-13.583450,0 -57.559121,-13.583251,0 -57.559232,-13.583052,0 -57.559342,-13.582852,0 -57.559120,-13.582600,0 -57.558898,-13.582510,0 -57.558675,-13.582402,0 -57.558453,-13.582312,0 -57.558231,-13.582222,0 -57.557991,-13.582132,0 -57.557769,-13.582042,0 -57.557547,-13.581952,0 -57.557325,-13.581862,0 -57.557103,-13.581754,0 -57.556862,-13.581664,0 -57.556640,-13.581574,0 -57.556603,-13.581484,0 -57.556750,-13.581140,0 -57.556879,-13.580941,0 -57.557008,-13.580742,0 -57.557137,-13.580561,0 -57.557266,-13.580361,0 -57.557395,-13.580162,0 -57.557524,-13.579981,0 -57.557653,-13.579782,0 -57.557781,-13.579583,0 -57.557910,-13.579402,0 -57.558039,-13.579202,0 -57.558168,-13.579003,0 -57.558297,-13.578822,0 -57.558426,-13.578623,0 -57.558555,-13.578424,0 -57.558739,-13.578134,0 -57.558868,-13.577935,0 -57.558997,-13.577735,0 -57.559126,-13.577536,0 -57.559255,-13.577355,0 -57.559384,-13.577156,0 -57.559513,-13.576957,0 -57.559642,-13.576757,0 -57.559771,-13.576558,0 -57.559918,-13.576377,0 -57.560047,-13.576178,0 -57.560176,-13.575979,0 -57.560305,-13.575779,0 -57.560434,-13.575580,0 -57.560563,-13.575381,0 -57.560710,-13.575182,0 -57.560839,-13.574983,0 -57.560968,-13.574783,0 -57.561116,-13.574584,0 -57.561245,-13.574385,0 -57.561374,-13.574186,0 -57.561521,-13.573968,0 -57.561650,-13.573769,0 -57.561779,-13.573570,0 -57.561926,-13.573371,0 -57.562055,-13.573171,0 -57.562184,-13.572972,0 -57.562276,-13.572809,0 -57.562294,-13.572556,0 -57.562312,-13.572303,0 -57.562330,-13.572050,0 -57.562366,-13.571796,0 -57.562384,-13.571525,0 -57.562125,-13.571254,0 -57.561976,-13.571092,0 -57.561939,-13.570748,0 -57.561956,-13.570332,0 -57.561974,-13.570025,0 -57.562065,-13.569627,0 -57.561991,-13.569356,0 -57.561935,-13.569121,0 -57.561879,-13.568886,0 -57.561823,-13.568597,0 -57.561785,-13.568181,0 -57.561673,-13.567964,0 -57.561562,-13.567729,0 -57.561395,-13.567458,0 -57.561283,-13.567242,0 -57.561153,-13.567043,0 -57.561079,-13.566754,0 -57.560986,-13.566465,0 -57.560911,-13.566248,0 -57.560837,-13.566013,0 -57.560651,-13.565597,0 -57.560354,-13.565273,0 -57.560225,-13.565092,0 -57.559965,-13.564858,0 -57.559613,-13.564569,0 -57.559373,-13.564425,0 -57.559151,-13.564263,0 -57.558928,-13.564010,0 -57.558632,-13.563739,0 -57.558335,-13.563433,0 -57.558095,-13.563270,0 -57.557909,-13.563126,0 -57.557724,-13.562982,0 -57.557484,-13.562802,0 -57.557261,-13.562495,0 -57.557149,-13.562242,0 -57.557001,-13.562133,0 -57.557112,-13.561844,0 -57.557240,-13.561645,0 -57.557369,-13.561464,0 -57.557498,-13.561264,0 -57.557646,-13.561065,0 -57.557775,-13.560866,0 -57.557904,-13.560667,0 -57.558033,-13.560486,0 -57.558162,-13.560286,0 -57.558290,-13.560087,0 -57.558419,-13.559888,0 -57.558548,-13.559689,0 -57.558677,-13.559508,0 -57.558806,-13.559308,0 -57.558935,-13.559109,0 -57.559064,-13.558910,0 -57.558990,-13.558693,0 -57.558897,-13.558476,0 -57.558822,-13.558259,0 -57.558748,-13.558043,0 -57.558655,-13.557808,0 -57.558580,-13.557591,0 -57.558487,-13.557374,0 -57.558413,-13.557157,0 -57.558320,-13.556940,0 -57.558246,-13.556724,0 -57.558171,-13.556507,0 -57.558078,-13.556272,0 -57.558004,-13.556055,0 -57.557911,-13.555838,0 -57.557836,-13.555621,0 -57.557762,-13.555405,0 -57.557669,-13.555188,0 -57.557595,-13.554971,0 -57.557502,-13.554736,0 -57.557427,-13.554519,0 -57.557353,-13.554302,0 -57.557260,-13.554086,0 -57.557204,-13.553851,0 -57.557148,-13.553616,0 -57.557092,-13.553381,0 -57.557036,-13.553146,0 -57.556998,-13.552911,0 -57.556942,-13.552676,0 -57.556886,-13.552459,0 -57.556830,-13.552224,0 -57.556774,-13.551989,0 -57.556718,-13.551754,0 -57.556681,-13.551519,0 -57.556625,-13.551284,0 -57.556569,-13.551049,0 -57.556513,-13.550832,0 -57.556457,-13.550597,0 -57.556456,-13.550308,0 -57.556400,-13.550073,0 -57.556326,-13.549856,0 -57.556381,-13.549657,0 -57.556491,-13.549440,0 -57.556509,-13.549187,0 -57.556527,-13.548933,0 -57.556563,-13.548662,0 -57.556581,-13.548409,0 -57.556599,-13.548065,0 -57.556598,-13.547830,0 -57.556616,-13.547595,0 -57.556634,-13.547360,0 -57.556634,-13.547143,0 -57.556652,-13.546908,0 -57.556670,-13.546672,0 -57.556688,-13.546437,0 -57.556687,-13.546202,0 -57.556705,-13.545985,0 -57.556723,-13.545750,0 -57.556722,-13.545515,0 -57.556740,-13.545280,0 -57.556758,-13.545045,0 -57.556776,-13.544810,0 -57.556776,-13.544593,0 -57.556794,-13.544357,0 -57.556812,-13.544122,0 -57.556811,-13.543887,0 -57.556829,-13.543652,0 -57.556847,-13.543417,0 -57.556865,-13.543200,0 -57.556864,-13.542965,0 -57.556882,-13.542730,0 -57.556900,-13.542495,0 -57.556992,-13.542205,0 -57.557010,-13.541970,0 -57.557028,-13.541735,0 -57.557046,-13.541482,0 -57.557064,-13.541246,0 -57.557082,-13.541011,0 -57.557081,-13.540758,0 -57.557099,-13.540523,0 -57.557321,-13.540631,0 -57.557525,-13.540739,0 -57.557728,-13.540847,0 -57.557932,-13.540937,0 -57.558154,-13.541045,0 -57.558357,-13.541153,0 -57.558561,-13.541261,0 -57.558764,-13.541369,0 -57.558986,-13.541477,0 -57.559190,-13.541567,0</coordinates></LineString></Placemark>
<Placemark><name>T-05C - 6,65 km</name><description>Maxima 6649 m | Minima 5230 m | Reta 4215 m | 41.44 ha</description><styleUrl>#rota</styleUrl><LineString><tessellate>1</tessellate><coordinates>-57.556949,-13.587035,0 -57.557059,-13.586836,0 -57.557188,-13.586637,0 -57.557298,-13.586438,0 -57.557409,-13.586238,0 -57.557519,-13.586039,0 -57.557630,-13.585840,0 -57.557759,-13.585641,0 -57.557869,-13.585442,0 -57.557980,-13.585242,0 -57.558090,-13.585043,0 -57.558200,-13.584844,0 -57.558329,-13.584645,0 -57.558440,-13.584446,0 -57.558550,-13.584247,0 -57.558661,-13.584047,0 -57.558771,-13.583848,0 -57.558900,-13.583649,0 -57.559011,-13.583450,0 -57.559121,-13.583251,0 -57.559232,-13.583052,0 -57.559342,-13.582852,0 -57.559120,-13.582600,0 -57.558898,-13.582510,0 -57.558675,-13.582402,0 -57.558453,-13.582312,0 -57.558231,-13.582222,0 -57.557991,-13.582132,0 -57.557769,-13.582042,0 -57.557547,-13.581952,0 -57.557325,-13.581862,0 -57.557103,-13.581754,0 -57.556862,-13.581664,0 -57.556640,-13.581574,0 -57.556603,-13.581484,0 -57.556750,-13.581140,0 -57.556879,-13.580941,0 -57.557008,-13.580742,0 -57.557137,-13.580561,0 -57.557266,-13.580361,0 -57.557395,-13.580162,0 -57.557524,-13.579981,0 -57.557653,-13.579782,0 -57.557781,-13.579583,0 -57.557910,-13.579402,0 -57.558039,-13.579202,0 -57.558168,-13.579003,0 -57.558297,-13.578822,0 -57.558426,-13.578623,0 -57.558555,-13.578424,0 -57.558739,-13.578134,0 -57.558868,-13.577935,0 -57.558997,-13.577735,0 -57.559126,-13.577536,0 -57.559255,-13.577355,0 -57.559384,-13.577156,0 -57.559513,-13.576957,0 -57.559642,-13.576757,0 -57.559771,-13.576558,0 -57.559918,-13.576377,0 -57.560047,-13.576178,0 -57.560176,-13.575979,0 -57.560305,-13.575779,0 -57.560434,-13.575580,0 -57.560563,-13.575381,0 -57.560710,-13.575182,0 -57.560839,-13.574983,0 -57.560968,-13.574783,0 -57.561116,-13.574584,0 -57.561245,-13.574385,0 -57.561374,-13.574186,0 -57.561521,-13.573968,0 -57.561650,-13.573769,0 -57.561779,-13.573570,0 -57.561926,-13.573371,0 -57.562055,-13.573171,0 -57.562184,-13.572972,0 -57.562276,-13.572809,0 -57.562294,-13.572556,0 -57.562312,-13.572303,0 -57.562330,-13.572050,0 -57.562366,-13.571796,0 -57.562384,-13.571525,0 -57.562125,-13.571254,0 -57.561976,-13.571092,0 -57.561939,-13.570748,0 -57.561956,-13.570332,0 -57.561974,-13.570025,0 -57.562065,-13.569627,0 -57.561991,-13.569356,0 -57.561935,-13.569121,0 -57.561879,-13.568886,0 -57.561823,-13.568597,0 -57.561785,-13.568181,0 -57.561673,-13.567964,0 -57.561562,-13.567729,0 -57.561395,-13.567458,0 -57.561283,-13.567242,0 -57.561153,-13.567043,0 -57.561079,-13.566754,0 -57.560986,-13.566465,0 -57.560911,-13.566248,0 -57.560837,-13.566013,0 -57.560651,-13.565597,0 -57.560354,-13.565273,0 -57.560225,-13.565092,0 -57.559965,-13.564858,0 -57.559613,-13.564569,0 -57.559373,-13.564425,0 -57.559151,-13.564263,0 -57.558928,-13.564010,0 -57.558632,-13.563739,0 -57.558335,-13.563433,0 -57.558095,-13.563270,0 -57.557909,-13.563126,0 -57.557724,-13.562982,0 -57.557484,-13.562802,0 -57.557261,-13.562495,0 -57.557149,-13.562242,0 -57.557001,-13.562133,0 -57.557112,-13.561844,0 -57.557240,-13.561645,0 -57.557369,-13.561464,0 -57.557498,-13.561264,0 -57.557646,-13.561065,0 -57.557775,-13.560866,0 -57.557904,-13.560667,0 -57.558033,-13.560486,0 -57.558162,-13.560286,0 -57.558290,-13.560087,0 -57.558419,-13.559888,0 -57.558548,-13.559689,0 -57.558677,-13.559508,0 -57.558806,-13.559308,0 -57.558935,-13.559109,0 -57.559064,-13.558910,0 -57.558990,-13.558693,0 -57.558897,-13.558476,0 -57.558822,-13.558259,0 -57.558748,-13.558043,0 -57.558655,-13.557808,0 -57.558580,-13.557591,0 -57.558487,-13.557374,0 -57.558413,-13.557157,0 -57.558320,-13.556940,0 -57.558246,-13.556724,0 -57.558171,-13.556507,0 -57.558078,-13.556272,0 -57.558004,-13.556055,0 -57.557911,-13.555838,0 -57.557836,-13.555621,0 -57.557762,-13.555405,0 -57.557669,-13.555188,0 -57.557595,-13.554971,0 -57.557502,-13.554736,0 -57.557427,-13.554519,0 -57.557353,-13.554302,0 -57.557260,-13.554086,0 -57.557204,-13.553851,0 -57.557148,-13.553616,0 -57.557092,-13.553381,0 -57.557036,-13.553146,0 -57.556998,-13.552911,0 -57.556942,-13.552676,0 -57.556886,-13.552459,0 -57.556830,-13.552224,0 -57.556774,-13.551989,0 -57.556718,-13.551754,0 -57.556681,-13.551519,0 -57.556625,-13.551284,0 -57.556569,-13.551049,0 -57.556513,-13.550832,0 -57.556457,-13.550597,0 -57.556456,-13.550308,0 -57.556400,-13.550073,0 -57.556326,-13.549856,0 -57.556381,-13.549657,0 -57.556491,-13.549440,0 -57.556509,-13.549187,0 -57.556527,-13.548933,0 -57.556563,-13.548662,0 -57.556581,-13.548409,0 -57.556433,-13.548246,0 -57.556285,-13.548066,0 -57.556118,-13.547885,0 -57.555970,-13.547723,0 -57.555803,-13.547542,0 -57.555655,-13.547380,0 -57.555506,-13.547200,0 -57.555339,-13.546911,0 -57.555191,-13.546748,0 -57.555043,-13.546568,0 -57.554876,-13.546405,0 -57.554728,-13.546225,0 -57.554580,-13.546062,0 -57.554413,-13.545882,0 -57.554265,-13.545719,0 -57.554116,-13.545539,0 -57.553949,-13.545376,0 -57.553801,-13.545196,0 -57.553653,-13.545034,0 -57.553486,-13.544853,0 -57.553338,-13.544691,0 -57.553190,-13.544510,0 -57.553023,-13.544330,0 -57.552875,-13.544167,0 -57.552726,-13.543987,0 -57.552560,-13.543824,0 -57.552411,-13.543644,0 -57.552263,-13.543481,0 -57.552096,-13.543301,0 -57.551948,-13.543139,0 -57.551800,-13.542958,0 -57.551633,-13.542796,0 -57.551485,-13.542615,0 -57.551337,-13.542453,0 -57.551170,-13.542272,0 -57.551022,-13.542092,0 -57.551076,-13.541875,0 -57.551113,-13.541639,0 -57.551168,-13.541422,0 -57.551204,-13.541187,0 -57.551259,-13.540952,0 -57.551296,-13.540735,0 -57.551351,-13.540500,0 -57.551387,-13.540282,0 -57.551442,-13.540047,0 -57.551497,-13.539812,0 -57.551533,-13.539595,0 -57.551588,-13.539360,0 -57.551625,-13.539125,0 -57.551680,-13.538907,0 -57.551716,-13.538672,0 -57.551771,-13.538455,0 -57.551807,-13.538220,0 -57.552214,-13.538219,0 -57.552436,-13.538327,0</coordinates></LineString></Placemark>
<Placemark><name>T-05D - 6,14 km</name><description>Maxima 6136 m | Minima 4976 m | Reta 3966 m | 33.87 ha</description><styleUrl>#rota</styleUrl><LineString><tessellate>1</tessellate><coordinates>-57.556949,-13.587035,0 -57.557059,-13.586836,0 -57.557188,-13.586637,0 -57.557298,-13.586438,0 -57.557409,-13.586238,0 -57.557519,-13.586039,0 -57.557630,-13.585840,0 -57.557759,-13.585641,0 -57.557869,-13.585442,0 -57.557980,-13.585242,0 -57.558090,-13.585043,0 -57.558200,-13.584844,0 -57.558329,-13.584645,0 -57.558440,-13.584446,0 -57.558550,-13.584247,0 -57.558661,-13.584047,0 -57.558771,-13.583848,0 -57.558900,-13.583649,0 -57.559011,-13.583450,0 -57.559121,-13.583251,0 -57.559232,-13.583052,0 -57.559342,-13.582852,0 -57.559120,-13.582600,0 -57.558898,-13.582510,0 -57.558675,-13.582402,0 -57.558453,-13.582312,0 -57.558231,-13.582222,0 -57.557991,-13.582132,0 -57.557769,-13.582042,0 -57.557547,-13.581952,0 -57.557325,-13.581862,0 -57.557103,-13.581754,0 -57.556862,-13.581664,0 -57.556640,-13.581574,0 -57.556603,-13.581484,0 -57.556750,-13.581140,0 -57.556879,-13.580941,0 -57.557008,-13.580742,0 -57.557137,-13.580561,0 -57.557266,-13.580361,0 -57.557395,-13.580162,0 -57.557524,-13.579981,0 -57.557653,-13.579782,0 -57.557781,-13.579583,0 -57.557910,-13.579402,0 -57.558039,-13.579202,0 -57.558168,-13.579003,0 -57.558297,-13.578822,0 -57.558426,-13.578623,0 -57.558555,-13.578424,0 -57.558739,-13.578134,0 -57.558868,-13.577935,0 -57.558997,-13.577735,0 -57.559126,-13.577536,0 -57.559255,-13.577355,0 -57.559384,-13.577156,0 -57.559513,-13.576957,0 -57.559642,-13.576757,0 -57.559771,-13.576558,0 -57.559918,-13.576377,0 -57.560047,-13.576178,0 -57.560176,-13.575979,0 -57.560305,-13.575779,0 -57.560434,-13.575580,0 -57.560563,-13.575381,0 -57.560710,-13.575182,0 -57.560839,-13.574983,0 -57.560968,-13.574783,0 -57.561116,-13.574584,0 -57.561245,-13.574385,0 -57.561374,-13.574186,0 -57.561521,-13.573968,0 -57.561650,-13.573769,0 -57.561779,-13.573570,0 -57.561926,-13.573371,0 -57.562055,-13.573171,0 -57.562184,-13.572972,0 -57.562276,-13.572809,0 -57.562294,-13.572556,0 -57.562312,-13.572303,0 -57.562330,-13.572050,0 -57.562366,-13.571796,0 -57.562384,-13.571525,0 -57.562125,-13.571254,0 -57.561976,-13.571092,0 -57.561939,-13.570748,0 -57.561956,-13.570332,0 -57.561974,-13.570025,0 -57.562065,-13.569627,0 -57.561991,-13.569356,0 -57.561935,-13.569121,0 -57.561879,-13.568886,0 -57.561823,-13.568597,0 -57.561785,-13.568181,0 -57.561673,-13.567964,0 -57.561562,-13.567729,0 -57.561395,-13.567458,0 -57.561283,-13.567242,0 -57.561153,-13.567043,0 -57.561079,-13.566754,0 -57.560986,-13.566465,0 -57.560911,-13.566248,0 -57.560837,-13.566013,0 -57.560651,-13.565597,0 -57.560354,-13.565273,0 -57.560225,-13.565092,0 -57.559965,-13.564858,0 -57.559613,-13.564569,0 -57.559373,-13.564425,0 -57.559151,-13.564263,0 -57.558928,-13.564010,0 -57.558632,-13.563739,0 -57.558335,-13.563433,0 -57.558095,-13.563270,0 -57.557909,-13.563126,0 -57.557724,-13.562982,0 -57.557484,-13.562802,0 -57.557261,-13.562495,0 -57.557149,-13.562242,0 -57.557001,-13.562133,0 -57.557112,-13.561844,0 -57.557240,-13.561645,0 -57.557369,-13.561464,0 -57.557498,-13.561264,0 -57.557646,-13.561065,0 -57.557775,-13.560866,0 -57.557904,-13.560667,0 -57.558033,-13.560486,0 -57.558162,-13.560286,0 -57.558290,-13.560087,0 -57.558419,-13.559888,0 -57.558548,-13.559689,0 -57.558677,-13.559508,0 -57.558806,-13.559308,0 -57.558935,-13.559109,0 -57.559064,-13.558910,0 -57.558990,-13.558693,0 -57.558897,-13.558476,0 -57.558822,-13.558259,0 -57.558748,-13.558043,0 -57.558655,-13.557808,0 -57.558580,-13.557591,0 -57.558487,-13.557374,0 -57.558413,-13.557157,0 -57.558320,-13.556940,0 -57.558246,-13.556724,0 -57.558171,-13.556507,0 -57.558078,-13.556272,0 -57.558004,-13.556055,0 -57.557911,-13.555838,0 -57.557836,-13.555621,0 -57.557762,-13.555405,0 -57.557669,-13.555188,0 -57.557595,-13.554971,0 -57.557502,-13.554736,0 -57.557427,-13.554519,0 -57.557353,-13.554302,0 -57.557260,-13.554086,0 -57.557204,-13.553851,0 -57.557148,-13.553616,0 -57.557092,-13.553381,0 -57.557036,-13.553146,0 -57.556998,-13.552911,0 -57.556942,-13.552676,0 -57.556886,-13.552459,0 -57.556830,-13.552224,0 -57.556774,-13.551989,0 -57.556718,-13.551754,0 -57.556681,-13.551519,0 -57.556625,-13.551284,0 -57.556569,-13.551049,0 -57.556513,-13.550832,0 -57.556457,-13.550597,0 -57.556456,-13.550308,0 -57.556400,-13.550073,0 -57.556326,-13.549856,0 -57.556381,-13.549657,0 -57.556491,-13.549440,0 -57.556509,-13.549187,0 -57.556527,-13.548933,0 -57.556563,-13.548662,0 -57.556581,-13.548409,0 -57.556433,-13.548246,0 -57.556285,-13.548066,0 -57.556118,-13.547885,0 -57.555970,-13.547723,0 -57.555803,-13.547542,0 -57.555655,-13.547380,0 -57.555506,-13.547200,0 -57.555340,-13.547019,0 -57.555191,-13.546857,0 -57.555025,-13.546676,0 -57.554876,-13.546514,0 -57.554728,-13.546333,0 -57.554561,-13.546171,0 -57.554413,-13.545990,0 -57.554246,-13.545810,0 -57.554098,-13.545647,0 -57.553931,-13.545467,0 -57.553783,-13.545305,0 -57.553635,-13.545124,0 -57.553468,-13.544944,0 -57.553320,-13.544781,0 -57.553153,-13.544601,0 -57.553005,-13.544438,0 -57.552856,-13.544258,0 -57.552690,-13.544095,0 -57.552541,-13.543915,0 -57.552375,-13.543734,0 -57.552226,-13.543572,0 -57.552078,-13.543391,0 -57.551911,-13.543229,0 -57.551763,-13.543049,0 -57.551596,-13.542868,0 -57.551448,-13.542706,0 -57.551281,-13.542525,0 -57.551133,-13.542363,0 -57.550985,-13.542182,0</coordinates></LineString></Placemark>
<Placemark><name>T-06A - 4,00 km</name><description>Maxima 4002 m | Minima 2340 m | Reta 1816 m | 39.74 ha</description><styleUrl>#rota</styleUrl><LineString><tessellate>1</tessellate><coordinates>-57.556949,-13.587035,0 -57.557059,-13.586836,0 -57.557188,-13.586637,0 -57.557298,-13.586438,0 -57.557409,-13.586238,0 -57.557519,-13.586039,0 -57.557630,-13.585840,0 -57.557759,-13.585641,0 -57.557869,-13.585442,0 -57.557980,-13.585242,0 -57.558090,-13.585043,0 -57.558200,-13.584844,0 -57.558329,-13.584645,0 -57.558440,-13.584446,0 -57.558550,-13.584247,0 -57.558661,-13.584047,0 -57.558771,-13.583848,0 -57.558900,-13.583649,0 -57.559011,-13.583450,0 -57.559121,-13.583251,0 -57.559232,-13.583052,0 -57.559342,-13.582852,0 -57.559120,-13.582600,0 -57.558898,-13.582510,0 -57.558675,-13.582402,0 -57.558453,-13.582312,0 -57.558231,-13.582222,0 -57.557991,-13.582132,0 -57.557769,-13.582042,0 -57.557547,-13.581952,0 -57.557325,-13.581862,0 -57.557103,-13.581754,0 -57.556862,-13.581664,0 -57.556640,-13.581574,0 -57.556603,-13.581484,0 -57.556750,-13.581140,0 -57.556879,-13.580941,0 -57.557008,-13.580742,0 -57.557137,-13.580561,0 -57.557266,-13.580361,0 -57.557395,-13.580162,0 -57.557524,-13.579981,0 -57.557653,-13.579782,0 -57.557781,-13.579583,0 -57.557910,-13.579402,0 -57.558039,-13.579202,0 -57.558168,-13.579003,0 -57.558297,-13.578822,0 -57.558426,-13.578623,0 -57.558555,-13.578424,0 -57.558739,-13.578134,0 -57.558868,-13.577935,0 -57.558997,-13.577735,0 -57.559126,-13.577536,0 -57.559255,-13.577355,0 -57.559384,-13.577156,0 -57.559513,-13.576957,0 -57.559642,-13.576757,0 -57.559771,-13.576558,0 -57.559918,-13.576377,0 -57.560047,-13.576178,0 -57.560176,-13.575979,0 -57.560305,-13.575779,0 -57.560434,-13.575580,0 -57.560563,-13.575381,0 -57.560710,-13.575182,0 -57.560839,-13.574983,0 -57.560968,-13.574783,0 -57.561116,-13.574584,0 -57.561245,-13.574385,0 -57.561374,-13.574186,0 -57.561521,-13.573968,0 -57.561650,-13.573769,0 -57.561779,-13.573570,0 -57.561926,-13.573371,0 -57.562055,-13.573171,0 -57.562184,-13.572972,0 -57.562276,-13.572809,0 -57.562294,-13.572556,0 -57.562312,-13.572303,0 -57.562330,-13.572050,0 -57.562366,-13.571796,0 -57.562384,-13.571525,0 -57.562125,-13.571254,0 -57.561976,-13.571092,0 -57.561939,-13.570748,0 -57.561956,-13.570332,0 -57.561974,-13.570025,0 -57.562065,-13.569627,0 -57.561991,-13.569356,0 -57.561935,-13.569121,0 -57.561879,-13.568886,0 -57.561823,-13.568597,0 -57.561785,-13.568181,0 -57.561673,-13.567964,0 -57.561562,-13.567729,0 -57.561395,-13.567458,0 -57.561283,-13.567242,0 -57.561153,-13.567043,0 -57.561079,-13.566754,0 -57.560986,-13.566465,0 -57.560911,-13.566248,0 -57.560837,-13.566013,0 -57.560651,-13.565597,0 -57.560354,-13.565273,0 -57.560225,-13.565092,0 -57.559965,-13.564858,0 -57.559613,-13.564569,0 -57.559373,-13.564425,0 -57.559151,-13.564263,0 -57.558928,-13.564010,0 -57.558632,-13.563739,0 -57.558335,-13.563433,0 -57.558095,-13.563270,0 -57.557909,-13.563126,0 -57.557724,-13.562982,0 -57.557484,-13.562802,0 -57.557261,-13.562495,0 -57.557149,-13.562242,0 -57.557001,-13.562133,0 -57.557222,-13.561844,0 -57.557351,-13.561663,0 -57.557480,-13.561463,0 -57.557609,-13.561282,0 -57.557720,-13.561083,0 -57.557849,-13.560902,0 -57.557978,-13.560703,0 -57.558107,-13.560503,0 -57.558236,-13.560322,0 -57.558365,-13.560123,0 -57.558493,-13.559942,0 -57.558622,-13.559743,0 -57.558733,-13.559544,0 -57.558862,-13.559362,0 -57.558991,-13.559163,0 -57.559120,-13.558982,0</coordinates></LineString></Placemark>
<Placemark><name>T-06B - 5,00 km</name><description>Maxima 5004 m | Minima 3595 m | Reta 2698 m | 40.44 ha</description><styleUrl>#rota</styleUrl><LineString><tessellate>1</tessellate><coordinates>-57.556949,-13.587035,0 -57.557059,-13.586836,0 -57.557188,-13.586637,0 -57.557298,-13.586438,0 -57.557409,-13.586238,0 -57.557519,-13.586039,0 -57.557630,-13.585840,0 -57.557759,-13.585641,0 -57.557869,-13.585442,0 -57.557980,-13.585242,0 -57.558090,-13.585043,0 -57.558200,-13.584844,0 -57.558329,-13.584645,0 -57.558440,-13.584446,0 -57.558550,-13.584247,0 -57.558661,-13.584047,0 -57.558771,-13.583848,0 -57.558900,-13.583649,0 -57.559011,-13.583450,0 -57.559121,-13.583251,0 -57.559232,-13.583052,0 -57.559342,-13.582852,0 -57.559120,-13.582600,0 -57.558898,-13.582510,0 -57.558675,-13.582402,0 -57.558453,-13.582312,0 -57.558231,-13.582222,0 -57.557991,-13.582132,0 -57.557769,-13.582042,0 -57.557547,-13.581952,0 -57.557325,-13.581862,0 -57.557103,-13.581754,0 -57.556862,-13.581664,0 -57.556640,-13.581574,0 -57.556603,-13.581484,0 -57.556750,-13.581140,0 -57.556879,-13.580941,0 -57.557008,-13.580742,0 -57.557137,-13.580561,0 -57.557266,-13.580361,0 -57.557395,-13.580162,0 -57.557524,-13.579981,0 -57.557653,-13.579782,0 -57.557781,-13.579583,0 -57.557910,-13.579402,0 -57.558039,-13.579202,0 -57.558168,-13.579003,0 -57.558297,-13.578822,0 -57.558426,-13.578623,0 -57.558555,-13.578424,0 -57.558739,-13.578134,0 -57.558868,-13.577935,0 -57.558997,-13.577735,0 -57.559126,-13.577536,0 -57.559255,-13.577355,0 -57.559384,-13.577156,0 -57.559513,-13.576957,0 -57.559642,-13.576757,0 -57.559771,-13.576558,0 -57.559918,-13.576377,0 -57.560047,-13.576178,0 -57.560176,-13.575979,0 -57.560305,-13.575779,0 -57.560434,-13.575580,0 -57.560563,-13.575381,0 -57.560710,-13.575182,0 -57.560839,-13.574983,0 -57.560968,-13.574783,0 -57.561116,-13.574584,0 -57.561245,-13.574385,0 -57.561374,-13.574186,0 -57.561521,-13.573968,0 -57.561650,-13.573769,0 -57.561779,-13.573570,0 -57.561926,-13.573371,0 -57.562055,-13.573171,0 -57.562184,-13.572972,0 -57.562276,-13.572809,0 -57.562294,-13.572556,0 -57.562312,-13.572303,0 -57.562330,-13.572050,0 -57.562366,-13.571796,0 -57.562384,-13.571525,0 -57.562125,-13.571254,0 -57.561976,-13.571092,0 -57.561939,-13.570748,0 -57.561956,-13.570332,0 -57.561974,-13.570025,0 -57.562065,-13.569627,0 -57.561991,-13.569356,0 -57.561935,-13.569121,0 -57.561879,-13.568886,0 -57.561823,-13.568597,0 -57.561785,-13.568181,0 -57.561673,-13.567964,0 -57.561562,-13.567729,0 -57.561395,-13.567458,0 -57.561283,-13.567242,0 -57.561153,-13.567043,0 -57.561079,-13.566754,0 -57.560986,-13.566465,0 -57.560911,-13.566248,0 -57.560837,-13.566013,0 -57.560651,-13.565597,0 -57.560354,-13.565273,0 -57.560225,-13.565092,0 -57.559965,-13.564858,0 -57.559613,-13.564569,0 -57.559373,-13.564425,0 -57.559151,-13.564263,0 -57.558928,-13.564010,0 -57.558632,-13.563739,0 -57.558335,-13.563433,0 -57.558095,-13.563270,0 -57.557909,-13.563126,0 -57.557724,-13.562982,0 -57.557484,-13.562802,0 -57.557261,-13.562495,0 -57.557149,-13.562242,0 -57.557001,-13.562133,0 -57.557112,-13.561844,0 -57.557240,-13.561645,0 -57.557369,-13.561464,0 -57.557498,-13.561264,0 -57.557646,-13.561065,0 -57.557775,-13.560866,0 -57.557904,-13.560667,0 -57.558033,-13.560486,0 -57.558162,-13.560286,0 -57.558290,-13.560087,0 -57.558419,-13.559888,0 -57.558548,-13.559689,0 -57.558677,-13.559508,0 -57.558806,-13.559308,0 -57.558935,-13.559109,0 -57.559064,-13.558910,0 -57.558990,-13.558693,0 -57.558897,-13.558476,0 -57.558822,-13.558259,0 -57.558748,-13.558043,0 -57.558655,-13.557808,0 -57.558580,-13.557591,0 -57.558487,-13.557374,0 -57.558413,-13.557157,0 -57.558320,-13.556940,0 -57.558246,-13.556724,0 -57.558171,-13.556507,0 -57.558078,-13.556272,0 -57.558004,-13.556055,0 -57.557911,-13.555838,0 -57.557836,-13.555621,0 -57.557762,-13.555405,0 -57.557669,-13.555188,0 -57.557595,-13.554971,0 -57.557502,-13.554736,0 -57.557427,-13.554519,0 -57.557353,-13.554302,0 -57.557260,-13.554086,0 -57.557185,-13.553869,0 -57.556945,-13.553869,0 -57.556705,-13.553852,0 -57.556483,-13.553852,0 -57.556243,-13.553853,0 -57.556021,-13.553853,0 -57.555781,-13.553836,0 -57.555540,-13.553836,0 -57.555318,-13.553837,0 -57.555078,-13.553837,0 -57.554838,-13.553820,0 -57.554616,-13.553820,0 -57.554376,-13.553821,0 -57.554135,-13.553821,0 -57.553914,-13.553804,0 -57.553673,-13.553804,0 -57.553451,-13.553805,0</coordinates></LineString></Placemark>
<Placemark><name>T-06C - 5,61 km</name><description>Maxima 5610 m | Minima 4600 m | Reta 3603 m | 36.46 ha</description><styleUrl>#rota</styleUrl><LineString><tessellate>1</tessellate><coordinates>-57.556949,-13.587035,0 -57.557059,-13.586836,0 -57.557188,-13.586637,0 -57.557298,-13.586438,0 -57.557409,-13.586238,0 -57.557519,-13.586039,0 -57.557630,-13.585840,0 -57.557759,-13.585641,0 -57.557869,-13.585442,0 -57.557980,-13.585242,0 -57.558090,-13.585043,0 -57.558200,-13.584844,0 -57.558329,-13.584645,0 -57.558440,-13.584446,0 -57.558550,-13.584247,0 -57.558661,-13.584047,0 -57.558771,-13.583848,0 -57.558900,-13.583649,0 -57.559011,-13.583450,0 -57.559121,-13.583251,0 -57.559232,-13.583052,0 -57.559342,-13.582852,0 -57.559120,-13.582600,0 -57.558898,-13.582510,0 -57.558675,-13.582402,0 -57.558453,-13.582312,0 -57.558231,-13.582222,0 -57.557991,-13.582132,0 -57.557769,-13.582042,0 -57.557547,-13.581952,0 -57.557325,-13.581862,0 -57.557103,-13.581754,0 -57.556862,-13.581664,0 -57.556640,-13.581574,0 -57.556603,-13.581484,0 -57.556750,-13.581140,0 -57.556879,-13.580941,0 -57.557008,-13.580742,0 -57.557137,-13.580561,0 -57.557266,-13.580361,0 -57.557395,-13.580162,0 -57.557524,-13.579981,0 -57.557653,-13.579782,0 -57.557781,-13.579583,0 -57.557910,-13.579402,0 -57.558039,-13.579202,0 -57.558168,-13.579003,0 -57.558297,-13.578822,0 -57.558426,-13.578623,0 -57.558555,-13.578424,0 -57.558739,-13.578134,0 -57.558868,-13.577935,0 -57.558997,-13.577735,0 -57.559126,-13.577536,0 -57.559255,-13.577355,0 -57.559384,-13.577156,0 -57.559513,-13.576957,0 -57.559642,-13.576757,0 -57.559771,-13.576558,0 -57.559918,-13.576377,0 -57.560047,-13.576178,0 -57.560176,-13.575979,0 -57.560305,-13.575779,0 -57.560434,-13.575580,0 -57.560563,-13.575381,0 -57.560710,-13.575182,0 -57.560839,-13.574983,0 -57.560968,-13.574783,0 -57.561116,-13.574584,0 -57.561245,-13.574385,0 -57.561374,-13.574186,0 -57.561521,-13.573968,0 -57.561650,-13.573769,0 -57.561779,-13.573570,0 -57.561926,-13.573371,0 -57.562055,-13.573171,0 -57.562184,-13.572972,0 -57.562276,-13.572809,0 -57.562294,-13.572556,0 -57.562312,-13.572303,0 -57.562330,-13.572050,0 -57.562366,-13.571796,0 -57.562384,-13.571525,0 -57.562125,-13.571254,0 -57.561976,-13.571092,0 -57.561939,-13.570748,0 -57.561956,-13.570332,0 -57.561974,-13.570025,0 -57.562065,-13.569627,0 -57.561991,-13.569356,0 -57.561935,-13.569121,0 -57.561879,-13.568886,0 -57.561823,-13.568597,0 -57.561785,-13.568181,0 -57.561673,-13.567964,0 -57.561562,-13.567729,0 -57.561395,-13.567458,0 -57.561283,-13.567242,0 -57.561153,-13.567043,0 -57.561079,-13.566754,0 -57.560986,-13.566465,0 -57.560911,-13.566248,0 -57.560837,-13.566013,0 -57.560651,-13.565597,0 -57.560354,-13.565273,0 -57.560225,-13.565092,0 -57.559965,-13.564858,0 -57.559613,-13.564569,0 -57.559373,-13.564425,0 -57.559151,-13.564263,0 -57.558928,-13.564010,0 -57.558632,-13.563739,0 -57.558335,-13.563433,0 -57.558095,-13.563270,0 -57.557909,-13.563126,0 -57.557724,-13.562982,0 -57.557484,-13.562802,0 -57.557261,-13.562495,0 -57.557149,-13.562242,0 -57.557001,-13.562133,0 -57.557112,-13.561844,0 -57.557240,-13.561645,0 -57.557369,-13.561464,0 -57.557498,-13.561264,0 -57.557646,-13.561065,0 -57.557775,-13.560866,0 -57.557904,-13.560667,0 -57.558033,-13.560486,0 -57.558162,-13.560286,0 -57.558290,-13.560087,0 -57.558419,-13.559888,0 -57.558548,-13.559689,0 -57.558677,-13.559508,0 -57.558806,-13.559308,0 -57.558935,-13.559109,0 -57.559064,-13.558910,0 -57.558990,-13.558693,0 -57.558897,-13.558476,0 -57.558822,-13.558259,0 -57.558748,-13.558043,0 -57.558655,-13.557808,0 -57.558580,-13.557591,0 -57.558487,-13.557374,0 -57.558413,-13.557157,0 -57.558320,-13.556940,0 -57.558246,-13.556724,0 -57.558171,-13.556507,0 -57.558078,-13.556272,0 -57.558004,-13.556055,0 -57.557911,-13.555838,0 -57.557836,-13.555621,0 -57.557762,-13.555405,0 -57.557669,-13.555188,0 -57.557595,-13.554971,0 -57.557502,-13.554736,0 -57.557427,-13.554519,0 -57.557353,-13.554302,0 -57.557260,-13.554086,0 -57.557204,-13.553851,0 -57.557148,-13.553616,0 -57.557092,-13.553381,0 -57.557036,-13.553146,0 -57.556998,-13.552911,0 -57.556942,-13.552676,0 -57.556886,-13.552459,0 -57.556830,-13.552224,0 -57.556774,-13.551989,0 -57.556718,-13.551754,0 -57.556681,-13.551519,0 -57.556625,-13.551284,0 -57.556569,-13.551049,0 -57.556513,-13.550832,0 -57.556457,-13.550597,0 -57.556235,-13.550525,0 -57.556013,-13.550453,0 -57.555791,-13.550382,0 -57.555551,-13.550310,0 -57.555329,-13.550238,0 -57.555107,-13.550166,0 -57.554885,-13.550094,0 -57.554644,-13.550041,0 -57.554422,-13.549969,0 -57.554200,-13.549897,0 -57.553978,-13.549825,0 -57.553756,-13.549753,0 -57.553516,-13.549681,0 -57.553294,-13.549610,0 -57.553072,-13.549538,0 -57.552850,-13.549466,0 -57.552628,-13.549412,0 -57.552388,-13.549340,0 -57.552166,-13.549268,0 -57.551944,-13.549197,0 -57.551722,-13.549125,0 -57.551481,-13.549053,0 -57.551259,-13.548981,0 -57.551037,-13.548909,0 -57.550815,-13.548856,0</coordinates></LineString></Placemark>
<Placemark><name>T-07 - 2,80 km</name><description>Maxima 2803 m | Minima 720 m | Reta 539 m | 93.41 ha</description><styleUrl>#rota</styleUrl><LineString><tessellate>1</tessellate><coordinates>-57.556949,-13.587035,0 -57.557059,-13.586836,0 -57.557188,-13.586637,0 -57.557298,-13.586438,0 -57.557409,-13.586238,0 -57.557519,-13.586039,0 -57.557630,-13.585840,0 -57.557759,-13.585641,0 -57.557869,-13.585442,0 -57.557980,-13.585242,0 -57.558090,-13.585043,0 -57.558200,-13.584844,0 -57.558329,-13.584645,0 -57.558440,-13.584446,0 -57.558550,-13.584247,0 -57.558661,-13.584047,0 -57.558771,-13.583848,0 -57.558900,-13.583649,0 -57.559011,-13.583450,0 -57.559121,-13.583251,0 -57.559232,-13.583052,0 -57.559342,-13.582852,0 -57.559120,-13.582600,0 -57.558898,-13.582510,0 -57.558675,-13.582402,0 -57.558453,-13.582312,0 -57.558231,-13.582222,0 -57.557991,-13.582132,0 -57.557769,-13.582042,0 -57.557547,-13.581952,0 -57.557325,-13.581862,0 -57.557103,-13.581754,0 -57.556862,-13.581664,0 -57.556640,-13.581574,0 -57.556603,-13.581484,0 -57.556750,-13.581140,0 -57.556879,-13.580941,0 -57.557008,-13.580742,0 -57.557137,-13.580561,0 -57.557266,-13.580361,0 -57.557395,-13.580162,0 -57.557524,-13.579981,0 -57.557653,-13.579782,0 -57.557781,-13.579583,0 -57.557910,-13.579402,0 -57.558039,-13.579202,0 -57.558168,-13.579003,0 -57.558297,-13.578822,0 -57.558426,-13.578623,0 -57.558555,-13.578424,0 -57.558739,-13.578134,0 -57.558868,-13.577935,0 -57.558997,-13.577735,0 -57.559126,-13.577536,0 -57.559255,-13.577355,0 -57.559384,-13.577156,0 -57.559513,-13.576957,0 -57.559642,-13.576757,0 -57.559771,-13.576558,0 -57.559918,-13.576377,0 -57.560047,-13.576178,0 -57.560176,-13.575979,0 -57.560305,-13.575779,0 -57.560434,-13.575580,0 -57.560563,-13.575381,0 -57.560710,-13.575182,0 -57.560839,-13.574983,0 -57.560968,-13.574783,0 -57.561116,-13.574584,0 -57.561245,-13.574385,0 -57.561374,-13.574186,0 -57.561521,-13.573968,0 -57.561650,-13.573769,0 -57.561779,-13.573570,0 -57.561926,-13.573371,0 -57.562055,-13.573171,0 -57.562184,-13.572972,0 -57.562276,-13.572809,0 -57.562368,-13.572592,0 -57.562404,-13.572339,0 -57.562441,-13.572104,0 -57.562477,-13.571850,0 -57.562532,-13.571615,0 -57.562569,-13.571362,0 -57.562790,-13.571398,0 -57.563031,-13.571433,0 -57.563271,-13.571469,0 -57.563493,-13.571504,0 -57.563734,-13.571558,0 -57.563955,-13.571594,0 -57.564196,-13.571629,0 -57.564436,-13.571665,0 -57.564658,-13.571701,0 -57.564899,-13.571736,0 -57.565120,-13.571772,0 -57.565361,-13.571808,0 -57.565583,-13.571843,0 -57.565823,-13.571879,0 -57.566064,-13.571915,0 -57.566286,-13.571950,0 -57.566526,-13.571986,0 -57.566748,-13.572021,0</coordinates></LineString></Placemark>
<Placemark><name>T-07B - 3,75 km</name><description>Maxima 3755 m | Minima 2355 m | Reta 1840 m | 72.52 ha</description><styleUrl>#rota</styleUrl><LineString><tessellate>1</tessellate><coordinates>-57.556949,-13.587035,0 -57.557059,-13.586836,0 -57.557188,-13.586637,0 -57.557298,-13.586438,0 -57.557409,-13.586238,0 -57.557519,-13.586039,0 -57.557630,-13.585840,0 -57.557759,-13.585641,0 -57.557869,-13.585442,0 -57.557980,-13.585242,0 -57.558090,-13.585043,0 -57.558200,-13.584844,0 -57.558329,-13.584645,0 -57.558440,-13.584446,0 -57.558550,-13.584247,0 -57.558661,-13.584047,0 -57.558771,-13.583848,0 -57.558900,-13.583649,0 -57.559011,-13.583450,0 -57.559121,-13.583251,0 -57.559232,-13.583052,0 -57.559342,-13.582852,0 -57.559657,-13.582978,0 -57.560026,-13.582959,0 -57.560266,-13.582886,0 -57.560488,-13.582796,0 -57.560710,-13.582723,0 -57.560950,-13.582632,0 -57.561171,-13.582559,0 -57.561412,-13.582468,0 -57.561633,-13.582395,0 -57.561836,-13.582340,0 -57.562095,-13.582286,0 -57.562354,-13.582231,0 -57.562612,-13.582158,0 -57.562816,-13.582103,0 -57.563204,-13.581958,0 -57.563610,-13.581812,0 -57.563739,-13.581631,0 -57.563886,-13.581432,0 -57.564015,-13.581250,0 -57.564163,-13.581051,0 -57.564292,-13.580870,0 -57.564439,-13.580689,0 -57.564568,-13.580490,0 -57.564697,-13.580309,0 -57.564844,-13.580109,0 -57.564973,-13.579928,0 -57.565121,-13.579729,0 -57.565250,-13.579548,0 -57.565397,-13.579367,0 -57.565526,-13.579167,0 -57.565655,-13.578986,0 -57.565803,-13.578787,0 -57.565932,-13.578606,0 -57.566079,-13.578407,0 -57.566208,-13.578225,0 -57.566355,-13.578044,0 -57.566484,-13.577845,0 -57.566613,-13.577664,0 -57.566761,-13.577465,0 -57.566890,-13.577284,0 -57.567037,-13.577084,0 -57.567166,-13.576903,0 -57.567314,-13.576722,0 -57.567442,-13.576523,0 -57.567571,-13.576342,0 -57.567719,-13.576142,0 -57.567848,-13.575961,0 -57.567995,-13.575780,0 -57.568124,-13.575581,0 -57.568272,-13.575400,0 -57.568401,-13.575200,0 -57.568530,-13.575019,0 -57.568659,-13.574838,0 -57.568806,-13.574639,0 -57.568935,-13.574458,0 -57.569064,-13.574259,0 -57.569193,-13.574077,0 -57.569322,-13.573896,0 -57.569451,-13.573697,0 -57.569580,-13.573516,0 -57.569727,-13.573335,0 -57.569856,-13.573136,0 -57.569985,-13.572954,0 -57.570114,-13.572755,0 -57.570243,-13.572574,0 -57.570390,-13.572393,0 -57.570519,-13.572194,0 -57.570648,-13.572013,0 -57.570777,-13.571813,0 -57.570906,-13.571632,0 -57.571035,-13.571433,0 -57.571164,-13.571252,0 -57.571293,-13.571053,0 -57.571422,-13.570872,0 -57.571551,-13.570672,0 -57.571680,-13.570491,0 -57.571809,-13.570292,0 -57.571938,-13.570111,0 -57.572067,-13.569930,0 -57.572196,-13.569730,0 -57.572325,-13.569549,0 -57.572453,-13.569350,0 -57.572582,-13.569169,0 -57.572711,-13.568970,0 -57.572858,-13.568662,0 -57.572987,-13.568463,0 -57.572784,-13.568355,0 -57.572562,-13.568229,0 -57.572358,-13.568103,0 -57.572136,-13.567977,0 -57.571932,-13.567868,0 -57.571710,-13.567742,0 -57.571488,-13.567616,0 -57.571284,-13.567490,0 -57.571062,-13.567364,0 -57.570859,-13.567256,0 -57.570655,-13.567148,0 -57.570451,-13.567022,0 -57.570248,-13.566914,0 -57.570044,-13.566788,0 -57.569841,-13.566680,0 -57.569656,-13.566572,0 -57.569452,-13.566446,0 -57.569248,-13.566337,0 -57.569045,-13.566229,0 -57.568841,-13.566103,0 -57.568637,-13.565995,0 -57.568434,-13.565887,0 -57.568249,-13.565761,0 -57.568045,-13.565653,0 -57.567842,-13.565545,0 -57.567638,-13.565419,0 -57.567434,-13.565311,0 -57.567231,-13.565185,0 -57.567027,-13.565077,0 -57.566805,-13.564951,0</coordinates></LineString></Placemark>
<Placemark><name>T-08 - 2,66 km</name><description>Maxima 2660 m | Minima 1428 m | Reta 929 m | 30.12 ha</description><styleUrl>#rota</styleUrl><LineString><tessellate>1</tessellate><coordinates>-57.556949,-13.587035,0 -57.557059,-13.586836,0 -57.557188,-13.586637,0 -57.557298,-13.586438,0 -57.557409,-13.586238,0 -57.557519,-13.586039,0 -57.557630,-13.585840,0 -57.557759,-13.585641,0 -57.557869,-13.585442,0 -57.557980,-13.585242,0 -57.558090,-13.585043,0 -57.558200,-13.584844,0 -57.558329,-13.584645,0 -57.558440,-13.584446,0 -57.558550,-13.584247,0 -57.558661,-13.584047,0 -57.558771,-13.583848,0 -57.558900,-13.583649,0 -57.559011,-13.583450,0 -57.559121,-13.583251,0 -57.559232,-13.583052,0 -57.559342,-13.582852,0 -57.559120,-13.582600,0 -57.558898,-13.582510,0 -57.558675,-13.582402,0 -57.558453,-13.582312,0 -57.558231,-13.582222,0 -57.557991,-13.582132,0 -57.557769,-13.582042,0 -57.557547,-13.581952,0 -57.557325,-13.581862,0 -57.557103,-13.581754,0 -57.556862,-13.581664,0 -57.556640,-13.581574,0 -57.556603,-13.581484,0 -57.556750,-13.581140,0 -57.556879,-13.580941,0 -57.557008,-13.580742,0 -57.557137,-13.580561,0 -57.557266,-13.580361,0 -57.557395,-13.580162,0 -57.557524,-13.579981,0 -57.557653,-13.579782,0 -57.557781,-13.579583,0 -57.557910,-13.579402,0 -57.558039,-13.579202,0 -57.558168,-13.579003,0 -57.558297,-13.578822,0 -57.558426,-13.578623,0 -57.558204,-13.578533,0 -57.557982,-13.578443,0 -57.557760,-13.578244,0 -57.557538,-13.578155,0 -57.557297,-13.578047,0 -57.557057,-13.577957,0 -57.556816,-13.577867,0 -57.556576,-13.577777,0 -57.556482,-13.577343,0 -57.556260,-13.577090,0 -57.555890,-13.576929,0 -57.555723,-13.576694,0 -57.555611,-13.576459,0 -57.555481,-13.576242,0 -57.555296,-13.575881,0 -57.555184,-13.575646,0 -57.555147,-13.575375,0 -57.555128,-13.575104,0 -57.554905,-13.574779,0 -57.554941,-13.574544,0 -57.555125,-13.574145,0 -57.555347,-13.574000,0 -57.555587,-13.573855,0 -57.555975,-13.573836,0 -57.556234,-13.573781,0 -57.556492,-13.573726,0 -57.556751,-13.573690,0 -57.557010,-13.573635,0 -57.557231,-13.573544,0 -57.557471,-13.573453,0 -57.557711,-13.573362,0 -57.557952,-13.573271,0 -57.558173,-13.573180,0 -57.558413,-13.573089,0 -57.558653,-13.572998,0 -57.558986,-13.572997,0 -57.559319,-13.572997,0 -57.559707,-13.572761,0 -57.559928,-13.572760,0</coordinates></LineString></Placemark>
<Placemark><name>T-09 - 4,71 km</name><description>Maxima 4705 m | Minima 1069 m | Reta 554 m | 226.37 ha</description><styleUrl>#rota</styleUrl><LineString><tessellate>1</tessellate><coordinates>-57.556949,-13.587035,0 -57.557059,-13.586836,0 -57.557188,-13.586637,0 -57.557298,-13.586438,0 -57.557409,-13.586238,0 -57.557519,-13.586039,0 -57.557630,-13.585840,0 -57.557759,-13.585641,0 -57.557869,-13.585442,0 -57.557980,-13.585242,0 -57.558090,-13.585043,0 -57.558200,-13.584844,0 -57.558329,-13.584645,0 -57.558440,-13.584446,0 -57.558550,-13.584247,0 -57.558661,-13.584047,0 -57.558771,-13.583848,0 -57.558900,-13.583649,0 -57.559011,-13.583450,0 -57.559121,-13.583251,0 -57.559232,-13.583052,0 -57.559342,-13.582852,0 -57.559120,-13.582600,0 -57.558898,-13.582510,0 -57.558675,-13.582402,0 -57.558453,-13.582312,0 -57.558231,-13.582222,0 -57.557991,-13.582132,0 -57.557769,-13.582042,0 -57.557547,-13.581952,0 -57.557325,-13.581862,0 -57.557103,-13.581754,0 -57.556862,-13.581664,0 -57.556640,-13.581574,0 -57.556603,-13.581484,0 -57.556750,-13.581140,0 -57.556879,-13.580941,0 -57.557008,-13.580742,0 -57.557137,-13.580561,0 -57.557266,-13.580361,0 -57.557395,-13.580162,0 -57.557524,-13.579981,0 -57.557653,-13.579782,0 -57.557781,-13.579583,0 -57.557910,-13.579402,0 -57.558039,-13.579202,0 -57.558168,-13.579003,0 -57.558297,-13.578822,0 -57.558426,-13.578623,0 -57.558204,-13.578533,0 -57.557982,-13.578443,0 -57.557760,-13.578371,0 -57.557557,-13.578281,0 -57.557335,-13.578209,0 -57.557113,-13.578119,0 -57.556891,-13.578048,0 -57.556669,-13.577958,0 -57.556465,-13.577886,0 -57.556243,-13.577796,0 -57.556021,-13.577706,0 -57.555799,-13.577634,0 -57.555577,-13.577544,0 -57.555336,-13.577400,0 -57.555096,-13.577238,0 -57.555002,-13.576967,0 -57.554891,-13.576678,0 -57.554650,-13.576552,0 -57.554410,-13.576425,0 -57.554151,-13.576281,0 -57.553910,-13.576155,0 -57.553798,-13.575866,0 -57.553668,-13.575577,0 -57.553427,-13.575288,0 -57.553297,-13.575054,0 -57.553186,-13.574837,0 -57.553056,-13.574602,0 -57.552944,-13.574367,0 -57.552815,-13.574132,0 -57.552888,-13.573843,0 -57.552961,-13.573553,0 -57.553127,-13.573318,0 -57.553293,-13.573082,0 -57.553366,-13.572721,0 -57.553218,-13.572540,0 -57.553069,-13.572360,0 -57.552902,-13.572179,0 -57.552754,-13.571999,0 -57.552864,-13.571709,0 -57.552956,-13.571401,0 -57.553252,-13.571365,0 -57.553547,-13.571310,0 -57.553825,-13.571255,0 -57.553954,-13.571074,0 -57.553897,-13.570748,0 -57.553804,-13.570532,0 -57.553712,-13.570333,0 -57.553434,-13.570098,0 -57.553193,-13.570045,0 -57.552953,-13.569991,0 -57.552731,-13.569919,0 -57.552490,-13.569865,0 -57.552268,-13.569793,0 -57.552028,-13.569740,0 -57.551861,-13.569577,0 -57.551695,-13.569415,0 -57.551546,-13.569253,0 -57.551380,-13.569090,0 -57.551213,-13.568928,0 -57.551046,-13.568765,0 -57.550879,-13.568603,0 -57.550731,-13.568441,0 -57.550564,-13.568278,0 -57.550398,-13.568116,0 -57.550231,-13.567953,0 -57.550064,-13.567791,0 -57.549916,-13.567629,0 -57.549749,-13.567466,0 -57.549582,-13.567304,0 -57.549416,-13.567141,0 -57.549249,-13.566979,0 -57.549101,-13.566817,0 -57.548934,-13.566654,0 -57.548840,-13.566257,0 -57.548877,-13.566021,0 -57.548913,-13.565804,0 -57.548950,-13.565569,0 -57.548986,-13.565352,0 -57.549023,-13.565117,0 -57.548911,-13.564918,0 -57.548560,-13.564901,0 -57.548283,-13.564811,0 -57.548005,-13.564739,0 -57.547672,-13.564686,0 -57.547340,-13.564650,0 -57.547025,-13.564543,0 -57.546711,-13.564453,0 -57.546470,-13.564453,0 -57.546248,-13.564454,0 -57.546008,-13.564454,0 -57.545768,-13.564437,0 -57.545546,-13.564437,0 -57.545324,-13.564329,0 -57.545102,-13.564221,0 -57.544880,-13.564113,0 -57.544676,-13.563951,0 -57.544491,-13.563789,0 -57.544287,-13.563644,0 -57.544102,-13.563482,0 -57.543917,-13.563320,0 -57.543732,-13.563157,0 -57.543565,-13.562977,0 -57.543380,-13.562815,0 -57.543213,-13.562652,0 -57.543028,-13.562490,0 -57.542861,-13.562309,0 -57.542694,-13.562147,0 -57.542509,-13.561985,0 -57.542342,-13.561822,0 -57.542157,-13.561642,0 -57.541990,-13.561479,0 -57.541823,-13.561317,0 -57.541787,-13.561606,0 -57.541732,-13.561914,0 -57.541641,-13.562185,0 -57.541549,-13.562439,0</coordinates></LineString></Placemark>
<Placemark><name>T-10 - 2,23 km</name><description>Maxima 2227 m | Minima 1057 m | Reta 250 m | 29.65 ha</description><styleUrl>#rota</styleUrl><LineString><tessellate>1</tessellate><coordinates>-57.556949,-13.587035,0 -57.557059,-13.586836,0 -57.557188,-13.586637,0 -57.557298,-13.586438,0 -57.557409,-13.586238,0 -57.557519,-13.586039,0 -57.557630,-13.585840,0 -57.557759,-13.585641,0 -57.557869,-13.585442,0 -57.557980,-13.585242,0 -57.558090,-13.585043,0 -57.558200,-13.584844,0 -57.558329,-13.584645,0 -57.558440,-13.584446,0 -57.558550,-13.584247,0 -57.558661,-13.584047,0 -57.558771,-13.583848,0 -57.558900,-13.583649,0 -57.559011,-13.583450,0 -57.559121,-13.583251,0 -57.559232,-13.583052,0 -57.559342,-13.582852,0 -57.559120,-13.582600,0 -57.558898,-13.582510,0 -57.558675,-13.582402,0 -57.558453,-13.582312,0 -57.558231,-13.582222,0 -57.557991,-13.582132,0 -57.557769,-13.582042,0 -57.557547,-13.581952,0 -57.557325,-13.581862,0 -57.557103,-13.581754,0 -57.556862,-13.581664,0 -57.556640,-13.581574,0 -57.556307,-13.581449,0 -57.556178,-13.581557,0 -57.556030,-13.581757,0 -57.555883,-13.581938,0 -57.555735,-13.582137,0 -57.555588,-13.582336,0 -57.555441,-13.582536,0 -57.555293,-13.582717,0 -57.555146,-13.582916,0 -57.554998,-13.583115,0 -57.554851,-13.583296,0 -57.554703,-13.583496,0 -57.554556,-13.583695,0 -57.554409,-13.583894,0 -57.554243,-13.584075,0 -57.553929,-13.584203,0 -57.553615,-13.584312,0 -57.553171,-13.584385,0 -57.552931,-13.584386,0 -57.552709,-13.584386,0 -57.552469,-13.584387,0 -57.552247,-13.584369,0 -57.552006,-13.584370,0 -57.551766,-13.584370,0 -57.551526,-13.584316,0 -57.551285,-13.584281,0 -57.551045,-13.584245,0 -57.550804,-13.584191,0 -57.550564,-13.584156,0 -57.550305,-13.584102,0 -57.550101,-13.584012,0 -57.549879,-13.583904,0 -57.549676,-13.583814,0 -57.549306,-13.583688,0 -57.549047,-13.583562,0 -57.548788,-13.583545,0 -57.548510,-13.583509,0 -57.548252,-13.583492,0 -57.547956,-13.583583,0 -57.547716,-13.583692,0 -57.547476,-13.583819,0 -57.547236,-13.583946,0</coordinates></LineString></Placemark>
<Placemark><name>T-10B - 3,38 km</name><description>Maxima 3375 m | Minima 1088 m | Reta 289 m | 127.8 ha</description><styleUrl>#rota</styleUrl><LineString><tessellate>1</tessellate><coordinates>-57.556949,-13.587035,0 -57.557059,-13.586836,0 -57.557188,-13.586637,0 -57.557298,-13.586438,0 -57.557409,-13.586238,0 -57.557519,-13.586039,0 -57.557630,-13.585840,0 -57.557759,-13.585641,0 -57.557869,-13.585442,0 -57.557980,-13.585242,0 -57.558090,-13.585043,0 -57.558200,-13.584844,0 -57.558329,-13.584645,0 -57.558440,-13.584446,0 -57.558550,-13.584247,0 -57.558661,-13.584047,0 -57.558771,-13.583848,0 -57.558900,-13.583649,0 -57.559011,-13.583450,0 -57.559121,-13.583251,0 -57.559232,-13.583052,0 -57.559342,-13.582852,0 -57.559120,-13.582600,0 -57.558898,-13.582510,0 -57.558675,-13.582402,0 -57.558453,-13.582312,0 -57.558231,-13.582222,0 -57.557991,-13.582132,0 -57.557769,-13.582042,0 -57.557547,-13.581952,0 -57.557325,-13.581862,0 -57.557103,-13.581754,0 -57.556862,-13.581664,0 -57.556640,-13.581574,0 -57.556307,-13.581449,0 -57.556085,-13.581359,0 -57.555863,-13.581269,0 -57.555659,-13.581197,0 -57.555437,-13.581107,0 -57.555215,-13.581017,0 -57.555012,-13.580945,0 -57.554790,-13.580855,0 -57.554586,-13.580765,0 -57.554364,-13.580693,0 -57.554142,-13.580603,0 -57.553939,-13.580532,0 -57.553717,-13.580442,0 -57.553494,-13.580352,0 -57.553291,-13.580280,0 -57.553069,-13.580190,0 -57.552847,-13.580100,0 -57.552643,-13.580028,0 -57.552421,-13.579938,0 -57.552218,-13.579848,0 -57.551996,-13.579776,0 -57.551774,-13.579686,0 -57.551570,-13.579615,0 -57.551348,-13.579525,0 -57.551126,-13.579435,0 -57.550923,-13.579363,0 -57.550701,-13.579273,0 -57.550478,-13.579183,0 -57.550275,-13.579111,0 -57.550053,-13.579021,0 -57.549831,-13.578931,0 -57.549627,-13.578859,0 -57.549405,-13.578769,0 -57.549202,-13.578679,0 -57.548980,-13.578608,0 -57.548758,-13.578518,0 -57.548554,-13.578446,0 -57.548332,-13.578356,0 -57.548110,-13.578266,0 -57.547907,-13.578194,0 -57.547685,-13.578104,0 -57.547463,-13.578014,0 -57.547259,-13.577942,0 -57.547037,-13.577852,0 -57.546833,-13.577762,0 -57.546611,-13.577690,0 -57.546389,-13.577601,0 -57.546186,-13.577529,0 -57.545964,-13.577439,0 -57.545742,-13.577349,0 -57.545538,-13.577277,0 -57.545316,-13.577187,0 -57.545094,-13.577097,0 -57.544891,-13.577025,0 -57.544669,-13.576935,0 -57.544465,-13.576845,0 -57.544243,-13.576773,0 -57.544021,-13.576683,0 -57.543818,-13.576593,0 -57.543596,-13.576522,0 -57.543374,-13.576432,0 -57.543170,-13.576360,0 -57.542948,-13.576270,0 -57.542726,-13.576180,0 -57.542522,-13.576108,0 -57.542300,-13.576018,0 -57.542097,-13.575928,0 -57.541875,-13.575856,0 -57.541653,-13.575766,0 -57.541449,-13.575676,0 -57.541227,-13.575604,0 -57.541005,-13.575515,0 -57.540802,-13.575443,0 -57.540580,-13.575353,0 -57.540358,-13.575263,0 -57.540154,-13.575191,0 -57.539951,-13.575155,0 -57.539747,-13.575083,0 -57.539525,-13.574993,0 -57.539303,-13.574903,0 -57.539081,-13.574832,0 -57.538878,-13.574742,0 -57.538656,-13.574652,0 -57.538434,-13.574562,0 -57.538230,-13.574490,0 -57.538008,-13.574400,0 -57.538009,-13.574617,0 -57.538028,-13.574852,0 -57.538028,-13.575087,0 -57.538047,-13.575304,0 -57.538048,-13.575539,0 -57.538067,-13.575774,0 -57.538067,-13.575991,0</coordinates></LineString></Placemark>
<Placemark><name>T-CON - 5,41 km</name><description>Maxima 5410 m | Minima 4977 m | Reta 3969 m | 3.24 ha</description><styleUrl>#rota</styleUrl><LineString><tessellate>1</tessellate><coordinates>-57.556949,-13.587035,0 -57.557059,-13.586836,0 -57.557188,-13.586637,0 -57.557298,-13.586438,0 -57.557409,-13.586238,0 -57.557519,-13.586039,0 -57.557630,-13.585840,0 -57.557759,-13.585641,0 -57.557869,-13.585442,0 -57.557980,-13.585242,0 -57.558090,-13.585043,0 -57.558200,-13.584844,0 -57.558329,-13.584645,0 -57.558440,-13.584446,0 -57.558550,-13.584247,0 -57.558661,-13.584047,0 -57.558771,-13.583848,0 -57.558900,-13.583649,0 -57.559011,-13.583450,0 -57.559121,-13.583251,0 -57.559232,-13.583052,0 -57.559342,-13.582852,0 -57.559120,-13.582600,0 -57.558898,-13.582510,0 -57.558675,-13.582402,0 -57.558453,-13.582312,0 -57.558231,-13.582222,0 -57.557991,-13.582132,0 -57.557769,-13.582042,0 -57.557547,-13.581952,0 -57.557325,-13.581862,0 -57.557103,-13.581754,0 -57.556862,-13.581664,0 -57.556640,-13.581574,0 -57.556603,-13.581484,0 -57.556750,-13.581140,0 -57.556879,-13.580941,0 -57.557008,-13.580742,0 -57.557137,-13.580561,0 -57.557266,-13.580361,0 -57.557395,-13.580162,0 -57.557524,-13.579981,0 -57.557653,-13.579782,0 -57.557781,-13.579583,0 -57.557910,-13.579402,0 -57.558039,-13.579202,0 -57.558168,-13.579003,0 -57.558297,-13.578822,0 -57.558426,-13.578623,0 -57.558555,-13.578424,0 -57.558739,-13.578134,0 -57.558868,-13.577935,0 -57.558997,-13.577735,0 -57.559126,-13.577536,0 -57.559255,-13.577355,0 -57.559384,-13.577156,0 -57.559513,-13.576957,0 -57.559642,-13.576757,0 -57.559771,-13.576558,0 -57.559918,-13.576377,0 -57.560047,-13.576178,0 -57.560176,-13.575979,0 -57.560305,-13.575779,0 -57.560434,-13.575580,0 -57.560563,-13.575381,0 -57.560710,-13.575182,0 -57.560839,-13.574983,0 -57.560968,-13.574783,0 -57.561116,-13.574584,0 -57.561245,-13.574385,0 -57.561374,-13.574186,0 -57.561521,-13.573968,0 -57.561650,-13.573769,0 -57.561779,-13.573570,0 -57.561926,-13.573371,0 -57.562055,-13.573171,0 -57.562184,-13.572972,0 -57.562276,-13.572809,0 -57.562294,-13.572556,0 -57.562312,-13.572303,0 -57.562330,-13.572050,0 -57.562366,-13.571796,0 -57.562384,-13.571525,0 -57.562402,-13.571380,0 -57.562402,-13.571145,0 -57.562420,-13.570910,0 -57.562438,-13.570675,0 -57.562455,-13.570440,0 -57.562473,-13.570205,0 -57.562491,-13.569970,0 -57.562509,-13.569734,0 -57.562527,-13.569499,0 -57.562545,-13.569264,0 -57.562563,-13.569029,0 -57.562562,-13.568794,0 -57.562580,-13.568559,0 -57.562598,-13.568324,0 -57.562616,-13.568089,0 -57.562634,-13.567853,0 -57.562652,-13.567618,0 -57.562670,-13.567383,0 -57.562688,-13.567148,0 -57.562706,-13.566913,0 -57.562724,-13.566678,0 -57.562742,-13.566461,0 -57.562760,-13.566226,0 -57.562778,-13.565990,0 -57.562796,-13.565755,0 -57.562814,-13.565520,0 -57.562831,-13.565285,0 -57.562849,-13.565050,0 -57.562867,-13.564833,0 -57.562885,-13.564598,0 -57.562903,-13.564363,0 -57.562921,-13.564128,0 -57.562939,-13.563892,0 -57.562957,-13.563657,0 -57.562975,-13.563440,0 -57.562993,-13.563205,0 -57.563011,-13.562970,0 -57.563102,-13.562608,0 -57.563139,-13.562373,0 -57.563157,-13.562138,0 -57.563175,-13.561903,0 -57.563211,-13.561667,0 -57.563229,-13.561432,0 -57.563247,-13.561197,0 -57.563283,-13.560962,0 -57.563301,-13.560727,0 -57.563319,-13.560492,0 -57.563356,-13.560239,0 -57.563374,-13.560003,0 -57.563392,-13.559768,0 -57.563428,-13.559533,0 -57.563632,-13.559677,0 -57.563835,-13.559803,0 -57.564057,-13.559948,0 -57.564371,-13.559820,0 -57.564482,-13.559567,0 -57.564407,-13.559169,0 -57.564222,-13.559025,0 -57.564018,-13.558881,0 -57.564128,-13.558501,0 -57.563906,-13.558393,0 -57.563665,-13.558285,0 -57.563443,-13.558177,0 -57.563498,-13.557960,0 -57.563572,-13.557742,0 -57.563645,-13.557525,0 -57.563718,-13.557308,0 -57.563792,-13.557091,0 -57.563865,-13.556874,0 -57.563939,-13.556657,0 -57.564012,-13.556439,0 -57.564067,-13.556204,0 -57.564140,-13.555987,0 -57.564214,-13.555770,0 -57.564287,-13.555553,0 -57.564361,-13.555336,0 -57.564434,-13.555118,0 -57.564415,-13.554757,0 -57.564248,-13.554540,0 -57.564081,-13.554305,0 -57.563914,-13.554071,0 -57.563747,-13.553836,0 -57.563488,-13.553475,0 -57.563358,-13.553258,0 -57.563228,-13.553041,0 -57.563098,-13.552807,0 -57.562986,-13.552608,0 -57.562857,-13.552409,0 -57.562727,-13.552211,0 -57.562615,-13.552012,0 -57.562486,-13.551813,0 -57.562356,-13.551615,0 -57.562244,-13.551416,0 -57.562114,-13.551217,0 -57.561985,-13.551019,0 -57.561873,-13.550820,0 -57.561743,-13.550622,0 -57.561614,-13.550423,0 -57.561502,-13.550224,0 -57.561372,-13.550026,0 -57.561242,-13.549827,0 -57.561131,-13.549628,0 -57.561001,-13.549430,0 -57.560871,-13.549231,0 -57.560760,-13.549032,0 -57.560630,-13.548834,0 -57.560500,-13.548635,0 -57.560241,-13.548382,0 -57.560074,-13.548130,0 -57.559907,-13.547859,0 -57.559704,-13.547986,0 -57.559501,-13.548095,0 -57.559279,-13.548222,0</coordinates></LineString></Placemark>
</Folder><Folder><name>Malha usada no calculo</name>
<Placemark><name>divisa 0</name><styleUrl>#malha</styleUrl><LineString><tessellate>1</tessellate><coordinates>-57.570850,-13.567250,0 -57.567420,-13.565340,0</coordinates></LineString></Placemark>
<Placemark><name>divisa 1</name><styleUrl>#malha</styleUrl><LineString><tessellate>1</tessellate><coordinates>-57.567440,-13.565310,0 -57.570850,-13.567250,0</coordinates></LineString></Placemark>
<Placemark><name>divisa 2</name><styleUrl>#malha</styleUrl><LineString><tessellate>1</tessellate><coordinates>-57.567980,-13.564500,0 -57.577320,-13.550570,0 -57.589130,-13.556350,0 -57.579110,-13.571850,0 -57.570850,-13.567250,0</coordinates></LineString></Placemark>
<Placemark><name>divisa 3</name><styleUrl>#malha</styleUrl><LineString><tessellate>1</tessellate><coordinates>-57.570850,-13.567250,0 -57.572990,-13.568470,0 -57.570140,-13.572530,0 -57.562570,-13.571260,0 -57.563080,-13.562840,0</coordinates></LineString></Placemark>
<Placemark><name>divisa 4</name><styleUrl>#malha</styleUrl><LineString><tessellate>1</tessellate><coordinates>-57.563080,-13.562840,0 -57.563420,-13.559540,0 -57.564260,-13.560080,0 -57.564600,-13.559310,0 -57.564020,-13.558870,0 -57.564130,-13.558500,0 -57.563430,-13.558180,0 -57.567490,-13.545730,0 -57.577240,-13.550530,0 -57.567980,-13.564500,0</coordinates></LineString></Placemark>
<Placemark><name>divisa 5</name><styleUrl>#malha</styleUrl><LineString><tessellate>1</tessellate><coordinates>-57.567980,-13.564500,0 -57.567440,-13.565310,0</coordinates></LineString></Placemark>
<Placemark><name>divisa 6</name><styleUrl>#malha</styleUrl><LineString><tessellate>1</tessellate><coordinates>-57.567430,-13.565310,0 -57.567980,-13.564500,0</coordinates></LineString></Placemark>
<Placemark><name>divisa 7</name><styleUrl>#malha</styleUrl><LineString><tessellate>1</tessellate><coordinates>-57.567430,-13.565310,0 -57.567440,-13.565310,0</coordinates></LineString></Placemark>
<Placemark><name>divisa 8</name><styleUrl>#malha</styleUrl><LineString><tessellate>1</tessellate><coordinates>-57.567440,-13.565310,0 -57.567420,-13.565340,0</coordinates></LineString></Placemark>
<Placemark><name>divisa 9</name><styleUrl>#malha</styleUrl><LineString><tessellate>1</tessellate><coordinates>-57.563080,-13.562840,0 -57.567430,-13.565310,0</coordinates></LineString></Placemark>
<Placemark><name>divisa 10</name><styleUrl>#malha</styleUrl><LineString><tessellate>1</tessellate><coordinates>-57.567420,-13.565340,0 -57.567430,-13.565310,0</coordinates></LineString></Placemark>
<Placemark><name>divisa 11</name><styleUrl>#malha</styleUrl><LineString><tessellate>1</tessellate><coordinates>-57.567420,-13.565340,0 -57.563080,-13.562840,0</coordinates></LineString></Placemark>
<Placemark><name>divisa 12</name><styleUrl>#malha</styleUrl><LineString><tessellate>1</tessellate><coordinates>-57.557090,-13.461880,0 -57.556020,-13.461040,0 -57.555210,-13.459730,0 -57.558790,-13.457160,0 -57.559350,-13.457810,0 -57.560030,-13.457470,0 -57.562080,-13.457950,0</coordinates></LineString></Placemark>
<Placemark><name>divisa 13</name><styleUrl>#malha</styleUrl><LineString><tessellate>1</tessellate><coordinates>-57.557090,-13.461880,0 -57.556060,-13.462230,0 -57.555760,-13.462200,0 -57.555140,-13.461580,0 -57.550400,-13.455510,0 -57.559070,-13.452260,0 -57.562630,-13.456600,0 -57.562080,-13.457950,0</coordinates></LineString></Placemark>
<Placemark><name>divisa 14</name><styleUrl>#malha</styleUrl><LineString><tessellate>1</tessellate><coordinates>-57.562080,-13.457950,0 -57.564180,-13.458430,0 -57.564240,-13.460810,0 -57.562670,-13.461420,0 -57.561990,-13.461980,0 -57.561280,-13.462270,0 -57.560030,-13.462460,0 -57.559110,-13.462440,0 -57.557780,-13.462190,0 -57.557090,-13.461880,0</coordinates></LineString></Placemark>
<Placemark><name>divisa 15</name><styleUrl>#malha</styleUrl><LineString><tessellate>1</tessellate><coordinates>-57.562080,-13.457950,0 -57.561830,-13.458780,0 -57.561310,-13.459500,0 -57.560920,-13.459820,0 -57.558390,-13.461430,0 -57.557090,-13.461880,0</coordinates></LineString></Placemark>
<Placemark><name>divisa 16</name><styleUrl>#malha</styleUrl><LineString><tessellate>1</tessellate><coordinates>-57.551890,-13.555860,0 -57.552370,-13.556060,0</coordinates></LineString></Placemark>
<Placemark><name>divisa 17</name><styleUrl>#malha</styleUrl><LineString><tessellate>1</tessellate><coordinates>-57.551890,-13.555860,0 -57.551470,-13.555450,0 -57.551110,-13.553760,0 -57.557180,-13.553870,0 -57.559070,-13.558910,0 -57.556990,-13.562040,0 -57.555940,-13.560420,0 -57.554500,-13.558580,0 -57.554240,-13.557930,0 -57.553730,-13.557320,0 -57.553370,-13.556610,0 -57.552370,-13.556060,0</coordinates></LineString></Placemark>
<Placemark><name>divisa 18</name><styleUrl>#malha</styleUrl><LineString><tessellate>1</tessellate><coordinates>-57.552370,-13.556060,0 -57.551890,-13.555860,0</coordinates></LineString></Placemark>
<Placemark><name>divisa 19</name><styleUrl>#malha</styleUrl><LineString><tessellate>1</tessellate><coordinates>-57.550540,-13.443510,0 -57.551560,-13.442600,0</coordinates></LineString></Placemark>
<Placemark><name>divisa 20</name><styleUrl>#malha</styleUrl><LineString><tessellate>1</tessellate><coordinates>-57.550540,-13.443510,0 -57.550220,-13.443790,0 -57.545310,-13.440370,0 -57.541710,-13.438040,0 -57.545890,-13.431990,0 -57.551620,-13.434810,0 -57.550740,-13.435410,0 -57.550030,-13.438000,0 -57.554450,-13.440050,0 -57.551560,-13.442600,0</coordinates></LineString></Placemark>
<Placemark><name>divisa 21</name><styleUrl>#malha</styleUrl><LineString><tessellate>1</tessellate><coordinates>-57.551560,-13.442600,0 -57.555250,-13.447620,0 -57.551820,-13.449900,0 -57.547380,-13.446390,0</coordinates></LineString></Placemark>
<Placemark><name>divisa 22</name><styleUrl>#malha</styleUrl><LineString><tessellate>1</tessellate><coordinates>-57.551560,-13.442600,0 -57.550540,-13.443510,0</coordinates></LineString></Placemark>
<Placemark><name>divisa 23</name><styleUrl>#malha</styleUrl><LineString><tessellate>1</tessellate><coordinates>-57.549500,-13.444440,0 -57.550540,-13.443510,0</coordinates></LineString></Placemark>
<Placemark><name>divisa 24</name><styleUrl>#malha</styleUrl><LineString><tessellate>1</tessellate><coordinates>-57.544110,-13.449380,0 -57.542220,-13.451110,0 -57.536380,-13.445660,0 -57.541690,-13.438110,0 -57.550180,-13.443820,0 -57.549500,-13.444440,0</coordinates></LineString></Placemark>
<Placemark><name>divisa 25</name><styleUrl>#malha</styleUrl><LineString><tessellate>1</tessellate><coordinates>-57.549500,-13.444440,0 -57.547380,-13.446390,0</coordinates></LineString></Placemark>
<Placemark><name>divisa 26</name><styleUrl>#malha</styleUrl><LineString><tessellate>1</tessellate><coordinates>-57.547380,-13.446390,0 -57.549500,-13.444440,0</coordinates></LineString></Placemark>
<Placemark><name>divisa 27</name><styleUrl>#malha</styleUrl><LineString><tessellate>1</tessellate><coordinates>-57.541760,-13.506930,0 -57.542780,-13.506400,0 -57.544940,-13.505810,0 -57.546770,-13.505550,0 -57.549440,-13.504760,0 -57.550470,-13.504770,0 -57.550900,-13.504900,0 -57.550940,-13.505040,0 -57.550410,-13.505870,0 -57.550160,-13.507850,0 -57.549710,-13.508570,0 -57.549280,-13.509940,0 -57.549000,-13.511630,0</coordinates></LineString></Placemark>
<Placemark><name>divisa 28</name><styleUrl>#malha</styleUrl><LineString><tessellate>1</tessellate><coordinates>-57.549000,-13.511630,0 -57.549000,-13.511760,0</coordinates></LineString></Placemark>
<Placemark><name>divisa 29</name><styleUrl>#malha</styleUrl><LineString><tessellate>1</tessellate><coordinates>-57.549000,-13.511630,0 -57.549000,-13.511760,0</coordinates></LineString></Placemark>
<Placemark><name>divisa 30</name><styleUrl>#malha</styleUrl><LineString><tessellate>1</tessellate><coordinates>-57.545170,-13.516890,0 -57.544830,-13.516970,0 -57.544090,-13.512620,0 -57.549000,-13.511630,0</coordinates></LineString></Placemark>
<Placemark><name>divisa 31</name><styleUrl>#malha</styleUrl><LineString><tessellate>1</tessellate><coordinates>-57.549000,-13.511760,0 -57.548880,-13.517410,0 -57.548520,-13.517380,0</coordinates></LineString></Placemark>
<Placemark><name>divisa 32</name><styleUrl>#malha</styleUrl><LineString><tessellate>1</tessellate><coordinates>-57.549000,-13.511760,0 -57.548870,-13.517400,0 -57.548520,-13.517380,0</coordinates></LineString></Placemark>
<Placemark><name>divisa 33</name><styleUrl>#malha</styleUrl><LineString><tessellate>1</tessellate><coordinates>-57.546640,-13.490530,0 -57.548950,-13.491500,0</coordinates></LineString></Placemark>
<Placemark><name>divisa 34</name><styleUrl>#malha</styleUrl><LineString><tessellate>1</tessellate><coordinates>-57.546640,-13.490530,0 -57.548950,-13.491500,0</coordinates></LineString></Placemark>
<Placemark><name>divisa 35</name><styleUrl>#malha</styleUrl><LineString><tessellate>1</tessellate><coordinates>-57.548950,-13.491500,0 -57.548970,-13.491760,0 -57.548710,-13.492320,0 -57.546130,-13.496350,0 -57.543600,-13.499710,0 -57.542870,-13.500490,0</coordinates></LineString></Placemark>
<Placemark><name>divisa 36</name><styleUrl>#malha</styleUrl><LineString><tessellate>1</tessellate><coordinates>-57.548950,-13.491500,0 -57.542120,-13.493610,0</coordinates></LineString></Placemark>
<Placemark><name>divisa 37</name><styleUrl>#malha</styleUrl><LineString><tessellate>1</tessellate><coordinates>-57.548520,-13.517380,0 -57.547630,-13.517320,0 -57.546130,-13.516960,0</coordinates></LineString></Placemark>
<Placemark><name>divisa 38</name><styleUrl>#malha</styleUrl><LineString><tessellate>1</tessellate><coordinates>-57.548520,-13.517380,0 -57.547600,-13.517310,0 -57.546130,-13.516960,0</coordinates></LineString></Placemark>
<Placemark><name>divisa 39</name><styleUrl>#malha</styleUrl><LineString><tessellate>1</tessellate><coordinates>-57.547380,-13.446390,0 -57.547290,-13.446470,0</coordinates></LineString></Placemark>
<Placemark><name>divisa 40</name><styleUrl>#malha</styleUrl><LineString><tessellate>1</tessellate><coordinates>-57.547290,-13.446470,0 -57.547370,-13.446390,0 -57.551820,-13.449920,0 -57.548640,-13.452400,0 -57.544110,-13.449380,0</coordinates></LineString></Placemark>
<Placemark><name>divisa 41</name><styleUrl>#malha</styleUrl><LineString><tessellate>1</tessellate><coordinates>-57.547290,-13.446470,0 -57.544110,-13.449380,0</coordinates></LineString></Placemark>
<Placemark><name>divisa 42</name><styleUrl>#malha</styleUrl><LineString><tessellate>1</tessellate><coordinates>-57.544110,-13.449380,0 -57.547290,-13.446470,0</coordinates></LineString></Placemark>
<Placemark><name>divisa 43</name><styleUrl>#malha</styleUrl><LineString><tessellate>1</tessellate><coordinates>-57.541670,-13.493740,0 -57.540360,-13.488660,0 -57.541400,-13.488360,0 -57.546640,-13.490530,0</coordinates></LineString></Placemark>
<Placemark><name>divisa 44</name><styleUrl>#malha</styleUrl><LineString><tessellate>1</tessellate><coordinates>-57.539180,-13.488940,0 -57.541340,-13.488290,0 -57.546640,-13.490530,0</coordinates></LineString></Placemark>
<Placemark><name>divisa 45</name><styleUrl>#malha</styleUrl><LineString><tessellate>1</tessellate><coordinates>-57.546130,-13.516960,0 -57.545350,-13.516840,0</coordinates></LineString></Placemark>
<Placemark><name>divisa 46</name><styleUrl>#malha</styleUrl><LineString><tessellate>1</tessellate><coordinates>-57.546130,-13.516960,0 -57.545350,-13.516840,0</coordinates></LineString></Placemark>
<Placemark><name>divisa 47</name><styleUrl>#malha</styleUrl><LineString><tessellate>1</tessellate><coordinates>-57.545350,-13.516840,0 -57.545170,-13.516890,0</coordinates></LineString></Placemark>
<Placemark><name>divisa 48</name><styleUrl>#malha</styleUrl><LineString><tessellate>1</tessellate><coordinates>-57.545350,-13.516840,0 -57.545170,-13.516890,0</coordinates></LineString></Placemark>
<Placemark><name>divisa 49</name><styleUrl>#malha</styleUrl><LineString><tessellate>1</tessellate><coordinates>-57.545170,-13.516890,0 -57.544770,-13.516980,0</coordinates></LineString></Placemark>
<Placemark><name>divisa 50</name><styleUrl>#malha</styleUrl><LineString><tessellate>1</tessellate><coordinates>-57.541850,-13.521690,0 -57.538150,-13.520240,0 -57.538660,-13.513800,0 -57.544080,-13.512630,0 -57.544770,-13.516980,0</coordinates></LineString></Placemark>
<Placemark><name>divisa 51</name><styleUrl>#malha</styleUrl><LineString><tessellate>1</tessellate><coordinates>-57.544770,-13.516980,0 -57.544680,-13.517010,0</coordinates></LineString></Placemark>
<Placemark><name>divisa 52</name><styleUrl>#malha</styleUrl><LineString><tessellate>1</tessellate><coordinates>-57.544770,-13.516980,0 -57.544680,-13.517010,0</coordinates></LineString></Placemark>
<Placemark><name>divisa 53</name><styleUrl>#malha</styleUrl><LineString><tessellate>1</tessellate><coordinates>-57.544680,-13.517010,0 -57.543730,-13.517490,0</coordinates></LineString></Placemark>
<Placemark><name>divisa 54</name><styleUrl>#malha</styleUrl><LineString><tessellate>1</tessellate><coordinates>-57.544680,-13.517010,0 -57.543730,-13.517490,0</coordinates></LineString></Placemark>
<Placemark><name>divisa 55</name><styleUrl>#malha</styleUrl><LineString><tessellate>1</tessellate><coordinates>-57.543730,-13.517490,0 -57.543690,-13.517510,0</coordinates></LineString></Placemark>
<Placemark><name>divisa 56</name><styleUrl>#malha</styleUrl><LineString><tessellate>1</tessellate><coordinates>-57.543730,-13.517490,0 -57.543690,-13.517510,0</coordinates></LineString></Placemark>
<Placemark><name>divisa 57</name><styleUrl>#malha</styleUrl><LineString><tessellate>1</tessellate><coordinates>-57.543690,-13.517510,0 -57.543030,-13.518030,0</coordinates></LineString></Placemark>
<Placemark><name>divisa 58</name><styleUrl>#malha</styleUrl><LineString><tessellate>1</tessellate><coordinates>-57.543690,-13.517510,0 -57.543030,-13.518030,0</coordinates></LineString></Placemark>
<Placemark><name>divisa 59</name><styleUrl>#malha</styleUrl><LineString><tessellate>1</tessellate><coordinates>-57.543470,-13.469660,0 -57.543130,-13.468180,0 -57.542630,-13.467160,0</coordinates></LineString></Placemark>
<Placemark><name>divisa 60</name><styleUrl>#malha</styleUrl><LineString><tessellate>1</tessellate><coordinates>-57.540050,-13.463950,0 -57.539110,-13.462790,0 -57.547870,-13.460830,0 -57.543470,-13.469660,0</coordinates></LineString></Placemark>
<Placemark><name>divisa 61</name><styleUrl>#malha</styleUrl><LineString><tessellate>1</tessellate><coordinates>-57.540050,-13.463950,0 -57.538280,-13.461710,0 -57.544200,-13.458040,0 -57.546670,-13.456950,0 -57.548650,-13.460290,0 -57.551470,-13.463460,0 -57.553490,-13.466740,0 -57.553830,-13.467540,0 -57.553000,-13.468340,0 -57.552640,-13.469370,0 -57.552280,-13.469990,0 -57.551780,-13.470430,0 -57.551330,-13.470590,0 -57.547430,-13.471200,0 -57.546930,-13.471150,0 -57.545990,-13.470800,0 -57.544130,-13.470550,0 -57.543670,-13.470250,0 -57.543470,-13.469660,0</coordinates></LineString></Placemark>
<Placemark><name>divisa 62</name><styleUrl>#malha</styleUrl><LineString><tessellate>1</tessellate><coordinates>-57.543470,-13.469660,0 -57.542630,-13.467160,0</coordinates></LineString></Placemark>
<Placemark><name>divisa 63</name><styleUrl>#malha</styleUrl><LineString><tessellate>1</tessellate><coordinates>-57.543030,-13.518030,0 -57.542650,-13.518410,0</coordinates></LineString></Placemark>
<Placemark><name>divisa 64</name><styleUrl>#malha</styleUrl><LineString><tessellate>1</tessellate><coordinates>-57.543030,-13.518030,0 -57.542650,-13.518410,0</coordinates></LineString></Placemark>
<Placemark><name>divisa 65</name><styleUrl>#malha</styleUrl><LineString><tessellate>1</tessellate><coordinates>-57.537680,-13.495000,0 -57.541680,-13.493760,0 -57.543550,-13.499720,0 -57.542870,-13.500490,0</coordinates></LineString></Placemark>
<Placemark><name>divisa 66</name><styleUrl>#malha</styleUrl><LineString><tessellate>1</tessellate><coordinates>-57.542870,-13.500490,0 -57.542060,-13.501360,0</coordinates></LineString></Placemark>
<Placemark><name>divisa 67</name><styleUrl>#malha</styleUrl><LineString><tessellate>1</tessellate><coordinates>-57.542870,-13.500490,0 -57.542060,-13.501360,0</coordinates></LineString></Placemark>
<Placemark><name>divisa 68</name><styleUrl>#malha</styleUrl><LineString><tessellate>1</tessellate><coordinates>-57.542630,-13.467160,0 -57.542630,-13.467150,0</coordinates></LineString></Placemark>
<Placemark><name>divisa 69</name><styleUrl>#malha</styleUrl><LineString><tessellate>1</tessellate><coordinates>-57.542630,-13.467160,0 -57.542630,-13.467150,0</coordinates></LineString></Placemark>
<Placemark><name>divisa 70</name><styleUrl>#malha</styleUrl><LineString><tessellate>1</tessellate><coordinates>-57.542630,-13.467150,0 -57.540050,-13.463950,0</coordinates></LineString></Placemark>
<Placemark><name>divisa 71</name><styleUrl>#malha</styleUrl><LineString><tessellate>1</tessellate><coordinates>-57.542630,-13.467150,0 -57.542460,-13.466800,0 -57.540050,-13.463950,0</coordinates></LineString></Placemark>
<Placemark><name>divisa 72</name><styleUrl>#malha</styleUrl><LineString><tessellate>1</tessellate><coordinates>-57.542650,-13.518410,0 -57.542420,-13.519220,0</coordinates></LineString></Placemark>
<Placemark><name>divisa 73</name><styleUrl>#malha</styleUrl><LineString><tessellate>1</tessellate><coordinates>-57.542650,-13.518410,0 -57.542420,-13.519220,0</coordinates></LineString></Placemark>
<Placemark><name>divisa 74</name><styleUrl>#malha</styleUrl><LineString><tessellate>1</tessellate><coordinates>-57.542420,-13.519220,0 -57.541850,-13.521690,0</coordinates></LineString></Placemark>
<Placemark><name>divisa 75</name><styleUrl>#malha</styleUrl><LineString><tessellate>1</tessellate><coordinates>-57.542420,-13.519220,0 -57.541850,-13.521690,0</coordinates></LineString></Placemark>
<Placemark><name>divisa 76</name><styleUrl>#malha</styleUrl><LineString><tessellate>1</tessellate><coordinates>-57.542120,-13.493610,0 -57.542340,-13.493550,0 -57.537670,-13.494970,0 -57.537630,-13.494790,0</coordinates></LineString></Placemark>
<Placemark><name>divisa 77</name><styleUrl>#malha</styleUrl><LineString><tessellate>1</tessellate><coordinates>-57.542120,-13.493610,0 -57.541670,-13.493740,0</coordinates></LineString></Placemark>
<Placemark><name>divisa 78</name><styleUrl>#malha</styleUrl><LineString><tessellate>1</tessellate><coordinates>-57.541670,-13.493740,0 -57.542120,-13.493610,0</coordinates></LineString></Placemark>
<Placemark><name>divisa 79</name><styleUrl>#malha</styleUrl><LineString><tessellate>1</tessellate><coordinates>-57.542060,-13.501360,0 -57.540730,-13.502160,0</coordinates></LineString></Placemark>
<Placemark><name>divisa 80</name><styleUrl>#malha</styleUrl><LineString><tessellate>1</tessellate><coordinates>-57.542060,-13.501360,0 -57.540730,-13.502160,0</coordinates></LineString></Placemark>
<Placemark><name>divisa 81</name><styleUrl>#malha</styleUrl><LineString><tessellate>1</tessellate><coordinates>-57.541850,-13.521690,0 -57.538150,-13.520260,0 -57.538120,-13.520160,0 -57.539130,-13.507890,0</coordinates></LineString></Placemark>
<Placemark><name>divisa 82</name><styleUrl>#malha</styleUrl><LineString><tessellate>1</tessellate><coordinates>-57.541760,-13.506930,0 -57.543030,-13.506350,0 -57.544080,-13.512610,0 -57.538670,-13.513750,0 -57.539130,-13.507890,0</coordinates></LineString></Placemark>
<Placemark><name>divisa 83</name><styleUrl>#malha</styleUrl><LineString><tessellate>1</tessellate><coordinates>-57.541190,-13.507150,0 -57.541760,-13.506930,0</coordinates></LineString></Placemark>
<Placemark><name>divisa 84</name><styleUrl>#malha</styleUrl><LineString><tessellate>1</tessellate><coordinates>-57.541190,-13.507150,0 -57.541760,-13.506930,0</coordinates></LineString></Placemark>
<Placemark><name>divisa 85</name><styleUrl>#malha</styleUrl><LineString><tessellate>1</tessellate><coordinates>-57.539180,-13.488940,0 -57.540340,-13.488660,0 -57.541670,-13.493740,0</coordinates></LineString></Placemark>
<Placemark><name>divisa 86</name><styleUrl>#malha</styleUrl><LineString><tessellate>1</tessellate><coordinates>-57.539830,-13.507760,0 -57.541190,-13.507150,0</coordinates></LineString></Placemark>
<Placemark><name>divisa 87</name><styleUrl>#malha</styleUrl><LineString><tessellate>1</tessellate><coordinates>-57.539830,-13.507760,0 -57.541190,-13.507150,0</coordinates></LineString></Placemark>
<Placemark><name>divisa 88</name><styleUrl>#malha</styleUrl><LineString><tessellate>1</tessellate><coordinates>-57.540730,-13.502160,0 -57.539750,-13.502950,0</coordinates></LineString></Placemark>
<Placemark><name>divisa 89</name><styleUrl>#malha</styleUrl><LineString><tessellate>1</tessellate><coordinates>-57.540730,-13.502160,0 -57.539750,-13.502950,0</coordinates></LineString></Placemark>
<Placemark><name>divisa 90</name><styleUrl>#malha</styleUrl><LineString><tessellate>1</tessellate><coordinates>-57.539730,-13.507810,0 -57.539830,-13.507760,0</coordinates></LineString></Placemark>
<Placemark><name>divisa 91</name><styleUrl>#malha</styleUrl><LineString><tessellate>1</tessellate><coordinates>-57.539730,-13.507810,0 -57.539830,-13.507760,0</coordinates></LineString></Placemark>
<Placemark><name>divisa 92</name><styleUrl>#malha</styleUrl><LineString><tessellate>1</tessellate><coordinates>-57.539750,-13.502950,0 -57.539460,-13.503190,0 -57.537880,-13.495930,0</coordinates></LineString></Placemark>
<Placemark><name>divisa 93</name><styleUrl>#malha</styleUrl><LineString><tessellate>1</tessellate><coordinates>-57.539750,-13.502950,0 -57.539470,-13.503170,0 -57.537880,-13.495930,0</coordinates></LineString></Placemark>
<Placemark><name>divisa 94</name><styleUrl>#malha</styleUrl><LineString><tessellate>1</tessellate><coordinates>-57.539490,-13.507930,0 -57.539730,-13.507810,0</coordinates></LineString></Placemark>
<Placemark><name>divisa 95</name><styleUrl>#malha</styleUrl><LineString><tessellate>1</tessellate><coordinates>-57.539490,-13.507930,0 -57.539730,-13.507810,0</coordinates></LineString></Placemark>
<Placemark><name>divisa 96</name><styleUrl>#malha</styleUrl><LineString><tessellate>1</tessellate><coordinates>-57.539130,-13.507890,0 -57.539360,-13.507990,0 -57.539490,-13.507930,0</coordinates></LineString></Placemark>
<Placemark><name>divisa 97</name><styleUrl>#malha</styleUrl><LineString><tessellate>1</tessellate><coordinates>-57.539130,-13.507890,0 -57.539490,-13.507930,0</coordinates></LineString></Placemark>
<Placemark><name>divisa 98</name><styleUrl>#malha</styleUrl><LineString><tessellate>1</tessellate><coordinates>-57.535560,-13.485870,0 -57.539500,-13.487540,0 -57.539600,-13.487640,0 -57.539560,-13.487830,0 -57.539230,-13.488080,0</coordinates></LineString></Placemark>
<Placemark><name>divisa 99</name><styleUrl>#malha</styleUrl><LineString><tessellate>1</tessellate><coordinates>-57.535560,-13.485870,0 -57.539490,-13.487540,0 -57.539600,-13.487630,0 -57.539580,-13.487830,0 -57.539230,-13.488080,0</coordinates></LineString></Placemark>
<Placemark><name>divisa 100</name><styleUrl>#malha</styleUrl><LineString><tessellate>1</tessellate><coordinates>-57.539230,-13.488080,0 -57.538900,-13.488420,0 -57.538900,-13.488760,0</coordinates></LineString></Placemark>
<Placemark><name>divisa 101</name><styleUrl>#malha</styleUrl><LineString><tessellate>1</tessellate><coordinates>-57.539230,-13.488080,0 -57.538900,-13.488410,0 -57.538900,-13.488760,0</coordinates></LineString></Placemark>
<Placemark><name>divisa 102</name><styleUrl>#malha</styleUrl><LineString><tessellate>1</tessellate><coordinates>-57.539150,-13.488950,0 -57.539180,-13.488940,0</coordinates></LineString></Placemark>
<Placemark><name>divisa 103</name><styleUrl>#malha</styleUrl><LineString><tessellate>1</tessellate><coordinates>-57.539000,-13.488830,0 -57.539180,-13.488940,0</coordinates></LineString></Placemark>
<Placemark><name>divisa 104</name><styleUrl>#malha</styleUrl><LineString><tessellate>1</tessellate><coordinates>-57.539150,-13.488950,0 -57.539150,-13.488950,0</coordinates></LineString></Placemark>
<Placemark><name>divisa 105</name><styleUrl>#malha</styleUrl><LineString><tessellate>1</tessellate><coordinates>-57.539000,-13.488830,0 -57.539150,-13.488950,0</coordinates></LineString></Placemark>
<Placemark><name>divisa 106</name><styleUrl>#malha</styleUrl><LineString><tessellate>1</tessellate><coordinates>-57.538900,-13.488760,0 -57.539000,-13.488830,0</coordinates></LineString></Placemark>
<Placemark><name>divisa 107</name><styleUrl>#malha</styleUrl><LineString><tessellate>1</tessellate><coordinates>-57.538900,-13.488760,0 -57.539000,-13.488830,0</coordinates></LineString></Placemark>
<Placemark><name>divisa 108</name><styleUrl>#malha</styleUrl><LineString><tessellate>1</tessellate><coordinates>-57.537880,-13.495930,0 -57.537680,-13.495000,0</coordinates></LineString></Placemark>
<Placemark><name>divisa 109</name><styleUrl>#malha</styleUrl><LineString><tessellate>1</tessellate><coordinates>-57.537880,-13.495930,0 -57.537680,-13.495000,0</coordinates></LineString></Placemark>
<Placemark><name>divisa 110</name><styleUrl>#malha</styleUrl><LineString><tessellate>1</tessellate><coordinates>-57.537680,-13.495000,0 -57.537630,-13.494790,0</coordinates></LineString></Placemark>
<Placemark><name>divisa 111</name><styleUrl>#malha</styleUrl><LineString><tessellate>1</tessellate><coordinates>-57.537630,-13.494790,0 -57.537630,-13.494780,0</coordinates></LineString></Placemark>
<Placemark><name>divisa 112</name><styleUrl>#malha</styleUrl><LineString><tessellate>1</tessellate><coordinates>-57.537630,-13.494790,0 -57.537630,-13.494780,0</coordinates></LineString></Placemark>
<Placemark><name>divisa 113</name><styleUrl>#malha</styleUrl><LineString><tessellate>1</tessellate><coordinates>-57.537630,-13.494780,0 -57.536610,-13.490460,0</coordinates></LineString></Placemark>
<Placemark><name>divisa 114</name><styleUrl>#malha</styleUrl><LineString><tessellate>1</tessellate><coordinates>-57.537630,-13.494780,0 -57.536610,-13.490460,0</coordinates></LineString></Placemark>
<Placemark><name>divisa 115</name><styleUrl>#malha</styleUrl><LineString><tessellate>1</tessellate><coordinates>-57.536610,-13.490460,0 -57.535530,-13.485850,0</coordinates></LineString></Placemark>
<Placemark><name>divisa 116</name><styleUrl>#malha</styleUrl><LineString><tessellate>1</tessellate><coordinates>-57.536610,-13.490460,0 -57.535560,-13.485870,0</coordinates></LineString></Placemark>
<Placemark><name>divisa 117</name><styleUrl>#malha</styleUrl><LineString><tessellate>1</tessellate><coordinates>-57.535530,-13.485850,0 -57.535560,-13.485870,0</coordinates></LineString></Placemark>
<Placemark><name>divisa 118</name><styleUrl>#malha</styleUrl><LineString><tessellate>1</tessellate><coordinates>-57.535530,-13.485850,0 -57.537480,-13.494720,0 -57.532370,-13.495010,0 -57.531110,-13.484060,0 -57.535530,-13.485850,0</coordinates></LineString></Placemark>
<Placemark><name>divisa 119</name><styleUrl>#malha</styleUrl><LineString><tessellate>1</tessellate><coordinates>-57.530350,-13.483830,0 -57.530580,-13.483740,0 -57.535530,-13.485850,0</coordinates></LineString></Placemark>
<Placemark><name>divisa 120</name><styleUrl>#malha</styleUrl><LineString><tessellate>1</tessellate><coordinates>-57.535530,-13.485850,0 -57.539420,-13.503190,0 -57.538810,-13.503310,0 -57.537810,-13.503300,0 -57.534440,-13.502890,0 -57.533550,-13.503010,0</coordinates></LineString></Placemark>
<Placemark><name>divisa 121</name><styleUrl>#malha</styleUrl><LineString><tessellate>1</tessellate><coordinates>-57.528050,-13.495190,0 -57.532350,-13.495030,0 -57.533620,-13.502940,0 -57.533550,-13.503010,0</coordinates></LineString></Placemark>
<Placemark><name>divisa 122</name><styleUrl>#malha</styleUrl><LineString><tessellate>1</tessellate><coordinates>-57.533550,-13.503010,0 -57.532470,-13.503280,0</coordinates></LineString></Placemark>
<Placemark><name>divisa 123</name><styleUrl>#malha</styleUrl><LineString><tessellate>1</tessellate><coordinates>-57.533550,-13.503010,0 -57.532470,-13.503280,0</coordinates></LineString></Placemark>
<Placemark><name>divisa 124</name><styleUrl>#malha</styleUrl><LineString><tessellate>1</tessellate><coordinates>-57.532470,-13.503280,0 -57.532220,-13.503470,0</coordinates></LineString></Placemark>
<Placemark><name>divisa 125</name><styleUrl>#malha</styleUrl><LineString><tessellate>1</tessellate><coordinates>-57.532470,-13.503280,0 -57.532220,-13.503470,0</coordinates></LineString></Placemark>
<Placemark><name>divisa 126</name><styleUrl>#malha</styleUrl><LineString><tessellate>1</tessellate><coordinates>-57.532220,-13.503470,0 -57.532020,-13.503540,0 -57.528990,-13.502580,0 -57.528820,-13.502250,0 -57.528210,-13.496710,0</coordinates></LineString></Placemark>
<Placemark><name>divisa 127</name><styleUrl>#malha</styleUrl><LineString><tessellate>1</tessellate><coordinates>-57.532220,-13.503470,0 -57.532030,-13.503530,0 -57.529000,-13.502590,0 -57.528820,-13.502240,0 -57.528210,-13.496710,0</coordinates></LineString></Placemark>
<Placemark><name>divisa 128</name><styleUrl>#malha</styleUrl><LineString><tessellate>1</tessellate><coordinates>-57.531870,-13.470870,0 -57.525350,-13.466980,0 -57.529530,-13.463770,0</coordinates></LineString></Placemark>
<Placemark><name>divisa 129</name><styleUrl>#malha</styleUrl><LineString><tessellate>1</tessellate><coordinates>-57.530570,-13.464960,0 -57.531870,-13.470870,0</coordinates></LineString></Placemark>
<Placemark><name>divisa 130</name><styleUrl>#malha</styleUrl><LineString><tessellate>1</tessellate><coordinates>-57.530570,-13.464960,0 -57.531870,-13.470870,0</coordinates></LineString></Placemark>
<Placemark><name>divisa 131</name><styleUrl>#malha</styleUrl><LineString><tessellate>1</tessellate><coordinates>-57.531870,-13.470870,0 -57.531710,-13.471250,0 -57.531180,-13.471850,0 -57.530820,-13.471910,0 -57.530040,-13.471500,0 -57.528340,-13.471020,0 -57.527630,-13.470600,0 -57.526730,-13.470460,0 -57.524640,-13.469510,0 -57.523160,-13.469660,0 -57.519100,-13.468720,0 -57.519520,-13.467500,0</coordinates></LineString></Placemark>
<Placemark><name>divisa 132</name><styleUrl>#malha</styleUrl><LineString><tessellate>1</tessellate><coordinates>-57.529970,-13.463980,0 -57.530400,-13.464210,0 -57.530570,-13.464960,0</coordinates></LineString></Placemark>
<Placemark><name>divisa 133</name><styleUrl>#malha</styleUrl><LineString><tessellate>1</tessellate><coordinates>-57.529970,-13.463980,0 -57.530420,-13.464200,0 -57.530570,-13.464960,0</coordinates></LineString></Placemark>
<Placemark><name>divisa 134</name><styleUrl>#malha</styleUrl><LineString><tessellate>1</tessellate><coordinates>-57.529900,-13.510050,0 -57.530610,-13.509630,0 -57.530600,-13.509720,0</coordinates></LineString></Placemark>
<Placemark><name>divisa 135</name><styleUrl>#malha</styleUrl><LineString><tessellate>1</tessellate><coordinates>-57.530600,-13.509720,0 -57.534680,-13.507990,0 -57.535570,-13.507410,0 -57.537140,-13.507370,0 -57.539020,-13.507840,0 -57.538060,-13.520200,0 -57.529500,-13.516920,0</coordinates></LineString></Placemark>
<Placemark><name>divisa 136</name><styleUrl>#malha</styleUrl><LineString><tessellate>1</tessellate><coordinates>-57.530600,-13.509720,0 -57.530080,-13.513100,0 -57.517330,-13.512190,0</coordinates></LineString></Placemark>
<Placemark><name>divisa 137</name><styleUrl>#malha</styleUrl><LineString><tessellate>1</tessellate><coordinates>-57.529900,-13.510050,0 -57.530600,-13.509720,0</coordinates></LineString></Placemark>
<Placemark><name>divisa 138</name><styleUrl>#malha</styleUrl><LineString><tessellate>1</tessellate><coordinates>-57.530350,-13.483830,0 -57.530590,-13.483770,0 -57.531060,-13.484020,0 -57.532350,-13.495000,0 -57.528040,-13.495160,0</coordinates></LineString></Placemark>
<Placemark><name>divisa 139</name><styleUrl>#malha</styleUrl><LineString><tessellate>1</tessellate><coordinates>-57.530160,-13.484040,0 -57.530350,-13.483830,0</coordinates></LineString></Placemark>
<Placemark><name>divisa 140</name><styleUrl>#malha</styleUrl><LineString><tessellate>1</tessellate><coordinates>-57.530160,-13.484040,0 -57.530350,-13.483830,0</coordinates></LineString></Placemark>
<Placemark><name>divisa 141</name><styleUrl>#malha</styleUrl><LineString><tessellate>1</tessellate><coordinates>-57.529930,-13.484510,0 -57.530160,-13.484040,0</coordinates></LineString></Placemark>
<Placemark><name>divisa 142</name><styleUrl>#malha</styleUrl><LineString><tessellate>1</tessellate><coordinates>-57.529930,-13.484510,0 -57.530160,-13.484040,0</coordinates></LineString></Placemark>
<Placemark><name>divisa 143</name><styleUrl>#malha</styleUrl><LineString><tessellate>1</tessellate><coordinates>-57.529530,-13.463770,0 -57.529970,-13.463980,0</coordinates></LineString></Placemark>
<Placemark><name>divisa 144</name><styleUrl>#malha</styleUrl><LineString><tessellate>1</tessellate><coordinates>-57.529530,-13.463770,0 -57.529970,-13.463980,0</coordinates></LineString></Placemark>
<Placemark><name>divisa 145</name><styleUrl>#malha</styleUrl><LineString><tessellate>1</tessellate><coordinates>-57.529710,-13.484710,0 -57.529930,-13.484510,0</coordinates></LineString></Placemark>
<Placemark><name>divisa 146</name><styleUrl>#malha</styleUrl><LineString><tessellate>1</tessellate><coordinates>-57.529710,-13.484710,0 -57.529930,-13.484510,0</coordinates></LineString></Placemark>
<Placemark><name>divisa 147</name><styleUrl>#malha</styleUrl><LineString><tessellate>1</tessellate><coordinates>-57.529090,-13.510660,0 -57.529900,-13.510050,0</coordinates></LineString></Placemark>
<Placemark><name>divisa 148</name><styleUrl>#malha</styleUrl><LineString><tessellate>1</tessellate><coordinates>-57.529090,-13.510660,0 -57.529900,-13.510050,0</coordinates></LineString></Placemark>
<Placemark><name>divisa 149</name><styleUrl>#malha</styleUrl><LineString><tessellate>1</tessellate><coordinates>-57.529490,-13.484810,0 -57.529710,-13.484710,0</coordinates></LineString></Placemark>
<Placemark><name>divisa 150</name><styleUrl>#malha</styleUrl><LineString><tessellate>1</tessellate><coordinates>-57.529490,-13.484810,0 -57.529710,-13.484710,0</coordinates></LineString></Placemark>
<Placemark><name>divisa 151</name><styleUrl>#malha</styleUrl><LineString><tessellate>1</tessellate><coordinates>-57.528200,-13.462220,0 -57.529530,-13.463770,0</coordinates></LineString></Placemark>
<Placemark><name>divisa 152</name><styleUrl>#malha</styleUrl><LineString><tessellate>1</tessellate><coordinates>-57.528950,-13.485230,0 -57.529490,-13.484810,0</coordinates></LineString></Placemark>
<Placemark><name>divisa 153</name><styleUrl>#malha</styleUrl><LineString><tessellate>1</tessellate><coordinates>-57.528950,-13.485230,0 -57.529490,-13.484810,0</coordinates></LineString></Placemark>
<Placemark><name>divisa 154</name><styleUrl>#malha</styleUrl><LineString><tessellate>1</tessellate><coordinates>-57.529500,-13.516920,0 -57.517350,-13.512280,0</coordinates></LineString></Placemark>
<Placemark><name>divisa 155</name><styleUrl>#malha</styleUrl><LineString><tessellate>1</tessellate><coordinates>-57.517330,-13.512210,0 -57.530070,-13.513130,0 -57.529500,-13.516920,0</coordinates></LineString></Placemark>
<Placemark><name>divisa 156</name><styleUrl>#malha</styleUrl><LineString><tessellate>1</tessellate><coordinates>-57.529500,-13.516920,0 -57.517350,-13.512280,0</coordinates></LineString></Placemark>
<Placemark><name>divisa 157</name><styleUrl>#malha</styleUrl><LineString><tessellate>1</tessellate><coordinates>-57.525620,-13.510570,0 -57.527500,-13.511020,0 -57.528790,-13.510890,0 -57.529090,-13.510660,0</coordinates></LineString></Placemark>
<Placemark><name>divisa 158</name><styleUrl>#malha</styleUrl><LineString><tessellate>1</tessellate><coordinates>-57.525620,-13.510570,0 -57.527530,-13.510970,0 -57.528730,-13.510880,0 -57.529090,-13.510660,0</coordinates></LineString></Placemark>
<Placemark><name>divisa 159</name><styleUrl>#malha</styleUrl><LineString><tessellate>1</tessellate><coordinates>-57.528800,-13.485370,0 -57.528950,-13.485230,0</coordinates></LineString></Placemark>
<Placemark><name>divisa 160</name><styleUrl>#malha</styleUrl><LineString><tessellate>1</tessellate><coordinates>-57.528800,-13.485370,0 -57.528950,-13.485230,0</coordinates></LineString></Placemark>
<Placemark><name>divisa 161</name><styleUrl>#malha</styleUrl><LineString><tessellate>1</tessellate><coordinates>-57.528690,-13.485470,0 -57.528800,-13.485370,0</coordinates></LineString></Placemark>
<Placemark><name>divisa 162</name><styleUrl>#malha</styleUrl><LineString><tessellate>1</tessellate><coordinates>-57.528690,-13.485470,0 -57.528800,-13.485370,0</coordinates></LineString></Placemark>
<Placemark><name>divisa 163</name><styleUrl>#malha</styleUrl><LineString><tessellate>1</tessellate><coordinates>-57.528080,-13.485800,0 -57.528690,-13.485470,0</coordinates></LineString></Placemark>
<Placemark><name>divisa 164</name><styleUrl>#malha</styleUrl><LineString><tessellate>1</tessellate><coordinates>-57.528080,-13.485800,0 -57.528690,-13.485470,0</coordinates></LineString></Placemark>
<Placemark><name>divisa 165</name><styleUrl>#malha</styleUrl><LineString><tessellate>1</tessellate><coordinates>-57.527730,-13.461670,0 -57.528200,-13.462220,0</coordinates></LineString></Placemark>
<Placemark><name>divisa 166</name><styleUrl>#malha</styleUrl><LineString><tessellate>1</tessellate><coordinates>-57.527730,-13.461670,0 -57.528200,-13.462220,0</coordinates></LineString></Placemark>
<Placemark><name>divisa 167</name><styleUrl>#malha</styleUrl><LineString><tessellate>1</tessellate><coordinates>-57.528200,-13.462220,0 -57.529480,-13.463740,0 -57.525340,-13.466970,0 -57.523640,-13.464580,0 -57.527730,-13.461670,0</coordinates></LineString></Placemark>
<Placemark><name>divisa 168</name><styleUrl>#malha</styleUrl><LineString><tessellate>1</tessellate><coordinates>-57.528210,-13.496710,0 -57.528050,-13.495190,0</coordinates></LineString></Placemark>
<Placemark><name>divisa 169</name><styleUrl>#malha</styleUrl><LineString><tessellate>1</tessellate><coordinates>-57.528210,-13.496710,0 -57.528050,-13.495190,0</coordinates></LineString></Placemark>
<Placemark><name>divisa 170</name><styleUrl>#malha</styleUrl><LineString><tessellate>1</tessellate><coordinates>-57.527990,-13.485880,0 -57.528080,-13.485800,0</coordinates></LineString></Placemark>
<Placemark><name>divisa 171</name><styleUrl>#malha</styleUrl><LineString><tessellate>1</tessellate><coordinates>-57.527990,-13.485880,0 -57.528080,-13.485800,0</coordinates></LineString></Placemark>
<Placemark><name>divisa 172</name><styleUrl>#malha</styleUrl><LineString><tessellate>1</tessellate><coordinates>-57.528050,-13.495190,0 -57.528040,-13.495160,0</coordinates></LineString></Placemark>
<Placemark><name>divisa 173</name><styleUrl>#malha</styleUrl><LineString><tessellate>1</tessellate><coordinates>-57.528040,-13.495160,0 -57.527390,-13.489620,0</coordinates></LineString></Placemark>
<Placemark><name>divisa 174</name><styleUrl>#malha</styleUrl><LineString><tessellate>1</tessellate><coordinates>-57.528040,-13.495160,0 -57.527390,-13.489620,0</coordinates></LineString></Placemark>
<Placemark><name>divisa 175</name><styleUrl>#malha</styleUrl><LineString><tessellate>1</tessellate><coordinates>-57.527930,-13.485980,0 -57.527990,-13.485880,0</coordinates></LineString></Placemark>
<Placemark><name>divisa 176</name><styleUrl>#malha</styleUrl><LineString><tessellate>1</tessellate><coordinates>-57.527930,-13.485980,0 -57.527990,-13.485880,0</coordinates></LineString></Placemark>
<Placemark><name>divisa 177</name><styleUrl>#malha</styleUrl><LineString><tessellate>1</tessellate><coordinates>-57.527620,-13.486370,0 -57.527930,-13.485980,0</coordinates></LineString></Placemark>
<Placemark><name>divisa 178</name><styleUrl>#malha</styleUrl><LineString><tessellate>1</tessellate><coordinates>-57.527620,-13.486370,0 -57.527930,-13.485980,0</coordinates></LineString></Placemark>
<Placemark><name>divisa 179</name><styleUrl>#malha</styleUrl><LineString><tessellate>1</tessellate><coordinates>-57.527720,-13.461660,0 -57.527730,-13.461670,0</coordinates></LineString></Placemark>
<Placemark><name>divisa 180</name><styleUrl>#malha</styleUrl><LineString><tessellate>1</tessellate><coordinates>-57.524150,-13.464170,0 -57.527720,-13.461660,0</coordinates></LineString></Placemark>
<Placemark><name>divisa 181</name><styleUrl>#malha</styleUrl><LineString><tessellate>1</tessellate><coordinates>-57.524150,-13.464170,0 -57.519600,-13.467370,0 -57.520770,-13.463160,0 -57.525870,-13.459080,0 -57.527720,-13.461660,0</coordinates></LineString></Placemark>
<Placemark><name>divisa 182</name><styleUrl>#malha</styleUrl><LineString><tessellate>1</tessellate><coordinates>-57.527720,-13.461660,0 -57.524150,-13.464170,0</coordinates></LineString></Placemark>
<Placemark><name>divisa 183</name><styleUrl>#malha</styleUrl><LineString><tessellate>1</tessellate><coordinates>-57.527160,-13.486630,0 -57.527620,-13.486370,0</coordinates></LineString></Placemark>
<Placemark><name>divisa 184</name><styleUrl>#malha</styleUrl><LineString><tessellate>1</tessellate><coordinates>-57.527160,-13.486630,0 -57.527620,-13.486370,0</coordinates></LineString></Placemark>
<Placemark><name>divisa 185</name><styleUrl>#malha</styleUrl><LineString><tessellate>1</tessellate><coordinates>-57.527390,-13.489620,0 -57.527050,-13.486740,0</coordinates></LineString></Placemark>
<Placemark><name>divisa 186</name><styleUrl>#malha</styleUrl><LineString><tessellate>1</tessellate><coordinates>-57.527390,-13.489620,0 -57.527050,-13.486740,0</coordinates></LineString></Placemark>
<Placemark><name>divisa 187</name><styleUrl>#malha</styleUrl><LineString><tessellate>1</tessellate><coordinates>-57.527050,-13.486740,0 -57.527160,-13.486630,0</coordinates></LineString></Placemark>
<Placemark><name>divisa 188</name><styleUrl>#malha</styleUrl><LineString><tessellate>1</tessellate><coordinates>-57.527050,-13.486740,0 -57.527160,-13.486630,0</coordinates></LineString></Placemark>
<Placemark><name>divisa 189</name><styleUrl>#malha</styleUrl><LineString><tessellate>1</tessellate><coordinates>-57.525220,-13.510640,0 -57.525620,-13.510570,0</coordinates></LineString></Placemark>
<Placemark><name>divisa 190</name><styleUrl>#malha</styleUrl><LineString><tessellate>1</tessellate><coordinates>-57.525220,-13.510640,0 -57.525620,-13.510570,0</coordinates></LineString></Placemark>
<Placemark><name>divisa 191</name><styleUrl>#malha</styleUrl><LineString><tessellate>1</tessellate><coordinates>-57.524950,-13.510700,0 -57.525220,-13.510640,0</coordinates></LineString></Placemark>
<Placemark><name>divisa 192</name><styleUrl>#malha</styleUrl><LineString><tessellate>1</tessellate><coordinates>-57.524950,-13.510700,0 -57.525220,-13.510640,0</coordinates></LineString></Placemark>
<Placemark><name>divisa 193</name><styleUrl>#malha</styleUrl><LineString><tessellate>1</tessellate><coordinates>-57.524320,-13.510850,0 -57.524950,-13.510700,0</coordinates></LineString></Placemark>
<Placemark><name>divisa 194</name><styleUrl>#malha</styleUrl><LineString><tessellate>1</tessellate><coordinates>-57.524320,-13.510850,0 -57.524950,-13.510700,0</coordinates></LineString></Placemark>
<Placemark><name>divisa 195</name><styleUrl>#malha</styleUrl><LineString><tessellate>1</tessellate><coordinates>-57.522750,-13.511010,0 -57.524320,-13.510850,0</coordinates></LineString></Placemark>
<Placemark><name>divisa 196</name><styleUrl>#malha</styleUrl><LineString><tessellate>1</tessellate><coordinates>-57.522750,-13.511010,0 -57.524320,-13.510850,0</coordinates></LineString></Placemark>
<Placemark><name>divisa 197</name><styleUrl>#malha</styleUrl><LineString><tessellate>1</tessellate><coordinates>-57.520530,-13.466770,0 -57.524150,-13.464170,0</coordinates></LineString></Placemark>
<Placemark><name>divisa 198</name><styleUrl>#malha</styleUrl><LineString><tessellate>1</tessellate><coordinates>-57.522150,-13.511120,0 -57.522750,-13.511010,0</coordinates></LineString></Placemark>
<Placemark><name>divisa 199</name><styleUrl>#malha</styleUrl><LineString><tessellate>1</tessellate><coordinates>-57.522150,-13.511120,0 -57.522750,-13.511010,0</coordinates></LineString></Placemark>
<Placemark><name>divisa 200</name><styleUrl>#malha</styleUrl><LineString><tessellate>1</tessellate><coordinates>-57.521360,-13.511270,0 -57.522150,-13.511120,0</coordinates></LineString></Placemark>
<Placemark><name>divisa 201</name><styleUrl>#malha</styleUrl><LineString><tessellate>1</tessellate><coordinates>-57.521360,-13.511270,0 -57.522150,-13.511120,0</coordinates></LineString></Placemark>
<Placemark><name>divisa 202</name><styleUrl>#malha</styleUrl><LineString><tessellate>1</tessellate><coordinates>-57.517370,-13.512070,0 -57.519510,-13.511760,0 -57.521360,-13.511270,0</coordinates></LineString></Placemark>
<Placemark><name>divisa 203</name><styleUrl>#malha</styleUrl><LineString><tessellate>1</tessellate><coordinates>-57.517370,-13.512070,0 -57.521360,-13.511270,0</coordinates></LineString></Placemark>
<Placemark><name>divisa 204</name><styleUrl>#malha</styleUrl><LineString><tessellate>1</tessellate><coordinates>-57.520530,-13.466770,0 -57.523610,-13.464600,0 -57.525320,-13.466980,0 -57.523090,-13.469630,0 -57.519140,-13.468680,0 -57.519520,-13.467500,0</coordinates></LineString></Placemark>
<Placemark><name>divisa 205</name><styleUrl>#malha</styleUrl><LineString><tessellate>1</tessellate><coordinates>-57.519520,-13.467500,0 -57.520530,-13.466770,0</coordinates></LineString></Placemark>
<Placemark><name>divisa 206</name><styleUrl>#malha</styleUrl><LineString><tessellate>1</tessellate><coordinates>-57.519520,-13.467500,0 -57.520530,-13.466770,0</coordinates></LineString></Placemark>
<Placemark><name>divisa 207</name><styleUrl>#malha</styleUrl><LineString><tessellate>1</tessellate><coordinates>-57.517330,-13.512190,0 -57.517370,-13.512070,0</coordinates></LineString></Placemark>
<Placemark><name>divisa 208</name><styleUrl>#malha</styleUrl><LineString><tessellate>1</tessellate><coordinates>-57.517330,-13.512190,0 -57.517370,-13.512070,0</coordinates></LineString></Placemark>
<Placemark><name>divisa 209</name><styleUrl>#malha</styleUrl><LineString><tessellate>1</tessellate><coordinates>-57.517350,-13.512280,0 -57.517330,-13.512220,0</coordinates></LineString></Placemark>
<Placemark><name>divisa 210</name><styleUrl>#malha</styleUrl><LineString><tessellate>1</tessellate><coordinates>-57.517350,-13.512280,0 -57.517330,-13.512220,0</coordinates></LineString></Placemark>
<Placemark><name>divisa 211</name><styleUrl>#malha</styleUrl><LineString><tessellate>1</tessellate><coordinates>-57.517330,-13.512210,0 -57.517330,-13.512190,0</coordinates></LineString></Placemark>
<Placemark><name>divisa 212</name><styleUrl>#malha</styleUrl><LineString><tessellate>1</tessellate><coordinates>-57.517330,-13.512220,0 -57.517330,-13.512210,0</coordinates></LineString></Placemark>
<Placemark><name>divisa 213</name><styleUrl>#malha</styleUrl><LineString><tessellate>1</tessellate><coordinates>-57.517330,-13.512220,0 -57.517330,-13.512210,0</coordinates></LineString></Placemark>
<Placemark><name>divisa 214</name><styleUrl>#malha</styleUrl><LineString><tessellate>1</tessellate><coordinates>-57.564410,-13.554760,0 -57.563490,-13.553480,0 -57.560260,-13.548230,0 -57.561270,-13.547000,0 -57.563300,-13.543580,0 -57.567390,-13.545670,0 -57.564410,-13.554760,0</coordinates></LineString></Placemark>
<Placemark><name>divisa 215</name><styleUrl>#malha</styleUrl><LineString><tessellate>1</tessellate><coordinates>-57.563200,-13.560420,0 -57.562720,-13.566680,0 -57.562390,-13.571390,0 -57.561980,-13.571100,0 -57.562060,-13.569630,0 -57.561790,-13.568190,0 -57.561160,-13.567050,0 -57.560650,-13.565600,0 -57.559960,-13.564860,0 -57.557480,-13.562790,0 -57.557010,-13.562130,0 -57.559120,-13.558980,0 -57.563200,-13.560420,0</coordinates></LineString></Placemark>
<Placemark><name>divisa 216</name><styleUrl>#malha</styleUrl><LineString><tessellate>1</tessellate><coordinates>-57.563150,-13.543570,0 -57.560250,-13.548140,0 -57.559920,-13.547800,0 -57.558660,-13.547460,0 -57.556880,-13.544130,0 -57.557100,-13.540530,0 -57.563150,-13.543570,0</coordinates></LineString></Placemark>
<Placemark><name>divisa 217</name><styleUrl>#malha</styleUrl><LineString><tessellate>1</tessellate><coordinates>-57.562670,-13.456470,0 -57.554840,-13.446950,0 -57.557050,-13.441360,0 -57.565630,-13.447620,0 -57.566260,-13.448600,0 -57.564200,-13.451380,0 -57.562670,-13.456470,0</coordinates></LineString></Placemark>
<Placemark><name>divisa 218</name><styleUrl>#malha</styleUrl><LineString><tessellate>1</tessellate><coordinates>-57.560090,-13.583000,0 -57.561830,-13.582350,0 -57.563640,-13.581840,0 -57.567800,-13.576180,0 -57.572970,-13.568590,0 -57.579050,-13.571870,0 -57.569260,-13.586910,0 -57.560090,-13.583000,0</coordinates></LineString></Placemark>
<Placemark><name>divisa 219</name><styleUrl>#malha</styleUrl><LineString><tessellate>1</tessellate><coordinates>-57.560030,-13.582970,0 -57.556600,-13.581480,0 -57.562320,-13.572830,0 -57.562570,-13.571370,0 -57.570250,-13.572580,0 -57.563610,-13.581810,0 -57.560030,-13.582970,0</coordinates></LineString></Placemark>
<Placemark><name>divisa 220</name><styleUrl>#malha</styleUrl><LineString><tessellate>1</tessellate><coordinates>-57.559920,-13.547860,0 -57.560230,-13.548380,0 -57.556540,-13.550520,0 -57.556320,-13.549860,0 -57.559920,-13.547860,0</coordinates></LineString></Placemark>
<Placemark><name>divisa 221</name><styleUrl>#malha</styleUrl><LineString><tessellate>1</tessellate><coordinates>-57.557160,-13.453130,0 -57.558960,-13.455590,0 -57.557910,-13.456070,0 -57.558720,-13.457030,0 -57.555180,-13.459500,0 -57.551320,-13.455490,0 -57.557160,-13.453130,0</coordinates></LineString></Placemark>
<Placemark><name>divisa 222</name><styleUrl>#malha</styleUrl><LineString><tessellate>1</tessellate><coordinates>-57.557000,-13.573640,0 -57.558650,-13.572990,0 -57.559330,-13.572990,0 -57.560180,-13.572610,0 -57.561270,-13.572450,0 -57.561610,-13.572290,0 -57.561800,-13.572060,0 -57.561980,-13.571490,0 -57.562380,-13.571530,0 -57.562190,-13.572970,0 -57.558490,-13.578520,0 -57.556570,-13.577770,0 -57.556480,-13.577340,0 -57.556260,-13.577090,0 -57.555890,-13.576930,0 -57.555730,-13.576690,0 -57.555180,-13.575650,0 -57.555120,-13.575110,0 -57.554910,-13.574790,0 -57.555120,-13.574140,0 -57.555580,-13.573860,0 -57.557000,-13.573640,0</coordinates></LineString></Placemark>
<Placemark><name>divisa 223</name><styleUrl>#malha</styleUrl><LineString><tessellate>1</tessellate><coordinates>-57.556580,-13.548300,0 -57.551020,-13.542100,0 -57.551820,-13.538220,0 -57.552220,-13.538220,0 -57.557010,-13.540410,0 -57.556580,-13.548300,0</coordinates></LineString></Placemark>
<Placemark><name>divisa 224</name><styleUrl>#malha</styleUrl><LineString><tessellate>1</tessellate><coordinates>-57.556300,-13.581440,0 -57.538000,-13.574350,0 -57.537760,-13.568910,0 -57.539060,-13.568600,0 -57.539860,-13.568130,0 -57.541170,-13.566110,0 -57.541400,-13.565440,0 -57.541220,-13.564420,0 -57.541340,-13.562970,0 -57.541740,-13.561920,0 -57.541820,-13.561310,0 -57.544870,-13.564120,0 -57.545540,-13.564440,0 -57.546710,-13.564450,0 -57.548920,-13.564910,0 -57.549020,-13.565120,0 -57.548830,-13.566260,0 -57.548930,-13.566650,0 -57.552030,-13.569740,0 -57.553420,-13.570100,0 -57.553700,-13.570320,0 -57.553950,-13.571070,0 -57.553830,-13.571260,0 -57.552950,-13.571410,0 -57.552760,-13.571990,0 -57.553360,-13.572710,0 -57.553300,-13.573080,0 -57.552950,-13.573560,0 -57.552810,-13.574140,0 -57.553910,-13.576150,0 -57.554890,-13.576690,0 -57.555100,-13.577240,0 -57.555580,-13.577550,0 -57.558420,-13.578610,0 -57.556300,-13.581440,0</coordinates></LineString></Placemark>
<Placemark><name>divisa 225</name><styleUrl>#malha</styleUrl><LineString><tessellate>1</tessellate><coordinates>-57.551860,-13.449940,0 -57.555250,-13.447690,0 -57.555720,-13.448330,0 -57.555400,-13.447810,0 -57.555870,-13.448330,0 -57.558850,-13.452130,0 -57.555530,-13.453380,0 -57.551860,-13.449940,0</coordinates></LineString></Placemark>
<Placemark><name>divisa 226</name><styleUrl>#malha</styleUrl><LineString><tessellate>1</tessellate><coordinates>-57.551820,-13.449960,0 -57.555510,-13.453400,0 -57.551580,-13.454860,0 -57.550720,-13.454050,0 -57.548670,-13.452450,0 -57.551820,-13.449960,0</coordinates></LineString></Placemark>
<Placemark><name>divisa 227</name><styleUrl>#malha</styleUrl><LineString><tessellate>1</tessellate><coordinates>-57.551640,-13.587980,0 -57.555810,-13.590010,0 -57.556210,-13.589450,0 -57.555790,-13.589200,0 -57.556110,-13.588810,0 -57.556270,-13.588230,0 -57.559350,-13.582850,0 -57.559950,-13.583100,0 -57.559570,-13.583780,0 -57.560160,-13.584030,0 -57.560590,-13.583360,0 -57.568720,-13.586780,0 -57.569000,-13.587260,0 -57.564260,-13.594540,0 -57.551280,-13.588540,0 -57.551640,-13.587980,0</coordinates></LineString></Placemark>
<Placemark><name>divisa 228</name><styleUrl>#malha</styleUrl><LineString><tessellate>1</tessellate><coordinates>-57.551100,-13.553710,0 -57.548750,-13.550120,0 -57.548600,-13.549700,0 -57.548690,-13.549170,0 -57.549230,-13.548360,0 -57.556460,-13.550590,0 -57.557200,-13.553840,0 -57.551100,-13.553710,0</coordinates></LineString></Placemark>
<Placemark><name>divisa 229</name><styleUrl>#malha</styleUrl><LineString><tessellate>1</tessellate><coordinates>-57.549280,-13.548310,0 -57.550030,-13.547260,0 -57.550510,-13.545880,0 -57.550700,-13.543470,0 -57.550980,-13.542180,0 -57.556590,-13.548410,0 -57.556480,-13.549440,0 -57.556200,-13.550070,0 -57.556440,-13.550550,0 -57.549280,-13.548310,0</coordinates></LineString></Placemark>
<Placemark><name>divisa 230</name><styleUrl>#malha</styleUrl><LineString><tessellate>1</tessellate><coordinates>-57.547610,-13.586930,0 -57.544570,-13.585370,0 -57.544730,-13.585170,0 -57.546410,-13.584500,0 -57.547010,-13.584070,0 -57.548250,-13.583490,0 -57.549050,-13.583570,0 -57.550300,-13.584150,0 -57.551870,-13.584430,0 -57.553470,-13.584390,0 -57.554330,-13.584090,0 -57.551170,-13.588510,0 -57.547610,-13.586930,0</coordinates></LineString></Placemark>
<Placemark><name>divisa 231</name><styleUrl>#malha</styleUrl><LineString><tessellate>1</tessellate><coordinates>-57.544000,-13.458090,0 -57.537600,-13.455210,0 -57.542250,-13.451330,0 -57.542470,-13.451290,0 -57.542720,-13.451460,0 -57.542870,-13.451870,0 -57.542890,-13.452220,0 -57.543060,-13.452510,0 -57.542610,-13.453160,0 -57.542880,-13.453510,0 -57.544490,-13.457880,0 -57.544000,-13.458090,0</coordinates></LineString></Placemark>
<Placemark><name>divisa 232</name><styleUrl>#malha</styleUrl><LineString><tessellate>1</tessellate><coordinates>-57.542890,-13.453470,0 -57.543230,-13.453110,0 -57.543550,-13.453000,0 -57.543680,-13.452070,0 -57.543840,-13.451920,0 -57.551050,-13.455200,0 -57.548050,-13.456260,0 -57.544510,-13.457870,0 -57.542890,-13.453470,0</coordinates></LineString></Placemark>
<Placemark><name>divisa 233</name><styleUrl>#malha</styleUrl><LineString><tessellate>1</tessellate><coordinates>-57.540630,-13.583600,0 -57.538350,-13.582390,0 -57.538010,-13.574400,0 -57.556180,-13.581560,0 -57.554250,-13.584080,0 -57.553170,-13.584390,0 -57.551770,-13.584370,0 -57.550310,-13.584110,0 -57.549020,-13.583510,0 -57.548210,-13.583460,0 -57.546980,-13.584020,0 -57.546380,-13.584490,0 -57.544760,-13.585100,0 -57.544440,-13.585350,0 -57.540630,-13.583600,0</coordinates></LineString></Placemark>
<Placemark><name>divisa 234</name><styleUrl>#malha</styleUrl><LineString><tessellate>1</tessellate><coordinates>-57.537200,-13.462380,0 -57.536930,-13.462400,0 -57.536320,-13.461420,0 -57.534850,-13.461820,0 -57.533790,-13.461480,0 -57.533100,-13.461450,0 -57.532760,-13.461020,0 -57.532780,-13.460310,0 -57.532680,-13.460020,0 -57.531970,-13.459800,0 -57.537590,-13.455240,0 -57.543980,-13.458100,0 -57.537200,-13.462380,0</coordinates></LineString></Placemark>
<Placemark><name>divisa 235</name><styleUrl>#malha</styleUrl><LineString><tessellate>1</tessellate><coordinates>-57.533860,-13.448180,0 -57.536560,-13.446030,0 -57.542250,-13.451200,0 -57.538670,-13.454130,0 -57.533860,-13.448180,0</coordinates></LineString></Placemark>
<Placemark><name>divisa 236</name><styleUrl>#malha</styleUrl><LineString><tessellate>1</tessellate><coordinates>-57.531990,-13.459770,0 -57.531580,-13.459480,0 -57.530590,-13.456490,0 -57.529710,-13.455240,0 -57.528730,-13.454660,0 -57.526880,-13.455490,0 -57.526280,-13.455180,0 -57.525320,-13.454340,0 -57.527070,-13.452340,0 -57.529160,-13.451900,0 -57.530980,-13.450500,0 -57.534780,-13.457430,0 -57.531990,-13.459770,0</coordinates></LineString></Placemark>
<Placemark><name>divisa 237</name><styleUrl>#malha</styleUrl><LineString><tessellate>1</tessellate><coordinates>-57.531020,-13.450500,0 -57.533810,-13.448210,0 -57.538640,-13.454150,0 -57.534800,-13.457390,0 -57.531020,-13.450500,0</coordinates></LineString></Placemark>
<Placemark><name>divisa 238</name><styleUrl>#malha</styleUrl><LineString><tessellate>1</tessellate><coordinates>-57.529860,-13.439360,0 -57.535250,-13.427090,0 -57.545870,-13.431950,0 -57.536300,-13.445640,0 -57.529860,-13.439360,0</coordinates></LineString></Placemark>
<Placemark><name>divisa 239</name><styleUrl>#malha</styleUrl><LineString><tessellate>1</tessellate><coordinates>-57.529750,-13.439410,0 -57.536470,-13.446020,0 -57.529180,-13.451780,0 -57.527030,-13.452230,0 -57.525270,-13.454320,0 -57.523770,-13.453360,0 -57.529750,-13.439410,0</coordinates></LineString></Placemark>
<Placemark><name>divisa 240</name><styleUrl>#malha</styleUrl><LineString><tessellate>1</tessellate><coordinates>-57.525850,-13.459040,0 -57.520770,-13.463130,0 -57.523710,-13.453420,0 -57.526350,-13.455360,0 -57.525850,-13.459040,0</coordinates></LineString></Placemark>
<Placemark><name>divisa 241</name><styleUrl>#malha</styleUrl><LineString><tessellate>1</tessellate><coordinates>-57.523720,-13.470170,0 -57.525040,-13.470370,0 -57.525760,-13.470840,0 -57.526080,-13.471700,0 -57.527620,-13.473650,0 -57.528900,-13.474940,0 -57.529780,-13.475220,0 -57.530990,-13.476430,0 -57.530340,-13.477370,0 -57.529440,-13.478180,0 -57.527360,-13.479450,0 -57.526390,-13.480350,0 -57.525430,-13.481040,0 -57.525170,-13.481470,0 -57.520930,-13.479650,0 -57.523720,-13.470170,0</coordinates></LineString></Placemark>
<Placemark><name>divisa 242</name><styleUrl>#malha</styleUrl><LineString><tessellate>1</tessellate><coordinates>-57.523710,-13.470170,0 -57.520920,-13.479630,0 -57.516420,-13.477830,0 -57.519150,-13.468740,0 -57.523070,-13.469690,0 -57.522990,-13.470040,0 -57.523710,-13.470170,0</coordinates></LineString></Placemark>
<Placemark><name>divisa 243</name><styleUrl>#malha</styleUrl><LineString><tessellate>1</tessellate><coordinates>-57.522220,-13.532680,0 -57.527350,-13.532000,0 -57.528630,-13.533010,0 -57.529070,-13.533620,0 -57.529260,-13.534360,0 -57.529190,-13.534850,0 -57.528620,-13.535770,0 -57.527860,-13.537350,0 -57.526940,-13.538190,0 -57.525170,-13.538950,0 -57.523980,-13.539040,0 -57.521820,-13.538750,0 -57.519310,-13.539020,0 -57.518180,-13.539900,0 -57.517820,-13.541700,0 -57.517480,-13.542280,0 -57.517190,-13.542330,0 -57.516170,-13.541980,0 -57.515960,-13.542000,0 -57.515840,-13.542140,0 -57.515870,-13.542430,0 -57.516050,-13.542630,0 -57.516690,-13.542920,0 -57.516780,-13.543120,0 -57.516720,-13.543600,0 -57.516970,-13.543610,0 -57.517460,-13.543360,0 -57.517740,-13.543350,0 -57.518090,-13.543510,0 -57.518770,-13.544320,0 -57.519850,-13.545290,0 -57.520350,-13.545590,0 -57.520270,-13.545720,0 -57.514070,-13.547230,0 -57.513510,-13.548850,0 -57.512900,-13.549400,0 -57.512670,-13.549930,0 -57.509130,-13.548290,0 -57.513770,-13.533880,0 -57.522220,-13.532680,0</coordinates></LineString></Placemark>
<Placemark><name>divisa 244</name><styleUrl>#malha</styleUrl><LineString><tessellate>1</tessellate><coordinates>-57.517330,-13.435540,0 -57.521770,-13.420690,0 -57.521940,-13.420650,0 -57.535060,-13.426980,0 -57.535110,-13.427080,0 -57.529750,-13.439350,0 -57.517330,-13.435540,0</coordinates></LineString></Placemark>
<Placemark><name>divisa 245</name><styleUrl>#malha</styleUrl><LineString><tessellate>1</tessellate><coordinates>-57.516860,-13.558400,0 -57.512880,-13.559130,0 -57.513400,-13.556500,0 -57.511790,-13.552110,0 -57.511740,-13.551690,0 -57.512450,-13.549930,0 -57.518240,-13.552670,0 -57.518400,-13.552830,0 -57.518280,-13.553700,0 -57.518130,-13.553980,0 -57.518160,-13.554520,0 -57.517870,-13.555580,0 -57.516860,-13.558400,0</coordinates></LineString></Placemark>
<Placemark><name>divisa 246</name><styleUrl>#malha</styleUrl><LineString><tessellate>1</tessellate><coordinates>-57.515690,-13.466540,0 -57.519490,-13.467370,0 -57.516350,-13.477790,0 -57.512610,-13.476200,0 -57.515690,-13.466540,0</coordinates></LineString></Placemark>
<Placemark><name>divisa 247</name><styleUrl>#malha</styleUrl><LineString><tessellate>1</tessellate><coordinates>-57.512540,-13.451680,0 -57.517300,-13.435600,0 -57.529730,-13.439380,0 -57.523650,-13.453300,0 -57.512540,-13.451680,0</coordinates></LineString></Placemark>
<Placemark><name>divisa 248</name><styleUrl>#malha</styleUrl><LineString><tessellate>1</tessellate><coordinates>-57.508690,-13.464690,0 -57.512490,-13.451780,0 -57.523640,-13.453350,0 -57.519500,-13.467360,0 -57.508690,-13.464690,0</coordinates></LineString></Placemark>
<Placemark><name>divisa 249</name><styleUrl>#malha</styleUrl><LineString><tessellate>1</tessellate><coordinates>-57.506080,-13.473470,0 -57.508660,-13.464760,0 -57.515680,-13.466530,0 -57.512590,-13.476190,0 -57.506080,-13.473470,0</coordinates></LineString></Placemark>
<Placemark><name>divisa 250</name><styleUrl>#malha</styleUrl><LineString><tessellate>1</tessellate><coordinates>-57.490070,-13.563750,0 -57.489760,-13.563710,0 -57.489520,-13.563320,0 -57.483390,-13.549530,0 -57.507350,-13.558480,0 -57.507710,-13.560160,0 -57.490070,-13.563750,0</coordinates></LineString></Placemark>
<Placemark><name>divisa 251</name><styleUrl>#malha</styleUrl><LineString><tessellate>1</tessellate><coordinates>-57.483390,-13.549510,0 -57.486880,-13.538170,0 -57.487110,-13.538100,0 -57.505420,-13.546650,0 -57.506130,-13.551490,0 -57.507340,-13.558430,0 -57.483390,-13.549510,0</coordinates></LineString></Placemark>
</Folder><Folder><name>Estradas extras</name>
<Placemark><name>ESTRADA 01 - PONTE DE PEDRA</name><styleUrl>#extra</styleUrl><LineString><tessellate>1</tessellate><coordinates>-57.475096,-13.560327,0 -57.475134,-13.559923,0 -57.474906,-13.559553,0 -57.474968,-13.559292,0 -57.475702,-13.558849,0 -57.476770,-13.558147,0 -57.477580,-13.557621,0 -57.478202,-13.557300,0 -57.480029,-13.556653,0 -57.481029,-13.556374,0 -57.482240,-13.556040,0 -57.484200,-13.555561,0 -57.485734,-13.554956,0 -57.486822,-13.557173,0 -57.489803,-13.563659,0 -57.498769,-13.583329,0 -57.498800,-13.583550,0 -57.498716,-13.583704,0 -57.498448,-13.583975,0 -57.498246,-13.584218,0 -57.497385,-13.584833,0 -57.497275,-13.584849,0 -57.497085,-13.584700,0 -57.495840,-13.583848,0 -57.495580,-13.583655,0 -57.494108,-13.582625,0 -57.492241,-13.581418,0 -57.491265,-13.580706,0 -57.491104,-13.580539,0 -57.490087,-13.579624,0 -57.489851,-13.579535,0 -57.489586,-13.579496,0 -57.489350,-13.579410,0 -57.488703,-13.579043,0 -57.488228,-13.578740,0 -57.486530,-13.577490,0 -57.486005,-13.577017,0 -57.485715,-13.576219,0 -57.485605,-13.575935,0 -57.485501,-13.575627,0 -57.485407,-13.575233,0 -57.485393,-13.574430,0 -57.485372,-13.573659,0 -57.485299,-13.572274,0 -57.485286,-13.571750,0 -57.485203,-13.570410,0 -57.485109,-13.570063,0 -57.484658,-13.568606,0 -57.484307,-13.567487,0 -57.484189,-13.566804,0 -57.483543,-13.566968,0 -57.483170,-13.566989,0 -57.481933,-13.567226,0 -57.481335,-13.567372,0 -57.480555,-13.567563,0 -57.480064,-13.567602,0 -57.479761,-13.567492,0 -57.479514,-13.567325,0 -57.479213,-13.567187,0 -57.478755,-13.567005,0 -57.478366,-13.566830,0 -57.477792,-13.566554,0 -57.477470,-13.566454,0 -57.477270,-13.566410,0 -57.476451,-13.567273,0 -57.475834,-13.567907,0 -57.474064,-13.569761,0 -57.472017,-13.571849,0 -57.471513,-13.572347,0 -57.471725,-13.572663,0 -57.476711,-13.577215,0 -57.478935,-13.579259,0 -57.480791,-13.580967,0 -57.481504,-13.581652,0 -57.491840,-13.590690,0 -57.491891,-13.590724,0 -57.493703,-13.588872,0 -57.488751,-13.593966,0 -57.442907,-13.641295,0 -57.437745,-13.646644,0 -57.436604,-13.647817,0 -57.436502,-13.647942,0 -57.435603,-13.648883,0 -57.433404,-13.651145,0 -57.430794,-13.653858,0 -57.429737,-13.655029,0 -57.429684,-13.655094,0</coordinates></LineString></Placemark>
<Placemark><name>ESTRADA 02 - PONTE DE PEDRA</name><styleUrl>#extra</styleUrl><LineString><tessellate>1</tessellate><coordinates>-57.428880,-13.515290,0 -57.428552,-13.515950,0 -57.425945,-13.524681,0 -57.423796,-13.531780,0 -57.423737,-13.531999,0</coordinates></LineString></Placemark>
<Placemark><name>ESTRADA 03 - PONTE DE PEDRA</name><styleUrl>#extra</styleUrl><LineString><tessellate>1</tessellate><coordinates>-57.414387,-13.517092,0 -57.409830,-13.527850,0 -57.409841,-13.527987,0 -57.436234,-13.535706,0 -57.441820,-13.537430,0 -57.443859,-13.537996,0 -57.445898,-13.538587,0 -57.448820,-13.539458,0 -57.450873,-13.540082,0 -57.451461,-13.540338,0 -57.452585,-13.540879,0 -57.454021,-13.541600,0 -57.454567,-13.541879,0 -57.455255,-13.542066,0 -57.455583,-13.542102,0 -57.457201,-13.542176,0 -57.458316,-13.542246,0 -57.458640,-13.542377,0 -57.458638,-13.542541,0 -57.458727,-13.542716,0 -57.458759,-13.542893,0 -57.459739,-13.544986,0 -57.459987,-13.545326,0 -57.461135,-13.546784,0 -57.461350,-13.547180,0 -57.461634,-13.547738,0 -57.461865,-13.548103,0 -57.462364,-13.548656,0 -57.462444,-13.548656,0 -57.462520,-13.548850,0 -57.462670,-13.549167,0 -57.462852,-13.549501,0 -57.463002,-13.549824,0 -57.463297,-13.550570,0 -57.463490,-13.550867,0 -57.463802,-13.551368,0 -57.464198,-13.551738,0 -57.464697,-13.551868,0 -57.466820,-13.552560,0 -57.467047,-13.552656,0 -57.467347,-13.552937,0 -57.467510,-13.553150,0 -57.467675,-13.553344,0 -57.467927,-13.553788,0 -57.468318,-13.554343,0 -57.468989,-13.555102,0 -57.469466,-13.555522,0 -57.469651,-13.555654,0 -57.470767,-13.556421,0 -57.471443,-13.556870,0 -57.472554,-13.557521,0 -57.473439,-13.557931,0 -57.474353,-13.558544,0 -57.474646,-13.558890,0 -57.474968,-13.559292,0</coordinates></LineString></Placemark>
<Placemark><name>ESTRADA 04 - PONTE DE PEDRA</name><styleUrl>#extra</styleUrl><LineString><tessellate>1</tessellate><coordinates>-57.441705,-13.537422,0 -57.440472,-13.539190,0 -57.439452,-13.540546,0 -57.438229,-13.542205,0 -57.437001,-13.543837,0 -57.432901,-13.549323,0 -57.430969,-13.551935,0 -57.429469,-13.553926,0 -57.429362,-13.554108,0 -57.429343,-13.554279,0 -57.429382,-13.554412,0 -57.429496,-13.554546,0 -57.429697,-13.554687,0 -57.430002,-13.554807,0 -57.430368,-13.554958,0 -57.430974,-13.555248,0 -57.431417,-13.555407,0 -57.432055,-13.555610,0 -57.432508,-13.555725,0 -57.432948,-13.555759,0 -57.433568,-13.555459,0 -57.434380,-13.555034,0 -57.434791,-13.554964,0 -57.435137,-13.554977,0 -57.435528,-13.555052,0 -57.435783,-13.555117,0 -57.436350,-13.555330,0 -57.437207,-13.555923,0 -57.437615,-13.556160,0 -57.438101,-13.556439,0 -57.438599,-13.556786,0 -57.439018,-13.556969,0 -57.439544,-13.557196,0 -57.440018,-13.557323,0 -57.440300,-13.557490,0 -57.440507,-13.557754,0 -57.440893,-13.558431,0 -57.440965,-13.558737,0 -57.441160,-13.559550,0 -57.441595,-13.559965,0 -57.442183,-13.560606,0 -57.442454,-13.560877,0 -57.442698,-13.561146,0 -57.443057,-13.561623,0 -57.443272,-13.561829,0 -57.443430,-13.561871,0 -57.443425,-13.562210,0 -57.443430,-13.562450,0 -57.443500,-13.562770,0 -57.443631,-13.562945,0 -57.444224,-13.563508,0 -57.444688,-13.563863,0 -57.445620,-13.564540,0 -57.446386,-13.565151,0 -57.447276,-13.565993,0 -57.447400,-13.566180,0 -57.447555,-13.566319,0 -57.447633,-13.566548,0 -57.447901,-13.566955,0 -57.448145,-13.567297,0 -57.449385,-13.568984,0 -57.450087,-13.569904,0 -57.450492,-13.570509,0 -57.451160,-13.571410,0 -57.452170,-13.572660,0 -57.452799,-13.573580,0 -57.453008,-13.573776,0 -57.453153,-13.574024,0 -57.453424,-13.574443,0 -57.453537,-13.574767,0 -57.453542,-13.575249,0 -57.453526,-13.575564,0 -57.453491,-13.575802,0 -57.453494,-13.578508,0 -57.452880,-13.580239,0 -57.452700,-13.580557,0 -57.451587,-13.581668,0 -57.450972,-13.581970,0 -57.449647,-13.582296,0 -57.448870,-13.582416,0 -57.447896,-13.582886,0 -57.445919,-13.583863,0 -57.445627,-13.584426,0 -57.444460,-13.586228,0 -57.444235,-13.587065,0 -57.444187,-13.588079,0 -57.444157,-13.588277,0 -57.443967,-13.588726,0 -57.443851,-13.588958,0 -57.443540,-13.589203,0 -57.442743,-13.589630,0 -57.442135,-13.589865,0 -57.441848,-13.590034,0 -57.440375,-13.591004,0 -57.439222,-13.591745,0 -57.438610,-13.591927,0 -57.437591,-13.592305,0 -57.436132,-13.592725,0 -57.435864,-13.592722,0 -57.435646,-13.592696,0 -57.435515,-13.592605,0 -57.435241,-13.592378,0 -57.435046,-13.592130,0 -57.434850,-13.591961,0 -57.434329,-13.591982,0 -57.433417,-13.592144,0 -57.433214,-13.592039,0 -57.433086,-13.591915,0 -57.433027,-13.591833,0 -57.432826,-13.591567,0 -57.432763,-13.591441,0 -57.432633,-13.591230,0 -57.432463,-13.590957,0 -57.432367,-13.590800,0 -57.432263,-13.590659,0 -57.432196,-13.590532,0 -57.431990,-13.590220,0 -57.431893,-13.590015,0 -57.431764,-13.589775,0 -57.431665,-13.589570,0 -57.431537,-13.589300,0 -57.431447,-13.589117,0 -57.431374,-13.588971,0 -57.431170,-13.588758,0 -57.430942,-13.588617,0 -57.430624,-13.588535,0 -57.430330,-13.588513,0 -57.430187,-13.588524,0 -57.429941,-13.588524,0 -57.429623,-13.588538,0 -57.429402,-13.588542,0 -57.426682,-13.588475,0 -57.425838,-13.588486,0 -57.425148,-13.588546,0 -57.424440,-13.588520,0 -57.423311,-13.588499,0 -57.422200,-13.588488,0 -57.421940,-13.588423,0 -57.421795,-13.588348,0 -57.420736,-13.587571,0 -57.420444,-13.587485,0 -57.419658,-13.587581,0 -57.417209,-13.587967,0 -57.415382,-13.588209,0 -57.415028,-13.588202,0 -57.414199,-13.588204,0 -57.413596,-13.587998,0 -57.413065,-13.587847,0 -57.412759,-13.587737,0 -57.412590,-13.587730,0 -57.411930,-13.587513,0 -57.411410,-13.587340,0 -57.410804,-13.586932,0 -57.410342,-13.586697,0 -57.410058,-13.586538,0 -57.409441,-13.586225,0 -57.408494,-13.585727,0 -57.407204,-13.584930,0 -57.406829,-13.584713,0 -57.406628,-13.584708,0 -57.406560,-13.584765,0 -57.405903,-13.585654,0 -57.405506,-13.586178,0 -57.404924,-13.586958,0 -57.404087,-13.588113,0 -57.403363,-13.589075,0</coordinates></LineString></Placemark>
<Placemark><name>ESTRADA 05 - PONTE DE PEDRA</name><styleUrl>#extra</styleUrl><LineString><tessellate>1</tessellate><coordinates>-57.412740,-13.587826,0 -57.413344,-13.588348,0 -57.413717,-13.588668,0 -57.415828,-13.590592,0 -57.416565,-13.591283,0 -57.417933,-13.592566,0 -57.418925,-13.593460,0 -57.420178,-13.594599,0 -57.421299,-13.595660,0 -57.422520,-13.596763,0 -57.423877,-13.598035,0 -57.425910,-13.599913,0 -57.427374,-13.601266,0 -57.428659,-13.602457,0 -57.429724,-13.603414,0 -57.431229,-13.604816,0 -57.433042,-13.606490,0 -57.434970,-13.608268,0 -57.435920,-13.609190,0 -57.443851,-13.616487,0 -57.446359,-13.618818,0 -57.449484,-13.621719,0 -57.449213,-13.622600,0 -57.449047,-13.623051,0 -57.449505,-13.624042,0 -57.449736,-13.624284,0 -57.450106,-13.624660,0 -57.450320,-13.624780,0 -57.450538,-13.624868,0 -57.451697,-13.625337,0 -57.452104,-13.625530,0 -57.452485,-13.625640,0 -57.452933,-13.625684,0 -57.453416,-13.625726,0 -57.454003,-13.625757,0 -57.454328,-13.625681,0 -57.456230,-13.627400,0 -57.456230,-13.627400,0</coordinates></LineString></Placemark>
<Placemark><name>ESTRADA 06 - PONTE DE PEDRA</name><styleUrl>#extra</styleUrl><LineString><tessellate>1</tessellate><coordinates>-57.427159,-13.637939,0 -57.428184,-13.636873,0 -57.429004,-13.636025,0 -57.432758,-13.632180,0 -57.435383,-13.629521,0 -57.437092,-13.627780,0 -57.439383,-13.625405,0 -57.441475,-13.623247,0 -57.444492,-13.620126,0 -57.446195,-13.618390,0 -57.447985,-13.616495,0 -57.449841,-13.614589,0 -57.451592,-13.612754,0 -57.453295,-13.610989,0 -57.455049,-13.609183,0 -57.456881,-13.607241,0 -57.458690,-13.605350,0 -57.460054,-13.603912,0 -57.461680,-13.602233,0 -57.463909,-13.599928,0 -57.465628,-13.598174,0 -57.467718,-13.595994,0 -57.469558,-13.594081,0 -57.471160,-13.592420,0 -57.472441,-13.591085,0 -57.474099,-13.589372,0 -57.478940,-13.584340,0 -57.480622,-13.582604,0 -57.481520,-13.581700,0 -57.481543,-13.581673,0</coordinates></LineString></Placemark>
<Placemark><name>ESTRADA 07 - PONTE DE PEDRA</name><styleUrl>#extra</styleUrl><LineString><tessellate>1</tessellate><coordinates>-57.471450,-13.572380,0 -57.471513,-13.572347,0 -57.471140,-13.572728,0 -57.470925,-13.572952,0 -57.468774,-13.575194,0 -57.466425,-13.577666,0 -57.465851,-13.578240,0 -57.461983,-13.582255,0 -57.461227,-13.583021,0 -57.460218,-13.584069,0 -57.455782,-13.588653,0 -57.452252,-13.592308,0 -57.448540,-13.596182,0 -57.435810,-13.609363,0 -57.430054,-13.615343,0 -57.427769,-13.617710,0 -57.425226,-13.620348,0 -57.424861,-13.620708,0 -57.424349,-13.621339,0 -57.423497,-13.622270,0 -57.423268,-13.622500,0 -57.422805,-13.622985,0 -57.422758,-13.622944,0 -57.422536,-13.623119,0 -57.421948,-13.623724,0 -57.416740,-13.629120,0 -57.411203,-13.634857,0 -57.410820,-13.635200,0</coordinates></LineString></Placemark>
<Placemark><name>ESTRADA 08 - PONTE DE PEDRA</name><styleUrl>#extra</styleUrl><LineString><tessellate>1</tessellate><coordinates>-57.442074,-13.589871,0 -57.442258,-13.590066,0 -57.442832,-13.590621,0 -57.443654,-13.591356,0 -57.444113,-13.591790,0 -57.446373,-13.593901,0 -57.447106,-13.594571,0 -57.448498,-13.595891,0 -57.448768,-13.596128,0 -57.449241,-13.596549,0 -57.450124,-13.597368,0 -57.450808,-13.598026,0 -57.451805,-13.598947,0 -57.452601,-13.599695,0 -57.453892,-13.600897,0 -57.455173,-13.602075,0 -57.456470,-13.603296,0 -57.457632,-13.604356,0 -57.458845,-13.605495,0 -57.459431,-13.606018,0 -57.460146,-13.606695,0 -57.461532,-13.607969,0 -57.462962,-13.609301,0 -57.464404,-13.610611,0 -57.466391,-13.612469,0 -57.468714,-13.614580,0</coordinates></LineString></Placemark>
<Placemark><name>ESTRADA 09 - PONTE DE PEDRA</name><styleUrl>#extra</styleUrl><LineString><tessellate>1</tessellate><coordinates>-57.439530,-13.540480,0 -57.440555,-13.541602,0 -57.441424,-13.542614,0 -57.442561,-13.543887,0 -57.443336,-13.544810,0 -57.444323,-13.545910,0 -57.445318,-13.547005,0 -57.445396,-13.547159,0 -57.446397,-13.548286,0 -57.447290,-13.549297,0 -57.447590,-13.549621,0 -57.447955,-13.550086,0 -57.448486,-13.550656,0 -57.448609,-13.550791,0 -57.449236,-13.551514,0 -57.449386,-13.551696,0 -57.449932,-13.552296,0 -57.450110,-13.552563,0 -57.450271,-13.552735,0 -57.450365,-13.552825,0 -57.450523,-13.552979,0 -57.451027,-13.553563,0 -57.451187,-13.553768,0 -57.451345,-13.553885,0 -57.451601,-13.554100,0 -57.451823,-13.554291,0 -57.452351,-13.554804,0 -57.452725,-13.555146,0 -57.452932,-13.555342,0 -57.453488,-13.555860,0 -57.454030,-13.556343,0 -57.454274,-13.556576,0 -57.454783,-13.557036,0 -57.455434,-13.557630,0 -57.456061,-13.558202,0 -57.456586,-13.558697,0 -57.457198,-13.559249,0 -57.457417,-13.559451,0 -57.458111,-13.560083,0 -57.458882,-13.560816,0 -57.459128,-13.561042,0 -57.460209,-13.562032,0 -57.460869,-13.562632,0 -57.461380,-13.563080,0 -57.461491,-13.563211,0 -57.461755,-13.563433,0 -57.462460,-13.564095,0 -57.463384,-13.564964,0 -57.464174,-13.565689,0 -57.465043,-13.566481,0 -57.465916,-13.567278,0 -57.466767,-13.568087,0 -57.467925,-13.569150,0 -57.468864,-13.570007,0 -57.469812,-13.570852,0 -57.470472,-13.571519,0 -57.471450,-13.572380,0</coordinates></LineString></Placemark>
<Placemark><name>ESTRADA 10 - PONTE DE PEDRA</name><styleUrl>#extra</styleUrl><LineString><tessellate>1</tessellate><coordinates>-57.469072,-13.555177,0 -57.468613,-13.555537,0 -57.468112,-13.556069,0 -57.466502,-13.557720,0 -57.465084,-13.559229,0 -57.463708,-13.560643,0 -57.461728,-13.562700,0 -57.461347,-13.563097,0 -57.460679,-13.563775,0 -57.458672,-13.565870,0 -57.456163,-13.568487,0 -57.454006,-13.570744,0 -57.452170,-13.572660,0</coordinates></LineString></Placemark>
<Placemark><name>ESTRADA 11 - PONTE DE PEDRA</name><styleUrl>#extra</styleUrl><LineString><tessellate>1</tessellate><coordinates>-57.474101,-13.569721,0 -57.473726,-13.569407,0 -57.473486,-13.569174,0 -57.470250,-13.566203,0 -57.468820,-13.564878,0 -57.467327,-13.563506,0 -57.465368,-13.561695,0 -57.464000,-13.560430,0 -57.463957,-13.560387,0</coordinates></LineString></Placemark>
<Placemark><name>ESTRADA 12 - PONTE DE PEDRA</name><styleUrl>#extra</styleUrl><LineString><tessellate>1</tessellate><coordinates>-57.475767,-13.547235,0 -57.479683,-13.548387,0 -57.483288,-13.549438,0 -57.483725,-13.549595,0</coordinates></LineString></Placemark>
<Placemark><name>ESTRADA 13 - PONTE DE PEDRA</name><styleUrl>#extra</styleUrl><LineString><tessellate>1</tessellate><coordinates>-57.483430,-13.549563,0 -57.484100,-13.551232,0 -57.485480,-13.554232,0 -57.485788,-13.554924,0 -57.485734,-13.554956,0</coordinates></LineString></Placemark>
<Placemark><name>ESTRADA 14 - PONTE DE PEDRA</name><styleUrl>#extra</styleUrl><LineString><tessellate>1</tessellate><coordinates>-57.403363,-13.589075,0 -57.402384,-13.590394,0 -57.402620,-13.590986,0 -57.402996,-13.591870,0 -57.403428,-13.592764,0 -57.404031,-13.594120,0 -57.404444,-13.595017,0 -57.404928,-13.596208,0 -57.404896,-13.596530,0 -57.404749,-13.597105,0 -57.404597,-13.597771,0 -57.404387,-13.598612,0 -57.404212,-13.599385,0 -57.404066,-13.600044,0 -57.403869,-13.600841,0 -57.403721,-13.601620,0 -57.403582,-13.602444,0 -57.403331,-13.603641,0 -57.403228,-13.604310,0 -57.403102,-13.604936,0 -57.402403,-13.608828,0 -57.402124,-13.610288,0 -57.401775,-13.612090,0 -57.401612,-13.612585,0 -57.401502,-13.612905,0 -57.401022,-13.614506,0 -57.400650,-13.615740,0 -57.400507,-13.616146,0 -57.400515,-13.616318,0 -57.400433,-13.617340,0 -57.400390,-13.617676,0 -57.400292,-13.618300,0 -57.400257,-13.618665,0 -57.400269,-13.619161,0 -57.400300,-13.619720,0 -57.400453,-13.620047,0 -57.400749,-13.620759,0 -57.401058,-13.621406,0 -57.401393,-13.621886,0 -57.401750,-13.622401,0 -57.402057,-13.622817,0 -57.402414,-13.623351,0 -57.402745,-13.623815,0 -57.403167,-13.624420,0 -57.403705,-13.625172,0 -57.404429,-13.626214,0 -57.405171,-13.627275,0 -57.405754,-13.628109,0 -57.406154,-13.628692,0 -57.406531,-13.629342,0 -57.406669,-13.629808,0 -57.406759,-13.630230,0 -57.407066,-13.630635,0 -57.407580,-13.631158,0 -57.408100,-13.631734,0 -57.408202,-13.631969,0 -57.408438,-13.632495,0 -57.408649,-13.632979,0 -57.409007,-13.633759,0 -57.409236,-13.634197,0 -57.409362,-13.634260,0 -57.409768,-13.634523,0 -57.410647,-13.635065,0 -57.410820,-13.635200,0</coordinates></LineString></Placemark>
<Placemark><name>ESTRADA 15 - PONTE DE PEDRA</name><styleUrl>#extra</styleUrl><LineString><tessellate>1</tessellate><coordinates>-57.407204,-13.608551,0 -57.408669,-13.604975,0 -57.409653,-13.602504,0</coordinates></LineString></Placemark>
<Placemark><name>ESTRADA 16 - PONTE DE PEDRA</name><styleUrl>#extra</styleUrl><LineString><tessellate>1</tessellate><coordinates>-57.403139,-13.604745,0 -57.403383,-13.605012,0 -57.404763,-13.606288,0 -57.405639,-13.607103,0 -57.406328,-13.607744,0 -57.407204,-13.608551,0 -57.408470,-13.609720,0 -57.409172,-13.610360,0 -57.409932,-13.611068,0 -57.410758,-13.611826,0 -57.411328,-13.612350,0 -57.412637,-13.613564,0 -57.413359,-13.614217,0 -57.414413,-13.615194,0 -57.415131,-13.615875,0 -57.417784,-13.618319,0 -57.421836,-13.622063,0 -57.422805,-13.622985,0 -57.423779,-13.623906,0 -57.424086,-13.624181,0 -57.424722,-13.624777,0 -57.425910,-13.625860,0 -57.426517,-13.626439,0 -57.427838,-13.627675,0 -57.428990,-13.628742,0 -57.430671,-13.630299,0 -57.432740,-13.632199,0 -57.437374,-13.636489,0 -57.442762,-13.641444,0</coordinates></LineString></Placemark>
<Placemark><name>ESTRADA 17 - PONTE DE PEDRA</name><styleUrl>#extra</styleUrl><LineString><tessellate>1</tessellate><coordinates>-57.412637,-13.613564,0 -57.413703,-13.612503,0 -57.414674,-13.611495,0 -57.416367,-13.609732,0 -57.416903,-13.609182,0 -57.417862,-13.608175,0 -57.419399,-13.606616,0 -57.420245,-13.605725,0 -57.420972,-13.604988,0 -57.424553,-13.601267,0 -57.425898,-13.599881,0 -57.427482,-13.598252,0 -57.430633,-13.594944,0 -57.431949,-13.593583,0 -57.433354,-13.592120,0 -57.433365,-13.592111,0</coordinates></LineString></Placemark>
<Placemark><name>ESTRADA 18 - PONTE DE PEDRA</name><styleUrl>#extra</styleUrl><LineString><tessellate>1</tessellate><coordinates>-57.453510,-13.575662,0 -57.453715,-13.575832,0 -57.454332,-13.576411,0 -57.455147,-13.577155,0 -57.455779,-13.577717,0 -57.456647,-13.578522,0 -57.457391,-13.579211,0 -57.458056,-13.579856,0 -57.459083,-13.580804,0 -57.460012,-13.581668,0 -57.461359,-13.582891,0 -57.462113,-13.583596,0 -57.463155,-13.584559,0 -57.463793,-13.585151,0 -57.464811,-13.586096,0 -57.465825,-13.587032,0 -57.466743,-13.587873,0 -57.467471,-13.588559,0 -57.469004,-13.589967,0 -57.471420,-13.592150,0 -57.471580,-13.592347,0 -57.471811,-13.592535,0 -57.471923,-13.592657,0 -57.474096,-13.594646,0 -57.476926,-13.597256,0 -57.479728,-13.599842,0 -57.480166,-13.600249,0 -57.481490,-13.601430,0</coordinates></LineString></Placemark>
<Placemark><name>ESTRADA 19 - PONTE DE PEDRA</name><styleUrl>#extra</styleUrl><LineString><tessellate>1</tessellate><coordinates>-57.425258,-13.620311,0 -57.425516,-13.620596,0 -57.426138,-13.621207,0 -57.426876,-13.621916,0 -57.428176,-13.623170,0 -57.428901,-13.623863,0 -57.430105,-13.625014,0 -57.430970,-13.625867,0 -57.432115,-13.626985,0 -57.433179,-13.628013,0 -57.434246,-13.629044,0 -57.435079,-13.629830,0</coordinates></LineString></Placemark>
<Placemark><name>ESTRADA 20 - PONTE DE PEDRA</name><styleUrl>#extra</styleUrl><LineString><tessellate>1</tessellate><coordinates>-57.427159,-13.637939,0 -57.426460,-13.638627,0 -57.425249,-13.639850,0 -57.423532,-13.641624,0</coordinates></LineString></Placemark>
<Placemark><name>ESTRADA 21 - PONTE DE PEDRA</name><styleUrl>#extra</styleUrl><LineString><tessellate>1</tessellate><coordinates>-57.482240,-13.556040,0 -57.482145,-13.556246,0 -57.482159,-13.556752,0 -57.482263,-13.558468,0 -57.482287,-13.558953,0 -57.481748,-13.559813,0 -57.481703,-13.560001,0 -57.481788,-13.560251,0 -57.482490,-13.561940,0 -57.482826,-13.562483,0 -57.483200,-13.563160,0 -57.483787,-13.564507,0 -57.484120,-13.565330,0 -57.484229,-13.565868,0 -57.484189,-13.566804,0</coordinates></LineString></Placemark>
<Placemark><name>ESTRADA 22 - PONTE DE PEDRA</name><styleUrl>#extra</styleUrl><LineString><tessellate>1</tessellate><coordinates>-57.477270,-13.566410,0 -57.477080,-13.565545,0 -57.476771,-13.564210,0 -57.476530,-13.563349,0 -57.476824,-13.562747,0 -57.476289,-13.562091,0 -57.476000,-13.561822,0 -57.475661,-13.561470,0 -57.475525,-13.561109,0 -57.475470,-13.560961,0 -57.475367,-13.560755,0 -57.475141,-13.560486,0 -57.475096,-13.560327,0</coordinates></LineString></Placemark>
<Placemark><name>ESTRADA 23 - PONTE DE PEDRA</name><styleUrl>#extra</styleUrl><LineString><tessellate>1</tessellate><coordinates>-57.474906,-13.559553,0 -57.474694,-13.559571,0 -57.474721,-13.559876,0 -57.474922,-13.560270,0 -57.474992,-13.560598,0 -57.474954,-13.561044,0 -57.475311,-13.561516,0 -57.475568,-13.561858,0 -57.476129,-13.562676,0 -57.476491,-13.563380,0 -57.476569,-13.563537,0 -57.476590,-13.563550,0</coordinates></LineString></Placemark>
<Placemark><name>ESTRADA 24 - PONTE DE PEDRA</name><styleUrl>#extra</styleUrl><LineString><tessellate>1</tessellate><coordinates>-57.436184,-13.535691,0 -57.436334,-13.535163,0 -57.436597,-13.534318,0 -57.436971,-13.532985,0 -57.437193,-13.532164,0 -57.437419,-13.531370,0 -57.437642,-13.530568,0 -57.437838,-13.529829,0 -57.438064,-13.529083,0 -57.439034,-13.525656,0 -57.439131,-13.525176,0 -57.439318,-13.523982,0 -57.439613,-13.522182,0 -57.440032,-13.519601,0 -57.440252,-13.518677,0 -57.440697,-13.517759,0 -57.441105,-13.517300,0 -57.441663,-13.516935,0 -57.441786,-13.516633,0 -57.442156,-13.515454,0 -57.442526,-13.514338,0 -57.443111,-13.512580,0 -57.442993,-13.512497,0 -57.442274,-13.512351,0 -57.440423,-13.511902,0 -57.436936,-13.511099,0 -57.435150,-13.510681,0 -57.433552,-13.510316,0 -57.431411,-13.509769,0 -57.431213,-13.509701,0 -57.430708,-13.509414,0 -57.429512,-13.508637,0 -57.428707,-13.508152,0 -57.427463,-13.507312,0 -57.426637,-13.506764,0 -57.425231,-13.505831,0 -57.423043,-13.504417,0 -57.421927,-13.503687,0 -57.422136,-13.502878,0 -57.422571,-13.501517,0 -57.423102,-13.499764,0 -57.423998,-13.496838,0 -57.424427,-13.495482,0 -57.424346,-13.495257,0 -57.424352,-13.495049,0 -57.424475,-13.494548,0 -57.424582,-13.494078,0 -57.424850,-13.493974,0 -57.425038,-13.493447,0 -57.425199,-13.492988,0 -57.425376,-13.492378,0 -57.426535,-13.488680,0 -57.426707,-13.488643,0 -57.427045,-13.488763,0 -57.427415,-13.488956,0 -57.431760,-13.491079,0 -57.436780,-13.493550,0 -57.438326,-13.489060,0 -57.438524,-13.489128,0 -57.438766,-13.489316,0 -57.447810,-13.497770,0 -57.447783,-13.497985,0 -57.445689,-13.504699,0 -57.445115,-13.506519,0 -57.443116,-13.512591,0</coordinates></LineString></Placemark>
<Placemark><name>ESTRADA 25 - PONTE DE PEDRA</name><styleUrl>#extra</styleUrl><LineString><tessellate>1</tessellate><coordinates>-57.436780,-13.493550,0 -57.436129,-13.495377,0 -57.434842,-13.499157,0 -57.433718,-13.502456,0 -57.432857,-13.505069,0 -57.431312,-13.509735,0</coordinates></LineString></Placemark>
<Placemark><name>ESTRADA 26 - PONTE DE PEDRA</name><styleUrl>#extra</styleUrl><LineString><tessellate>1</tessellate><coordinates>-57.445121,-13.506492,0 -57.444807,-13.506243,0 -57.444237,-13.505836,0 -57.443323,-13.505182,0 -57.442336,-13.504484,0 -57.441303,-13.503734,0 -57.440368,-13.503070,0 -57.439436,-13.502406,0 -57.437991,-13.501371,0 -57.434854,-13.499124,0 -57.434697,-13.499010,0 -57.434439,-13.498833,0 -57.434201,-13.498656,0 -57.433090,-13.497858,0 -57.431805,-13.496947,0 -57.430140,-13.495742,0</coordinates></LineString></Placemark>
</Folder></Document></kml>