<?xml version="1.0" encoding="UTF-8"?>
<kml xmlns="http://www.opengis.net/kml/2.2"><Document>
<name>FAZENDA JAVA - rotas ate a sede</name>
<Style id="rota"><LineStyle><color>ff2d2dff</color><width>4</width></LineStyle></Style>
<Style id="malha"><LineStyle><color>ff00e5ff</color><width>1</width></LineStyle></Style>
<Style id="extra"><LineStyle><color>ff008aff</color><width>3</width></LineStyle></Style>
<Style id="sede"><IconStyle><color>ff2d2dff</color><scale>1.3</scale></IconStyle></Style>
<Placemark><name>SEDE</name><styleUrl>#sede</styleUrl><Point><coordinates>-57.613586,-13.551609,0</coordinates></Point></Placemark>
<Folder><name>Rotas por talhao (ponto mais extremo)</name>
<Placemark><name>T-01 - 5,74 km</name><description>Maxima 5740 m | Minima 3218 m | Reta 2669 m | 110.23 ha</description><styleUrl>#rota</styleUrl><LineString><tessellate>1</tessellate><coordinates>-57.614480,-13.551528,0 -57.614443,-13.551293,0 -57.614405,-13.551076,0 -57.614349,-13.550841,0 -57.614312,-13.550624,0 -57.614274,-13.550408,0 -57.613941,-13.550227,0 -57.613627,-13.550283,0 -57.613331,-13.550337,0 -57.613146,-13.550157,0 -57.612961,-13.549995,0 -57.612775,-13.549814,0 -57.612572,-13.549634,0 -57.612386,-13.549472,0 -57.612127,-13.549400,0 -57.611850,-13.549347,0 -57.611573,-13.549293,0 -57.611517,-13.549076,0 -57.611461,-13.548859,0 -57.611405,-13.548642,0 -57.611330,-13.548426,0 -57.611274,-13.548191,0 -57.611218,-13.547974,0 -57.611162,-13.547757,0 -57.611106,-13.547540,0 -57.611031,-13.547323,0 -57.610975,-13.547106,0 -57.610919,-13.546871,0 -57.610863,-13.546654,0 -57.610807,-13.546438,0 -57.610751,-13.546221,0 -57.610677,-13.546004,0 -57.610621,-13.545787,0 -57.610565,-13.545552,0 -57.610509,-13.545335,0 -57.610453,-13.545118,0 -57.610378,-13.544902,0 -57.610322,-13.544685,0 -57.610266,-13.544468,0 -57.610210,-13.544233,0 -57.610154,-13.544016,0 -57.610098,-13.543799,0 -57.610024,-13.543582,0 -57.610153,-13.543383,0 -57.610300,-13.543202,0 -57.610429,-13.543003,0 -57.610558,-13.542821,0 -57.610687,-13.542622,0 -57.610816,-13.542441,0 -57.610945,-13.542242,0 -57.611073,-13.542061,0 -57.611202,-13.541861,0 -57.611331,-13.541662,0 -57.611479,-13.541481,0 -57.611607,-13.541282,0 -57.611736,-13.541101,0 -57.611865,-13.540901,0 -57.611994,-13.540720,0 -57.612123,-13.540521,0 -57.612252,-13.540340,0 -57.612381,-13.540141,0 -57.612528,-13.539959,0 -57.612657,-13.539760,0 -57.612786,-13.539561,0 -57.612915,-13.539380,0 -57.613044,-13.539181,0 -57.613173,-13.538999,0 -57.613302,-13.538800,0 -57.613431,-13.538619,0 -57.613559,-13.538420,0 -57.613707,-13.538239,0 -57.613836,-13.538039,0 -57.613965,-13.537858,0 -57.614093,-13.537659,0 -57.614222,-13.537460,0 -57.614351,-13.537279,0 -57.614480,-13.537079,0 -57.614609,-13.536898,0 -57.614738,-13.536699,0 -57.614885,-13.536518,0 -57.615014,-13.536156,0 -57.615124,-13.535957,0 -57.615253,-13.535757,0 -57.615363,-13.535576,0 -57.615492,-13.535377,0 -57.615621,-13.535178,0 -57.615732,-13.534979,0 -57.615860,-13.534797,0 -57.615971,-13.534598,0 -57.616100,-13.534399,0 -57.616210,-13.534200,0 -57.616339,-13.534019,0 -57.616468,-13.533819,0 -57.616578,-13.533620,0 -57.616707,-13.533421,0 -57.616817,-13.533240,0 -57.616946,-13.533041,0 -57.617075,-13.532841,0 -57.617186,-13.532642,0 -57.617315,-13.532461,0 -57.617425,-13.532262,0 -57.617554,-13.532063,0 -57.617664,-13.531863,0 -57.617793,-13.531682,0 -57.617922,-13.531483,0 -57.618032,-13.531284,0 -57.618161,-13.531085,0 -57.618272,-13.530903,0 -57.618400,-13.530704,0 -57.618511,-13.530505,0 -57.618640,-13.530306,0 -57.618769,-13.530125,0 -57.618879,-13.529925,0 -57.619008,-13.529726,0 -57.619118,-13.529527,0 -57.619247,-13.529346,0 -57.619357,-13.529147,0 -57.619486,-13.528947,0 -57.619615,-13.528748,0 -57.619726,-13.528567,0 -57.619670,-13.528332,0 -57.619595,-13.528115,0 -57.619539,-13.527898,0 -57.619465,-13.527682,0 -57.619409,-13.527465,0 -57.619334,-13.527230,0 -57.619278,-13.527013,0 -57.619204,-13.526796,0 -57.619148,-13.526579,0 -57.619073,-13.526362,0 -57.619017,-13.526127,0 -57.618943,-13.525911,0 -57.618887,-13.525694,0 -57.618812,-13.525477,0 -57.618756,-13.525260,0 -57.618681,-13.525025,0 -57.618625,-13.524808,0 -57.618551,-13.524591,0 -57.618495,-13.524375,0 -57.618421,-13.524158,0 -57.618364,-13.523923,0 -57.618290,-13.523706,0 -57.618234,-13.523489,0 -57.618159,-13.523272,0 -57.618103,-13.523055,0 -57.618029,-13.522821,0 -57.617973,-13.522604,0 -57.617898,-13.522387,0 -57.617842,-13.522170,0 -57.617768,-13.521953,0 -57.617712,-13.521718,0 -57.617637,-13.521501,0 -57.617581,-13.521285,0 -57.617507,-13.521068,0 -57.617451,-13.520851,0 -57.617395,-13.520616,0 -57.617320,-13.520399,0 -57.617264,-13.520182,0 -57.617190,-13.519965,0 -57.617134,-13.519749,0 -57.617059,-13.519514,0 -57.617003,-13.519297,0 -57.616929,-13.519080,0 -57.616873,-13.518863,0 -57.616798,-13.518646,0 -57.616742,-13.518429,0 -57.616668,-13.518194,0 -57.616612,-13.517978,0 -57.616537,-13.517761,0 -57.616481,-13.517544,0 -57.616407,-13.517327,0 -57.616351,-13.517092,0 -57.616369,-13.516875,0 -57.616313,-13.516658,0 -57.616238,-13.516423,0 -57.616182,-13.516206,0 -57.616108,-13.515990,0 -57.616052,-13.515773,0 -57.615977,-13.515556,0 -57.615903,-13.515339,0 -57.616032,-13.515140,0 -57.616142,-13.514941,0 -57.616271,-13.514741,0 -57.616400,-13.514560,0 -57.616510,-13.514361,0 -57.616639,-13.514162,0 -57.616749,-13.513963,0 -57.616878,-13.513782,0 -57.616989,-13.513582,0 -57.617118,-13.513383,0 -57.617228,-13.513184,0 -57.617357,-13.513003,0 -57.617486,-13.512804,0 -57.617596,-13.512604,0 -57.617725,-13.512405,0 -57.617835,-13.512224,0 -57.617964,-13.512025,0 -57.618075,-13.511826,0 -57.618203,-13.511626,0 -57.618314,-13.511445,0 -57.618443,-13.511246,0 -57.618553,-13.511047,0 -57.618682,-13.510848,0 -57.618811,-13.510666,0 -57.618921,-13.510467,0 -57.619050,-13.510268,0 -57.619160,-13.510069,0 -57.619289,-13.509888,0 -57.619400,-13.509688,0 -57.619528,-13.509489,0 -57.619639,-13.509290,0 -57.619768,-13.509109,0 -57.619897,-13.508910,0 -57.620007,-13.508710,0 -57.620136,-13.508511,0 -57.620246,-13.508330,0 -57.620375,-13.508131,0 -57.620485,-13.507932,0 -57.620614,-13.507732,0 -57.620725,-13.507551,0 -57.620854,-13.507352,0</coordinates></LineString></Placemark>
<Placemark><name>T-01A - 6,70 km</name><description>Maxima 6695 m | Minima 4138 m | Reta 3555 m | 109.74 ha</description><styleUrl>#rota</styleUrl><LineString><tessellate>1</tessellate><coordinates>-57.614480,-13.551528,0 -57.614443,-13.551293,0 -57.614405,-13.551076,0 -57.614349,-13.550841,0 -57.614312,-13.550624,0 -57.614274,-13.550408,0 -57.613941,-13.550227,0 -57.613627,-13.550283,0 -57.613331,-13.550337,0 -57.613146,-13.550157,0 -57.612961,-13.549995,0 -57.612775,-13.549814,0 -57.612572,-13.549634,0 -57.612386,-13.549472,0 -57.612127,-13.549400,0 -57.611850,-13.549347,0 -57.611573,-13.549293,0 -57.611517,-13.549076,0 -57.611461,-13.548859,0 -57.611405,-13.548642,0 -57.611330,-13.548426,0 -57.611274,-13.548191,0 -57.611218,-13.547974,0 -57.611162,-13.547757,0 -57.611106,-13.547540,0 -57.611031,-13.547323,0 -57.610975,-13.547106,0 -57.610919,-13.546871,0 -57.610863,-13.546654,0 -57.610807,-13.546438,0 -57.610751,-13.546221,0 -57.610677,-13.546004,0 -57.610621,-13.545787,0 -57.610565,-13.545552,0 -57.610509,-13.545335,0 -57.610453,-13.545118,0 -57.610378,-13.544902,0 -57.610322,-13.544685,0 -57.610266,-13.544468,0 -57.610210,-13.544233,0 -57.610154,-13.544016,0 -57.610098,-13.543799,0 -57.610024,-13.543582,0 -57.610153,-13.543383,0 -57.610300,-13.543202,0 -57.610429,-13.543003,0 -57.610558,-13.542821,0 -57.610687,-13.542622,0 -57.610816,-13.542441,0 -57.610945,-13.542242,0 -57.611073,-13.542061,0 -57.611202,-13.541861,0 -57.611331,-13.541662,0 -57.611479,-13.541481,0 -57.611607,-13.541282,0 -57.611736,-13.541101,0 -57.611865,-13.540901,0 -57.611994,-13.540720,0 -57.612123,-13.540521,0 -57.612252,-13.540340,0 -57.612381,-13.540141,0 -57.612528,-13.539959,0 -57.612657,-13.539760,0 -57.612786,-13.539561,0 -57.612915,-13.539380,0 -57.613044,-13.539181,0 -57.613173,-13.538999,0 -57.613302,-13.538800,0 -57.613431,-13.538619,0 -57.613559,-13.538420,0 -57.613707,-13.538239,0 -57.613836,-13.538039,0 -57.613965,-13.537858,0 -57.614093,-13.537659,0 -57.614222,-13.537460,0 -57.614351,-13.537279,0 -57.614480,-13.537079,0 -57.614609,-13.536898,0 -57.614738,-13.536699,0 -57.614885,-13.536518,0 -57.615014,-13.536156,0 -57.615124,-13.535957,0 -57.615253,-13.535757,0 -57.615363,-13.535576,0 -57.615492,-13.535377,0 -57.615621,-13.535178,0 -57.615732,-13.534979,0 -57.615860,-13.534797,0 -57.615971,-13.534598,0 -57.616100,-13.534399,0 -57.616210,-13.534200,0 -57.616339,-13.534019,0 -57.616468,-13.533819,0 -57.616578,-13.533620,0 -57.616707,-13.533421,0 -57.616817,-13.533240,0 -57.616946,-13.533041,0 -57.617075,-13.532841,0 -57.617186,-13.532642,0 -57.617315,-13.532461,0 -57.617425,-13.532262,0 -57.617554,-13.532063,0 -57.617664,-13.531863,0 -57.617793,-13.531682,0 -57.617922,-13.531483,0 -57.618032,-13.531284,0 -57.618161,-13.531085,0 -57.618272,-13.530903,0 -57.618400,-13.530704,0 -57.618511,-13.530505,0 -57.618640,-13.530306,0 -57.618769,-13.530125,0 -57.618879,-13.529925,0 -57.619008,-13.529726,0 -57.619118,-13.529527,0 -57.619247,-13.529346,0 -57.619357,-13.529147,0 -57.619486,-13.528947,0 -57.619615,-13.528748,0 -57.619781,-13.528476,0 -57.619891,-13.528295,0 -57.620020,-13.528096,0 -57.620149,-13.527915,0 -57.620278,-13.527716,0 -57.620407,-13.527516,0 -57.620536,-13.527335,0 -57.620665,-13.527136,0 -57.620775,-13.526955,0 -57.620904,-13.526756,0 -57.621033,-13.526575,0 -57.621162,-13.526375,0 -57.621290,-13.526194,0 -57.621419,-13.525995,0 -57.621548,-13.525814,0 -57.621677,-13.525615,0 -57.621787,-13.525433,0 -57.621916,-13.525234,0 -57.622045,-13.525053,0 -57.622174,-13.524854,0 -57.622303,-13.524673,0 -57.622432,-13.524473,0 -57.622561,-13.524292,0 -57.622671,-13.524093,0 -57.622800,-13.523912,0 -57.622929,-13.523713,0 -57.623058,-13.523531,0 -57.623187,-13.523332,0 -57.623316,-13.523133,0 -57.623444,-13.522952,0 -57.623573,-13.522753,0 -57.623684,-13.522571,0 -57.623813,-13.522372,0 -57.623941,-13.522191,0 -57.624070,-13.521992,0 -57.624199,-13.521811,0 -57.624328,-13.521611,0 -57.624457,-13.521430,0 -57.624641,-13.521177,0 -57.624788,-13.520995,0 -57.624917,-13.520796,0 -57.625046,-13.520615,0 -57.625175,-13.520434,0 -57.625304,-13.520235,0 -57.625451,-13.520053,0 -57.625580,-13.519872,0 -57.625709,-13.519691,0 -57.625838,-13.519492,0 -57.625967,-13.519311,0 -57.626114,-13.519129,0 -57.626243,-13.518930,0 -57.626372,-13.518749,0 -57.626501,-13.518568,0 -57.626630,-13.518369,0 -57.626777,-13.518187,0 -57.626906,-13.518006,0 -57.627035,-13.517825,0 -57.627164,-13.517626,0 -57.627293,-13.517445,0 -57.627440,-13.517264,0 -57.627569,-13.517064,0 -57.627698,-13.516883,0 -57.627827,-13.516702,0 -57.627956,-13.516503,0 -57.628103,-13.516322,0 -57.628232,-13.516140,0 -57.628361,-13.515941,0 -57.628490,-13.515760,0 -57.628618,-13.515579,0 -57.628766,-13.515398,0 -57.628895,-13.515198,0 -57.629024,-13.515017,0 -57.629152,-13.514836,0 -57.629281,-13.514637,0 -57.629336,-13.514420,0 -57.629465,-13.514220,0 -57.629594,-13.514039,0 -57.629538,-13.513822,0 -57.629482,-13.513606,0 -57.629426,-13.513389,0 -57.629351,-13.513172,0 -57.629295,-13.512955,0 -57.629239,-13.512720,0 -57.629183,-13.512503,0 -57.629127,-13.512286,0 -57.629053,-13.512069,0 -57.628997,-13.511853,0 -57.628941,-13.511636,0 -57.628885,-13.511419,0 -57.628810,-13.511202,0 -57.628754,-13.510967,0 -57.628698,-13.510750,0 -57.628642,-13.510533,0 -57.628586,-13.510317,0 -57.628512,-13.510100,0 -57.628456,-13.509883,0 -57.628400,-13.509666,0 -57.628344,-13.509449,0 -57.628269,-13.509232,0 -57.628213,-13.508997,0 -57.628157,-13.508780,0 -57.628101,-13.508564,0 -57.628045,-13.508347,0 -57.627971,-13.508130,0 -57.627915,-13.507913,0 -57.627859,-13.507696,0 -57.627803,-13.507479,0 -57.627728,-13.507263,0 -57.627672,-13.507028,0 -57.627616,-13.506811,0 -57.627560,-13.506594,0 -57.627504,-13.506377,0 -57.627429,-13.506160,0 -57.627373,-13.505943,0 -57.627317,-13.505726,0 -57.627261,-13.505510,0 -57.627205,-13.505293,0 -57.627131,-13.505058,0 -57.627075,-13.504841,0 -57.627019,-13.504624,0 -57.626963,-13.504407,0 -57.626888,-13.504190,0 -57.626832,-13.503974,0 -57.626776,-13.503757,0 -57.626720,-13.503540,0 -57.626664,-13.503305,0 -57.626590,-13.503088,0 -57.626534,-13.502871,0 -57.626478,-13.502654,0 -57.626422,-13.502437,0 -57.626347,-13.502221,0 -57.626291,-13.502004,0 -57.626235,-13.501787,0 -57.626179,-13.501570,0 -57.626123,-13.501335,0 -57.626049,-13.501118,0 -57.625993,-13.500901,0 -57.625937,-13.500685,0 -57.625881,-13.500468,0 -57.625806,-13.500251,0</coordinates></LineString></Placemark>
<Placemark><name>T-01C - 5,39 km</name><description>Maxima 5389 m | Minima 2983 m | Reta 1346 m | 114.58 ha</description><styleUrl>#rota</styleUrl><LineString><tessellate>1</tessellate><coordinates>-57.614480,-13.551528,0 -57.614518,-13.551745,0 -57.614555,-13.551980,0 -57.614593,-13.552197,0 -57.614630,-13.552432,0 -57.614668,-13.552649,0 -57.614724,-13.552884,0 -57.614762,-13.553101,0 -57.614799,-13.553336,0 -57.614596,-13.553608,0 -57.614356,-13.553644,0 -57.614116,-13.553699,0 -57.613876,-13.553736,0 -57.613636,-13.553791,0 -57.613396,-13.553827,0 -57.613155,-13.553882,0 -57.612897,-13.553937,0 -57.612971,-13.554154,0 -57.613046,-13.554389,0 -57.613102,-13.554606,0 -57.613176,-13.554841,0 -57.613232,-13.555076,0 -57.613307,-13.555292,0 -57.613363,-13.555527,0 -57.613437,-13.555762,0 -57.613493,-13.555979,0 -57.613568,-13.556214,0 -57.613624,-13.556431,0 -57.613699,-13.556666,0 -57.613755,-13.556901,0 -57.613829,-13.557118,0 -57.613885,-13.557353,0 -57.613960,-13.557588,0 -57.614016,-13.557804,0 -57.614145,-13.557641,0 -57.614274,-13.557442,0 -57.614384,-13.557261,0 -57.614513,-13.557062,0 -57.614623,-13.556863,0 -57.614752,-13.556681,0 -57.614863,-13.556482,0 -57.614991,-13.556283,0 -57.615102,-13.556102,0 -57.615231,-13.555903,0 -57.615341,-13.555703,0 -57.615470,-13.555522,0 -57.615599,-13.555323,0 -57.615709,-13.555124,0 -57.615838,-13.554943,0 -57.615949,-13.554743,0 -57.616078,-13.554544,0 -57.616188,-13.554363,0 -57.616317,-13.554164,0 -57.616427,-13.553965,0 -57.616556,-13.553784,0 -57.616667,-13.553584,0 -57.616795,-13.553385,0 -57.616906,-13.553204,0 -57.617035,-13.553005,0 -57.617145,-13.552806,0 -57.617274,-13.552624,0 -57.617384,-13.552425,0 -57.617513,-13.552226,0 -57.617624,-13.552045,0 -57.617753,-13.551846,0 -57.617863,-13.551646,0 -57.617992,-13.551465,0 -57.618102,-13.551266,0 -57.618231,-13.551067,0 -57.618360,-13.550886,0 -57.618471,-13.550687,0 -57.618599,-13.550487,0 -57.618710,-13.550306,0 -57.618839,-13.550107,0 -57.618949,-13.549908,0 -57.619078,-13.549727,0 -57.619188,-13.549527,0 -57.619317,-13.549328,0 -57.619428,-13.549147,0 -57.619557,-13.548948,0 -57.619667,-13.548749,0 -57.619796,-13.548567,0 -57.619906,-13.548368,0 -57.620035,-13.548169,0 -57.620146,-13.547988,0 -57.620274,-13.547789,0 -57.620385,-13.547589,0 -57.620514,-13.547408,0 -57.620624,-13.547209,0 -57.620753,-13.547010,0 -57.620863,-13.546829,0 -57.620992,-13.546629,0 -57.621103,-13.546430,0 -57.621232,-13.546249,0 -57.621360,-13.546050,0 -57.621471,-13.545851,0 -57.621581,-13.545670,0 -57.621710,-13.545470,0 -57.621839,-13.545271,0 -57.622005,-13.544999,0 -57.622170,-13.544728,0 -57.622373,-13.544438,0 -57.622502,-13.544257,0 -57.622631,-13.544058,0 -57.622778,-13.543876,0 -57.622907,-13.543695,0 -57.623036,-13.543514,0 -57.623165,-13.543315,0 -57.623294,-13.543134,0 -57.623423,-13.542952,0 -57.623551,-13.542753,0 -57.623699,-13.542572,0 -57.623883,-13.542282,0 -57.624012,-13.542047,0 -57.624141,-13.541866,0 -57.624269,-13.541666,0 -57.624398,-13.541467,0 -57.624527,-13.541286,0 -57.624656,-13.541087,0 -57.624785,-13.540888,0 -57.624895,-13.540706,0 -57.625024,-13.540507,0 -57.625153,-13.540308,0 -57.625282,-13.540127,0 -57.625411,-13.539928,0 -57.625540,-13.539728,0 -57.625669,-13.539547,0 -57.625797,-13.539348,0 -57.625908,-13.539149,0 -57.626037,-13.538968,0 -57.626166,-13.538768,0 -57.626294,-13.538569,0 -57.626423,-13.538388,0 -57.626552,-13.538189,0 -57.626681,-13.537989,0 -57.626791,-13.537808,0 -57.626920,-13.537609,0 -57.627049,-13.537410,0 -57.627178,-13.537229,0 -57.627307,-13.537029,0 -57.627436,-13.536830,0 -57.627565,-13.536649,0 -57.627694,-13.536450,0 -57.627822,-13.536250,0 -57.627951,-13.536069,0 -57.628080,-13.535870,0 -57.628228,-13.535689,0 -57.628356,-13.535490,0 -57.628485,-13.535308,0 -57.628614,-13.535109,0 -57.628763,-13.535308,0 -57.628837,-13.535543,0 -57.628912,-13.535759,0 -57.628968,-13.535994,0 -57.629042,-13.536211,0 -57.629117,-13.536446,0 -57.629173,-13.536663,0 -57.629247,-13.536898,0 -57.629322,-13.537133,0 -57.629378,-13.537350,0 -57.629452,-13.537585,0 -57.629527,-13.537801,0 -57.629583,-13.538036,0 -57.629658,-13.538307,0 -57.629714,-13.538524,0 -57.629788,-13.538741,0 -57.629863,-13.538958,0 -57.629919,-13.539175,0 -57.629993,-13.539392,0 -57.630068,-13.539626,0 -57.630124,-13.539825,0 -57.630198,-13.540042,0 -57.630273,-13.540259,0 -57.630329,-13.540476,0 -57.630403,-13.540693,0 -57.630478,-13.540909,0 -57.630534,-13.541126,0 -57.630608,-13.541343,0 -57.630683,-13.541560,0 -57.630757,-13.541777,0 -57.630813,-13.541994,0 -57.630888,-13.542210,0 -57.630962,-13.542427,0 -57.631018,-13.542644,0 -57.631093,-13.542861,0 -57.631167,-13.543078,0 -57.631223,-13.543295,0 -57.631298,-13.543511,0 -57.631372,-13.543728,0 -57.631428,-13.543945,0 -57.631503,-13.544162,0 -57.631577,-13.544379,0 -57.631633,-13.544596,0 -57.631708,-13.544794,0 -57.631782,-13.545011,0 -57.631838,-13.545228,0 -57.631913,-13.545445,0 -57.631987,-13.545662,0 -57.632043,-13.545878,0 -57.632118,-13.546095,0 -57.632192,-13.546312,0 -57.632248,-13.546529,0 -57.632323,-13.546746,0 -57.632397,-13.546963,0 -57.632453,-13.547179,0 -57.632528,-13.547396,0 -57.632602,-13.547613,0</coordinates></LineString></Placemark>
<Placemark><name>T-02 - 4,71 km</name><description>Maxima 4707 m | Minima 1223 m | Reta 976 m | 210.74 ha</description><styleUrl>#rota</styleUrl><LineString><tessellate>1</tessellate><coordinates>-57.614480,-13.551528,0 -57.614443,-13.551293,0 -57.614405,-13.551076,0 -57.614349,-13.550841,0 -57.614312,-13.550624,0 -57.614274,-13.550408,0 -57.613941,-13.550227,0 -57.613627,-13.550283,0 -57.613331,-13.550337,0 -57.613146,-13.550157,0 -57.612961,-13.549995,0 -57.612775,-13.549814,0 -57.612572,-13.549634,0 -57.612386,-13.549472,0 -57.612127,-13.549400,0 -57.611850,-13.549347,0 -57.611573,-13.549293,0 -57.611517,-13.549076,0 -57.611461,-13.548859,0 -57.611405,-13.548642,0 -57.611330,-13.548426,0 -57.611274,-13.548191,0 -57.611218,-13.547974,0 -57.611162,-13.547757,0 -57.611106,-13.547540,0 -57.611031,-13.547323,0 -57.610975,-13.547106,0 -57.610919,-13.546871,0 -57.610863,-13.546654,0 -57.610807,-13.546438,0 -57.610751,-13.546221,0 -57.610677,-13.546004,0 -57.610621,-13.545787,0 -57.610565,-13.545552,0 -57.610509,-13.545335,0 -57.610453,-13.545118,0 -57.610378,-13.544902,0 -57.610322,-13.544685,0 -57.610266,-13.544468,0 -57.610210,-13.544233,0 -57.610154,-13.544016,0 -57.610098,-13.543799,0 -57.610024,-13.543582,0 -57.610153,-13.543383,0 -57.610300,-13.543202,0 -57.610429,-13.543003,0 -57.610558,-13.542821,0 -57.610687,-13.542622,0 -57.610816,-13.542441,0 -57.610945,-13.542242,0 -57.611073,-13.542061,0 -57.611202,-13.541861,0 -57.611331,-13.541662,0 -57.611479,-13.541481,0 -57.611607,-13.541282,0 -57.611736,-13.541101,0 -57.611865,-13.540901,0 -57.611994,-13.540720,0 -57.612123,-13.540521,0 -57.612252,-13.540340,0 -57.612381,-13.540141,0 -57.612528,-13.539959,0 -57.612657,-13.539760,0 -57.612786,-13.539561,0 -57.612915,-13.539380,0 -57.613044,-13.539181,0 -57.613173,-13.538999,0 -57.613302,-13.538800,0 -57.613431,-13.538619,0 -57.613559,-13.538420,0 -57.613707,-13.538239,0 -57.613836,-13.538039,0 -57.613965,-13.537858,0 -57.614093,-13.537659,0 -57.614222,-13.537460,0 -57.614351,-13.537279,0 -57.614480,-13.537079,0 -57.614609,-13.536898,0 -57.614738,-13.536699,0 -57.614885,-13.536518,0 -57.615014,-13.536156,0 -57.615124,-13.535957,0 -57.615253,-13.535757,0 -57.615363,-13.535576,0 -57.615492,-13.535377,0 -57.615621,-13.535178,0 -57.615732,-13.534979,0 -57.615860,-13.534797,0 -57.615971,-13.534598,0 -57.616100,-13.534399,0 -57.616210,-13.534200,0 -57.616339,-13.534019,0 -57.616468,-13.533819,0 -57.616578,-13.533620,0 -57.616707,-13.533421,0 -57.616817,-13.533240,0 -57.616946,-13.533041,0 -57.617075,-13.532841,0 -57.617186,-13.532642,0 -57.617315,-13.532461,0 -57.617425,-13.532262,0 -57.617554,-13.532063,0 -57.617664,-13.531863,0 -57.617793,-13.531682,0 -57.617922,-13.531483,0 -57.618032,-13.531284,0 -57.618161,-13.531085,0 -57.618272,-13.530903,0 -57.618400,-13.530704,0 -57.618511,-13.530505,0 -57.618640,-13.530306,0 -57.618769,-13.530125,0 -57.618879,-13.529925,0 -57.619008,-13.529726,0 -57.619118,-13.529527,0 -57.619247,-13.529346,0 -57.619357,-13.529147,0 -57.619486,-13.528947,0 -57.619615,-13.528748,0 -57.619726,-13.528567,0 -57.619670,-13.528332,0 -57.619595,-13.528115,0 -57.619539,-13.527898,0 -57.619465,-13.527682,0 -57.619409,-13.527465,0 -57.619334,-13.527230,0 -57.619278,-13.527013,0 -57.619204,-13.526796,0 -57.619148,-13.526579,0 -57.619073,-13.526362,0 -57.619017,-13.526127,0 -57.618943,-13.525911,0 -57.618887,-13.525694,0 -57.618812,-13.525477,0 -57.618756,-13.525260,0 -57.618681,-13.525025,0 -57.618625,-13.524808,0 -57.618551,-13.524591,0 -57.618495,-13.524375,0 -57.618421,-13.524158,0 -57.618364,-13.523923,0 -57.618290,-13.523706,0 -57.618234,-13.523489,0 -57.618159,-13.523272,0 -57.618103,-13.523055,0 -57.618029,-13.522821,0 -57.617973,-13.522604,0 -57.617898,-13.522387,0 -57.617842,-13.522170,0 -57.617768,-13.521953,0 -57.617712,-13.521718,0 -57.617637,-13.521501,0 -57.617581,-13.521285,0 -57.617507,-13.521068,0 -57.617451,-13.520851,0 -57.617395,-13.520616,0 -57.617320,-13.520399,0 -57.617264,-13.520182,0 -57.617190,-13.519965,0 -57.617134,-13.519749,0 -57.617059,-13.519514,0 -57.617003,-13.519297,0 -57.616929,-13.519080,0 -57.616873,-13.518863,0 -57.616798,-13.518646,0 -57.616742,-13.518429,0 -57.616668,-13.518194,0 -57.616612,-13.517978,0 -57.616537,-13.517761,0 -57.616481,-13.517544,0 -57.616407,-13.517327,0 -57.616351,-13.517092,0 -57.616276,-13.516875,0 -57.616220,-13.516658,0 -57.616146,-13.516442,0 -57.616090,-13.516225,0 -57.616015,-13.515990,0 -57.615959,-13.515773,0 -57.615885,-13.515556,0 -57.615829,-13.515339,0</coordinates></LineString></Placemark>
<Placemark><name>T-03A - 5,88 km</name><description>Maxima 5885 m | Minima 3953 m | Reta 2445 m | 108.06 ha</description><styleUrl>#rota</styleUrl><LineString><tessellate>1</tessellate><coordinates>-57.614480,-13.551528,0 -57.614518,-13.551745,0 -57.614555,-13.551980,0 -57.614593,-13.552197,0 -57.614630,-13.552432,0 -57.614668,-13.552649,0 -57.614724,-13.552884,0 -57.614762,-13.553101,0 -57.614799,-13.553336,0 -57.614596,-13.553608,0 -57.614356,-13.553644,0 -57.614116,-13.553699,0 -57.613876,-13.553736,0 -57.613636,-13.553791,0 -57.613396,-13.553827,0 -57.613155,-13.553882,0 -57.612897,-13.553937,0 -57.612971,-13.554154,0 -57.613046,-13.554389,0 -57.613102,-13.554606,0 -57.613176,-13.554841,0 -57.613232,-13.555076,0 -57.613307,-13.555292,0 -57.613363,-13.555527,0 -57.613437,-13.555762,0 -57.613493,-13.555979,0 -57.613568,-13.556214,0 -57.613624,-13.556431,0 -57.613699,-13.556666,0 -57.613755,-13.556901,0 -57.613829,-13.557118,0 -57.613885,-13.557353,0 -57.613960,-13.557588,0 -57.614016,-13.557804,0 -57.614145,-13.557641,0 -57.614274,-13.557442,0 -57.614384,-13.557261,0 -57.614513,-13.557062,0 -57.614623,-13.556863,0 -57.614752,-13.556681,0 -57.614863,-13.556482,0 -57.614991,-13.556283,0 -57.615102,-13.556102,0 -57.615231,-13.555903,0 -57.615341,-13.555703,0 -57.615470,-13.555522,0 -57.615599,-13.555323,0 -57.615709,-13.555124,0 -57.615838,-13.554943,0 -57.615949,-13.554743,0 -57.616078,-13.554544,0 -57.616188,-13.554363,0 -57.616317,-13.554164,0 -57.616427,-13.553965,0 -57.616556,-13.553784,0 -57.616667,-13.553584,0 -57.616795,-13.553385,0 -57.616906,-13.553204,0 -57.617035,-13.553005,0 -57.617145,-13.552806,0 -57.617274,-13.552624,0 -57.617384,-13.552425,0 -57.617513,-13.552226,0 -57.617624,-13.552045,0 -57.617753,-13.551846,0 -57.617863,-13.551646,0 -57.617992,-13.551465,0 -57.618102,-13.551266,0 -57.618231,-13.551067,0 -57.618360,-13.550886,0 -57.618471,-13.550687,0 -57.618599,-13.550487,0 -57.618710,-13.550306,0 -57.618839,-13.550107,0 -57.618949,-13.549908,0 -57.619078,-13.549727,0 -57.619188,-13.549527,0 -57.619317,-13.549328,0 -57.619428,-13.549147,0 -57.619557,-13.548948,0 -57.619667,-13.548749,0 -57.619796,-13.548567,0 -57.619906,-13.548368,0 -57.620035,-13.548169,0 -57.620146,-13.547988,0 -57.620274,-13.547789,0 -57.620385,-13.547589,0 -57.620514,-13.547408,0 -57.620624,-13.547209,0 -57.620753,-13.547010,0 -57.620863,-13.546829,0 -57.620992,-13.546629,0 -57.621103,-13.546430,0 -57.621232,-13.546249,0 -57.621360,-13.546050,0 -57.621471,-13.545851,0 -57.621581,-13.545670,0 -57.621710,-13.545470,0 -57.621839,-13.545271,0 -57.622005,-13.544999,0 -57.622170,-13.544728,0 -57.622373,-13.544438,0 -57.622502,-13.544257,0 -57.622631,-13.544058,0 -57.622778,-13.543876,0 -57.622907,-13.543695,0 -57.623036,-13.543514,0 -57.623165,-13.543315,0 -57.623294,-13.543134,0 -57.623423,-13.542952,0 -57.623551,-13.542753,0 -57.623699,-13.542572,0 -57.623883,-13.542282,0 -57.624012,-13.542047,0 -57.624141,-13.541866,0 -57.624269,-13.541666,0 -57.624398,-13.541467,0 -57.624527,-13.541286,0 -57.624656,-13.541087,0 -57.624785,-13.540888,0 -57.624895,-13.540706,0 -57.625024,-13.540507,0 -57.625153,-13.540308,0 -57.625282,-13.540127,0 -57.625411,-13.539928,0 -57.625540,-13.539728,0 -57.625669,-13.539547,0 -57.625797,-13.539348,0 -57.625908,-13.539149,0 -57.626037,-13.538968,0 -57.626166,-13.538768,0 -57.626294,-13.538569,0 -57.626423,-13.538388,0 -57.626552,-13.538189,0 -57.626681,-13.537989,0 -57.626791,-13.537808,0 -57.626920,-13.537609,0 -57.627049,-13.537410,0 -57.627178,-13.537229,0 -57.627307,-13.537029,0 -57.627436,-13.536830,0 -57.627565,-13.536631,0 -57.627694,-13.536432,0 -57.627822,-13.536232,0 -57.627951,-13.536051,0 -57.628080,-13.535852,0 -57.628209,-13.535653,0 -57.628338,-13.535454,0 -57.628467,-13.535254,0 -57.628596,-13.535055,0 -57.628632,-13.534856,0 -57.628761,-13.534657,0 -57.628871,-13.534476,0 -57.629000,-13.534276,0 -57.629111,-13.534077,0 -57.629239,-13.533878,0 -57.629368,-13.533697,0 -57.629479,-13.533498,0 -57.629607,-13.533298,0 -57.629718,-13.533117,0 -57.629847,-13.532918,0 -57.629957,-13.532719,0 -57.630086,-13.532538,0 -57.630215,-13.532338,0 -57.630325,-13.532139,0 -57.630454,-13.531958,0 -57.630565,-13.531759,0 -57.630693,-13.531560,0 -57.630822,-13.531360,0 -57.630951,-13.531161,0 -57.631061,-13.530980,0 -57.631190,-13.530781,0 -57.631301,-13.530582,0 -57.631430,-13.530382,0 -57.631558,-13.530183,0 -57.631669,-13.530002,0 -57.631798,-13.529803,0 -57.631908,-13.529603,0 -57.632037,-13.529404,0 -57.632166,-13.529205,0 -57.632276,-13.529024,0 -57.632405,-13.528825,0 -57.632534,-13.528625,0 -57.632644,-13.528426,0 -57.632773,-13.528227,0 -57.632902,-13.528046,0 -57.633012,-13.527847,0 -57.633141,-13.527647,0 -57.633252,-13.527448,0 -57.633380,-13.527249,0 -57.633509,-13.527068,0 -57.633416,-13.526833,0 -57.633342,-13.526598,0 -57.633249,-13.526363,0 -57.633156,-13.526128,0 -57.633081,-13.525893,0 -57.632988,-13.525659,0 -57.632895,-13.525424,0 -57.632820,-13.525189,0 -57.632598,-13.525099,0 -57.632358,-13.525009,0 -57.632136,-13.524919,0 -57.631895,-13.524811,0 -57.631673,-13.524721,0 -57.631451,-13.524632,0 -57.631211,-13.524542,0 -57.630989,-13.524452,0 -57.630767,-13.524362,0 -57.630526,-13.524272,0 -57.630304,-13.524182,0 -57.630137,-13.523875,0 -57.630211,-13.523658,0 -57.630284,-13.523441,0 -57.630357,-13.523224,0 -57.630431,-13.523007,0 -57.630485,-13.522771,0 -57.630559,-13.522554,0 -57.630632,-13.522337,0 -57.630705,-13.522120,0 -57.630779,-13.521903,0 -57.630834,-13.521686,0 -57.630907,-13.521468,0 -57.630980,-13.521233,0 -57.631054,-13.521016,0 -57.631127,-13.520799,0</coordinates></LineString></Placemark>
<Placemark><name>T-03B - 4,81 km</name><description>Maxima 4810 m | Minima 2998 m | Reta 1508 m | 113.04 ha</description><styleUrl>#rota</styleUrl><LineString><tessellate>1</tessellate><coordinates>-57.614480,-13.551528,0 -57.614518,-13.551745,0 -57.614555,-13.551980,0 -57.614593,-13.552197,0 -57.614630,-13.552432,0 -57.614668,-13.552649,0 -57.614724,-13.552884,0 -57.614762,-13.553101,0 -57.614799,-13.553336,0 -57.614596,-13.553608,0 -57.614356,-13.553644,0 -57.614116,-13.553699,0 -57.613876,-13.553736,0 -57.613636,-13.553791,0 -57.613396,-13.553827,0 -57.613155,-13.553882,0 -57.612897,-13.553937,0 -57.612971,-13.554154,0 -57.613046,-13.554389,0 -57.613102,-13.554606,0 -57.613176,-13.554841,0 -57.613232,-13.555076,0 -57.613307,-13.555292,0 -57.613363,-13.555527,0 -57.613437,-13.555762,0 -57.613493,-13.555979,0 -57.613568,-13.556214,0 -57.613624,-13.556431,0 -57.613699,-13.556666,0 -57.613755,-13.556901,0 -57.613829,-13.557118,0 -57.613885,-13.557353,0 -57.613960,-13.557588,0 -57.614016,-13.557804,0 -57.614145,-13.557641,0 -57.614274,-13.557442,0 -57.614384,-13.557261,0 -57.614513,-13.557062,0 -57.614623,-13.556863,0 -57.614752,-13.556681,0 -57.614863,-13.556482,0 -57.614991,-13.556283,0 -57.615102,-13.556102,0 -57.615231,-13.555903,0 -57.615341,-13.555703,0 -57.615470,-13.555522,0 -57.615599,-13.555323,0 -57.615709,-13.555124,0 -57.615838,-13.554943,0 -57.615949,-13.554743,0 -57.616078,-13.554544,0 -57.616188,-13.554363,0 -57.616317,-13.554164,0 -57.616427,-13.553965,0 -57.616556,-13.553784,0 -57.616667,-13.553584,0 -57.616795,-13.553385,0 -57.616906,-13.553204,0 -57.617035,-13.553005,0 -57.617145,-13.552806,0 -57.617274,-13.552624,0 -57.617384,-13.552425,0 -57.617513,-13.552226,0 -57.617624,-13.552045,0 -57.617753,-13.551846,0 -57.617863,-13.551646,0 -57.617992,-13.551465,0 -57.618102,-13.551266,0 -57.618231,-13.551067,0 -57.618360,-13.550886,0 -57.618471,-13.550687,0 -57.618599,-13.550487,0 -57.618710,-13.550306,0 -57.618839,-13.550107,0 -57.618949,-13.549908,0 -57.619078,-13.549727,0 -57.619188,-13.549527,0 -57.619317,-13.549328,0 -57.619428,-13.549147,0 -57.619557,-13.548948,0 -57.619667,-13.548749,0 -57.619796,-13.548567,0 -57.619906,-13.548368,0 -57.620035,-13.548169,0 -57.620146,-13.547988,0 -57.620274,-13.547789,0 -57.620385,-13.547589,0 -57.620514,-13.547408,0 -57.620624,-13.547209,0 -57.620753,-13.547010,0 -57.620863,-13.546829,0 -57.620992,-13.546629,0 -57.621103,-13.546430,0 -57.621232,-13.546249,0 -57.621360,-13.546050,0 -57.621471,-13.545851,0 -57.621581,-13.545670,0 -57.621710,-13.545470,0 -57.621839,-13.545271,0 -57.622005,-13.544999,0 -57.622170,-13.544728,0 -57.622373,-13.544438,0 -57.622502,-13.544257,0 -57.622631,-13.544058,0 -57.622778,-13.543876,0 -57.622907,-13.543695,0 -57.623036,-13.543514,0 -57.623165,-13.543315,0 -57.623294,-13.543134,0 -57.623423,-13.542952,0 -57.623551,-13.542753,0 -57.623699,-13.542572,0 -57.623883,-13.542282,0 -57.624012,-13.542047,0 -57.624141,-13.541866,0 -57.624269,-13.541666,0 -57.624398,-13.541467,0 -57.624527,-13.541286,0 -57.624656,-13.541087,0 -57.624785,-13.540888,0 -57.624895,-13.540706,0 -57.625024,-13.540507,0 -57.625153,-13.540308,0 -57.625282,-13.540127,0 -57.625411,-13.539928,0 -57.625540,-13.539728,0 -57.625669,-13.539547,0 -57.625797,-13.539348,0 -57.625908,-13.539149,0 -57.626037,-13.538968,0 -57.626166,-13.538768,0 -57.626294,-13.538569,0 -57.626423,-13.538388,0 -57.626552,-13.538189,0 -57.626681,-13.537989,0 -57.626791,-13.537808,0 -57.626920,-13.537609,0 -57.627049,-13.537410,0 -57.627178,-13.537229,0 -57.627307,-13.537029,0 -57.627436,-13.536830,0 -57.627565,-13.536631,0 -57.627694,-13.536432,0 -57.627822,-13.536232,0 -57.627951,-13.536051,0 -57.628080,-13.535852,0 -57.628209,-13.535653,0 -57.628338,-13.535454,0 -57.628467,-13.535254,0 -57.628596,-13.535055,0 -57.628558,-13.534965,0 -57.628502,-13.534748,0 -57.628428,-13.534531,0 -57.628372,-13.534314,0 -57.628297,-13.534097,0 -57.628241,-13.533880,0 -57.628167,-13.533664,0 -57.628111,-13.533429,0 -57.628036,-13.533212,0 -57.627962,-13.532995,0 -57.627906,-13.532778,0 -57.627831,-13.532561,0 -57.627775,-13.532345,0 -57.627701,-13.532128,0 -57.627645,-13.531911,0 -57.627570,-13.531694,0 -57.627514,-13.531477,0 -57.627440,-13.531260,0 -57.627365,-13.531044,0 -57.627309,-13.530827,0 -57.627235,-13.530610,0 -57.627179,-13.530393,0 -57.627104,-13.530158,0 -57.627048,-13.529941,0 -57.626992,-13.529724,0 -57.626918,-13.529508,0 -57.626862,-13.529291,0 -57.626787,-13.529074,0 -57.626713,-13.528857,0 -57.626638,-13.528640,0 -57.626582,-13.528423,0 -57.626508,-13.528207,0 -57.626452,-13.527990,0 -57.626377,-13.527755,0 -57.626303,-13.527538,0</coordinates></LineString></Placemark>
<Placemark><name>T-04 - 2,86 km</name><description>Maxima 2864 m | Minima 97 m | Reta 96 m | 107.45 ha</description><styleUrl>#rota</styleUrl><LineString><tessellate>1</tessellate><coordinates>-57.614480,-13.551528,0 -57.614443,-13.551293,0 -57.614405,-13.551076,0 -57.614349,-13.550841,0 -57.614312,-13.550624,0 -57.614274,-13.550408,0 -57.613941,-13.550227,0 -57.613627,-13.550283,0 -57.613331,-13.550337,0 -57.613146,-13.550157,0 -57.612961,-13.549995,0 -57.612775,-13.549814,0 -57.612572,-13.549634,0 -57.612386,-13.549472,0 -57.612127,-13.549400,0 -57.611850,-13.549347,0 -57.611573,-13.549293,0 -57.611517,-13.549076,0 -57.611461,-13.548859,0 -57.611405,-13.548642,0 -57.611330,-13.548426,0 -57.611274,-13.548191,0 -57.611218,-13.547974,0 -57.611162,-13.547757,0 -57.611106,-13.547540,0 -57.611031,-13.547323,0 -57.610975,-13.547106,0 -57.610919,-13.546871,0 -57.610863,-13.546654,0 -57.610807,-13.546438,0 -57.610751,-13.546221,0 -57.610677,-13.546004,0 -57.610621,-13.545787,0 -57.610565,-13.545552,0 -57.610509,-13.545335,0 -57.610453,-13.545118,0 -57.610378,-13.544902,0 -57.610322,-13.544685,0 -57.610266,-13.544468,0 -57.610210,-13.544233,0 -57.610154,-13.544016,0 -57.610098,-13.543799,0 -57.610024,-13.543582,0 -57.610153,-13.543383,0 -57.610300,-13.543202,0 -57.610429,-13.543003,0 -57.610558,-13.542821,0 -57.610687,-13.542622,0 -57.610816,-13.542441,0 -57.610945,-13.542242,0 -57.611073,-13.542061,0 -57.611202,-13.541861,0 -57.611331,-13.541662,0 -57.611479,-13.541481,0 -57.611607,-13.541282,0 -57.611736,-13.541101,0 -57.611865,-13.540901,0 -57.611994,-13.540720,0 -57.612123,-13.540521,0 -57.612252,-13.540340,0 -57.612381,-13.540141,0 -57.612528,-13.539959,0 -57.612657,-13.539760,0 -57.612786,-13.539561,0 -57.612915,-13.539380,0 -57.613044,-13.539181,0 -57.613173,-13.538999,0 -57.613302,-13.538800,0 -57.613431,-13.538619,0 -57.613559,-13.538420,0 -57.613707,-13.538239,0 -57.613836,-13.538039,0 -57.613965,-13.537858,0 -57.614093,-13.537659,0 -57.614222,-13.537460,0 -57.614351,-13.537279,0 -57.614480,-13.537079,0 -57.614609,-13.536898,0 -57.614738,-13.536699,0 -57.614885,-13.536518,0 -57.615014,-13.536318,0 -57.615070,-13.536535,0 -57.615126,-13.536752,0 -57.615201,-13.536987,0 -57.615257,-13.537204,0 -57.615331,-13.537421,0 -57.615387,-13.537638,0 -57.615443,-13.537855,0 -57.615518,-13.538071,0 -57.615574,-13.538288,0 -57.615648,-13.538505,0 -57.615704,-13.538722,0 -57.615760,-13.538957,0 -57.615835,-13.539174,0 -57.615891,-13.539391,0 -57.615965,-13.539607,0 -57.616021,-13.539824,0 -57.616077,-13.540041,0 -57.616152,-13.540258,0 -57.616208,-13.540475,0 -57.616282,-13.540692,0 -57.616338,-13.540927,0 -57.616394,-13.541143,0 -57.616469,-13.541360,0 -57.616525,-13.541577,0 -57.616599,-13.541794,0 -57.616655,-13.542011,0 -57.616711,-13.542228,0</coordinates></LineString></Placemark>
<Placemark><name>T-04A - 3,85 km</name><description>Maxima 3851 m | Minima 2036 m | Reta 615 m | 100.42 ha</description><styleUrl>#rota</styleUrl><LineString><tessellate>1</tessellate><coordinates>-57.614480,-13.551528,0 -57.614443,-13.551293,0 -57.614405,-13.551076,0 -57.614349,-13.550841,0 -57.614312,-13.550624,0 -57.614274,-13.550408,0 -57.613941,-13.550227,0 -57.613627,-13.550283,0 -57.613331,-13.550337,0 -57.613146,-13.550157,0 -57.612961,-13.549995,0 -57.612775,-13.549814,0 -57.612572,-13.549634,0 -57.612386,-13.549472,0 -57.612127,-13.549400,0 -57.611850,-13.549347,0 -57.611573,-13.549293,0 -57.611517,-13.549076,0 -57.611461,-13.548859,0 -57.611405,-13.548642,0 -57.611330,-13.548426,0 -57.611274,-13.548191,0 -57.611218,-13.547974,0 -57.611162,-13.547757,0 -57.611106,-13.547540,0 -57.611031,-13.547323,0 -57.610975,-13.547106,0 -57.610919,-13.546871,0 -57.610863,-13.546654,0 -57.610807,-13.546438,0 -57.610751,-13.546221,0 -57.610677,-13.546004,0 -57.610621,-13.545787,0 -57.610565,-13.545552,0 -57.610509,-13.545335,0 -57.610453,-13.545118,0 -57.610378,-13.544902,0 -57.610322,-13.544685,0 -57.610266,-13.544468,0 -57.610210,-13.544233,0 -57.610154,-13.544016,0 -57.610098,-13.543799,0 -57.610024,-13.543582,0 -57.610153,-13.543383,0 -57.610300,-13.543202,0 -57.610429,-13.543003,0 -57.610558,-13.542821,0 -57.610687,-13.542622,0 -57.610816,-13.542441,0 -57.610945,-13.542242,0 -57.611073,-13.542061,0 -57.611202,-13.541861,0 -57.611331,-13.541662,0 -57.611479,-13.541481,0 -57.611607,-13.541282,0 -57.611736,-13.541101,0 -57.611865,-13.540901,0 -57.611994,-13.540720,0 -57.612123,-13.540521,0 -57.612252,-13.540340,0 -57.612381,-13.540141,0 -57.612528,-13.539959,0 -57.612657,-13.539760,0 -57.612786,-13.539561,0 -57.612915,-13.539380,0 -57.613044,-13.539181,0 -57.613173,-13.538999,0 -57.613302,-13.538800,0 -57.613431,-13.538619,0 -57.613559,-13.538420,0 -57.613707,-13.538239,0 -57.613836,-13.538039,0 -57.613965,-13.537858,0 -57.614093,-13.537659,0 -57.614222,-13.537460,0 -57.614351,-13.537279,0 -57.614480,-13.537079,0 -57.614609,-13.536898,0 -57.614738,-13.536699,0 -57.614885,-13.536518,0 -57.615014,-13.536156,0 -57.615124,-13.535957,0 -57.615253,-13.535757,0 -57.615363,-13.535576,0 -57.615492,-13.535377,0 -57.615621,-13.535178,0 -57.615732,-13.534979,0 -57.615860,-13.534797,0 -57.616082,-13.534670,0 -57.616211,-13.534489,0 -57.616340,-13.534290,0 -57.616469,-13.534091,0 -57.616597,-13.533891,0 -57.616708,-13.533710,0 -57.616837,-13.533511,0 -57.616966,-13.533312,0 -57.617094,-13.533131,0 -57.617223,-13.532931,0 -57.617334,-13.532732,0 -57.617463,-13.532533,0 -57.617591,-13.532352,0 -57.617720,-13.532153,0 -57.617831,-13.531953,0 -57.617960,-13.531772,0 -57.618088,-13.531573,0 -57.618217,-13.531374,0 -57.618346,-13.531174,0 -57.618457,-13.530993,0 -57.618585,-13.530794,0 -57.618714,-13.530595,0 -57.618843,-13.530414,0 -57.618954,-13.530215,0 -57.619083,-13.530015,0 -57.619211,-13.529816,0 -57.619340,-13.529635,0 -57.619469,-13.529436,0 -57.619580,-13.529236,0 -57.619708,-13.529055,0 -57.619837,-13.528856,0 -57.619912,-13.529073,0 -57.619968,-13.529290,0 -57.620042,-13.529507,0 -57.620098,-13.529742,0 -57.620173,-13.529958,0 -57.620303,-13.530338,0 -57.620378,-13.530609,0 -57.620434,-13.530790,0 -57.620508,-13.531061,0 -57.620564,-13.531259,0 -57.620639,-13.531494,0 -57.620695,-13.531711,0 -57.620769,-13.531946,0 -57.620825,-13.532163,0 -57.620900,-13.532380,0 -57.620974,-13.532597,0 -57.621030,-13.532813,0 -57.621105,-13.533048,0 -57.621161,-13.533265,0 -57.621235,-13.533482,0 -57.621291,-13.533699,0 -57.621366,-13.533916,0 -57.621440,-13.534151,0 -57.621496,-13.534367,0 -57.621571,-13.534584,0 -57.621627,-13.534801,0</coordinates></LineString></Placemark>
<Placemark><name>T-04B - 3,72 km</name><description>Maxima 3716 m | Minima 2033 m | Reta 632 m | 51.93 ha</description><styleUrl>#rota</styleUrl><LineString><tessellate>1</tessellate><coordinates>-57.614480,-13.551528,0 -57.614518,-13.551745,0 -57.614555,-13.551980,0 -57.614593,-13.552197,0 -57.614630,-13.552432,0 -57.614668,-13.552649,0 -57.614724,-13.552884,0 -57.614762,-13.553101,0 -57.614799,-13.553336,0 -57.614596,-13.553608,0 -57.614356,-13.553644,0 -57.614116,-13.553699,0 -57.613876,-13.553736,0 -57.613636,-13.553791,0 -57.613396,-13.553827,0 -57.613155,-13.553882,0 -57.612897,-13.553937,0 -57.612971,-13.554154,0 -57.613046,-13.554389,0 -57.613102,-13.554606,0 -57.613176,-13.554841,0 -57.613232,-13.555076,0 -57.613307,-13.555292,0 -57.613363,-13.555527,0 -57.613437,-13.555762,0 -57.613493,-13.555979,0 -57.613568,-13.556214,0 -57.613624,-13.556431,0 -57.613699,-13.556666,0 -57.613755,-13.556901,0 -57.613829,-13.557118,0 -57.613885,-13.557353,0 -57.613960,-13.557588,0 -57.614016,-13.557804,0 -57.614145,-13.557641,0 -57.614274,-13.557442,0 -57.614384,-13.557261,0 -57.614513,-13.557062,0 -57.614623,-13.556863,0 -57.614752,-13.556681,0 -57.614863,-13.556482,0 -57.614991,-13.556283,0 -57.615102,-13.556102,0 -57.615231,-13.555903,0 -57.615341,-13.555703,0 -57.615470,-13.555522,0 -57.615599,-13.555323,0 -57.615709,-13.555124,0 -57.615838,-13.554943,0 -57.615949,-13.554743,0 -57.616078,-13.554544,0 -57.616188,-13.554363,0 -57.616317,-13.554164,0 -57.616427,-13.553965,0 -57.616556,-13.553784,0 -57.616667,-13.553584,0 -57.616795,-13.553385,0 -57.616906,-13.553204,0 -57.617035,-13.553005,0 -57.617145,-13.552806,0 -57.617274,-13.552624,0 -57.617384,-13.552425,0 -57.617513,-13.552226,0 -57.617624,-13.552045,0 -57.617753,-13.551846,0 -57.617863,-13.551646,0 -57.617992,-13.551465,0 -57.618102,-13.551266,0 -57.618231,-13.551067,0 -57.618360,-13.550886,0 -57.618471,-13.550687,0 -57.618599,-13.550487,0 -57.618710,-13.550306,0 -57.618839,-13.550107,0 -57.618949,-13.549908,0 -57.619078,-13.549727,0 -57.619188,-13.549527,0 -57.619317,-13.549328,0 -57.619428,-13.549147,0 -57.619557,-13.548948,0 -57.619667,-13.548749,0 -57.619796,-13.548567,0 -57.619906,-13.548368,0 -57.620035,-13.548169,0 -57.620146,-13.547988,0 -57.620274,-13.547789,0 -57.620385,-13.547589,0 -57.620514,-13.547408,0 -57.620624,-13.547209,0 -57.620753,-13.547010,0 -57.620863,-13.546829,0 -57.620992,-13.546629,0 -57.621103,-13.546430,0 -57.621232,-13.546249,0 -57.621360,-13.546050,0 -57.621471,-13.545851,0 -57.621581,-13.545670,0 -57.621710,-13.545470,0 -57.621839,-13.545271,0 -57.622005,-13.544999,0 -57.622170,-13.544728,0 -57.622373,-13.544438,0 -57.622502,-13.544239,0 -57.622631,-13.544039,0 -57.622759,-13.543840,0 -57.622888,-13.543641,0 -57.623017,-13.543442,0 -57.623146,-13.543242,0 -57.623275,-13.543061,0 -57.623404,-13.542862,0 -57.623533,-13.542663,0 -57.623662,-13.542464,0 -57.623790,-13.542264,0 -57.623753,-13.542192,0 -57.623697,-13.541957,0 -57.623641,-13.541740,0 -57.623567,-13.541523,0 -57.623511,-13.541307,0 -57.623436,-13.541072,0 -57.623380,-13.540855,0 -57.623306,-13.540638,0 -57.623250,-13.540421,0 -57.623175,-13.540186,0 -57.623119,-13.539969,0 -57.623063,-13.539753,0 -57.622989,-13.539536,0 -57.622932,-13.539301,0 -57.622858,-13.539084,0 -57.622802,-13.538867,0 -57.622727,-13.538650,0 -57.622671,-13.538415,0 -57.622597,-13.538198,0 -57.622541,-13.537982,0 -57.622466,-13.537747,0 -57.622410,-13.537530,0 -57.622354,-13.537313,0 -57.622280,-13.537096,0 -57.622224,-13.536861,0 -57.622149,-13.536644,0 -57.622093,-13.536428,0 -57.622056,-13.536464,0 -57.621890,-13.536627,0 -57.621743,-13.536790,0</coordinates></LineString></Placemark>
<Placemark><name>T-05 - 6,41 km</name><description>Maxima 6405 m | Minima 3949 m | Reta 2084 m | 114.01 ha</description><styleUrl>#rota</styleUrl><LineString><tessellate>1</tessellate><coordinates>-57.614480,-13.551528,0 -57.614518,-13.551745,0 -57.614555,-13.551980,0 -57.614593,-13.552197,0 -57.614630,-13.552432,0 -57.614668,-13.552649,0 -57.614724,-13.552884,0 -57.614762,-13.553101,0 -57.614799,-13.553336,0 -57.614596,-13.553608,0 -57.614356,-13.553644,0 -57.614116,-13.553699,0 -57.613876,-13.553736,0 -57.613636,-13.553791,0 -57.613396,-13.553827,0 -57.613155,-13.553882,0 -57.612897,-13.553937,0 -57.612971,-13.554154,0 -57.613046,-13.554389,0 -57.613102,-13.554606,0 -57.613176,-13.554841,0 -57.613232,-13.555076,0 -57.613307,-13.555292,0 -57.613363,-13.555527,0 -57.613437,-13.555762,0 -57.613493,-13.555979,0 -57.613568,-13.556214,0 -57.613624,-13.556431,0 -57.613699,-13.556666,0 -57.613755,-13.556901,0 -57.613829,-13.557118,0 -57.613885,-13.557353,0 -57.613960,-13.557588,0 -57.614016,-13.557804,0 -57.614145,-13.557605,0 -57.614255,-13.557406,0 -57.614384,-13.557207,0 -57.614494,-13.557008,0 -57.614605,-13.556808,0 -57.614734,-13.556609,0 -57.614844,-13.556428,0 -57.614973,-13.556229,0 -57.615083,-13.556030,0 -57.615212,-13.555830,0 -57.615323,-13.555631,0 -57.615433,-13.555432,0 -57.615562,-13.555233,0 -57.615672,-13.555034,0 -57.615801,-13.554834,0 -57.615911,-13.554635,0 -57.616040,-13.554436,0 -57.616151,-13.554237,0 -57.616261,-13.554037,0 -57.616390,-13.553838,0 -57.616500,-13.553639,0 -57.616629,-13.553440,0 -57.616740,-13.553241,0 -57.616869,-13.553041,0 -57.616979,-13.552842,0 -57.617089,-13.552643,0 -57.617218,-13.552444,0 -57.617329,-13.552245,0 -57.617457,-13.552045,0 -57.617568,-13.551864,0 -57.617697,-13.551665,0 -57.617807,-13.551466,0 -57.617918,-13.551267,0 -57.618046,-13.551067,0 -57.618157,-13.550868,0 -57.618286,-13.550669,0 -57.618396,-13.550470,0 -57.618525,-13.550270,0 -57.618635,-13.550071,0 -57.618746,-13.549872,0 -57.619023,-13.549908,0 -57.619079,-13.550124,0 -57.619154,-13.550359,0 -57.619210,-13.550576,0 -57.619284,-13.550811,0 -57.619340,-13.551028,0 -57.619415,-13.551263,0 -57.619471,-13.551480,0 -57.619545,-13.551715,0 -57.619601,-13.551931,0 -57.619676,-13.552166,0 -57.619732,-13.552401,0 -57.619806,-13.552618,0 -57.619862,-13.552853,0 -57.619937,-13.553070,0 -57.619993,-13.553305,0 -57.620067,-13.553522,0 -57.620142,-13.553757,0 -57.620198,-13.553973,0 -57.620273,-13.554208,0 -57.620329,-13.554425,0 -57.620403,-13.554660,0 -57.620459,-13.554877,0 -57.620515,-13.555112,0 -57.620590,-13.555329,0 -57.620646,-13.555546,0 -57.620720,-13.555762,0 -57.620776,-13.555979,0 -57.620851,-13.556214,0 -57.620907,-13.556431,0 -57.620963,-13.556648,0 -57.621037,-13.556865,0 -57.621093,-13.557082,0 -57.621168,-13.557317,0 -57.621224,-13.557533,0 -57.621280,-13.557750,0 -57.621354,-13.557967,0 -57.621410,-13.558184,0 -57.621485,-13.558419,0 -57.621485,-13.558401,0 -57.621632,-13.558201,0 -57.621780,-13.558020,0 -57.621909,-13.557839,0 -57.622056,-13.557658,0 -57.622203,-13.557477,0 -57.622332,-13.557296,0 -57.622480,-13.557114,0 -57.622627,-13.556933,0 -57.622756,-13.556752,0 -57.622903,-13.556571,0 -57.623051,-13.556371,0 -57.623180,-13.556190,0 -57.623327,-13.555991,0 -57.623475,-13.555810,0 -57.623603,-13.555629,0 -57.623751,-13.555447,0 -57.623898,-13.555266,0 -57.624027,-13.555103,0 -57.624175,-13.554922,0 -57.624340,-13.554723,0 -57.624488,-13.554541,0 -57.624635,-13.554360,0 -57.624801,-13.554179,0 -57.624949,-13.553998,0 -57.625096,-13.553817,0 -57.625243,-13.553635,0 -57.625409,-13.553454,0 -57.625557,-13.553273,0 -57.625704,-13.553092,0 -57.625851,-13.552911,0 -57.626017,-13.552729,0 -57.626165,-13.552548,0 -57.626312,-13.552367,0 -57.626459,-13.552168,0 -57.626534,-13.552402,0 -57.626590,-13.552619,0 -57.626664,-13.552836,0 -57.626721,-13.553053,0 -57.626795,-13.553288,0 -57.626851,-13.553505,0 -57.626907,-13.553722,0 -57.626982,-13.553957,0 -57.627038,-13.554173,0 -57.627112,-13.554390,0 -57.627168,-13.554607,0 -57.627224,-13.554842,0 -57.627299,-13.555059,0 -57.627355,-13.555276,0 -57.627429,-13.555493,0 -57.627596,-13.555655,0 -57.627652,-13.555872,0 -57.628040,-13.555907,0 -57.628151,-13.555708,0 -57.628280,-13.555527,0 -57.628390,-13.555327,0 -57.628519,-13.555128,0 -57.628629,-13.554929,0 -57.628758,-13.554730,0 -57.628887,-13.554530,0 -57.628997,-13.554331,0 -57.629126,-13.554132,0 -57.629237,-13.553933,0 -57.629366,-13.553752,0 -57.629476,-13.553552,0 -57.629605,-13.553353,0 -57.629715,-13.553154,0 -57.629844,-13.552955,0 -57.629954,-13.552756,0 -57.630083,-13.552556,0 -57.630194,-13.552357,0 -57.630323,-13.552158,0 -57.630433,-13.551977,0 -57.630562,-13.551777,0 -57.630672,-13.551578,0 -57.630801,-13.551379,0 -57.630930,-13.551180,0 -57.631040,-13.550981,0 -57.631169,-13.550781,0 -57.631280,-13.550582,0 -57.631408,-13.550401,0 -57.631519,-13.550202,0 -57.631648,-13.550003,0 -57.631758,-13.549803,0 -57.631887,-13.549604,0 -57.631997,-13.549405,0 -57.632126,-13.549206,0 -57.632237,-13.549006,0 -57.632365,-13.548807,0 -57.632476,-13.548626,0 -57.632605,-13.548427,0 -57.632770,-13.548065,0 -57.632899,-13.547865,0 -57.633028,-13.547666,0 -57.633157,-13.547467,0 -57.633267,-13.547268,0 -57.633396,-13.547069,0 -57.633525,-13.546887,0 -57.633654,-13.546688,0 -57.633782,-13.546489,0 -57.633911,-13.546290,0 -57.634040,-13.546090,0 -57.634151,-13.545891,0 -57.634279,-13.545692,0 -57.634408,-13.545511,0 -57.634537,-13.545312,0 -57.634666,-13.545112,0 -57.634795,-13.544913,0 -57.634905,-13.544714,0 -57.635034,-13.544515,0 -57.635163,-13.544315,0 -57.635292,-13.544134,0 -57.635421,-13.543935,0 -57.635550,-13.543736,0 -57.635660,-13.543536,0 -57.635789,-13.543337,0 -57.635918,-13.543138,0 -57.636047,-13.542957,0 -57.636175,-13.542758,0 -57.636304,-13.542558,0 -57.636433,-13.542359,0 -57.636543,-13.542160,0 -57.636672,-13.541961,0 -57.636801,-13.541761,0 -57.636930,-13.541580,0 -57.637059,-13.541381,0 -57.637188,-13.541182,0 -57.637298,-13.540983,0 -57.637427,-13.540783,0 -57.637371,-13.540566,0 -57.637296,-13.540350,0 -57.637240,-13.540133,0 -57.637184,-13.539916,0</coordinates></LineString></Placemark>
<Placemark><name>T-06B - 4,32 km</name><description>Maxima 4319 m | Minima 2888 m | Reta 1134 m | 73.88 ha</description><styleUrl>#rota</styleUrl><LineString><tessellate>1</tessellate><coordinates>-57.614480,-13.551528,0 -57.614518,-13.551745,0 -57.614555,-13.551980,0 -57.614593,-13.552197,0 -57.614630,-13.552432,0 -57.614668,-13.552649,0 -57.614724,-13.552884,0 -57.614762,-13.553101,0 -57.614799,-13.553336,0 -57.614596,-13.553608,0 -57.614356,-13.553644,0 -57.614116,-13.553699,0 -57.613876,-13.553736,0 -57.613636,-13.553791,0 -57.613396,-13.553827,0 -57.613155,-13.553882,0 -57.612897,-13.553937,0 -57.612971,-13.554154,0 -57.613046,-13.554389,0 -57.613102,-13.554606,0 -57.613176,-13.554841,0 -57.613232,-13.555076,0 -57.613307,-13.555292,0 -57.613363,-13.555527,0 -57.613437,-13.555762,0 -57.613493,-13.555979,0 -57.613568,-13.556214,0 -57.613624,-13.556431,0 -57.613699,-13.556666,0 -57.613755,-13.556901,0 -57.613829,-13.557118,0 -57.613885,-13.557353,0 -57.613960,-13.557588,0 -57.614016,-13.557804,0 -57.614275,-13.558075,0 -57.614331,-13.558310,0 -57.614387,-13.558527,0 -57.614462,-13.558744,0 -57.614518,-13.558961,0 -57.614574,-13.559195,0 -57.614630,-13.559412,0 -57.614704,-13.559629,0 -57.614760,-13.559846,0 -57.614816,-13.560081,0 -57.614872,-13.560298,0 -57.614947,-13.560515,0 -57.615003,-13.560732,0 -57.615059,-13.560966,0 -57.615115,-13.561183,0 -57.615190,-13.561400,0 -57.615246,-13.561617,0 -57.615302,-13.561852,0 -57.615358,-13.562069,0 -57.615432,-13.562286,0 -57.615488,-13.562503,0 -57.615544,-13.562737,0 -57.615600,-13.562954,0 -57.615675,-13.563171,0 -57.615731,-13.563388,0 -57.615787,-13.563623,0 -57.615843,-13.563840,0 -57.615917,-13.564057,0 -57.615973,-13.564274,0 -57.616029,-13.564508,0 -57.616085,-13.564725,0 -57.616160,-13.564942,0 -57.616216,-13.565159,0 -57.616272,-13.565394,0 -57.616328,-13.565611,0 -57.616402,-13.565828,0 -57.616458,-13.566045,0 -57.616514,-13.566279,0 -57.616571,-13.566496,0 -57.616645,-13.566713,0 -57.616701,-13.566930,0 -57.616757,-13.567165,0 -57.616813,-13.567382,0 -57.616888,-13.567599,0 -57.616944,-13.567816,0 -57.617165,-13.567779,0 -57.617406,-13.567742,0 -57.617627,-13.567705,0 -57.617867,-13.567669,0 -57.618089,-13.567632,0 -57.618329,-13.567595,0 -57.618551,-13.567558,0 -57.618791,-13.567522,0 -57.619032,-13.567485,0 -57.619253,-13.567448,0 -57.619494,-13.567411,0 -57.619715,-13.567375,0 -57.619955,-13.567338,0 -57.620177,-13.567301,0 -57.620417,-13.567264,0 -57.620639,-13.567228,0 -57.620879,-13.567191,0 -57.621101,-13.567154,0 -57.621341,-13.567117,0 -57.621563,-13.567081,0 -57.621803,-13.567044,0 -57.622025,-13.567007,0 -57.622265,-13.566970,0 -57.622505,-13.566934,0 -57.622727,-13.566897,0 -57.622967,-13.566860,0 -57.623189,-13.566824,0 -57.623429,-13.566787,0 -57.623651,-13.566750,0 -57.623891,-13.566713,0 -57.623946,-13.566587,0 -57.624371,-13.566477,0 -57.624611,-13.566422,0 -57.624851,-13.566367,0 -57.625092,-13.566312,0 -57.625332,-13.566258,0 -57.625553,-13.566203,0 -57.625682,-13.566004,0 -57.625811,-13.565822,0 -57.625922,-13.565623,0 -57.626051,-13.565442,0 -57.626161,-13.565243,0 -57.626290,-13.565044,0 -57.626419,-13.564862,0 -57.626529,-13.564663,0 -57.626658,-13.564464,0 -57.626768,-13.564283,0 -57.626897,-13.564084,0 -57.627008,-13.563902,0 -57.627137,-13.563703,0 -57.627265,-13.563504,0 -57.627376,-13.563323,0 -57.627505,-13.563124,0 -57.627615,-13.562924,0 -57.627744,-13.562743,0 -57.627873,-13.562544,0 -57.627983,-13.562345,0 -57.628112,-13.562164,0 -57.628223,-13.561964,0 -57.628352,-13.561783,0 -57.628462,-13.561584,0 -57.628591,-13.561385,0 -57.628720,-13.561204,0 -57.628830,-13.561005,0 -57.628959,-13.560805,0 -57.628884,-13.560588,0 -57.628828,-13.560372,0 -57.628772,-13.560155,0 -57.628698,-13.559920,0 -57.628642,-13.559703,0 -57.628567,-13.559486,0 -57.628511,-13.559269,0 -57.628437,-13.559034,0 -57.628381,-13.558818,0 -57.628325,-13.558601,0 -57.628250,-13.558384,0 -57.628194,-13.558149,0 -57.628120,-13.557932,0 -57.628064,-13.557715,0 -57.628008,-13.557498,0 -57.627933,-13.557263,0 -57.627877,-13.557047,0 -57.627802,-13.556830,0 -57.627746,-13.556613,0 -57.627672,-13.556378,0 -57.627616,-13.556161,0</coordinates></LineString></Placemark>
<Placemark><name>T-06C - 3,95 km</name><description>Maxima 3951 m | Minima 2588 m | Reta 826 m | 31.74 ha</description><styleUrl>#rota</styleUrl><LineString><tessellate>1</tessellate><coordinates>-57.614480,-13.551528,0 -57.614518,-13.551745,0 -57.614555,-13.551980,0 -57.614593,-13.552197,0 -57.614630,-13.552432,0 -57.614668,-13.552649,0 -57.614724,-13.552884,0 -57.614762,-13.553101,0 -57.614799,-13.553336,0 -57.614596,-13.553608,0 -57.614356,-13.553644,0 -57.614116,-13.553699,0 -57.613876,-13.553736,0 -57.613636,-13.553791,0 -57.613396,-13.553827,0 -57.613155,-13.553882,0 -57.612897,-13.553937,0 -57.612971,-13.554154,0 -57.613046,-13.554389,0 -57.613102,-13.554606,0 -57.613176,-13.554841,0 -57.613232,-13.555076,0 -57.613307,-13.555292,0 -57.613363,-13.555527,0 -57.613437,-13.555762,0 -57.613493,-13.555979,0 -57.613568,-13.556214,0 -57.613624,-13.556431,0 -57.613699,-13.556666,0 -57.613755,-13.556901,0 -57.613829,-13.557118,0 -57.613885,-13.557353,0 -57.613960,-13.557588,0 -57.614016,-13.557804,0 -57.614145,-13.557605,0 -57.614255,-13.557406,0 -57.614384,-13.557207,0 -57.614494,-13.557008,0 -57.614605,-13.556808,0 -57.614734,-13.556609,0 -57.614844,-13.556428,0 -57.614973,-13.556229,0 -57.615083,-13.556030,0 -57.615212,-13.555830,0 -57.615323,-13.555631,0 -57.615433,-13.555432,0 -57.615562,-13.555233,0 -57.615672,-13.555034,0 -57.615801,-13.554834,0 -57.615911,-13.554635,0 -57.616040,-13.554436,0 -57.616151,-13.554237,0 -57.616261,-13.554037,0 -57.616390,-13.553838,0 -57.616500,-13.553639,0 -57.616629,-13.553440,0 -57.616740,-13.553241,0 -57.616869,-13.553041,0 -57.616979,-13.552842,0 -57.617089,-13.552643,0 -57.617218,-13.552444,0 -57.617329,-13.552245,0 -57.617457,-13.552045,0 -57.617568,-13.551864,0 -57.617697,-13.551665,0 -57.617807,-13.551466,0 -57.617918,-13.551267,0 -57.618046,-13.551067,0 -57.618157,-13.550868,0 -57.618286,-13.550669,0 -57.618396,-13.550470,0 -57.618525,-13.550270,0 -57.618635,-13.550071,0 -57.618746,-13.549872,0 -57.619023,-13.549908,0 -57.619079,-13.550124,0 -57.619154,-13.550359,0 -57.619210,-13.550576,0 -57.619284,-13.550811,0 -57.619340,-13.551028,0 -57.619415,-13.551263,0 -57.619471,-13.551480,0 -57.619545,-13.551715,0 -57.619601,-13.551931,0 -57.619676,-13.552166,0 -57.619732,-13.552401,0 -57.619806,-13.552618,0 -57.619862,-13.552853,0 -57.619937,-13.553070,0 -57.619993,-13.553305,0 -57.620067,-13.553522,0 -57.620142,-13.553757,0 -57.620198,-13.553973,0 -57.620273,-13.554208,0 -57.620329,-13.554425,0 -57.620403,-13.554660,0 -57.620459,-13.554877,0 -57.620515,-13.555112,0 -57.620590,-13.555329,0 -57.620646,-13.555546,0 -57.620720,-13.555762,0 -57.620776,-13.555979,0 -57.620851,-13.556214,0 -57.620907,-13.556431,0 -57.620963,-13.556648,0 -57.621037,-13.556865,0 -57.621093,-13.557082,0 -57.621168,-13.557317,0 -57.621224,-13.557533,0 -57.621280,-13.557750,0 -57.621354,-13.557967,0 -57.621410,-13.558184,0 -57.621485,-13.558419,0 -57.621485,-13.558401,0 -57.621632,-13.558201,0 -57.621780,-13.558020,0 -57.621909,-13.557839,0 -57.622056,-13.557658,0 -57.622203,-13.557477,0 -57.622332,-13.557296,0 -57.622480,-13.557114,0 -57.622627,-13.556933,0 -57.622756,-13.556752,0 -57.622903,-13.556571,0 -57.623051,-13.556371,0 -57.623180,-13.556190,0 -57.623327,-13.555991,0 -57.623475,-13.555810,0 -57.623603,-13.555629,0 -57.623751,-13.555447,0 -57.623898,-13.555266,0 -57.624027,-13.555103,0 -57.624175,-13.554904,0 -57.624322,-13.554723,0 -57.624469,-13.554523,0 -57.624617,-13.554342,0 -57.624764,-13.554143,0 -57.624911,-13.553962,0 -57.625059,-13.553781,0 -57.625188,-13.553581,0 -57.625335,-13.553400,0 -57.625482,-13.553201,0 -57.625630,-13.553020,0 -57.625777,-13.552820,0 -57.625925,-13.552639,0 -57.626072,-13.552458,0 -57.626219,-13.552259,0 -57.626367,-13.552077,0 -57.626292,-13.551842,0 -57.626236,-13.551626,0 -57.626180,-13.551409,0</coordinates></LineString></Placemark>
<Placemark><name>T-06D - 4,36 km</name><description>Maxima 4359 m | Minima 2016 m | Reta 617 m | 148.91 ha</description><styleUrl>#rota</styleUrl><LineString><tessellate>1</tessellate><coordinates>-57.614480,-13.551528,0 -57.614518,-13.551745,0 -57.614555,-13.551980,0 -57.614593,-13.552197,0 -57.614630,-13.552432,0 -57.614668,-13.552649,0 -57.614724,-13.552884,0 -57.614762,-13.553101,0 -57.614799,-13.553336,0 -57.614596,-13.553608,0 -57.614356,-13.553644,0 -57.614116,-13.553699,0 -57.613876,-13.553736,0 -57.613636,-13.553791,0 -57.613396,-13.553827,0 -57.613155,-13.553882,0 -57.612897,-13.553937,0 -57.612971,-13.554154,0 -57.613046,-13.554389,0 -57.613102,-13.554606,0 -57.613176,-13.554841,0 -57.613232,-13.555076,0 -57.613307,-13.555292,0 -57.613363,-13.555527,0 -57.613437,-13.555762,0 -57.613493,-13.555979,0 -57.613568,-13.556214,0 -57.613624,-13.556431,0 -57.613699,-13.556666,0 -57.613755,-13.556901,0 -57.613829,-13.557118,0 -57.613885,-13.557353,0 -57.613960,-13.557588,0 -57.614016,-13.557804,0 -57.614145,-13.557605,0 -57.614255,-13.557406,0 -57.614384,-13.557207,0 -57.614494,-13.557008,0 -57.614605,-13.556808,0 -57.614734,-13.556609,0 -57.614844,-13.556428,0 -57.614973,-13.556229,0 -57.615083,-13.556030,0 -57.615212,-13.555830,0 -57.615323,-13.555631,0 -57.615433,-13.555432,0 -57.615562,-13.555233,0 -57.615672,-13.555034,0 -57.615801,-13.554834,0 -57.615911,-13.554635,0 -57.616040,-13.554436,0 -57.616151,-13.554237,0 -57.616261,-13.554037,0 -57.616390,-13.553838,0 -57.616500,-13.553639,0 -57.616629,-13.553440,0 -57.616740,-13.553241,0 -57.616869,-13.553041,0 -57.616979,-13.552842,0 -57.617089,-13.552643,0 -57.617218,-13.552444,0 -57.617329,-13.552245,0 -57.617457,-13.552045,0 -57.617568,-13.551864,0 -57.617697,-13.551665,0 -57.617807,-13.551466,0 -57.617918,-13.551267,0 -57.618046,-13.551067,0 -57.618157,-13.550868,0 -57.618286,-13.550669,0 -57.618396,-13.550470,0 -57.618525,-13.550270,0 -57.618635,-13.550071,0 -57.618746,-13.549872,0 -57.619023,-13.549908,0 -57.619079,-13.550124,0 -57.619154,-13.550359,0 -57.619210,-13.550576,0 -57.619284,-13.550811,0 -57.619340,-13.551028,0 -57.619415,-13.551263,0 -57.619471,-13.551480,0 -57.619545,-13.551715,0 -57.619601,-13.551931,0 -57.619676,-13.552166,0 -57.619732,-13.552401,0 -57.619806,-13.552618,0 -57.619862,-13.552853,0 -57.619937,-13.553070,0 -57.619993,-13.553305,0 -57.620067,-13.553522,0 -57.620142,-13.553757,0 -57.620198,-13.553973,0 -57.620273,-13.554208,0 -57.620329,-13.554425,0 -57.620403,-13.554660,0 -57.620459,-13.554877,0 -57.620588,-13.554696,0 -57.620717,-13.554497,0 -57.620846,-13.554297,0 -57.620975,-13.554116,0 -57.621104,-13.553917,0 -57.621232,-13.553718,0 -57.621361,-13.553537,0 -57.621490,-13.553337,0 -57.621619,-13.553138,0 -57.621730,-13.552957,0 -57.621858,-13.552758,0 -57.621987,-13.552558,0 -57.622116,-13.552377,0 -57.622245,-13.552178,0 -57.622374,-13.551979,0 -57.622503,-13.551798,0 -57.622632,-13.551598,0 -57.622761,-13.551399,0 -57.622890,-13.551200,0 -57.623018,-13.551019,0 -57.623147,-13.550820,0 -57.623276,-13.550620,0 -57.623405,-13.550439,0 -57.623534,-13.550240,0 -57.623663,-13.550041,0 -57.623792,-13.549860,0 -57.623921,-13.549660,0 -57.624031,-13.549461,0 -57.624160,-13.549280,0 -57.624289,-13.549081,0 -57.624418,-13.548881,0 -57.624547,-13.548700,0 -57.624675,-13.548501,0 -57.624804,-13.548302,0 -57.624933,-13.548121,0 -57.625062,-13.547921,0 -57.625191,-13.547722,0 -57.625266,-13.548011,0 -57.625359,-13.548300,0 -57.625415,-13.548517,0 -57.625489,-13.548752,0 -57.625545,-13.548969,0 -57.625620,-13.549186,0 -57.625676,-13.549403,0 -57.625732,-13.549620,0 -57.625806,-13.549836,0 -57.625862,-13.550053,0 -57.625937,-13.550270,0 -57.625993,-13.550487,0 -57.626067,-13.550722,0 -57.626123,-13.550939,0 -57.626180,-13.551156,0 -57.626254,-13.551372,0 -57.626310,-13.551589,0 -57.626385,-13.551806,0 -57.626441,-13.552023,0 -57.626497,-13.552240,0 -57.626571,-13.552457,0 -57.626627,-13.552692,0 -57.626702,-13.552908,0 -57.626758,-13.553125,0 -57.626814,-13.553342,0 -57.626888,-13.553559,0 -57.626944,-13.553776,0 -57.627019,-13.553993,0 -57.627167,-13.554119,0 -57.627223,-13.554336,0 -57.627279,-13.554553,0 -57.627317,-13.554878,0</coordinates></LineString></Placemark>
<Placemark><name>T-06E - 4,35 km</name><description>Maxima 4353 m | Minima 986 m | Reta 399 m | 264.72 ha</description><styleUrl>#rota</styleUrl><LineString><tessellate>1</tessellate><coordinates>-57.614480,-13.551528,0 -57.614518,-13.551745,0 -57.614555,-13.551980,0 -57.614593,-13.552197,0 -57.614630,-13.552432,0 -57.614668,-13.552649,0 -57.614724,-13.552884,0 -57.614762,-13.553101,0 -57.614799,-13.553336,0 -57.614596,-13.553608,0 -57.614356,-13.553644,0 -57.614116,-13.553699,0 -57.613876,-13.553736,0 -57.613636,-13.553791,0 -57.613396,-13.553827,0 -57.613155,-13.553882,0 -57.612897,-13.553937,0 -57.612971,-13.554154,0 -57.613046,-13.554389,0 -57.613102,-13.554606,0 -57.613176,-13.554841,0 -57.613232,-13.555076,0 -57.613307,-13.555292,0 -57.613363,-13.555527,0 -57.613437,-13.555762,0 -57.613493,-13.555979,0 -57.613568,-13.556214,0 -57.613624,-13.556431,0 -57.613699,-13.556666,0 -57.613755,-13.556901,0 -57.613829,-13.557118,0 -57.613885,-13.557353,0 -57.613960,-13.557588,0 -57.614016,-13.557804,0 -57.614145,-13.557605,0 -57.614255,-13.557406,0 -57.614384,-13.557207,0 -57.614494,-13.557008,0 -57.614605,-13.556808,0 -57.614734,-13.556609,0 -57.614844,-13.556428,0 -57.614973,-13.556229,0 -57.615083,-13.556030,0 -57.615212,-13.555830,0 -57.615323,-13.555631,0 -57.615433,-13.555432,0 -57.615562,-13.555233,0 -57.615672,-13.555034,0 -57.615801,-13.554834,0 -57.615911,-13.554635,0 -57.616040,-13.554436,0 -57.616151,-13.554237,0 -57.616261,-13.554037,0 -57.616390,-13.553838,0 -57.616500,-13.553639,0 -57.616629,-13.553440,0 -57.616740,-13.553241,0 -57.616869,-13.553041,0 -57.616979,-13.552842,0 -57.617089,-13.552643,0 -57.617218,-13.552444,0 -57.617329,-13.552245,0 -57.617457,-13.552045,0 -57.617568,-13.551864,0 -57.617697,-13.551665,0 -57.617807,-13.551466,0 -57.617918,-13.551267,0 -57.618046,-13.551067,0 -57.618157,-13.550868,0 -57.618286,-13.550669,0 -57.618396,-13.550470,0 -57.618525,-13.550270,0 -57.618635,-13.550071,0 -57.618746,-13.549872,0 -57.619023,-13.549908,0 -57.619079,-13.550124,0 -57.619154,-13.550359,0 -57.619210,-13.550576,0 -57.619284,-13.550811,0 -57.619340,-13.551028,0 -57.619415,-13.551263,0 -57.619471,-13.551480,0 -57.619545,-13.551715,0 -57.619601,-13.551931,0 -57.619676,-13.552166,0 -57.619732,-13.552401,0 -57.619806,-13.552618,0 -57.619862,-13.552853,0 -57.619937,-13.553070,0 -57.619993,-13.553305,0 -57.620067,-13.553522,0 -57.620142,-13.553757,0 -57.620198,-13.553973,0 -57.620273,-13.554208,0 -57.620329,-13.554425,0 -57.620403,-13.554660,0 -57.620459,-13.554877,0 -57.620588,-13.554696,0 -57.620717,-13.554497,0 -57.620846,-13.554297,0 -57.620975,-13.554116,0 -57.621104,-13.553917,0 -57.621232,-13.553718,0 -57.621361,-13.553537,0 -57.621490,-13.553337,0 -57.621619,-13.553138,0 -57.621730,-13.552957,0 -57.621858,-13.552758,0 -57.621987,-13.552558,0 -57.622116,-13.552377,0 -57.622245,-13.552178,0 -57.622374,-13.551979,0 -57.622503,-13.551798,0 -57.622632,-13.551598,0 -57.622761,-13.551399,0 -57.622890,-13.551200,0 -57.623018,-13.551019,0 -57.623147,-13.550820,0 -57.623276,-13.550620,0 -57.623405,-13.550439,0 -57.623534,-13.550240,0 -57.623663,-13.550041,0 -57.623792,-13.549860,0 -57.623921,-13.549660,0 -57.624031,-13.549461,0 -57.624160,-13.549280,0 -57.624289,-13.549081,0 -57.624418,-13.548881,0 -57.624547,-13.548700,0 -57.624675,-13.548501,0 -57.624804,-13.548302,0 -57.624933,-13.548121,0 -57.625062,-13.547921,0 -57.625191,-13.547722,0 -57.625266,-13.548011,0 -57.625359,-13.548300,0 -57.625415,-13.548517,0 -57.625489,-13.548752,0 -57.625545,-13.548969,0 -57.625620,-13.549186,0 -57.625676,-13.549403,0 -57.625732,-13.549620,0 -57.625806,-13.549836,0 -57.625862,-13.550053,0 -57.625937,-13.550270,0 -57.625993,-13.550487,0 -57.626067,-13.550722,0 -57.626123,-13.550939,0 -57.626180,-13.551156,0 -57.626254,-13.551372,0 -57.626310,-13.551589,0 -57.626385,-13.551806,0 -57.626441,-13.552023,0 -57.626497,-13.552240,0 -57.626571,-13.552457,0 -57.626627,-13.552692,0 -57.626702,-13.552908,0 -57.626758,-13.553125,0 -57.626814,-13.553342,0 -57.626888,-13.553559,0 -57.626944,-13.553776,0 -57.627019,-13.553993,0 -57.627075,-13.554209,0 -57.627131,-13.554426,0 -57.627205,-13.554661,0 -57.627261,-13.554878,0</coordinates></LineString></Placemark>
<Placemark><name>T-07A - 4,92 km</name><description>Maxima 4917 m | Minima 3633 m | Reta 1983 m | 50.64 ha</description><styleUrl>#rota</styleUrl><LineString><tessellate>1</tessellate><coordinates>-57.614480,-13.551528,0 -57.614518,-13.551745,0 -57.614555,-13.551980,0 -57.614593,-13.552197,0 -57.614630,-13.552432,0 -57.614668,-13.552649,0 -57.614724,-13.552884,0 -57.614762,-13.553101,0 -57.614799,-13.553336,0 -57.614596,-13.553608,0 -57.614356,-13.553644,0 -57.614116,-13.553699,0 -57.613876,-13.553736,0 -57.613636,-13.553791,0 -57.613396,-13.553827,0 -57.613155,-13.553882,0 -57.612897,-13.553937,0 -57.612971,-13.554154,0 -57.613046,-13.554389,0 -57.613102,-13.554606,0 -57.613176,-13.554841,0 -57.613232,-13.555076,0 -57.613307,-13.555292,0 -57.613363,-13.555527,0 -57.613437,-13.555762,0 -57.613493,-13.555979,0 -57.613568,-13.556214,0 -57.613624,-13.556431,0 -57.613699,-13.556666,0 -57.613755,-13.556901,0 -57.613829,-13.557118,0 -57.613885,-13.557353,0 -57.613960,-13.557588,0 -57.614016,-13.557804,0 -57.614275,-13.558075,0 -57.614331,-13.558310,0 -57.614387,-13.558527,0 -57.614462,-13.558744,0 -57.614518,-13.558961,0 -57.614574,-13.559195,0 -57.614630,-13.559412,0 -57.614704,-13.559629,0 -57.614760,-13.559846,0 -57.614816,-13.560081,0 -57.614872,-13.560298,0 -57.614947,-13.560515,0 -57.615003,-13.560732,0 -57.615059,-13.560966,0 -57.615115,-13.561183,0 -57.615190,-13.561400,0 -57.615246,-13.561617,0 -57.615302,-13.561852,0 -57.615358,-13.562069,0 -57.615432,-13.562286,0 -57.615488,-13.562503,0 -57.615544,-13.562737,0 -57.615600,-13.562954,0 -57.615675,-13.563171,0 -57.615731,-13.563388,0 -57.615787,-13.563623,0 -57.615843,-13.563840,0 -57.615917,-13.564057,0 -57.615973,-13.564274,0 -57.616029,-13.564508,0 -57.616085,-13.564725,0 -57.616160,-13.564942,0 -57.616216,-13.565159,0 -57.616272,-13.565394,0 -57.616328,-13.565611,0 -57.616402,-13.565828,0 -57.616458,-13.566045,0 -57.616514,-13.566279,0 -57.616571,-13.566496,0 -57.616645,-13.566713,0 -57.616701,-13.566930,0 -57.616757,-13.567165,0 -57.616813,-13.567382,0 -57.616888,-13.567599,0 -57.616944,-13.567816,0 -57.617165,-13.567779,0 -57.617406,-13.567742,0 -57.617627,-13.567705,0 -57.617867,-13.567669,0 -57.618089,-13.567632,0 -57.618329,-13.567595,0 -57.618551,-13.567558,0 -57.618791,-13.567522,0 -57.619032,-13.567485,0 -57.619253,-13.567448,0 -57.619494,-13.567411,0 -57.619715,-13.567375,0 -57.619955,-13.567338,0 -57.620177,-13.567301,0 -57.620417,-13.567264,0 -57.620639,-13.567228,0 -57.620879,-13.567191,0 -57.621101,-13.567154,0 -57.621341,-13.567117,0 -57.621563,-13.567081,0 -57.621803,-13.567044,0 -57.622025,-13.567007,0 -57.622265,-13.566970,0 -57.622505,-13.566934,0 -57.622727,-13.566897,0 -57.622967,-13.566860,0 -57.623189,-13.566824,0 -57.623429,-13.566787,0 -57.623651,-13.566750,0 -57.623891,-13.566713,0 -57.623946,-13.566587,0 -57.624371,-13.566477,0 -57.624611,-13.566422,0 -57.624851,-13.566367,0 -57.625092,-13.566312,0 -57.625332,-13.566258,0 -57.625553,-13.566203,0 -57.625609,-13.566203,0 -57.625738,-13.565985,0 -57.625867,-13.565786,0 -57.626014,-13.565569,0 -57.626143,-13.565369,0 -57.626272,-13.565170,0 -57.626400,-13.564953,0 -57.626529,-13.564754,0 -57.626658,-13.564572,0 -57.626787,-13.564373,0 -57.626898,-13.564192,0 -57.627026,-13.563993,0 -57.627155,-13.563812,0 -57.627266,-13.563612,0 -57.627395,-13.563431,0 -57.627524,-13.563232,0 -57.627634,-13.563033,0 -57.627763,-13.562852,0 -57.627892,-13.562652,0 -57.628021,-13.562471,0 -57.628131,-13.562272,0 -57.628260,-13.562091,0 -57.628389,-13.561892,0 -57.628499,-13.561711,0 -57.628628,-13.561511,0 -57.628757,-13.561312,0 -57.628867,-13.561131,0 -57.628996,-13.560932,0 -57.629218,-13.560841,0 -57.629365,-13.560660,0 -57.629513,-13.560478,0 -57.629642,-13.560297,0 -57.629789,-13.560116,0 -57.629936,-13.559935,0 -57.630084,-13.559735,0 -57.630231,-13.559554,0 -57.630378,-13.559373,0 -57.630526,-13.559192,0 -57.630673,-13.559011,0 -57.630821,-13.558829,0 -57.630968,-13.558648,0 -57.631115,-13.558467,0 -57.631244,-13.558286,0 -57.631392,-13.558105,0 -57.631539,-13.557923,0 -57.631687,-13.557742,0 -57.631834,-13.557561,0 -57.631981,-13.557380,0 -57.632129,-13.557199,0 -57.632276,-13.557017,0 -57.632424,-13.556836,0 -57.632571,-13.556655,0 -57.632700,-13.556474,0 -57.632847,-13.556293,0 -57.632995,-13.556111,0 -57.633142,-13.555930,0 -57.633289,-13.555749,0 -57.633437,-13.555568,0 -57.633584,-13.555387,0 -57.633732,-13.555205,0 -57.634083,-13.555349,0 -57.634139,-13.555566,0 -57.634177,-13.555801,0 -57.634233,-13.556018,0 -57.634270,-13.556253,0 -57.634326,-13.556470,0 -57.634364,-13.556705,0 -57.634420,-13.556922,0 -57.634458,-13.557157,0 -57.634514,-13.557373,0 -57.634551,-13.557608,0 -57.634607,-13.557825,0</coordinates></LineString></Placemark>
<Placemark><name>T-07B - 5,88 km</name><description>Maxima 5881 m | Minima 4329 m | Reta 2244 m | 63.94 ha</description><styleUrl>#rota</styleUrl><LineString><tessellate>1</tessellate><coordinates>-57.614480,-13.551528,0 -57.614518,-13.551745,0 -57.614555,-13.551980,0 -57.614593,-13.552197,0 -57.614630,-13.552432,0 -57.614668,-13.552649,0 -57.614724,-13.552884,0 -57.614762,-13.553101,0 -57.614799,-13.553336,0 -57.614596,-13.553608,0 -57.614356,-13.553644,0 -57.614116,-13.553699,0 -57.613876,-13.553736,0 -57.613636,-13.553791,0 -57.613396,-13.553827,0 -57.613155,-13.553882,0 -57.612897,-13.553937,0 -57.612971,-13.554154,0 -57.613046,-13.554389,0 -57.613102,-13.554606,0 -57.613176,-13.554841,0 -57.613232,-13.555076,0 -57.613307,-13.555292,0 -57.613363,-13.555527,0 -57.613437,-13.555762,0 -57.613493,-13.555979,0 -57.613568,-13.556214,0 -57.613624,-13.556431,0 -57.613699,-13.556666,0 -57.613755,-13.556901,0 -57.613829,-13.557118,0 -57.613885,-13.557353,0 -57.613960,-13.557588,0 -57.614016,-13.557804,0 -57.614275,-13.558075,0 -57.614331,-13.558310,0 -57.614387,-13.558527,0 -57.614462,-13.558744,0 -57.614518,-13.558961,0 -57.614574,-13.559195,0 -57.614630,-13.559412,0 -57.614704,-13.559629,0 -57.614760,-13.559846,0 -57.614816,-13.560081,0 -57.614872,-13.560298,0 -57.614947,-13.560515,0 -57.615003,-13.560732,0 -57.615059,-13.560966,0 -57.615115,-13.561183,0 -57.615190,-13.561400,0 -57.615246,-13.561617,0 -57.615302,-13.561852,0 -57.615358,-13.562069,0 -57.615432,-13.562286,0 -57.615488,-13.562503,0 -57.615544,-13.562737,0 -57.615600,-13.562954,0 -57.615675,-13.563171,0 -57.615731,-13.563388,0 -57.615787,-13.563623,0 -57.615843,-13.563840,0 -57.615917,-13.564057,0 -57.615973,-13.564274,0 -57.616029,-13.564508,0 -57.616085,-13.564725,0 -57.616160,-13.564942,0 -57.616216,-13.565159,0 -57.616272,-13.565394,0 -57.616328,-13.565611,0 -57.616402,-13.565828,0 -57.616458,-13.566045,0 -57.616514,-13.566279,0 -57.616571,-13.566496,0 -57.616645,-13.566713,0 -57.616701,-13.566930,0 -57.616757,-13.567165,0 -57.616813,-13.567382,0 -57.616888,-13.567599,0 -57.616944,-13.567816,0 -57.617165,-13.567779,0 -57.617406,-13.567742,0 -57.617627,-13.567705,0 -57.617867,-13.567669,0 -57.618089,-13.567632,0 -57.618329,-13.567595,0 -57.618551,-13.567558,0 -57.618791,-13.567522,0 -57.619032,-13.567485,0 -57.619253,-13.567448,0 -57.619494,-13.567411,0 -57.619715,-13.567375,0 -57.619955,-13.567338,0 -57.620177,-13.567301,0 -57.620417,-13.567264,0 -57.620639,-13.567228,0 -57.620879,-13.567191,0 -57.621101,-13.567154,0 -57.621341,-13.567117,0 -57.621563,-13.567081,0 -57.621803,-13.567044,0 -57.622025,-13.567007,0 -57.622265,-13.566970,0 -57.622505,-13.566934,0 -57.622727,-13.566897,0 -57.622967,-13.566860,0 -57.623189,-13.566824,0 -57.623429,-13.566787,0 -57.623651,-13.566750,0 -57.623891,-13.566713,0 -57.623946,-13.566587,0 -57.624371,-13.566477,0 -57.624611,-13.566422,0 -57.624851,-13.566367,0 -57.625092,-13.566312,0 -57.625332,-13.566258,0 -57.625553,-13.566203,0 -57.625609,-13.566203,0 -57.625738,-13.565985,0 -57.625867,-13.565786,0 -57.626014,-13.565569,0 -57.626143,-13.565369,0 -57.626272,-13.565170,0 -57.626400,-13.564953,0 -57.626529,-13.564754,0 -57.626658,-13.564572,0 -57.626787,-13.564373,0 -57.626898,-13.564192,0 -57.627026,-13.563993,0 -57.627155,-13.563812,0 -57.627266,-13.563612,0 -57.627395,-13.563431,0 -57.627524,-13.563232,0 -57.627634,-13.563033,0 -57.627763,-13.562852,0 -57.627892,-13.562652,0 -57.628021,-13.562471,0 -57.628131,-13.562272,0 -57.628260,-13.562091,0 -57.628389,-13.561892,0 -57.628499,-13.561711,0 -57.628628,-13.561511,0 -57.628757,-13.561312,0 -57.628867,-13.561131,0 -57.628996,-13.560932,0 -57.629218,-13.560841,0 -57.629365,-13.560660,0 -57.629513,-13.560478,0 -57.629642,-13.560297,0 -57.629789,-13.560116,0 -57.629936,-13.559935,0 -57.630084,-13.559735,0 -57.630231,-13.559554,0 -57.630378,-13.559373,0 -57.630526,-13.559192,0 -57.630673,-13.559011,0 -57.630821,-13.558829,0 -57.630968,-13.558648,0 -57.631115,-13.558467,0 -57.631244,-13.558286,0 -57.631392,-13.558105,0 -57.631539,-13.557923,0 -57.631687,-13.557742,0 -57.631834,-13.557561,0 -57.631981,-13.557380,0 -57.632129,-13.557199,0 -57.632276,-13.557017,0 -57.632424,-13.556836,0 -57.632571,-13.556655,0 -57.632700,-13.556474,0 -57.632847,-13.556293,0 -57.632995,-13.556111,0 -57.633142,-13.555930,0 -57.633289,-13.555749,0 -57.633437,-13.555568,0 -57.633584,-13.555387,0 -57.633732,-13.555205,0 -57.633879,-13.555024,0 -57.634026,-13.554843,0 -57.634211,-13.554625,0 -57.634358,-13.554444,0 -57.634505,-13.554281,0 -57.634653,-13.554100,0 -57.634800,-13.553919,0 -57.634948,-13.553756,0 -57.635095,-13.553574,0 -57.635224,-13.553393,0 -57.635371,-13.553230,0 -57.635519,-13.553049,0 -57.635666,-13.552868,0 -57.635814,-13.552705,0 -57.635961,-13.552523,0 -57.636108,-13.552342,0 -57.636256,-13.552161,0 -57.636403,-13.551998,0 -57.636551,-13.551817,0 -57.636698,-13.551635,0 -57.636845,-13.551472,0 -57.636993,-13.551291,0 -57.637140,-13.551110,0 -57.637288,-13.550947,0 -57.637435,-13.550765,0 -57.637564,-13.550584,0 -57.637711,-13.550421,0 -57.637859,-13.550240,0 -57.638006,-13.550059,0 -57.638154,-13.549878,0 -57.638301,-13.549714,0 -57.638448,-13.549533,0 -57.638596,-13.549352,0 -57.638743,-13.549189,0 -57.638891,-13.549008,0 -57.639038,-13.548826,0 -57.639185,-13.548663,0 -57.639333,-13.548482,0 -57.639480,-13.548301,0 -57.639628,-13.548138,0 -57.639684,-13.548355,0 -57.639740,-13.548571,0 -57.639796,-13.548788,0 -57.639852,-13.549023,0 -57.639908,-13.549240,0 -57.639964,-13.549457,0 -57.640020,-13.549674,0 -57.640076,-13.549909,0 -57.640132,-13.550126,0 -57.640188,-13.550342,0 -57.640244,-13.550559,0</coordinates></LineString></Placemark>
<Placemark><name>T-07C - 6,35 km</name><description>Maxima 6351 m | Minima 4680 m | Reta 2115 m | 54.78 ha</description><styleUrl>#rota</styleUrl><LineString><tessellate>1</tessellate><coordinates>-57.614480,-13.551528,0 -57.614518,-13.551745,0 -57.614555,-13.551980,0 -57.614593,-13.552197,0 -57.614630,-13.552432,0 -57.614668,-13.552649,0 -57.614724,-13.552884,0 -57.614762,-13.553101,0 -57.614799,-13.553336,0 -57.614596,-13.553608,0 -57.614356,-13.553644,0 -57.614116,-13.553699,0 -57.613876,-13.553736,0 -57.613636,-13.553791,0 -57.613396,-13.553827,0 -57.613155,-13.553882,0 -57.612897,-13.553937,0 -57.612971,-13.554154,0 -57.613046,-13.554389,0 -57.613102,-13.554606,0 -57.613176,-13.554841,0 -57.613232,-13.555076,0 -57.613307,-13.555292,0 -57.613363,-13.555527,0 -57.613437,-13.555762,0 -57.613493,-13.555979,0 -57.613568,-13.556214,0 -57.613624,-13.556431,0 -57.613699,-13.556666,0 -57.613755,-13.556901,0 -57.613829,-13.557118,0 -57.613885,-13.557353,0 -57.613960,-13.557588,0 -57.614016,-13.557804,0 -57.614275,-13.558075,0 -57.614331,-13.558310,0 -57.614387,-13.558527,0 -57.614462,-13.558744,0 -57.614518,-13.558961,0 -57.614574,-13.559195,0 -57.614630,-13.559412,0 -57.614704,-13.559629,0 -57.614760,-13.559846,0 -57.614816,-13.560081,0 -57.614872,-13.560298,0 -57.614947,-13.560515,0 -57.615003,-13.560732,0 -57.615059,-13.560966,0 -57.615115,-13.561183,0 -57.615190,-13.561400,0 -57.615246,-13.561617,0 -57.615302,-13.561852,0 -57.615358,-13.562069,0 -57.615432,-13.562286,0 -57.615488,-13.562503,0 -57.615544,-13.562737,0 -57.615600,-13.562954,0 -57.615675,-13.563171,0 -57.615731,-13.563388,0 -57.615787,-13.563623,0 -57.615843,-13.563840,0 -57.615917,-13.564057,0 -57.615973,-13.564274,0 -57.616029,-13.564508,0 -57.616085,-13.564725,0 -57.616160,-13.564942,0 -57.616216,-13.565159,0 -57.616272,-13.565394,0 -57.616328,-13.565611,0 -57.616402,-13.565828,0 -57.616458,-13.566045,0 -57.616514,-13.566279,0 -57.616571,-13.566496,0 -57.616645,-13.566713,0 -57.616701,-13.566930,0 -57.616757,-13.567165,0 -57.616813,-13.567382,0 -57.616888,-13.567599,0 -57.616944,-13.567816,0 -57.617165,-13.567779,0 -57.617406,-13.567742,0 -57.617627,-13.567705,0 -57.617867,-13.567669,0 -57.618089,-13.567632,0 -57.618329,-13.567595,0 -57.618551,-13.567558,0 -57.618791,-13.567522,0 -57.619032,-13.567485,0 -57.619253,-13.567448,0 -57.619494,-13.567411,0 -57.619715,-13.567375,0 -57.619955,-13.567338,0 -57.620177,-13.567301,0 -57.620417,-13.567264,0 -57.620639,-13.567228,0 -57.620879,-13.567191,0 -57.621101,-13.567154,0 -57.621341,-13.567117,0 -57.621563,-13.567081,0 -57.621803,-13.567044,0 -57.622025,-13.567007,0 -57.622265,-13.566970,0 -57.622505,-13.566934,0 -57.622727,-13.566897,0 -57.622967,-13.566860,0 -57.623189,-13.566824,0 -57.623429,-13.566787,0 -57.623651,-13.566750,0 -57.623891,-13.566713,0 -57.623946,-13.566587,0 -57.624371,-13.566477,0 -57.624611,-13.566422,0 -57.624851,-13.566367,0 -57.625092,-13.566312,0 -57.625332,-13.566258,0 -57.625553,-13.566203,0 -57.625609,-13.566203,0 -57.625738,-13.565985,0 -57.625867,-13.565786,0 -57.626014,-13.565569,0 -57.626143,-13.565369,0 -57.626272,-13.565170,0 -57.626400,-13.564953,0 -57.626529,-13.564754,0 -57.626658,-13.564572,0 -57.626787,-13.564373,0 -57.626898,-13.564192,0 -57.627026,-13.563993,0 -57.627155,-13.563812,0 -57.627266,-13.563612,0 -57.627395,-13.563431,0 -57.627524,-13.563232,0 -57.627634,-13.563033,0 -57.627763,-13.562852,0 -57.627892,-13.562652,0 -57.628021,-13.562471,0 -57.628131,-13.562272,0 -57.628260,-13.562091,0 -57.628389,-13.561892,0 -57.628499,-13.561711,0 -57.628628,-13.561511,0 -57.628757,-13.561312,0 -57.628867,-13.561131,0 -57.628996,-13.560932,0 -57.629218,-13.560841,0 -57.629365,-13.560660,0 -57.629513,-13.560478,0 -57.629642,-13.560297,0 -57.629789,-13.560116,0 -57.629936,-13.559935,0 -57.630084,-13.559735,0 -57.630231,-13.559554,0 -57.630378,-13.559373,0 -57.630526,-13.559192,0 -57.630673,-13.559011,0 -57.630821,-13.558829,0 -57.630968,-13.558648,0 -57.631115,-13.558467,0 -57.631244,-13.558286,0 -57.631392,-13.558105,0 -57.631539,-13.557923,0 -57.631687,-13.557742,0 -57.631834,-13.557561,0 -57.631981,-13.557380,0 -57.632129,-13.557199,0 -57.632276,-13.557017,0 -57.632424,-13.556836,0 -57.632571,-13.556655,0 -57.632700,-13.556474,0 -57.632847,-13.556293,0 -57.632995,-13.556111,0 -57.633142,-13.555930,0 -57.633289,-13.555749,0 -57.633437,-13.555568,0 -57.633584,-13.555387,0 -57.633732,-13.555205,0 -57.633879,-13.555024,0 -57.634026,-13.554843,0 -57.634211,-13.554625,0 -57.634358,-13.554444,0 -57.634505,-13.554281,0 -57.634653,-13.554100,0 -57.634800,-13.553919,0 -57.634948,-13.553756,0 -57.635095,-13.553574,0 -57.635224,-13.553393,0 -57.635371,-13.553230,0 -57.635519,-13.553049,0 -57.635666,-13.552868,0 -57.635814,-13.552705,0 -57.635961,-13.552523,0 -57.636108,-13.552342,0 -57.636256,-13.552161,0 -57.636403,-13.551998,0 -57.636551,-13.551817,0 -57.636698,-13.551635,0 -57.636845,-13.551472,0 -57.636993,-13.551291,0 -57.637140,-13.551110,0 -57.637288,-13.550947,0 -57.637435,-13.550765,0 -57.637564,-13.550584,0 -57.637711,-13.550421,0 -57.637859,-13.550240,0 -57.638006,-13.550059,0 -57.638154,-13.549878,0 -57.638301,-13.549714,0 -57.638448,-13.549533,0 -57.638596,-13.549352,0 -57.638743,-13.549189,0 -57.638891,-13.549008,0 -57.639038,-13.548826,0 -57.639185,-13.548663,0 -57.639333,-13.548482,0 -57.639480,-13.548301,0 -57.639646,-13.548011,0 -57.639571,-13.547794,0 -57.639497,-13.547577,0 -57.639441,-13.547343,0 -57.639366,-13.547126,0 -57.639292,-13.546909,0 -57.639217,-13.546692,0 -57.639161,-13.546475,0 -57.639087,-13.546258,0 -57.639012,-13.546042,0 -57.638938,-13.545825,0 -57.638882,-13.545608,0 -57.638807,-13.545391,0 -57.638733,-13.545174,0 -57.638658,-13.544957,0 -57.638602,-13.544741,0 -57.638527,-13.544524,0 -57.638453,-13.544307,0 -57.638378,-13.544090,0 -57.638322,-13.543873,0 -57.638248,-13.543656,0 -57.638173,-13.543440,0 -57.638099,-13.543223,0 -57.638043,-13.542988,0 -57.637968,-13.542771,0 -57.637894,-13.542554,0 -57.637838,-13.542337,0 -57.637763,-13.542121,0 -57.637689,-13.541904,0 -57.637614,-13.541687,0</coordinates></LineString></Placemark>
<Placemark><name>T-07D - 5,34 km</name><description>Maxima 5336 m | Minima 3804 m | Reta 1623 m | 43.25 ha</description><styleUrl>#rota</styleUrl><LineString><tessellate>1</tessellate><coordinates>-57.614480,-13.551528,0 -57.614518,-13.551745,0 -57.614555,-13.551980,0 -57.614593,-13.552197,0 -57.614630,-13.552432,0 -57.614668,-13.552649,0 -57.614724,-13.552884,0 -57.614762,-13.553101,0 -57.614799,-13.553336,0 -57.614596,-13.553608,0 -57.614356,-13.553644,0 -57.614116,-13.553699,0 -57.613876,-13.553736,0 -57.613636,-13.553791,0 -57.613396,-13.553827,0 -57.613155,-13.553882,0 -57.612897,-13.553937,0 -57.612971,-13.554154,0 -57.613046,-13.554389,0 -57.613102,-13.554606,0 -57.613176,-13.554841,0 -57.613232,-13.555076,0 -57.613307,-13.555292,0 -57.613363,-13.555527,0 -57.613437,-13.555762,0 -57.613493,-13.555979,0 -57.613568,-13.556214,0 -57.613624,-13.556431,0 -57.613699,-13.556666,0 -57.613755,-13.556901,0 -57.613829,-13.557118,0 -57.613885,-13.557353,0 -57.613960,-13.557588,0 -57.614016,-13.557804,0 -57.614145,-13.557605,0 -57.614255,-13.557406,0 -57.614384,-13.557207,0 -57.614494,-13.557008,0 -57.614605,-13.556808,0 -57.614734,-13.556609,0 -57.614844,-13.556428,0 -57.614973,-13.556229,0 -57.615083,-13.556030,0 -57.615212,-13.555830,0 -57.615323,-13.555631,0 -57.615433,-13.555432,0 -57.615562,-13.555233,0 -57.615672,-13.555034,0 -57.615801,-13.554834,0 -57.615911,-13.554635,0 -57.616040,-13.554436,0 -57.616151,-13.554237,0 -57.616261,-13.554037,0 -57.616390,-13.553838,0 -57.616500,-13.553639,0 -57.616629,-13.553440,0 -57.616740,-13.553241,0 -57.616869,-13.553041,0 -57.616979,-13.552842,0 -57.617089,-13.552643,0 -57.617218,-13.552444,0 -57.617329,-13.552245,0 -57.617457,-13.552045,0 -57.617568,-13.551864,0 -57.617697,-13.551665,0 -57.617807,-13.551466,0 -57.617918,-13.551267,0 -57.618046,-13.551067,0 -57.618157,-13.550868,0 -57.618286,-13.550669,0 -57.618396,-13.550470,0 -57.618525,-13.550270,0 -57.618635,-13.550071,0 -57.618746,-13.549872,0 -57.619023,-13.549908,0 -57.619079,-13.550124,0 -57.619154,-13.550359,0 -57.619210,-13.550576,0 -57.619284,-13.550811,0 -57.619340,-13.551028,0 -57.619415,-13.551263,0 -57.619471,-13.551480,0 -57.619545,-13.551715,0 -57.619601,-13.551931,0 -57.619676,-13.552166,0 -57.619732,-13.552401,0 -57.619806,-13.552618,0 -57.619862,-13.552853,0 -57.619937,-13.553070,0 -57.619993,-13.553305,0 -57.620067,-13.553522,0 -57.620142,-13.553757,0 -57.620198,-13.553973,0 -57.620273,-13.554208,0 -57.620329,-13.554425,0 -57.620403,-13.554660,0 -57.620459,-13.554877,0 -57.620515,-13.555112,0 -57.620590,-13.555329,0 -57.620646,-13.555546,0 -57.620720,-13.555762,0 -57.620776,-13.555979,0 -57.620851,-13.556214,0 -57.620907,-13.556431,0 -57.620963,-13.556648,0 -57.621037,-13.556865,0 -57.621093,-13.557082,0 -57.621168,-13.557317,0 -57.621224,-13.557533,0 -57.621280,-13.557750,0 -57.621354,-13.557967,0 -57.621410,-13.558184,0 -57.621485,-13.558419,0 -57.621485,-13.558401,0 -57.621632,-13.558201,0 -57.621780,-13.558020,0 -57.621909,-13.557839,0 -57.622056,-13.557658,0 -57.622203,-13.557477,0 -57.622332,-13.557296,0 -57.622480,-13.557114,0 -57.622627,-13.556933,0 -57.622756,-13.556752,0 -57.622903,-13.556571,0 -57.623051,-13.556371,0 -57.623180,-13.556190,0 -57.623327,-13.555991,0 -57.623475,-13.555810,0 -57.623603,-13.555629,0 -57.623751,-13.555447,0 -57.623898,-13.555266,0 -57.624027,-13.555103,0 -57.624175,-13.554922,0 -57.624340,-13.554723,0 -57.624488,-13.554541,0 -57.624635,-13.554360,0 -57.624801,-13.554179,0 -57.624949,-13.553998,0 -57.625096,-13.553817,0 -57.625243,-13.553635,0 -57.625409,-13.553454,0 -57.625557,-13.553273,0 -57.625704,-13.553092,0 -57.625851,-13.552911,0 -57.626017,-13.552729,0 -57.626165,-13.552548,0 -57.626312,-13.552367,0 -57.626459,-13.552168,0 -57.626534,-13.552402,0 -57.626590,-13.552619,0 -57.626664,-13.552836,0 -57.626721,-13.553053,0 -57.626795,-13.553288,0 -57.626851,-13.553505,0 -57.626907,-13.553722,0 -57.626982,-13.553957,0 -57.627038,-13.554173,0 -57.627112,-13.554390,0 -57.627168,-13.554607,0 -57.627224,-13.554842,0 -57.627299,-13.555059,0 -57.627355,-13.555276,0 -57.627429,-13.555493,0 -57.627596,-13.555655,0 -57.627652,-13.555872,0 -57.628040,-13.555907,0 -57.628151,-13.555708,0 -57.628280,-13.555527,0 -57.628390,-13.555327,0 -57.628519,-13.555128,0 -57.628629,-13.554929,0 -57.628758,-13.554730,0 -57.628887,-13.554530,0 -57.628997,-13.554331,0 -57.629126,-13.554132,0 -57.629237,-13.553933,0 -57.629366,-13.553752,0 -57.629476,-13.553552,0 -57.629605,-13.553353,0 -57.629715,-13.553154,0 -57.629844,-13.552955,0 -57.629954,-13.552756,0 -57.630083,-13.552556,0 -57.630194,-13.552357,0 -57.630323,-13.552158,0 -57.630433,-13.551977,0 -57.630562,-13.551777,0 -57.630672,-13.551578,0 -57.630801,-13.551379,0 -57.630930,-13.551180,0 -57.631040,-13.550981,0 -57.631169,-13.550781,0 -57.631280,-13.550582,0 -57.631408,-13.550401,0 -57.631519,-13.550202,0 -57.631648,-13.550003,0 -57.631758,-13.549803,0 -57.631887,-13.549604,0 -57.631997,-13.549405,0 -57.632126,-13.549206,0 -57.632237,-13.549006,0 -57.632365,-13.548807,0 -57.632476,-13.548626,0 -57.632605,-13.548427,0 -57.632661,-13.548644,0</coordinates></LineString></Placemark>
<Placemark><name>T-08A - 3,96 km</name><description>Maxima 3961 m | Minima 3089 m | Reta 1985 m | 14.18 ha</description><styleUrl>#rota</styleUrl><LineString><tessellate>1</tessellate><coordinates>-57.614480,-13.551528,0 -57.614518,-13.551745,0 -57.614555,-13.551980,0 -57.614593,-13.552197,0 -57.614630,-13.552432,0 -57.614668,-13.552649,0 -57.614724,-13.552884,0 -57.614762,-13.553101,0 -57.614799,-13.553336,0 -57.614596,-13.553608,0 -57.614356,-13.553644,0 -57.614116,-13.553699,0 -57.613876,-13.553736,0 -57.613636,-13.553791,0 -57.613396,-13.553827,0 -57.613155,-13.553882,0 -57.612897,-13.553937,0 -57.612971,-13.554154,0 -57.613046,-13.554389,0 -57.613102,-13.554606,0 -57.613176,-13.554841,0 -57.613232,-13.555076,0 -57.613307,-13.555292,0 -57.613363,-13.555527,0 -57.613437,-13.555762,0 -57.613493,-13.555979,0 -57.613568,-13.556214,0 -57.613624,-13.556431,0 -57.613699,-13.556666,0 -57.613755,-13.556901,0 -57.613829,-13.557118,0 -57.613885,-13.557353,0 -57.613960,-13.557588,0 -57.614016,-13.557804,0 -57.614275,-13.558075,0 -57.614331,-13.558310,0 -57.614387,-13.558527,0 -57.614462,-13.558744,0 -57.614518,-13.558961,0 -57.614574,-13.559195,0 -57.614630,-13.559412,0 -57.614704,-13.559629,0 -57.614760,-13.559846,0 -57.614816,-13.560081,0 -57.614872,-13.560298,0 -57.614947,-13.560515,0 -57.615003,-13.560732,0 -57.615059,-13.560966,0 -57.615115,-13.561183,0 -57.615190,-13.561400,0 -57.615246,-13.561617,0 -57.615302,-13.561852,0 -57.615358,-13.562069,0 -57.615432,-13.562286,0 -57.615488,-13.562503,0 -57.615544,-13.562737,0 -57.615600,-13.562954,0 -57.615675,-13.563171,0 -57.615731,-13.563388,0 -57.615787,-13.563623,0 -57.615843,-13.563840,0 -57.615917,-13.564057,0 -57.615973,-13.564274,0 -57.616029,-13.564508,0 -57.616085,-13.564725,0 -57.616160,-13.564942,0 -57.616216,-13.565159,0 -57.616272,-13.565394,0 -57.616328,-13.565611,0 -57.616402,-13.565828,0 -57.616458,-13.566045,0 -57.616514,-13.566279,0 -57.616571,-13.566496,0 -57.616645,-13.566713,0 -57.616701,-13.566930,0 -57.616757,-13.567165,0 -57.616813,-13.567382,0 -57.616888,-13.567599,0 -57.616944,-13.567816,0 -57.617165,-13.567779,0 -57.617406,-13.567742,0 -57.617627,-13.567705,0 -57.617867,-13.567669,0 -57.618089,-13.567632,0 -57.618329,-13.567595,0 -57.618551,-13.567558,0 -57.618791,-13.567522,0 -57.619032,-13.567485,0 -57.619253,-13.567448,0 -57.619494,-13.567411,0 -57.619715,-13.567375,0 -57.619955,-13.567338,0 -57.620177,-13.567301,0 -57.620417,-13.567264,0 -57.620639,-13.567228,0 -57.620879,-13.567191,0 -57.621101,-13.567154,0 -57.621341,-13.567117,0 -57.621563,-13.567081,0 -57.621803,-13.567044,0 -57.622025,-13.567007,0 -57.622265,-13.566970,0 -57.622505,-13.566934,0 -57.622727,-13.566897,0 -57.622967,-13.566860,0 -57.623189,-13.566824,0 -57.623429,-13.566787,0 -57.623651,-13.566750,0 -57.623891,-13.566713,0 -57.624279,-13.566658,0 -57.624538,-13.566603,0 -57.624797,-13.566566,0 -57.625055,-13.566530,0 -57.625332,-13.566493,0 -57.625720,-13.566401,0 -57.625942,-13.566383,0 -57.626182,-13.566346,0 -57.626423,-13.566327,0 -57.626644,-13.566290,0 -57.626885,-13.566272,0 -57.627125,-13.566253,0 -57.627347,-13.566216,0 -57.627587,-13.566198,0 -57.627827,-13.566161,0 -57.628049,-13.566142,0 -57.628289,-13.566124,0 -57.628529,-13.566087,0 -57.628751,-13.566068,0 -57.628991,-13.566049,0 -57.629231,-13.566013,0 -57.629453,-13.565994,0 -57.629693,-13.565957,0 -57.629934,-13.565939,0 -57.630155,-13.565920,0 -57.630396,-13.565883,0 -57.630636,-13.565864,0 -57.630561,-13.565630,0 -57.630487,-13.565413,0 -57.630412,-13.565196,0 -57.630338,-13.564979,0 -57.630263,-13.564744,0 -57.630189,-13.564527,0 -57.630114,-13.564311,0 -57.630040,-13.564094,0 -57.629965,-13.563859,0 -57.629891,-13.563642,0 -57.629816,-13.563425,0 -57.629742,-13.563208,0 -57.629667,-13.562974,0</coordinates></LineString></Placemark>
<Placemark><name>T-09A - 5,60 km</name><description>Maxima 5597 m | Minima 4041 m | Reta 2720 m | 51.15 ha</description><styleUrl>#rota</styleUrl><LineString><tessellate>1</tessellate><coordinates>-57.614480,-13.551528,0 -57.614518,-13.551745,0 -57.614555,-13.551980,0 -57.614593,-13.552197,0 -57.614630,-13.552432,0 -57.614668,-13.552649,0 -57.614724,-13.552884,0 -57.614762,-13.553101,0 -57.614799,-13.553336,0 -57.614596,-13.553608,0 -57.614356,-13.553644,0 -57.614116,-13.553699,0 -57.613876,-13.553736,0 -57.613636,-13.553791,0 -57.613396,-13.553827,0 -57.613155,-13.553882,0 -57.612897,-13.553937,0 -57.612971,-13.554154,0 -57.613046,-13.554389,0 -57.613102,-13.554606,0 -57.613176,-13.554841,0 -57.613232,-13.555076,0 -57.613307,-13.555292,0 -57.613363,-13.555527,0 -57.613437,-13.555762,0 -57.613493,-13.555979,0 -57.613568,-13.556214,0 -57.613624,-13.556431,0 -57.613699,-13.556666,0 -57.613755,-13.556901,0 -57.613829,-13.557118,0 -57.613885,-13.557353,0 -57.613960,-13.557588,0 -57.614016,-13.557804,0 -57.614275,-13.558075,0 -57.614331,-13.558310,0 -57.614387,-13.558527,0 -57.614462,-13.558744,0 -57.614518,-13.558961,0 -57.614574,-13.559195,0 -57.614630,-13.559412,0 -57.614704,-13.559629,0 -57.614760,-13.559846,0 -57.614816,-13.560081,0 -57.614872,-13.560298,0 -57.614947,-13.560515,0 -57.615003,-13.560732,0 -57.615059,-13.560966,0 -57.615115,-13.561183,0 -57.615190,-13.561400,0 -57.615246,-13.561617,0 -57.615302,-13.561852,0 -57.615358,-13.562069,0 -57.615432,-13.562286,0 -57.615488,-13.562503,0 -57.615544,-13.562737,0 -57.615600,-13.562954,0 -57.615675,-13.563171,0 -57.615731,-13.563388,0 -57.615787,-13.563623,0 -57.615843,-13.563840,0 -57.615917,-13.564057,0 -57.615973,-13.564274,0 -57.616029,-13.564508,0 -57.616085,-13.564725,0 -57.616160,-13.564942,0 -57.616216,-13.565159,0 -57.616272,-13.565394,0 -57.616328,-13.565611,0 -57.616402,-13.565828,0 -57.616458,-13.566045,0 -57.616514,-13.566279,0 -57.616571,-13.566496,0 -57.616645,-13.566713,0 -57.616701,-13.566930,0 -57.616757,-13.567165,0 -57.616813,-13.567382,0 -57.616888,-13.567599,0 -57.616944,-13.567816,0 -57.617165,-13.567779,0 -57.617406,-13.567742,0 -57.617627,-13.567705,0 -57.617867,-13.567669,0 -57.618089,-13.567632,0 -57.618329,-13.567595,0 -57.618551,-13.567558,0 -57.618791,-13.567522,0 -57.619032,-13.567485,0 -57.619253,-13.567448,0 -57.619494,-13.567411,0 -57.619715,-13.567375,0 -57.619955,-13.567338,0 -57.620177,-13.567301,0 -57.620417,-13.567264,0 -57.620639,-13.567228,0 -57.620879,-13.567191,0 -57.621101,-13.567154,0 -57.621341,-13.567117,0 -57.621563,-13.567081,0 -57.621803,-13.567044,0 -57.622025,-13.567007,0 -57.622265,-13.566970,0 -57.622505,-13.566934,0 -57.622727,-13.566897,0 -57.622967,-13.566860,0 -57.623189,-13.566824,0 -57.623429,-13.566787,0 -57.623651,-13.566750,0 -57.623891,-13.566713,0 -57.624279,-13.566658,0 -57.624538,-13.566603,0 -57.624797,-13.566566,0 -57.625055,-13.566530,0 -57.625332,-13.566493,0 -57.625720,-13.566401,0 -57.625942,-13.566383,0 -57.626182,-13.566346,0 -57.626423,-13.566327,0 -57.626644,-13.566290,0 -57.626885,-13.566272,0 -57.627125,-13.566253,0 -57.627347,-13.566216,0 -57.627587,-13.566198,0 -57.627827,-13.566161,0 -57.628049,-13.566142,0 -57.628289,-13.566124,0 -57.628529,-13.566087,0 -57.628751,-13.566068,0 -57.628991,-13.566049,0 -57.629231,-13.566013,0 -57.629453,-13.565994,0 -57.629693,-13.565957,0 -57.629934,-13.565939,0 -57.630155,-13.565920,0 -57.630396,-13.565883,0 -57.630636,-13.565864,0 -57.630931,-13.565791,0 -57.631172,-13.565755,0 -57.631430,-13.565736,0 -57.631671,-13.565699,0 -57.631911,-13.565680,0 -57.632151,-13.565644,0 -57.632391,-13.565607,0 -57.632632,-13.565588,0 -57.632890,-13.565551,0 -57.633131,-13.565533,0 -57.633371,-13.565496,0 -57.633611,-13.565459,0 -57.633851,-13.565440,0 -57.634091,-13.565404,0 -57.634406,-13.565566,0 -57.634481,-13.565800,0 -57.634537,-13.566017,0 -57.634611,-13.566234,0 -57.634667,-13.566469,0 -57.634742,-13.566686,0 -57.634816,-13.566921,0 -57.634872,-13.567138,0 -57.634947,-13.567354,0 -57.635003,-13.567589,0 -57.635077,-13.567806,0 -57.635152,-13.568041,0 -57.635208,-13.568258,0 -57.635283,-13.568475,0 -57.635339,-13.568710,0 -57.635413,-13.568927,0 -57.635488,-13.569161,0 -57.635709,-13.569125,0 -57.635950,-13.569088,0 -57.636190,-13.569051,0 -57.636412,-13.569014,0 -57.636652,-13.568996,0 -57.636892,-13.568959,0 -57.637114,-13.568922,0 -57.637354,-13.568885,0 -57.637594,-13.568849,0 -57.637834,-13.568830,0 -57.638056,-13.568793,0 -57.638296,-13.568756,0 -57.638537,-13.568720,0 -57.638758,-13.568683,0 -57.638999,-13.568646,0 -57.639239,-13.568627,0 -57.639479,-13.568591,0 -57.639701,-13.568554,0 -57.639941,-13.568517,0 -57.640181,-13.568480,0 -57.640403,-13.568462,0 -57.640643,-13.568425,0 -57.640883,-13.568388,0 -57.641105,-13.568351,0 -57.641345,-13.568315,0 -57.641586,-13.568296,0 -57.641826,-13.568259,0 -57.642047,-13.568222,0 -57.642288,-13.568186,0 -57.642528,-13.568149,0 -57.642750,-13.568112,0 -57.642990,-13.568093,0 -57.643230,-13.568057,0 -57.643452,-13.568020,0 -57.643692,-13.567983,0 -57.643914,-13.567964,0 -57.644154,-13.567928,0 -57.644376,-13.567891,0 -57.644616,-13.567854,0 -57.644838,-13.567817,0 -57.645078,-13.567799,0 -57.645300,-13.567762,0 -57.645225,-13.567636,0 -57.645040,-13.567491,0 -57.644836,-13.567365,0</coordinates></LineString></Placemark>
<Placemark><name>T-09B - 6,23 km</name><description>Maxima 6232 m | Minima 4529 m | Reta 2736 m | 51.45 ha</description><styleUrl>#rota</styleUrl><LineString><tessellate>1</tessellate><coordinates>-57.614480,-13.551528,0 -57.614518,-13.551745,0 -57.614555,-13.551980,0 -57.614593,-13.552197,0 -57.614630,-13.552432,0 -57.614668,-13.552649,0 -57.614724,-13.552884,0 -57.614762,-13.553101,0 -57.614799,-13.553336,0 -57.614596,-13.553608,0 -57.614356,-13.553644,0 -57.614116,-13.553699,0 -57.613876,-13.553736,0 -57.613636,-13.553791,0 -57.613396,-13.553827,0 -57.613155,-13.553882,0 -57.612897,-13.553937,0 -57.612971,-13.554154,0 -57.613046,-13.554389,0 -57.613102,-13.554606,0 -57.613176,-13.554841,0 -57.613232,-13.555076,0 -57.613307,-13.555292,0 -57.613363,-13.555527,0 -57.613437,-13.555762,0 -57.613493,-13.555979,0 -57.613568,-13.556214,0 -57.613624,-13.556431,0 -57.613699,-13.556666,0 -57.613755,-13.556901,0 -57.613829,-13.557118,0 -57.613885,-13.557353,0 -57.613960,-13.557588,0 -57.614016,-13.557804,0 -57.614275,-13.558075,0 -57.614331,-13.558310,0 -57.614387,-13.558527,0 -57.614462,-13.558744,0 -57.614518,-13.558961,0 -57.614574,-13.559195,0 -57.614630,-13.559412,0 -57.614704,-13.559629,0 -57.614760,-13.559846,0 -57.614816,-13.560081,0 -57.614872,-13.560298,0 -57.614947,-13.560515,0 -57.615003,-13.560732,0 -57.615059,-13.560966,0 -57.615115,-13.561183,0 -57.615190,-13.561400,0 -57.615246,-13.561617,0 -57.615302,-13.561852,0 -57.615358,-13.562069,0 -57.615432,-13.562286,0 -57.615488,-13.562503,0 -57.615544,-13.562737,0 -57.615600,-13.562954,0 -57.615675,-13.563171,0 -57.615731,-13.563388,0 -57.615787,-13.563623,0 -57.615843,-13.563840,0 -57.615917,-13.564057,0 -57.615973,-13.564274,0 -57.616029,-13.564508,0 -57.616085,-13.564725,0 -57.616160,-13.564942,0 -57.616216,-13.565159,0 -57.616272,-13.565394,0 -57.616328,-13.565611,0 -57.616402,-13.565828,0 -57.616458,-13.566045,0 -57.616514,-13.566279,0 -57.616571,-13.566496,0 -57.616645,-13.566713,0 -57.616701,-13.566930,0 -57.616757,-13.567165,0 -57.616813,-13.567382,0 -57.616888,-13.567599,0 -57.616944,-13.567816,0 -57.617165,-13.567779,0 -57.617406,-13.567742,0 -57.617627,-13.567705,0 -57.617867,-13.567669,0 -57.618089,-13.567632,0 -57.618329,-13.567595,0 -57.618551,-13.567558,0 -57.618791,-13.567522,0 -57.619032,-13.567485,0 -57.619253,-13.567448,0 -57.619494,-13.567411,0 -57.619715,-13.567375,0 -57.619955,-13.567338,0 -57.620177,-13.567301,0 -57.620417,-13.567264,0 -57.620639,-13.567228,0 -57.620879,-13.567191,0 -57.621101,-13.567154,0 -57.621341,-13.567117,0 -57.621563,-13.567081,0 -57.621803,-13.567044,0 -57.622025,-13.567007,0 -57.622265,-13.566970,0 -57.622505,-13.566934,0 -57.622727,-13.566897,0 -57.622967,-13.566860,0 -57.623189,-13.566824,0 -57.623429,-13.566787,0 -57.623651,-13.566750,0 -57.623891,-13.566713,0 -57.624279,-13.566658,0 -57.624538,-13.566603,0 -57.624797,-13.566566,0 -57.625055,-13.566530,0 -57.625332,-13.566493,0 -57.625720,-13.566401,0 -57.625942,-13.566383,0 -57.626182,-13.566346,0 -57.626423,-13.566327,0 -57.626644,-13.566290,0 -57.626885,-13.566272,0 -57.627125,-13.566253,0 -57.627347,-13.566216,0 -57.627587,-13.566198,0 -57.627827,-13.566161,0 -57.628049,-13.566142,0 -57.628289,-13.566124,0 -57.628529,-13.566087,0 -57.628751,-13.566068,0 -57.628991,-13.566049,0 -57.629231,-13.566013,0 -57.629453,-13.565994,0 -57.629693,-13.565957,0 -57.629934,-13.565939,0 -57.630155,-13.565920,0 -57.630396,-13.565883,0 -57.630636,-13.565864,0 -57.630931,-13.565791,0 -57.631172,-13.565755,0 -57.631430,-13.565736,0 -57.631671,-13.565699,0 -57.631911,-13.565680,0 -57.632151,-13.565644,0 -57.632391,-13.565607,0 -57.632632,-13.565588,0 -57.632890,-13.565551,0 -57.633131,-13.565533,0 -57.633371,-13.565496,0 -57.633611,-13.565459,0 -57.633851,-13.565440,0 -57.634091,-13.565404,0 -57.634406,-13.565566,0 -57.634481,-13.565800,0 -57.634537,-13.566017,0 -57.634611,-13.566234,0 -57.634667,-13.566469,0 -57.634742,-13.566686,0 -57.634816,-13.566921,0 -57.634872,-13.567138,0 -57.634947,-13.567354,0 -57.635003,-13.567589,0 -57.635077,-13.567806,0 -57.635152,-13.568041,0 -57.635208,-13.568258,0 -57.635283,-13.568475,0 -57.635339,-13.568710,0 -57.635413,-13.568927,0 -57.635488,-13.569161,0 -57.635709,-13.569125,0 -57.635950,-13.569088,0 -57.636190,-13.569051,0 -57.636412,-13.569014,0 -57.636652,-13.568996,0 -57.636892,-13.568959,0 -57.637114,-13.568922,0 -57.637354,-13.568885,0 -57.637594,-13.568849,0 -57.637834,-13.568830,0 -57.638056,-13.568793,0 -57.638296,-13.568756,0 -57.638537,-13.568720,0 -57.638758,-13.568683,0 -57.638999,-13.568646,0 -57.639239,-13.568627,0 -57.639479,-13.568591,0 -57.639701,-13.568554,0 -57.639941,-13.568517,0 -57.640181,-13.568480,0 -57.640403,-13.568462,0 -57.640643,-13.568425,0 -57.640883,-13.568388,0 -57.641105,-13.568351,0 -57.641345,-13.568315,0 -57.641586,-13.568296,0 -57.641826,-13.568259,0 -57.642047,-13.568222,0 -57.642288,-13.568186,0 -57.642528,-13.568149,0 -57.642750,-13.568112,0 -57.642990,-13.568093,0 -57.643230,-13.568057,0 -57.643452,-13.568020,0 -57.643692,-13.567983,0 -57.643914,-13.567964,0 -57.644154,-13.567928,0 -57.644376,-13.567891,0 -57.644616,-13.567854,0 -57.644838,-13.567817,0 -57.645078,-13.567799,0 -57.645300,-13.567762,0 -57.645244,-13.567563,0 -57.645169,-13.567346,0 -57.645113,-13.567129,0 -57.645038,-13.566913,0 -57.644982,-13.566696,0 -57.644908,-13.566479,0 -57.644852,-13.566262,0 -57.644777,-13.566045,0 -57.644721,-13.565828,0 -57.644647,-13.565612,0 -57.644572,-13.565377,0 -57.644516,-13.565160,0 -57.644442,-13.564943,0 -57.644386,-13.564726,0 -57.644311,-13.564509,0 -57.644255,-13.564293,0 -57.644181,-13.564076,0 -57.644124,-13.563859,0 -57.644050,-13.563642,0 -57.643975,-13.563425,0 -57.643919,-13.563208,0 -57.643845,-13.562974,0 -57.643789,-13.562757,0 -57.643714,-13.562540,0 -57.643658,-13.562323,0 -57.643584,-13.562106,0 -57.643528,-13.561889,0 -57.643453,-13.561673,0</coordinates></LineString></Placemark>
</Folder><Folder><name>Malha usada no calculo</name>
<Placemark><name>divisa 0</name><styleUrl>#malha</styleUrl><LineString><tessellate>1</tessellate><coordinates>-57.669650,-13.607160,0 -57.664080,-13.607720,0 -57.662940,-13.600360,0 -57.669060,-13.599540,0 -57.671500,-13.606960,0</coordinates></LineString></Placemark>
<Placemark><name>divisa 1</name><styleUrl>#malha</styleUrl><LineString><tessellate>1</tessellate><coordinates>-57.671500,-13.606960,0 -57.673270,-13.612370,0 -57.664920,-13.613480,0 -57.664080,-13.607760,0 -57.669650,-13.607160,0</coordinates></LineString></Placemark>
<Placemark><name>divisa 2</name><styleUrl>#malha</styleUrl><LineString><tessellate>1</tessellate><coordinates>-57.671500,-13.606960,0 -57.669650,-13.607160,0</coordinates></LineString></Placemark>
<Placemark><name>divisa 3</name><styleUrl>#malha</styleUrl><LineString><tessellate>1</tessellate><coordinates>-57.669650,-13.607160,0 -57.671500,-13.606960,0</coordinates></LineString></Placemark>
<Placemark><name>divisa 4</name><styleUrl>#malha</styleUrl><LineString><tessellate>1</tessellate><coordinates>-57.655960,-13.590810,0 -57.655960,-13.590200,0</coordinates></LineString></Placemark>
<Placemark><name>divisa 5</name><styleUrl>#malha</styleUrl><LineString><tessellate>1</tessellate><coordinates>-57.655960,-13.590200,0 -57.655960,-13.590810,0</coordinates></LineString></Placemark>
<Placemark><name>divisa 6</name><styleUrl>#malha</styleUrl><LineString><tessellate>1</tessellate><coordinates>-57.655960,-13.590200,0 -57.656040,-13.581550,0 -57.659900,-13.581170,0 -57.661230,-13.590890,0 -57.655960,-13.590810,0</coordinates></LineString></Placemark>
<Placemark><name>divisa 7</name><styleUrl>#malha</styleUrl><LineString><tessellate>1</tessellate><coordinates>-57.655960,-13.590810,0 -57.656040,-13.601320,0 -57.646510,-13.602650,0 -57.655950,-13.589430,0 -57.655960,-13.590200,0</coordinates></LineString></Placemark>
<Placemark><name>divisa 8</name><styleUrl>#malha</styleUrl><LineString><tessellate>1</tessellate><coordinates>-57.636550,-13.561830,0 -57.636690,-13.561610,0</coordinates></LineString></Placemark>
<Placemark><name>divisa 9</name><styleUrl>#malha</styleUrl><LineString><tessellate>1</tessellate><coordinates>-57.635730,-13.563030,0 -57.634060,-13.554800,0 -57.639620,-13.548130,0 -57.641270,-13.554550,0 -57.636690,-13.561610,0</coordinates></LineString></Placemark>
<Placemark><name>divisa 10</name><styleUrl>#malha</styleUrl><LineString><tessellate>1</tessellate><coordinates>-57.636690,-13.561610,0 -57.645310,-13.567760,0 -57.635480,-13.569160,0 -57.634410,-13.565570,0 -57.636550,-13.561830,0</coordinates></LineString></Placemark>
<Placemark><name>divisa 11</name><styleUrl>#malha</styleUrl><LineString><tessellate>1</tessellate><coordinates>-57.636690,-13.561610,0 -57.636550,-13.561830,0</coordinates></LineString></Placemark>
<Placemark><name>divisa 12</name><styleUrl>#malha</styleUrl><LineString><tessellate>1</tessellate><coordinates>-57.636550,-13.561830,0 -57.635770,-13.563040,0</coordinates></LineString></Placemark>
<Placemark><name>divisa 13</name><styleUrl>#malha</styleUrl><LineString><tessellate>1</tessellate><coordinates>-57.631840,-13.595320,0 -57.636390,-13.600320,0</coordinates></LineString></Placemark>
<Placemark><name>divisa 14</name><styleUrl>#malha</styleUrl><LineString><tessellate>1</tessellate><coordinates>-57.635250,-13.598910,0 -57.636390,-13.600320,0</coordinates></LineString></Placemark>
<Placemark><name>divisa 15</name><styleUrl>#malha</styleUrl><LineString><tessellate>1</tessellate><coordinates>-57.636390,-13.600320,0 -57.636940,-13.600920,0 -57.632170,-13.613100,0</coordinates></LineString></Placemark>
<Placemark><name>divisa 16</name><styleUrl>#malha</styleUrl><LineString><tessellate>1</tessellate><coordinates>-57.636390,-13.600320,0 -57.636900,-13.600940,0 -57.632170,-13.613100,0</coordinates></LineString></Placemark>
<Placemark><name>divisa 17</name><styleUrl>#malha</styleUrl><LineString><tessellate>1</tessellate><coordinates>-57.635730,-13.563030,0 -57.635770,-13.563040,0</coordinates></LineString></Placemark>
<Placemark><name>divisa 18</name><styleUrl>#malha</styleUrl><LineString><tessellate>1</tessellate><coordinates>-57.635770,-13.563040,0 -57.634340,-13.565380,0 -57.630690,-13.565820,0 -57.629150,-13.561080,0 -57.634040,-13.555120,0 -57.635730,-13.563030,0</coordinates></LineString></Placemark>
<Placemark><name>divisa 19</name><styleUrl>#malha</styleUrl><LineString><tessellate>1</tessellate><coordinates>-57.635770,-13.563040,0 -57.635730,-13.563030,0</coordinates></LineString></Placemark>
<Placemark><name>divisa 20</name><styleUrl>#malha</styleUrl><LineString><tessellate>1</tessellate><coordinates>-57.635250,-13.598910,0 -57.631900,-13.595070,0</coordinates></LineString></Placemark>
<Placemark><name>divisa 21</name><styleUrl>#malha</styleUrl><LineString><tessellate>1</tessellate><coordinates>-57.631900,-13.595070,0 -57.631960,-13.594850,0 -57.635250,-13.598910,0</coordinates></LineString></Placemark>
<Placemark><name>divisa 22</name><styleUrl>#malha</styleUrl><LineString><tessellate>1</tessellate><coordinates>-57.634800,-13.581790,0 -57.636140,-13.581800,0 -57.636660,-13.581940,0 -57.639360,-13.581820,0 -57.642090,-13.582050,0 -57.642170,-13.583800,0 -57.641770,-13.584510,0 -57.640200,-13.589430,0 -57.639960,-13.590530,0 -57.640050,-13.592680,0 -57.636980,-13.600900,0 -57.635250,-13.598910,0</coordinates></LineString></Placemark>
<Placemark><name>divisa 23</name><styleUrl>#malha</styleUrl><LineString><tessellate>1</tessellate><coordinates>-57.634770,-13.581790,0 -57.634800,-13.581790,0</coordinates></LineString></Placemark>
<Placemark><name>divisa 24</name><styleUrl>#malha</styleUrl><LineString><tessellate>1</tessellate><coordinates>-57.634770,-13.581750,0 -57.634800,-13.581790,0</coordinates></LineString></Placemark>
<Placemark><name>divisa 25</name><styleUrl>#malha</styleUrl><LineString><tessellate>1</tessellate><coordinates>-57.634800,-13.581790,0 -57.631790,-13.594930,0</coordinates></LineString></Placemark>
<Placemark><name>divisa 26</name><styleUrl>#malha</styleUrl><LineString><tessellate>1</tessellate><coordinates>-57.634440,-13.581710,0 -57.634770,-13.581750,0</coordinates></LineString></Placemark>
<Placemark><name>divisa 27</name><styleUrl>#malha</styleUrl><LineString><tessellate>1</tessellate><coordinates>-57.634770,-13.581750,0 -57.634790,-13.581670,0 -57.634110,-13.581630,0 -57.634440,-13.581710,0</coordinates></LineString></Placemark>
<Placemark><name>divisa 28</name><styleUrl>#malha</styleUrl><LineString><tessellate>1</tessellate><coordinates>-57.634770,-13.581790,0 -57.634770,-13.581750,0</coordinates></LineString></Placemark>
<Placemark><name>divisa 29</name><styleUrl>#malha</styleUrl><LineString><tessellate>1</tessellate><coordinates>-57.634440,-13.581710,0 -57.634770,-13.581790,0</coordinates></LineString></Placemark>
<Placemark><name>divisa 30</name><styleUrl>#malha</styleUrl><LineString><tessellate>1</tessellate><coordinates>-57.631790,-13.594930,0 -57.634770,-13.581790,0</coordinates></LineString></Placemark>
<Placemark><name>divisa 31</name><styleUrl>#malha</styleUrl><LineString><tessellate>1</tessellate><coordinates>-57.631790,-13.594930,0 -57.622220,-13.584550,0 -57.630010,-13.582820,0 -57.633350,-13.581800,0 -57.634060,-13.581650,0 -57.634440,-13.581710,0</coordinates></LineString></Placemark>
<Placemark><name>divisa 32</name><styleUrl>#malha</styleUrl><LineString><tessellate>1</tessellate><coordinates>-57.632630,-13.548210,0 -57.630000,-13.539400,0</coordinates></LineString></Placemark>
<Placemark><name>divisa 33</name><styleUrl>#malha</styleUrl><LineString><tessellate>1</tessellate><coordinates>-57.630000,-13.539400,0 -57.632730,-13.548050,0 -57.632630,-13.548210,0</coordinates></LineString></Placemark>
<Placemark><name>divisa 34</name><styleUrl>#malha</styleUrl><LineString><tessellate>1</tessellate><coordinates>-57.630450,-13.531950,0 -57.633500,-13.527250,0 -57.637430,-13.540790,0 -57.632630,-13.548210,0</coordinates></LineString></Placemark>
<Placemark><name>divisa 35</name><styleUrl>#malha</styleUrl><LineString><tessellate>1</tessellate><coordinates>-57.632630,-13.548210,0 -57.627710,-13.556100,0 -57.623890,-13.542250,0 -57.627430,-13.536830,0</coordinates></LineString></Placemark>
<Placemark><name>divisa 36</name><styleUrl>#malha</styleUrl><LineString><tessellate>1</tessellate><coordinates>-57.632170,-13.613100,0 -57.632130,-13.613210,0 -57.629990,-13.613210,0 -57.628530,-13.608120,0 -57.630310,-13.601250,0</coordinates></LineString></Placemark>
<Placemark><name>divisa 37</name><styleUrl>#malha</styleUrl><LineString><tessellate>1</tessellate><coordinates>-57.632170,-13.613100,0 -57.630030,-13.613120,0 -57.628740,-13.608100,0 -57.630310,-13.601250,0</coordinates></LineString></Placemark>
<Placemark><name>divisa 38</name><styleUrl>#malha</styleUrl><LineString><tessellate>1</tessellate><coordinates>-57.631900,-13.595070,0 -57.631790,-13.594930,0</coordinates></LineString></Placemark>
<Placemark><name>divisa 39</name><styleUrl>#malha</styleUrl><LineString><tessellate>1</tessellate><coordinates>-57.631840,-13.595320,0 -57.631900,-13.595070,0</coordinates></LineString></Placemark>
<Placemark><name>divisa 40</name><styleUrl>#malha</styleUrl><LineString><tessellate>1</tessellate><coordinates>-57.630310,-13.601250,0 -57.631840,-13.595320,0</coordinates></LineString></Placemark>
<Placemark><name>divisa 41</name><styleUrl>#malha</styleUrl><LineString><tessellate>1</tessellate><coordinates>-57.630310,-13.601250,0 -57.631840,-13.595320,0</coordinates></LineString></Placemark>
<Placemark><name>divisa 42</name><styleUrl>#malha</styleUrl><LineString><tessellate>1</tessellate><coordinates>-57.627170,-13.530380,0 -57.624510,-13.521360,0 -57.629690,-13.514080,0 -57.631400,-13.519920,0 -57.630070,-13.524100,0 -57.632820,-13.525180,0 -57.633500,-13.527060,0 -57.630450,-13.531950,0</coordinates></LineString></Placemark>
<Placemark><name>divisa 43</name><styleUrl>#malha</styleUrl><LineString><tessellate>1</tessellate><coordinates>-57.630450,-13.531950,0 -57.628640,-13.534850,0</coordinates></LineString></Placemark>
<Placemark><name>divisa 44</name><styleUrl>#malha</styleUrl><LineString><tessellate>1</tessellate><coordinates>-57.628640,-13.534850,0 -57.630450,-13.531950,0</coordinates></LineString></Placemark>
<Placemark><name>divisa 45</name><styleUrl>#malha</styleUrl><LineString><tessellate>1</tessellate><coordinates>-57.628600,-13.535050,0 -57.630000,-13.539400,0</coordinates></LineString></Placemark>
<Placemark><name>divisa 46</name><styleUrl>#malha</styleUrl><LineString><tessellate>1</tessellate><coordinates>-57.630000,-13.539400,0 -57.628640,-13.534850,0</coordinates></LineString></Placemark>
<Placemark><name>divisa 47</name><styleUrl>#malha</styleUrl><LineString><tessellate>1</tessellate><coordinates>-57.628410,-13.558810,0 -57.628980,-13.560860,0</coordinates></LineString></Placemark>
<Placemark><name>divisa 48</name><styleUrl>#malha</styleUrl><LineString><tessellate>1</tessellate><coordinates>-57.628410,-13.558810,0 -57.628980,-13.560860,0</coordinates></LineString></Placemark>
<Placemark><name>divisa 49</name><styleUrl>#malha</styleUrl><LineString><tessellate>1</tessellate><coordinates>-57.628980,-13.560860,0 -57.626410,-13.564950,0</coordinates></LineString></Placemark>
<Placemark><name>divisa 50</name><styleUrl>#malha</styleUrl><LineString><tessellate>1</tessellate><coordinates>-57.628980,-13.560860,0 -57.626410,-13.564950,0</coordinates></LineString></Placemark>
<Placemark><name>divisa 51</name><styleUrl>#malha</styleUrl><LineString><tessellate>1</tessellate><coordinates>-57.628640,-13.534850,0 -57.628570,-13.534960,0</coordinates></LineString></Placemark>
<Placemark><name>divisa 52</name><styleUrl>#malha</styleUrl><LineString><tessellate>1</tessellate><coordinates>-57.628570,-13.534960,0 -57.628600,-13.535050,0</coordinates></LineString></Placemark>
<Placemark><name>divisa 53</name><styleUrl>#malha</styleUrl><LineString><tessellate>1</tessellate><coordinates>-57.628600,-13.535050,0 -57.627430,-13.536830,0</coordinates></LineString></Placemark>
<Placemark><name>divisa 54</name><styleUrl>#malha</styleUrl><LineString><tessellate>1</tessellate><coordinates>-57.627430,-13.536830,0 -57.628600,-13.535050,0</coordinates></LineString></Placemark>
<Placemark><name>divisa 55</name><styleUrl>#malha</styleUrl><LineString><tessellate>1</tessellate><coordinates>-57.627170,-13.530380,0 -57.628570,-13.534960,0</coordinates></LineString></Placemark>
<Placemark><name>divisa 56</name><styleUrl>#malha</styleUrl><LineString><tessellate>1</tessellate><coordinates>-57.628570,-13.534960,0 -57.628530,-13.535030,0 -57.627170,-13.530380,0</coordinates></LineString></Placemark>
<Placemark><name>divisa 57</name><styleUrl>#malha</styleUrl><LineString><tessellate>1</tessellate><coordinates>-57.625360,-13.548310,0 -57.628410,-13.558810,0</coordinates></LineString></Placemark>
<Placemark><name>divisa 58</name><styleUrl>#malha</styleUrl><LineString><tessellate>1</tessellate><coordinates>-57.623730,-13.542700,0 -57.624660,-13.545250,0 -57.628410,-13.558810,0</coordinates></LineString></Placemark>
<Placemark><name>divisa 59</name><styleUrl>#malha</styleUrl><LineString><tessellate>1</tessellate><coordinates>-57.627430,-13.536830,0 -57.623830,-13.542090,0</coordinates></LineString></Placemark>
<Placemark><name>divisa 60</name><styleUrl>#malha</styleUrl><LineString><tessellate>1</tessellate><coordinates>-57.620700,-13.531720,0 -57.619770,-13.528480,0 -57.624450,-13.521430,0 -57.627170,-13.530380,0</coordinates></LineString></Placemark>
<Placemark><name>divisa 61</name><styleUrl>#malha</styleUrl><LineString><tessellate>1</tessellate><coordinates>-57.626410,-13.564950,0 -57.625460,-13.566460,0 -57.625330,-13.566490,0</coordinates></LineString></Placemark>
<Placemark><name>divisa 62</name><styleUrl>#malha</styleUrl><LineString><tessellate>1</tessellate><coordinates>-57.626410,-13.564950,0 -57.625560,-13.566200,0</coordinates></LineString></Placemark>
<Placemark><name>divisa 63</name><styleUrl>#malha</styleUrl><LineString><tessellate>1</tessellate><coordinates>-57.624030,-13.555100,0 -57.626470,-13.552180,0 -57.628960,-13.560810,0 -57.625560,-13.566200,0</coordinates></LineString></Placemark>
<Placemark><name>divisa 64</name><styleUrl>#malha</styleUrl><LineString><tessellate>1</tessellate><coordinates>-57.625560,-13.566200,0 -57.625440,-13.566400,0 -57.625050,-13.566490,0</coordinates></LineString></Placemark>
<Placemark><name>divisa 65</name><styleUrl>#malha</styleUrl><LineString><tessellate>1</tessellate><coordinates>-57.625560,-13.566200,0 -57.624380,-13.566490,0</coordinates></LineString></Placemark>
<Placemark><name>divisa 66</name><styleUrl>#malha</styleUrl><LineString><tessellate>1</tessellate><coordinates>-57.625190,-13.547730,0 -57.625360,-13.548310,0</coordinates></LineString></Placemark>
<Placemark><name>divisa 67</name><styleUrl>#malha</styleUrl><LineString><tessellate>1</tessellate><coordinates>-57.625190,-13.547730,0 -57.625360,-13.548310,0</coordinates></LineString></Placemark>
<Placemark><name>divisa 68</name><styleUrl>#malha</styleUrl><LineString><tessellate>1</tessellate><coordinates>-57.625360,-13.548310,0 -57.626360,-13.552070,0 -57.624030,-13.555100,0</coordinates></LineString></Placemark>
<Placemark><name>divisa 69</name><styleUrl>#malha</styleUrl><LineString><tessellate>1</tessellate><coordinates>-57.625050,-13.566490,0 -57.625330,-13.566490,0</coordinates></LineString></Placemark>
<Placemark><name>divisa 70</name><styleUrl>#malha</styleUrl><LineString><tessellate>1</tessellate><coordinates>-57.625330,-13.566490,0 -57.625690,-13.566490,0 -57.623890,-13.566740,0</coordinates></LineString></Placemark>
<Placemark><name>divisa 71</name><styleUrl>#malha</styleUrl><LineString><tessellate>1</tessellate><coordinates>-57.625330,-13.566490,0 -57.624280,-13.566650,0</coordinates></LineString></Placemark>
<Placemark><name>divisa 72</name><styleUrl>#malha</styleUrl><LineString><tessellate>1</tessellate><coordinates>-57.623730,-13.542700,0 -57.625190,-13.547730,0</coordinates></LineString></Placemark>
<Placemark><name>divisa 73</name><styleUrl>#malha</styleUrl><LineString><tessellate>1</tessellate><coordinates>-57.620460,-13.554880,0 -57.625190,-13.547730,0</coordinates></LineString></Placemark>
<Placemark><name>divisa 74</name><styleUrl>#malha</styleUrl><LineString><tessellate>1</tessellate><coordinates>-57.624380,-13.566490,0 -57.625050,-13.566490,0</coordinates></LineString></Placemark>
<Placemark><name>divisa 75</name><styleUrl>#malha</styleUrl><LineString><tessellate>1</tessellate><coordinates>-57.625050,-13.566490,0 -57.624280,-13.566650,0</coordinates></LineString></Placemark>
<Placemark><name>divisa 76</name><styleUrl>#malha</styleUrl><LineString><tessellate>1</tessellate><coordinates>-57.623940,-13.566590,0 -57.623980,-13.566490,0 -57.624380,-13.566490,0</coordinates></LineString></Placemark>
<Placemark><name>divisa 77</name><styleUrl>#malha</styleUrl><LineString><tessellate>1</tessellate><coordinates>-57.624380,-13.566490,0 -57.623940,-13.566590,0</coordinates></LineString></Placemark>
<Placemark><name>divisa 78</name><styleUrl>#malha</styleUrl><LineString><tessellate>1</tessellate><coordinates>-57.624280,-13.566650,0 -57.623890,-13.566740,0</coordinates></LineString></Placemark>
<Placemark><name>divisa 79</name><styleUrl>#malha</styleUrl><LineString><tessellate>1</tessellate><coordinates>-57.624280,-13.566650,0 -57.623900,-13.566710,0</coordinates></LineString></Placemark>
<Placemark><name>divisa 80</name><styleUrl>#malha</styleUrl><LineString><tessellate>1</tessellate><coordinates>-57.624030,-13.555100,0 -57.621490,-13.558400,0</coordinates></LineString></Placemark>
<Placemark><name>divisa 81</name><styleUrl>#malha</styleUrl><LineString><tessellate>1</tessellate><coordinates>-57.621490,-13.558400,0 -57.624030,-13.555100,0</coordinates></LineString></Placemark>
<Placemark><name>divisa 82</name><styleUrl>#malha</styleUrl><LineString><tessellate>1</tessellate><coordinates>-57.623900,-13.566710,0 -57.623940,-13.566590,0</coordinates></LineString></Placemark>
<Placemark><name>divisa 83</name><styleUrl>#malha</styleUrl><LineString><tessellate>1</tessellate><coordinates>-57.623940,-13.566590,0 -57.623860,-13.566610,0</coordinates></LineString></Placemark>
<Placemark><name>divisa 84</name><styleUrl>#malha</styleUrl><LineString><tessellate>1</tessellate><coordinates>-57.623890,-13.566740,0 -57.623900,-13.566710,0</coordinates></LineString></Placemark>
<Placemark><name>divisa 85</name><styleUrl>#malha</styleUrl><LineString><tessellate>1</tessellate><coordinates>-57.623900,-13.566710,0 -57.623890,-13.566720,0</coordinates></LineString></Placemark>
<Placemark><name>divisa 86</name><styleUrl>#malha</styleUrl><LineString><tessellate>1</tessellate><coordinates>-57.620700,-13.531720,0 -57.623830,-13.542090,0</coordinates></LineString></Placemark>
<Placemark><name>divisa 87</name><styleUrl>#malha</styleUrl><LineString><tessellate>1</tessellate><coordinates>-57.623830,-13.542090,0 -57.623890,-13.542290,0 -57.623690,-13.542570,0</coordinates></LineString></Placemark>
<Placemark><name>divisa 88</name><styleUrl>#malha</styleUrl><LineString><tessellate>1</tessellate><coordinates>-57.623830,-13.542090,0 -57.623760,-13.542190,0</coordinates></LineString></Placemark>
<Placemark><name>divisa 89</name><styleUrl>#malha</styleUrl><LineString><tessellate>1</tessellate><coordinates>-57.623890,-13.566740,0 -57.623890,-13.566720,0</coordinates></LineString></Placemark>
<Placemark><name>divisa 90</name><styleUrl>#malha</styleUrl><LineString><tessellate>1</tessellate><coordinates>-57.623890,-13.566720,0 -57.623860,-13.566610,0</coordinates></LineString></Placemark>
<Placemark><name>divisa 91</name><styleUrl>#malha</styleUrl><LineString><tessellate>1</tessellate><coordinates>-57.623890,-13.566720,0 -57.616940,-13.567820,0 -57.614150,-13.557640,0 -57.621830,-13.545270,0</coordinates></LineString></Placemark>
<Placemark><name>divisa 92</name><styleUrl>#malha</styleUrl><LineString><tessellate>1</tessellate><coordinates>-57.623860,-13.566610,0 -57.621490,-13.558400,0</coordinates></LineString></Placemark>
<Placemark><name>divisa 93</name><styleUrl>#malha</styleUrl><LineString><tessellate>1</tessellate><coordinates>-57.623860,-13.566610,0 -57.621480,-13.558410,0</coordinates></LineString></Placemark>
<Placemark><name>divisa 94</name><styleUrl>#malha</styleUrl><LineString><tessellate>1</tessellate><coordinates>-57.622060,-13.536460,0 -57.623760,-13.542190,0</coordinates></LineString></Placemark>
<Placemark><name>divisa 95</name><styleUrl>#malha</styleUrl><LineString><tessellate>1</tessellate><coordinates>-57.623760,-13.542190,0 -57.623660,-13.542460,0</coordinates></LineString></Placemark>
<Placemark><name>divisa 96</name><styleUrl>#malha</styleUrl><LineString><tessellate>1</tessellate><coordinates>-57.623760,-13.542190,0 -57.622060,-13.536460,0</coordinates></LineString></Placemark>
<Placemark><name>divisa 97</name><styleUrl>#malha</styleUrl><LineString><tessellate>1</tessellate><coordinates>-57.623690,-13.542570,0 -57.623730,-13.542700,0</coordinates></LineString></Placemark>
<Placemark><name>divisa 98</name><styleUrl>#malha</styleUrl><LineString><tessellate>1</tessellate><coordinates>-57.620460,-13.554880,0 -57.619020,-13.549900,0 -57.623730,-13.542700,0</coordinates></LineString></Placemark>
<Placemark><name>divisa 99</name><styleUrl>#malha</styleUrl><LineString><tessellate>1</tessellate><coordinates>-57.623660,-13.542460,0 -57.623690,-13.542570,0</coordinates></LineString></Placemark>
<Placemark><name>divisa 100</name><styleUrl>#malha</styleUrl><LineString><tessellate>1</tessellate><coordinates>-57.623690,-13.542570,0 -57.622370,-13.544440,0</coordinates></LineString></Placemark>
<Placemark><name>divisa 101</name><styleUrl>#malha</styleUrl><LineString><tessellate>1</tessellate><coordinates>-57.622180,-13.544720,0 -57.623630,-13.542370,0 -57.623660,-13.542460,0</coordinates></LineString></Placemark>
<Placemark><name>divisa 102</name><styleUrl>#malha</styleUrl><LineString><tessellate>1</tessellate><coordinates>-57.623660,-13.542460,0 -57.622370,-13.544440,0</coordinates></LineString></Placemark>
<Placemark><name>divisa 103</name><styleUrl>#malha</styleUrl><LineString><tessellate>1</tessellate><coordinates>-57.622370,-13.544440,0 -57.621830,-13.545270,0</coordinates></LineString></Placemark>
<Placemark><name>divisa 104</name><styleUrl>#malha</styleUrl><LineString><tessellate>1</tessellate><coordinates>-57.622370,-13.544440,0 -57.622180,-13.544720,0</coordinates></LineString></Placemark>
<Placemark><name>divisa 105</name><styleUrl>#malha</styleUrl><LineString><tessellate>1</tessellate><coordinates>-57.621830,-13.545270,0 -57.622180,-13.544720,0</coordinates></LineString></Placemark>
<Placemark><name>divisa 106</name><styleUrl>#malha</styleUrl><LineString><tessellate>1</tessellate><coordinates>-57.622180,-13.544720,0 -57.618950,-13.549290,0</coordinates></LineString></Placemark>
<Placemark><name>divisa 107</name><styleUrl>#malha</styleUrl><LineString><tessellate>1</tessellate><coordinates>-57.622060,-13.536460,0 -57.620700,-13.531720,0</coordinates></LineString></Placemark>
<Placemark><name>divisa 108</name><styleUrl>#malha</styleUrl><LineString><tessellate>1</tessellate><coordinates>-57.617440,-13.544430,0 -57.618720,-13.543940,0 -57.617710,-13.540870,0 -57.622060,-13.536460,0</coordinates></LineString></Placemark>
<Placemark><name>divisa 109</name><styleUrl>#malha</styleUrl><LineString><tessellate>1</tessellate><coordinates>-57.621830,-13.545270,0 -57.619040,-13.549570,0 -57.618950,-13.549290,0</coordinates></LineString></Placemark>
<Placemark><name>divisa 110</name><styleUrl>#malha</styleUrl><LineString><tessellate>1</tessellate><coordinates>-57.621490,-13.558400,0 -57.621480,-13.558410,0</coordinates></LineString></Placemark>
<Placemark><name>divisa 111</name><styleUrl>#malha</styleUrl><LineString><tessellate>1</tessellate><coordinates>-57.621480,-13.558410,0 -57.620460,-13.554880,0</coordinates></LineString></Placemark>
<Placemark><name>divisa 112</name><styleUrl>#malha</styleUrl><LineString><tessellate>1</tessellate><coordinates>-57.621480,-13.558410,0 -57.620460,-13.554880,0</coordinates></LineString></Placemark>
<Placemark><name>divisa 113</name><styleUrl>#malha</styleUrl><LineString><tessellate>1</tessellate><coordinates>-57.617440,-13.544430,0 -57.617410,-13.544330,0 -57.618660,-13.543960,0 -57.615720,-13.535260,0 -57.619840,-13.528850,0 -57.620700,-13.531720,0</coordinates></LineString></Placemark>
<Placemark><name>divisa 114</name><styleUrl>#malha</styleUrl><LineString><tessellate>1</tessellate><coordinates>-57.618950,-13.549290,0 -57.617490,-13.544630,0</coordinates></LineString></Placemark>
<Placemark><name>divisa 115</name><styleUrl>#malha</styleUrl><LineString><tessellate>1</tessellate><coordinates>-57.618950,-13.549290,0 -57.618830,-13.549460,0 -57.617490,-13.544630,0</coordinates></LineString></Placemark>
<Placemark><name>divisa 116</name><styleUrl>#malha</styleUrl><LineString><tessellate>1</tessellate><coordinates>-57.617490,-13.544630,0 -57.617440,-13.544430,0</coordinates></LineString></Placemark>
<Placemark><name>divisa 117</name><styleUrl>#malha</styleUrl><LineString><tessellate>1</tessellate><coordinates>-57.617490,-13.544630,0 -57.617440,-13.544430,0</coordinates></LineString></Placemark>
<Placemark><name>divisa 118</name><styleUrl>#malha</styleUrl><LineString><tessellate>1</tessellate><coordinates>-57.664830,-13.613430,0 -57.656080,-13.614520,0 -57.656120,-13.608600,0 -57.664020,-13.607700,0 -57.664830,-13.613430,0</coordinates></LineString></Placemark>
<Placemark><name>divisa 119</name><styleUrl>#malha</styleUrl><LineString><tessellate>1</tessellate><coordinates>-57.661460,-13.590970,0 -57.666140,-13.590410,0 -57.669060,-13.599480,0 -57.662880,-13.600230,0 -57.661460,-13.590970,0</coordinates></LineString></Placemark>
<Placemark><name>divisa 120</name><styleUrl>#malha</styleUrl><LineString><tessellate>1</tessellate><coordinates>-57.661400,-13.590890,0 -57.660030,-13.581170,0 -57.662860,-13.580420,0 -57.666210,-13.590310,0 -57.661400,-13.590890,0</coordinates></LineString></Placemark>
<Placemark><name>divisa 121</name><styleUrl>#malha</styleUrl><LineString><tessellate>1</tessellate><coordinates>-57.656190,-13.608580,0 -57.656060,-13.606640,0 -57.657580,-13.606570,0 -57.657540,-13.601190,0 -57.662710,-13.600400,0 -57.663930,-13.607640,0 -57.656190,-13.608580,0</coordinates></LineString></Placemark>
<Placemark><name>divisa 122</name><styleUrl>#malha</styleUrl><LineString><tessellate>1</tessellate><coordinates>-57.656010,-13.590870,0 -57.661290,-13.590950,0 -57.662770,-13.600170,0 -57.656100,-13.601230,0 -57.656010,-13.590870,0</coordinates></LineString></Placemark>
<Placemark><name>divisa 123</name><styleUrl>#malha</styleUrl><LineString><tessellate>1</tessellate><coordinates>-57.655860,-13.601480,0 -57.655950,-13.603030,0 -57.654880,-13.603110,0 -57.654880,-13.604360,0 -57.655910,-13.604320,0 -57.655910,-13.614540,0 -57.636810,-13.616830,0 -57.640710,-13.603530,0 -57.655860,-13.601480,0</coordinates></LineString></Placemark>
<Placemark><name>divisa 124</name><styleUrl>#malha</styleUrl><LineString><tessellate>1</tessellate><coordinates>-57.641340,-13.554680,0 -57.645240,-13.567570,0 -57.636740,-13.561540,0 -57.641340,-13.554680,0</coordinates></LineString></Placemark>
<Placemark><name>divisa 125</name><styleUrl>#malha</styleUrl><LineString><tessellate>1</tessellate><coordinates>-57.637410,-13.541040,0 -57.639640,-13.548000,0 -57.634110,-13.554550,0 -57.632820,-13.548210,0 -57.637410,-13.541040,0</coordinates></LineString></Placemark>
<Placemark><name>divisa 126</name><styleUrl>#malha</styleUrl><LineString><tessellate>1</tessellate><coordinates>-57.630630,-13.565860,0 -57.625720,-13.566400,0 -57.629080,-13.561210,0 -57.630630,-13.565860,0</coordinates></LineString></Placemark>
<Placemark><name>divisa 127</name><styleUrl>#malha</styleUrl><LineString><tessellate>1</tessellate><coordinates>-57.629210,-13.560830,0 -57.627800,-13.556310,0 -57.632600,-13.548420,0 -57.634020,-13.554850,0 -57.629210,-13.560830,0</coordinates></LineString></Placemark>
<Placemark><name>divisa 128</name><styleUrl>#malha</styleUrl><LineString><tessellate>1</tessellate><coordinates>-57.625690,-13.499810,0 -57.629600,-13.514040,0 -57.624410,-13.521260,0 -57.621490,-13.506740,0 -57.625690,-13.499810,0</coordinates></LineString></Placemark>
<Placemark><name>divisa 129</name><styleUrl>#malha</styleUrl><LineString><tessellate>1</tessellate><coordinates>-57.624320,-13.521260,0 -57.619860,-13.528270,0 -57.615910,-13.515330,0 -57.620970,-13.507160,0 -57.624320,-13.521260,0</coordinates></LineString></Placemark>
<Placemark><name>divisa 130</name><styleUrl>#malha</styleUrl><LineString><tessellate>1</tessellate><coordinates>-57.615820,-13.515330,0 -57.619730,-13.528560,0 -57.615010,-13.536150,0 -57.614150,-13.534070,0 -57.614710,-13.533280,0 -57.614750,-13.532440,0 -57.613720,-13.531820,0 -57.612730,-13.531980,0 -57.612090,-13.533030,0 -57.612390,-13.533990,0 -57.613680,-13.534360,0 -57.614110,-13.534030,0 -57.614920,-13.536280,0 -57.613550,-13.538240,0 -57.612990,-13.536660,0 -57.612220,-13.536110,0 -57.611100,-13.535950,0 -57.610200,-13.536610,0 -57.609900,-13.537910,0 -57.610160,-13.538700,0 -57.610800,-13.539530,0 -57.611750,-13.539780,0 -57.613210,-13.538910,0 -57.609940,-13.543540,0 -57.605950,-13.530270,0 -57.615820,-13.515330,0</coordinates></LineString></Placemark>
<Placemark><name>divisa 131</name><styleUrl>#malha</styleUrl><LineString><tessellate>1</tessellate><coordinates>-57.614020,-13.557810,0 -57.612910,-13.553930,0 -57.614840,-13.553550,0 -57.614240,-13.550170,0 -57.613330,-13.550340,0 -57.612390,-13.549460,0 -57.611580,-13.549300,0 -57.610030,-13.543580,0 -57.615010,-13.536320,0 -57.618870,-13.549670,0 -57.614020,-13.557810,0</coordinates></LineString></Placemark>
</Folder><Folder><name>Estradas extras</name>
<Placemark><name>estrada 1 (desenhada na bancada)</name><styleUrl>#extra</styleUrl><LineString><tessellate>1</tessellate><coordinates>-57.475096,-13.560327,0 -57.475134,-13.559923,0 -57.474906,-13.559553,0 -57.474968,-13.559292,0 -57.475702,-13.558849,0 -57.476770,-13.558147,0 -57.477580,-13.557621,0 -57.478202,-13.557300,0 -57.480029,-13.556653,0 -57.481029,-13.556374,0 -57.482240,-13.556040,0 -57.484200,-13.555561,0 -57.485734,-13.554956,0 -57.486822,-13.557173,0 -57.489803,-13.563659,0 -57.498769,-13.583329,0 -57.498800,-13.583550,0 -57.498716,-13.583704,0 -57.498448,-13.583975,0 -57.498246,-13.584218,0 -57.497385,-13.584833,0 -57.497275,-13.584849,0 -57.497085,-13.584700,0 -57.495840,-13.583848,0 -57.495580,-13.583655,0 -57.494108,-13.582625,0 -57.492241,-13.581418,0 -57.491265,-13.580706,0 -57.491104,-13.580539,0 -57.490087,-13.579624,0 -57.489851,-13.579535,0 -57.489586,-13.579496,0 -57.489350,-13.579410,0 -57.488703,-13.579043,0 -57.488228,-13.578740,0 -57.486530,-13.577490,0 -57.486005,-13.577017,0 -57.485715,-13.576219,0 -57.485605,-13.575935,0 -57.485501,-13.575627,0 -57.485407,-13.575233,0 -57.485393,-13.574430,0 -57.485372,-13.573659,0 -57.485299,-13.572274,0 -57.485286,-13.571750,0 -57.485203,-13.570410,0 -57.485109,-13.570063,0 -57.484658,-13.568606,0 -57.484307,-13.567487,0 -57.484189,-13.566804,0 -57.483543,-13.566968,0 -57.483170,-13.566989,0 -57.481933,-13.567226,0 -57.481335,-13.567372,0 -57.480555,-13.567563,0 -57.480064,-13.567602,0 -57.479761,-13.567492,0 -57.479514,-13.567325,0 -57.479213,-13.567187,0 -57.478755,-13.567005,0 -57.478366,-13.566830,0 -57.477792,-13.566554,0 -57.477470,-13.566454,0 -57.477270,-13.566410,0 -57.476451,-13.567273,0 -57.475834,-13.567907,0 -57.474064,-13.569761,0 -57.472017,-13.571849,0 -57.471513,-13.572347,0 -57.471725,-13.572663,0 -57.476711,-13.577215,0 -57.478935,-13.579259,0 -57.480791,-13.580967,0 -57.481504,-13.581652,0 -57.491840,-13.590690,0 -57.491891,-13.590724,0 -57.493703,-13.588872,0 -57.488751,-13.593966,0 -57.442907,-13.641295,0 -57.437745,-13.646644,0 -57.436604,-13.647817,0 -57.436502,-13.647942,0 -57.435603,-13.648883,0 -57.433404,-13.651145,0 -57.430794,-13.653858,0 -57.429737,-13.655029,0 -57.429684,-13.655094,0</coordinates></LineString></Placemark>
<Placemark><name>estrada 2 (desenhada na bancada)</name><styleUrl>#extra</styleUrl><LineString><tessellate>1</tessellate><coordinates>-57.428880,-13.515290,0 -57.428552,-13.515950,0 -57.425945,-13.524681,0 -57.423796,-13.531780,0 -57.423737,-13.531999,0</coordinates></LineString></Placemark>
<Placemark><name>estrada 3 (desenhada na bancada)</name><styleUrl>#extra</styleUrl><LineString><tessellate>1</tessellate><coordinates>-57.414387,-13.517092,0 -57.409830,-13.527850,0 -57.409841,-13.527987,0 -57.436234,-13.535706,0 -57.441820,-13.537430,0 -57.443859,-13.537996,0 -57.445898,-13.538587,0 -57.448820,-13.539458,0 -57.450873,-13.540082,0 -57.451461,-13.540338,0 -57.452585,-13.540879,0 -57.454021,-13.541600,0 -57.454567,-13.541879,0 -57.455255,-13.542066,0 -57.455583,-13.542102,0 -57.457201,-13.542176,0 -57.458316,-13.542246,0 -57.458640,-13.542377,0 -57.458638,-13.542541,0 -57.458727,-13.542716,0 -57.458759,-13.542893,0 -57.459739,-13.544986,0 -57.459987,-13.545326,0 -57.461135,-13.546784,0 -57.461350,-13.547180,0 -57.461634,-13.547738,0 -57.461865,-13.548103,0 -57.462364,-13.548656,0 -57.462444,-13.548656,0 -57.462520,-13.548850,0 -57.462670,-13.549167,0 -57.462852,-13.549501,0 -57.463002,-13.549824,0 -57.463297,-13.550570,0 -57.463490,-13.550867,0 -57.463802,-13.551368,0 -57.464198,-13.551738,0 -57.464697,-13.551868,0 -57.466820,-13.552560,0 -57.467047,-13.552656,0 -57.467347,-13.552937,0 -57.467510,-13.553150,0 -57.467675,-13.553344,0 -57.467927,-13.553788,0 -57.468318,-13.554343,0 -57.468989,-13.555102,0 -57.469466,-13.555522,0 -57.469651,-13.555654,0 -57.470767,-13.556421,0 -57.471443,-13.556870,0 -57.472554,-13.557521,0 -57.473439,-13.557931,0 -57.474353,-13.558544,0 -57.474646,-13.558890,0 -57.474968,-13.559292,0</coordinates></LineString></Placemark>
<Placemark><name>estrada 4 (desenhada na bancada)</name><styleUrl>#extra</styleUrl><LineString><tessellate>1</tessellate><coordinates>-57.441705,-13.537422,0 -57.440472,-13.539190,0 -57.439452,-13.540546,0 -57.438229,-13.542205,0 -57.437001,-13.543837,0 -57.432901,-13.549323,0 -57.430969,-13.551935,0 -57.429469,-13.553926,0 -57.429362,-13.554108,0 -57.429343,-13.554279,0 -57.429382,-13.554412,0 -57.429496,-13.554546,0 -57.429697,-13.554687,0 -57.430002,-13.554807,0 -57.430368,-13.554958,0 -57.430974,-13.555248,0 -57.431417,-13.555407,0 -57.432055,-13.555610,0 -57.432508,-13.555725,0 -57.432948,-13.555759,0 -57.433568,-13.555459,0 -57.434380,-13.555034,0 -57.434791,-13.554964,0 -57.435137,-13.554977,0 -57.435528,-13.555052,0 -57.435783,-13.555117,0 -57.436350,-13.555330,0 -57.437207,-13.555923,0 -57.437615,-13.556160,0 -57.438101,-13.556439,0 -57.438599,-13.556786,0 -57.439018,-13.556969,0 -57.439544,-13.557196,0 -57.440018,-13.557323,0 -57.440300,-13.557490,0 -57.440507,-13.557754,0 -57.440893,-13.558431,0 -57.440965,-13.558737,0 -57.441160,-13.559550,0 -57.441595,-13.559965,0 -57.442183,-13.560606,0 -57.442454,-13.560877,0 -57.442698,-13.561146,0 -57.443057,-13.561623,0 -57.443272,-13.561829,0 -57.443430,-13.561871,0 -57.443425,-13.562210,0 -57.443430,-13.562450,0 -57.443500,-13.562770,0 -57.443631,-13.562945,0 -57.444224,-13.563508,0 -57.444688,-13.563863,0 -57.445620,-13.564540,0 -57.446386,-13.565151,0 -57.447276,-13.565993,0 -57.447400,-13.566180,0 -57.447555,-13.566319,0 -57.447633,-13.566548,0 -57.447901,-13.566955,0 -57.448145,-13.567297,0 -57.449385,-13.568984,0 -57.450087,-13.569904,0 -57.450492,-13.570509,0 -57.451160,-13.571410,0 -57.452170,-13.572660,0 -57.452799,-13.573580,0 -57.453008,-13.573776,0 -57.453153,-13.574024,0 -57.453424,-13.574443,0 -57.453537,-13.574767,0 -57.453542,-13.575249,0 -57.453526,-13.575564,0 -57.453491,-13.575802,0 -57.453494,-13.578508,0 -57.452880,-13.580239,0 -57.452700,-13.580557,0 -57.451587,-13.581668,0 -57.450972,-13.581970,0 -57.449647,-13.582296,0 -57.448870,-13.582416,0 -57.447896,-13.582886,0 -57.445919,-13.583863,0 -57.445627,-13.584426,0 -57.444460,-13.586228,0 -57.444235,-13.587065,0 -57.444187,-13.588079,0 -57.444157,-13.588277,0 -57.443967,-13.588726,0 -57.443851,-13.588958,0 -57.443540,-13.589203,0 -57.442743,-13.589630,0 -57.442135,-13.589865,0 -57.441848,-13.590034,0 -57.440375,-13.591004,0 -57.439222,-13.591745,0 -57.438610,-13.591927,0 -57.437591,-13.592305,0 -57.436132,-13.592725,0 -57.435864,-13.592722,0 -57.435646,-13.592696,0 -57.435515,-13.592605,0 -57.435241,-13.592378,0 -57.435046,-13.592130,0 -57.434850,-13.591961,0 -57.434329,-13.591982,0 -57.433417,-13.592144,0 -57.433214,-13.592039,0 -57.433086,-13.591915,0 -57.433027,-13.591833,0 -57.432826,-13.591567,0 -57.432763,-13.591441,0 -57.432633,-13.591230,0 -57.432463,-13.590957,0 -57.432367,-13.590800,0 -57.432263,-13.590659,0 -57.432196,-13.590532,0 -57.431990,-13.590220,0 -57.431893,-13.590015,0 -57.431764,-13.589775,0 -57.431665,-13.589570,0 -57.431537,-13.589300,0 -57.431447,-13.589117,0 -57.431374,-13.588971,0 -57.431170,-13.588758,0 -57.430942,-13.588617,0 -57.430624,-13.588535,0 -57.430330,-13.588513,0 -57.430187,-13.588524,0 -57.429941,-13.588524,0 -57.429623,-13.588538,0 -57.429402,-13.588542,0 -57.426682,-13.588475,0 -57.425838,-13.588486,0 -57.425148,-13.588546,0 -57.424440,-13.588520,0 -57.423311,-13.588499,0 -57.422200,-13.588488,0 -57.421940,-13.588423,0 -57.421795,-13.588348,0 -57.420736,-13.587571,0 -57.420444,-13.587485,0 -57.419658,-13.587581,0 -57.417209,-13.587967,0 -57.415382,-13.588209,0 -57.415028,-13.588202,0 -57.414199,-13.588204,0 -57.413596,-13.587998,0 -57.413065,-13.587847,0 -57.412759,-13.587737,0 -57.412590,-13.587730,0 -57.411930,-13.587513,0 -57.411410,-13.587340,0 -57.410804,-13.586932,0 -57.410342,-13.586697,0 -57.410058,-13.586538,0 -57.409441,-13.586225,0 -57.408494,-13.585727,0 -57.407204,-13.584930,0 -57.406829,-13.584713,0 -57.406628,-13.584708,0 -57.406560,-13.584765,0 -57.405903,-13.585654,0 -57.405506,-13.586178,0 -57.404924,-13.586958,0 -57.404087,-13.588113,0 -57.403363,-13.589075,0</coordinates></LineString></Placemark>
<Placemark><name>estrada 5 (desenhada na bancada)</name><styleUrl>#extra</styleUrl><LineString><tessellate>1</tessellate><coordinates>-57.412740,-13.587826,0 -57.413344,-13.588348,0 -57.413717,-13.588668,0 -57.415828,-13.590592,0 -57.416565,-13.591283,0 -57.417933,-13.592566,0 -57.418925,-13.593460,0 -57.420178,-13.594599,0 -57.421299,-13.595660,0 -57.422520,-13.596763,0 -57.423877,-13.598035,0 -57.425910,-13.599913,0 -57.427374,-13.601266,0 -57.428659,-13.602457,0 -57.429724,-13.603414,0 -57.431229,-13.604816,0 -57.433042,-13.606490,0 -57.434970,-13.608268,0 -57.435920,-13.609190,0 -57.443851,-13.616487,0 -57.446359,-13.618818,0 -57.449484,-13.621719,0 -57.449213,-13.622600,0 -57.449047,-13.623051,0 -57.449505,-13.624042,0 -57.449736,-13.624284,0 -57.450106,-13.624660,0 -57.450320,-13.624780,0 -57.450538,-13.624868,0 -57.451697,-13.625337,0 -57.452104,-13.625530,0 -57.452485,-13.625640,0 -57.452933,-13.625684,0 -57.453416,-13.625726,0 -57.454003,-13.625757,0 -57.454328,-13.625681,0 -57.456230,-13.627400,0 -57.456230,-13.627400,0</coordinates></LineString></Placemark>
<Placemark><name>estrada 6 (desenhada na bancada)</name><styleUrl>#extra</styleUrl><LineString><tessellate>1</tessellate><coordinates>-57.427159,-13.637939,0 -57.428184,-13.636873,0 -57.429004,-13.636025,0 -57.432758,-13.632180,0 -57.435383,-13.629521,0 -57.437092,-13.627780,0 -57.439383,-13.625405,0 -57.441475,-13.623247,0 -57.444492,-13.620126,0 -57.446195,-13.618390,0 -57.447985,-13.616495,0 -57.449841,-13.614589,0 -57.451592,-13.612754,0 -57.453295,-13.610989,0 -57.455049,-13.609183,0 -57.456881,-13.607241,0 -57.458690,-13.605350,0 -57.460054,-13.603912,0 -57.461680,-13.602233,0 -57.463909,-13.599928,0 -57.465628,-13.598174,0 -57.467718,-13.595994,0 -57.469558,-13.594081,0 -57.471160,-13.592420,0 -57.472441,-13.591085,0 -57.474099,-13.589372,0 -57.478940,-13.584340,0 -57.480622,-13.582604,0 -57.481520,-13.581700,0 -57.481543,-13.581673,0</coordinates></LineString></Placemark>
<Placemark><name>estrada 7 (desenhada na bancada)</name><styleUrl>#extra</styleUrl><LineString><tessellate>1</tessellate><coordinates>-57.471450,-13.572380,0 -57.471513,-13.572347,0 -57.471140,-13.572728,0 -57.470925,-13.572952,0 -57.468774,-13.575194,0 -57.466425,-13.577666,0 -57.465851,-13.578240,0 -57.461983,-13.582255,0 -57.461227,-13.583021,0 -57.460218,-13.584069,0 -57.455782,-13.588653,0 -57.452252,-13.592308,0 -57.448540,-13.596182,0 -57.435810,-13.609363,0 -57.430054,-13.615343,0 -57.427769,-13.617710,0 -57.425226,-13.620348,0 -57.424861,-13.620708,0 -57.424349,-13.621339,0 -57.423497,-13.622270,0 -57.423268,-13.622500,0 -57.422805,-13.622985,0 -57.422758,-13.622944,0 -57.422536,-13.623119,0 -57.421948,-13.623724,0 -57.416740,-13.629120,0 -57.411203,-13.634857,0 -57.410820,-13.635200,0</coordinates></LineString></Placemark>
<Placemark><name>estrada 8 (desenhada na bancada)</name><styleUrl>#extra</styleUrl><LineString><tessellate>1</tessellate><coordinates>-57.442074,-13.589871,0 -57.442258,-13.590066,0 -57.442832,-13.590621,0 -57.443654,-13.591356,0 -57.444113,-13.591790,0 -57.446373,-13.593901,0 -57.447106,-13.594571,0 -57.448498,-13.595891,0 -57.448768,-13.596128,0 -57.449241,-13.596549,0 -57.450124,-13.597368,0 -57.450808,-13.598026,0 -57.451805,-13.598947,0 -57.452601,-13.599695,0 -57.453892,-13.600897,0 -57.455173,-13.602075,0 -57.456470,-13.603296,0 -57.457632,-13.604356,0 -57.458845,-13.605495,0 -57.459431,-13.606018,0 -57.460146,-13.606695,0 -57.461532,-13.607969,0 -57.462962,-13.609301,0 -57.464404,-13.610611,0 -57.466391,-13.612469,0 -57.468714,-13.614580,0</coordinates></LineString></Placemark>
<Placemark><name>estrada 9 (desenhada na bancada)</name><styleUrl>#extra</styleUrl><LineString><tessellate>1</tessellate><coordinates>-57.439530,-13.540480,0 -57.440555,-13.541602,0 -57.441424,-13.542614,0 -57.442561,-13.543887,0 -57.443336,-13.544810,0 -57.444323,-13.545910,0 -57.445318,-13.547005,0 -57.445396,-13.547159,0 -57.446397,-13.548286,0 -57.447290,-13.549297,0 -57.447590,-13.549621,0 -57.447955,-13.550086,0 -57.448486,-13.550656,0 -57.448609,-13.550791,0 -57.449236,-13.551514,0 -57.449386,-13.551696,0 -57.449932,-13.552296,0 -57.450110,-13.552563,0 -57.450271,-13.552735,0 -57.450365,-13.552825,0 -57.450523,-13.552979,0 -57.451027,-13.553563,0 -57.451187,-13.553768,0 -57.451345,-13.553885,0 -57.451601,-13.554100,0 -57.451823,-13.554291,0 -57.452351,-13.554804,0 -57.452725,-13.555146,0 -57.452932,-13.555342,0 -57.453488,-13.555860,0 -57.454030,-13.556343,0 -57.454274,-13.556576,0 -57.454783,-13.557036,0 -57.455434,-13.557630,0 -57.456061,-13.558202,0 -57.456586,-13.558697,0 -57.457198,-13.559249,0 -57.457417,-13.559451,0 -57.458111,-13.560083,0 -57.458882,-13.560816,0 -57.459128,-13.561042,0 -57.460209,-13.562032,0 -57.460869,-13.562632,0 -57.461380,-13.563080,0 -57.461491,-13.563211,0 -57.461755,-13.563433,0 -57.462460,-13.564095,0 -57.463384,-13.564964,0 -57.464174,-13.565689,0 -57.465043,-13.566481,0 -57.465916,-13.567278,0 -57.466767,-13.568087,0 -57.467925,-13.569150,0 -57.468864,-13.570007,0 -57.469812,-13.570852,0 -57.470472,-13.571519,0 -57.471450,-13.572380,0</coordinates></LineString></Placemark>
<Placemark><name>estrada 10 (desenhada na bancada)</name><styleUrl>#extra</styleUrl><LineString><tessellate>1</tessellate><coordinates>-57.469072,-13.555177,0 -57.468613,-13.555537,0 -57.468112,-13.556069,0 -57.466502,-13.557720,0 -57.465084,-13.559229,0 -57.463708,-13.560643,0 -57.461728,-13.562700,0 -57.461347,-13.563097,0 -57.460679,-13.563775,0 -57.458672,-13.565870,0 -57.456163,-13.568487,0 -57.454006,-13.570744,0 -57.452170,-13.572660,0</coordinates></LineString></Placemark>
<Placemark><name>estrada 11 (desenhada na bancada)</name><styleUrl>#extra</styleUrl><LineString><tessellate>1</tessellate><coordinates>-57.474101,-13.569721,0 -57.473726,-13.569407,0 -57.473486,-13.569174,0 -57.470250,-13.566203,0 -57.468820,-13.564878,0 -57.467327,-13.563506,0 -57.465368,-13.561695,0 -57.464000,-13.560430,0 -57.463957,-13.560387,0</coordinates></LineString></Placemark>
<Placemark><name>estrada 12 (desenhada na bancada)</name><styleUrl>#extra</styleUrl><LineString><tessellate>1</tessellate><coordinates>-57.475767,-13.547235,0 -57.479683,-13.548387,0 -57.483288,-13.549438,0 -57.483725,-13.549595,0</coordinates></LineString></Placemark>
<Placemark><name>estrada 13 (desenhada na bancada)</name><styleUrl>#extra</styleUrl><LineString><tessellate>1</tessellate><coordinates>-57.483430,-13.549563,0 -57.484100,-13.551232,0 -57.485480,-13.554232,0 -57.485788,-13.554924,0 -57.485734,-13.554956,0</coordinates></LineString></Placemark>
<Placemark><name>estrada 14 (desenhada na bancada)</name><styleUrl>#extra</styleUrl><LineString><tessellate>1</tessellate><coordinates>-57.403363,-13.589075,0 -57.402384,-13.590394,0 -57.402620,-13.590986,0 -57.402996,-13.591870,0 -57.403428,-13.592764,0 -57.404031,-13.594120,0 -57.404444,-13.595017,0 -57.404928,-13.596208,0 -57.404896,-13.596530,0 -57.404749,-13.597105,0 -57.404597,-13.597771,0 -57.404387,-13.598612,0 -57.404212,-13.599385,0 -57.404066,-13.600044,0 -57.403869,-13.600841,0 -57.403721,-13.601620,0 -57.403582,-13.602444,0 -57.403331,-13.603641,0 -57.403228,-13.604310,0 -57.403102,-13.604936,0 -57.402403,-13.608828,0 -57.402124,-13.610288,0 -57.401775,-13.612090,0 -57.401612,-13.612585,0 -57.401502,-13.612905,0 -57.401022,-13.614506,0 -57.400650,-13.615740,0 -57.400507,-13.616146,0 -57.400515,-13.616318,0 -57.400433,-13.617340,0 -57.400390,-13.617676,0 -57.400292,-13.618300,0 -57.400257,-13.618665,0 -57.400269,-13.619161,0 -57.400300,-13.619720,0 -57.400453,-13.620047,0 -57.400749,-13.620759,0 -57.401058,-13.621406,0 -57.401393,-13.621886,0 -57.401750,-13.622401,0 -57.402057,-13.622817,0 -57.402414,-13.623351,0 -57.402745,-13.623815,0 -57.403167,-13.624420,0 -57.403705,-13.625172,0 -57.404429,-13.626214,0 -57.405171,-13.627275,0 -57.405754,-13.628109,0 -57.406154,-13.628692,0 -57.406531,-13.629342,0 -57.406669,-13.629808,0 -57.406759,-13.630230,0 -57.407066,-13.630635,0 -57.407580,-13.631158,0 -57.408100,-13.631734,0 -57.408202,-13.631969,0 -57.408438,-13.632495,0 -57.408649,-13.632979,0 -57.409007,-13.633759,0 -57.409236,-13.634197,0 -57.409362,-13.634260,0 -57.409768,-13.634523,0 -57.410647,-13.635065,0 -57.410820,-13.635200,0</coordinates></LineString></Placemark>
<Placemark><name>estrada 15 (desenhada na bancada)</name><styleUrl>#extra</styleUrl><LineString><tessellate>1</tessellate><coordinates>-57.407204,-13.608551,0 -57.408669,-13.604975,0 -57.409653,-13.602504,0</coordinates></LineString></Placemark>
<Placemark><name>estrada 16 (desenhada na bancada)</name><styleUrl>#extra</styleUrl><LineString><tessellate>1</tessellate><coordinates>-57.403139,-13.604745,0 -57.403383,-13.605012,0 -57.404763,-13.606288,0 -57.405639,-13.607103,0 -57.406328,-13.607744,0 -57.407204,-13.608551,0 -57.408470,-13.609720,0 -57.409172,-13.610360,0 -57.409932,-13.611068,0 -57.410758,-13.611826,0 -57.411328,-13.612350,0 -57.412637,-13.613564,0 -57.413359,-13.614217,0 -57.414413,-13.615194,0 -57.415131,-13.615875,0 -57.417784,-13.618319,0 -57.421836,-13.622063,0 -57.422805,-13.622985,0 -57.423779,-13.623906,0 -57.424086,-13.624181,0 -57.424722,-13.624777,0 -57.425910,-13.625860,0 -57.426517,-13.626439,0 -57.427838,-13.627675,0 -57.428990,-13.628742,0 -57.430671,-13.630299,0 -57.432740,-13.632199,0 -57.437374,-13.636489,0 -57.442762,-13.641444,0</coordinates></LineString></Placemark>
<Placemark><name>estrada 17 (desenhada na bancada)</name><styleUrl>#extra</styleUrl><LineString><tessellate>1</tessellate><coordinates>-57.412637,-13.613564,0 -57.413703,-13.612503,0 -57.414674,-13.611495,0 -57.416367,-13.609732,0 -57.416903,-13.609182,0 -57.417862,-13.608175,0 -57.419399,-13.606616,0 -57.420245,-13.605725,0 -57.420972,-13.604988,0 -57.424553,-13.601267,0 -57.425898,-13.599881,0 -57.427482,-13.598252,0 -57.430633,-13.594944,0 -57.431949,-13.593583,0 -57.433354,-13.592120,0 -57.433365,-13.592111,0</coordinates></LineString></Placemark>
<Placemark><name>estrada 18 (desenhada na bancada)</name><styleUrl>#extra</styleUrl><LineString><tessellate>1</tessellate><coordinates>-57.453510,-13.575662,0 -57.453715,-13.575832,0 -57.454332,-13.576411,0 -57.455147,-13.577155,0 -57.455779,-13.577717,0 -57.456647,-13.578522,0 -57.457391,-13.579211,0 -57.458056,-13.579856,0 -57.459083,-13.580804,0 -57.460012,-13.581668,0 -57.461359,-13.582891,0 -57.462113,-13.583596,0 -57.463155,-13.584559,0 -57.463793,-13.585151,0 -57.464811,-13.586096,0 -57.465825,-13.587032,0 -57.466743,-13.587873,0 -57.467471,-13.588559,0 -57.469004,-13.589967,0 -57.471420,-13.592150,0 -57.471580,-13.592347,0 -57.471811,-13.592535,0 -57.471923,-13.592657,0 -57.474096,-13.594646,0 -57.476926,-13.597256,0 -57.479728,-13.599842,0 -57.480166,-13.600249,0 -57.481490,-13.601430,0</coordinates></LineString></Placemark>
<Placemark><name>estrada 19 (desenhada na bancada)</name><styleUrl>#extra</styleUrl><LineString><tessellate>1</tessellate><coordinates>-57.425258,-13.620311,0 -57.425516,-13.620596,0 -57.426138,-13.621207,0 -57.426876,-13.621916,0 -57.428176,-13.623170,0 -57.428901,-13.623863,0 -57.430105,-13.625014,0 -57.430970,-13.625867,0 -57.432115,-13.626985,0 -57.433179,-13.628013,0 -57.434246,-13.629044,0 -57.435079,-13.629830,0</coordinates></LineString></Placemark>
<Placemark><name>estrada 20 (desenhada na bancada)</name><styleUrl>#extra</styleUrl><LineString><tessellate>1</tessellate><coordinates>-57.427159,-13.637939,0 -57.426460,-13.638627,0 -57.425249,-13.639850,0 -57.423532,-13.641624,0</coordinates></LineString></Placemark>
<Placemark><name>estrada 21 (desenhada na bancada)</name><styleUrl>#extra</styleUrl><LineString><tessellate>1</tessellate><coordinates>-57.482240,-13.556040,0 -57.482145,-13.556246,0 -57.482159,-13.556752,0 -57.482263,-13.558468,0 -57.482287,-13.558953,0 -57.481748,-13.559813,0 -57.481703,-13.560001,0 -57.481788,-13.560251,0 -57.482490,-13.561940,0 -57.482826,-13.562483,0 -57.483200,-13.563160,0 -57.483787,-13.564507,0 -57.484120,-13.565330,0 -57.484229,-13.565868,0 -57.484189,-13.566804,0</coordinates></LineString></Placemark>
<Placemark><name>estrada 22 (desenhada na bancada)</name><styleUrl>#extra</styleUrl><LineString><tessellate>1</tessellate><coordinates>-57.477270,-13.566410,0 -57.477080,-13.565545,0 -57.476771,-13.564210,0 -57.476530,-13.563349,0 -57.476824,-13.562747,0 -57.476289,-13.562091,0 -57.476000,-13.561822,0 -57.475661,-13.561470,0 -57.475525,-13.561109,0 -57.475470,-13.560961,0 -57.475367,-13.560755,0 -57.475141,-13.560486,0 -57.475096,-13.560327,0</coordinates></LineString></Placemark>
<Placemark><name>estrada 23 (desenhada na bancada)</name><styleUrl>#extra</styleUrl><LineString><tessellate>1</tessellate><coordinates>-57.474906,-13.559553,0 -57.474694,-13.559571,0 -57.474721,-13.559876,0 -57.474922,-13.560270,0 -57.474992,-13.560598,0 -57.474954,-13.561044,0 -57.475311,-13.561516,0 -57.475568,-13.561858,0 -57.476129,-13.562676,0 -57.476491,-13.563380,0 -57.476569,-13.563537,0 -57.476590,-13.563550,0</coordinates></LineString></Placemark>
<Placemark><name>estrada 24 (desenhada na bancada)</name><styleUrl>#extra</styleUrl><LineString><tessellate>1</tessellate><coordinates>-57.436184,-13.535691,0 -57.436334,-13.535163,0 -57.436597,-13.534318,0 -57.436971,-13.532985,0 -57.437193,-13.532164,0 -57.437419,-13.531370,0 -57.437642,-13.530568,0 -57.437838,-13.529829,0 -57.438064,-13.529083,0 -57.439034,-13.525656,0 -57.439131,-13.525176,0 -57.439318,-13.523982,0 -57.439613,-13.522182,0 -57.440032,-13.519601,0 -57.440252,-13.518677,0 -57.440697,-13.517759,0 -57.441105,-13.517300,0 -57.441663,-13.516935,0 -57.441786,-13.516633,0 -57.442156,-13.515454,0 -57.442526,-13.514338,0 -57.443111,-13.512580,0 -57.442993,-13.512497,0 -57.442274,-13.512351,0 -57.440423,-13.511902,0 -57.436936,-13.511099,0 -57.435150,-13.510681,0 -57.433552,-13.510316,0 -57.431411,-13.509769,0 -57.431213,-13.509701,0 -57.430708,-13.509414,0 -57.429512,-13.508637,0 -57.428707,-13.508152,0 -57.427463,-13.507312,0 -57.426637,-13.506764,0 -57.425231,-13.505831,0 -57.423043,-13.504417,0 -57.421927,-13.503687,0 -57.422136,-13.502878,0 -57.422571,-13.501517,0 -57.423102,-13.499764,0 -57.423998,-13.496838,0 -57.424427,-13.495482,0 -57.424346,-13.495257,0 -57.424352,-13.495049,0 -57.424475,-13.494548,0 -57.424582,-13.494078,0 -57.424850,-13.493974,0 -57.425038,-13.493447,0 -57.425199,-13.492988,0 -57.425376,-13.492378,0 -57.426535,-13.488680,0 -57.426707,-13.488643,0 -57.427045,-13.488763,0 -57.427415,-13.488956,0 -57.431760,-13.491079,0 -57.436780,-13.493550,0 -57.438326,-13.489060,0 -57.438524,-13.489128,0 -57.438766,-13.489316,0 -57.447810,-13.497770,0 -57.447783,-13.497985,0 -57.445689,-13.504699,0 -57.445115,-13.506519,0 -57.443116,-13.512591,0</coordinates></LineString></Placemark>
<Placemark><name>estrada 25 (desenhada na bancada)</name><styleUrl>#extra</styleUrl><LineString><tessellate>1</tessellate><coordinates>-57.436780,-13.493550,0 -57.436129,-13.495377,0 -57.434842,-13.499157,0 -57.433718,-13.502456,0 -57.432857,-13.505069,0 -57.431312,-13.509735,0</coordinates></LineString></Placemark>
<Placemark><name>estrada 26 (desenhada na bancada)</name><styleUrl>#extra</styleUrl><LineString><tessellate>1</tessellate><coordinates>-57.445121,-13.506492,0 -57.444807,-13.506243,0 -57.444237,-13.505836,0 -57.443323,-13.505182,0 -57.442336,-13.504484,0 -57.441303,-13.503734,0 -57.440368,-13.503070,0 -57.439436,-13.502406,0 -57.437991,-13.501371,0 -57.434854,-13.499124,0 -57.434697,-13.499010,0 -57.434439,-13.498833,0 -57.434201,-13.498656,0 -57.433090,-13.497858,0 -57.431805,-13.496947,0 -57.430140,-13.495742,0</coordinates></LineString></Placemark>
</Folder></Document></kml>