<?xml version="1.0" encoding="UTF-8"?>
<kml xmlns="http://www.opengis.net/kml/2.2"><Document>
<name>FAZENDA P.PEDRA - rotas ate a sede</name>
<Style id="rota"><LineStyle><color>ff2d2dff</color><width>4</width></LineStyle></Style>
<Style id="malha"><LineStyle><color>ff00e5ff</color><width>1</width></LineStyle></Style>
<Style id="extra"><LineStyle><color>ff008aff</color><width>3</width></LineStyle></Style>
<Style id="sede"><IconStyle><color>ff2d2dff</color><scale>1.3</scale></IconStyle></Style>
<Placemark><name>SEDE</name><styleUrl>#sede</styleUrl><Point><coordinates>-57.475789,-13.560205,0</coordinates></Point></Placemark>
<Folder><name>Rotas por talhao (ponto mais extremo)</name>
<Placemark><name>T-01A - 4,26 km</name><description>Maxima 4265 m | Minima 2422 m | Reta 2273 m | 60.51 ha</description><styleUrl>#rota</styleUrl><LineString><tessellate>1</tessellate><coordinates>-57.475369,-13.560747,0 -57.475518,-13.561108,0 -57.475666,-13.561470,0 -57.475575,-13.561850,0 -57.475704,-13.562066,0 -57.475853,-13.562265,0 -57.475982,-13.562464,0 -57.476131,-13.562681,0 -57.476242,-13.562915,0 -57.476372,-13.563150,0 -57.476483,-13.563385,0 -57.476613,-13.563638,0 -57.476688,-13.563927,0 -57.476762,-13.564216,0 -57.476818,-13.564433,0 -57.476874,-13.564650,0 -57.476930,-13.564885,0 -57.476986,-13.565102,0 -57.477023,-13.565319,0 -57.477079,-13.565536,0 -57.477135,-13.565825,0 -57.477210,-13.566114,0 -57.477266,-13.566404,0 -57.477322,-13.566639,0 -57.477378,-13.566856,0 -57.477452,-13.567091,0 -57.477545,-13.567307,0 -57.477656,-13.567542,0 -57.477786,-13.567723,0 -57.477897,-13.567922,0 -57.478027,-13.568120,0 -57.478138,-13.568301,0 -57.478268,-13.568499,0 -57.478379,-13.568698,0 -57.478509,-13.568879,0 -57.478584,-13.569114,0 -57.478658,-13.569331,0 -57.478732,-13.569547,0 -57.478788,-13.569764,0 -57.478826,-13.570072,0 -57.478845,-13.570361,0 -57.478882,-13.570614,0 -57.478901,-13.570867,0 -57.478939,-13.571102,0 -57.478884,-13.571374,0 -57.478847,-13.571627,0 -57.478885,-13.571844,0 -57.478904,-13.572079,0 -57.478941,-13.572314,0 -57.478979,-13.572585,0 -57.479035,-13.572874,0 -57.479091,-13.573146,0 -57.479110,-13.573417,0 -57.479147,-13.573670,0 -57.479185,-13.573923,0 -57.479222,-13.574194,0 -57.479241,-13.574447,0 -57.479334,-13.574700,0 -57.479427,-13.574953,0 -57.479520,-13.575188,0 -57.479613,-13.575423,0 -57.479761,-13.575640,0 -57.479928,-13.575875,0 -57.480095,-13.576091,0 -57.480243,-13.576326,0 -57.480410,-13.576525,0 -57.480577,-13.576741,0 -57.480744,-13.576958,0 -57.480966,-13.577120,0 -57.481188,-13.577283,0 -57.481429,-13.577445,0 -57.481651,-13.577607,0 -57.481836,-13.577752,0 -57.482040,-13.577878,0 -57.482225,-13.578004,0 -57.482428,-13.578130,0 -57.482614,-13.578275,0 -57.482817,-13.578401,0 -57.483002,-13.578527,0 -57.483206,-13.578653,0 -57.483391,-13.578798,0 -57.483595,-13.578924,0 -57.483817,-13.579158,0 -57.483670,-13.579502,0 -57.483393,-13.579774,0 -57.483227,-13.579955,0 -57.483061,-13.580136,0 -57.482895,-13.580299,0 -57.482710,-13.580481,0 -57.482544,-13.580662,0 -57.482378,-13.580825,0 -57.482212,-13.581006,0 -57.482046,-13.581187,0 -57.481862,-13.581368,0 -57.481696,-13.581532,0 -57.481530,-13.581713,0 -57.481715,-13.581875,0 -57.481882,-13.582019,0 -57.482067,-13.582182,0 -57.482252,-13.582326,0 -57.482419,-13.582489,0 -57.482604,-13.582651,0 -57.482771,-13.582795,0 -57.482956,-13.582958,0 -57.483122,-13.583102,0 -57.483308,-13.583264,0 -57.483493,-13.583409,0 -57.483659,-13.583571,0 -57.483845,-13.583716,0 -57.484011,-13.583878,0 -57.484197,-13.584022,0 -57.484363,-13.584185,0 -57.484548,-13.584347,0 -57.484715,-13.584491,0 -57.484900,-13.584654,0 -57.485067,-13.584798,0 -57.485252,-13.584942,0 -57.485419,-13.585105,0 -57.485586,-13.585249,0 -57.485771,-13.585394,0 -57.485937,-13.585556,0 -57.486104,-13.585700,0 -57.486289,-13.585863,0 -57.486456,-13.586007,0 -57.486641,-13.586151,0 -57.486808,-13.586296,0 -57.486974,-13.586458,0 -57.487160,-13.586603,0 -57.487326,-13.586765,0 -57.487493,-13.586909,0 -57.487678,-13.587072,0 -57.487845,-13.587216,0 -57.488030,-13.587360,0 -57.488197,-13.587505,0 -57.488382,-13.587667,0 -57.488549,-13.587811,0 -57.488715,-13.587956,0 -57.488901,-13.588118,0 -57.489067,-13.588262,0 -57.489234,-13.588425,0 -57.489401,-13.588569,0 -57.489586,-13.588732,0 -57.489753,-13.588876,0 -57.489938,-13.589020,0 -57.490104,-13.589165,0 -57.490290,-13.589327,0 -57.490456,-13.589471,0 -57.490641,-13.589616,0 -57.490808,-13.589778,0 -57.490975,-13.589922,0 -57.491160,-13.590085,0 -57.491327,-13.590229,0 -57.491493,-13.590374,0 -57.491679,-13.590536,0</coordinates></LineString></Placemark>
<Placemark><name>T-01B - 4,70 km</name><description>Maxima 4697 m | Minima 2822 m | Reta 2468 m | 65.0 ha</description><styleUrl>#rota</styleUrl><LineString><tessellate>1</tessellate><coordinates>-57.475369,-13.560747,0 -57.475518,-13.561108,0 -57.475666,-13.561470,0 -57.475575,-13.561850,0 -57.475704,-13.562066,0 -57.475853,-13.562265,0 -57.475982,-13.562464,0 -57.476131,-13.562681,0 -57.476242,-13.562915,0 -57.476372,-13.563150,0 -57.476483,-13.563385,0 -57.476613,-13.563638,0 -57.476688,-13.563927,0 -57.476762,-13.564216,0 -57.476818,-13.564433,0 -57.476874,-13.564650,0 -57.476930,-13.564885,0 -57.476986,-13.565102,0 -57.477023,-13.565319,0 -57.477079,-13.565536,0 -57.477135,-13.565825,0 -57.477210,-13.566114,0 -57.477266,-13.566404,0 -57.477322,-13.566639,0 -57.477378,-13.566856,0 -57.477452,-13.567091,0 -57.477545,-13.567307,0 -57.477656,-13.567542,0 -57.477786,-13.567723,0 -57.477897,-13.567922,0 -57.478027,-13.568120,0 -57.478138,-13.568301,0 -57.478268,-13.568499,0 -57.478379,-13.568698,0 -57.478509,-13.568879,0 -57.478584,-13.569114,0 -57.478658,-13.569331,0 -57.478732,-13.569547,0 -57.478788,-13.569764,0 -57.478826,-13.570072,0 -57.478845,-13.570361,0 -57.478882,-13.570614,0 -57.478901,-13.570867,0 -57.478939,-13.571102,0 -57.478884,-13.571374,0 -57.478847,-13.571627,0 -57.478885,-13.571844,0 -57.478904,-13.572079,0 -57.478941,-13.572314,0 -57.478979,-13.572585,0 -57.479035,-13.572874,0 -57.479091,-13.573146,0 -57.479110,-13.573417,0 -57.479147,-13.573670,0 -57.479185,-13.573923,0 -57.479222,-13.574194,0 -57.479241,-13.574447,0 -57.479334,-13.574700,0 -57.479427,-13.574953,0 -57.479520,-13.575188,0 -57.479613,-13.575423,0 -57.479761,-13.575640,0 -57.479928,-13.575875,0 -57.480095,-13.576091,0 -57.480243,-13.576326,0 -57.480410,-13.576525,0 -57.480577,-13.576741,0 -57.480744,-13.576958,0 -57.480966,-13.577120,0 -57.481188,-13.577283,0 -57.481429,-13.577445,0 -57.481651,-13.577607,0 -57.481836,-13.577752,0 -57.482040,-13.577878,0 -57.482225,-13.578004,0 -57.482428,-13.578130,0 -57.482614,-13.578275,0 -57.482817,-13.578401,0 -57.483002,-13.578527,0 -57.483206,-13.578653,0 -57.483391,-13.578798,0 -57.483595,-13.578924,0 -57.483817,-13.579158,0 -57.483670,-13.579502,0 -57.483393,-13.579774,0 -57.483227,-13.579955,0 -57.483061,-13.580136,0 -57.482895,-13.580299,0 -57.482710,-13.580481,0 -57.482544,-13.580662,0 -57.482378,-13.580825,0 -57.482212,-13.581006,0 -57.482046,-13.581187,0 -57.481862,-13.581368,0 -57.481696,-13.581532,0 -57.481511,-13.581695,0 -57.481345,-13.581876,0 -57.481161,-13.582057,0 -57.480976,-13.582238,0 -57.480810,-13.582419,0 -57.480626,-13.582601,0 -57.480460,-13.582782,0 -57.480294,-13.582945,0 -57.480109,-13.583126,0 -57.479943,-13.583307,0 -57.479777,-13.583470,0 -57.479611,-13.583651,0 -57.479445,-13.583814,0 -57.479279,-13.583996,0 -57.479113,-13.584159,0 -57.478947,-13.584340,0 -57.478910,-13.584340,0 -57.478781,-13.584611,0 -57.478966,-13.584756,0 -57.479133,-13.584918,0 -57.479300,-13.585063,0 -57.479485,-13.585207,0 -57.479651,-13.585369,0 -57.479818,-13.585514,0 -57.480003,-13.585676,0 -57.480170,-13.585820,0 -57.480355,-13.585965,0 -57.480522,-13.586127,0 -57.480689,-13.586271,0 -57.480874,-13.586434,0 -57.481040,-13.586578,0 -57.481226,-13.586723,0 -57.481392,-13.586885,0 -57.481559,-13.587029,0 -57.481744,-13.587192,0 -57.481911,-13.587336,0 -57.482078,-13.587480,0 -57.482263,-13.587643,0 -57.482429,-13.587787,0 -57.482615,-13.587950,0 -57.482781,-13.588094,0 -57.482948,-13.588238,0 -57.483133,-13.588401,0 -57.483300,-13.588545,0 -57.483485,-13.588707,0 -57.483652,-13.588852,0 -57.483818,-13.588996,0 -57.484004,-13.589158,0 -57.484170,-13.589303,0 -57.484337,-13.589465,0 -57.484522,-13.589610,0 -57.484689,-13.589754,0 -57.484874,-13.589916,0 -57.485041,-13.590061,0 -57.485207,-13.590223,0 -57.485393,-13.590367,0 -57.485559,-13.590530,0 -57.485726,-13.590674,0 -57.485911,-13.590819,0 -57.486078,-13.590981,0 -57.486263,-13.591125,0 -57.486430,-13.591288,0 -57.486596,-13.591432,0 -57.486782,-13.591576,0 -57.486948,-13.591739,0 -57.487133,-13.591883,0 -57.487300,-13.592046,0 -57.487467,-13.592190,0 -57.487652,-13.592334,0 -57.487819,-13.592497,0 -57.487985,-13.592641,0 -57.488171,-13.592803,0 -57.488337,-13.592948,0 -57.488523,-13.593092,0 -57.488689,-13.593254,0 -57.488856,-13.593399,0</coordinates></LineString></Placemark>
<Placemark><name>T-01C - 5,88 km</name><description>Maxima 5885 m | Minima 2415 m | Reta 2263 m | 302.68 ha</description><styleUrl>#rota</styleUrl><LineString><tessellate>1</tessellate><coordinates>-57.475369,-13.560747,0 -57.475518,-13.561108,0 -57.475666,-13.561470,0 -57.475575,-13.561850,0 -57.475704,-13.562066,0 -57.475853,-13.562265,0 -57.475982,-13.562464,0 -57.476131,-13.562681,0 -57.476242,-13.562915,0 -57.476372,-13.563150,0 -57.476483,-13.563385,0 -57.476613,-13.563638,0 -57.476688,-13.563927,0 -57.476762,-13.564216,0 -57.476818,-13.564433,0 -57.476874,-13.564650,0 -57.476930,-13.564885,0 -57.476986,-13.565102,0 -57.477023,-13.565319,0 -57.477079,-13.565536,0 -57.477135,-13.565825,0 -57.477210,-13.566114,0 -57.477266,-13.566404,0 -57.477322,-13.566639,0 -57.477378,-13.566856,0 -57.477452,-13.567091,0 -57.477545,-13.567307,0 -57.477656,-13.567542,0 -57.477786,-13.567723,0 -57.477897,-13.567922,0 -57.478027,-13.568120,0 -57.478138,-13.568301,0 -57.478268,-13.568499,0 -57.478379,-13.568698,0 -57.478509,-13.568879,0 -57.478584,-13.569114,0 -57.478658,-13.569331,0 -57.478732,-13.569547,0 -57.478788,-13.569764,0 -57.478826,-13.570072,0 -57.478845,-13.570361,0 -57.478882,-13.570614,0 -57.478901,-13.570867,0 -57.478939,-13.571102,0 -57.478884,-13.571374,0 -57.478847,-13.571627,0 -57.478885,-13.571844,0 -57.478904,-13.572079,0 -57.478941,-13.572314,0 -57.478979,-13.572585,0 -57.479035,-13.572874,0 -57.479091,-13.573146,0 -57.479110,-13.573417,0 -57.479147,-13.573670,0 -57.479185,-13.573923,0 -57.479222,-13.574194,0 -57.479241,-13.574447,0 -57.479334,-13.574700,0 -57.479427,-13.574953,0 -57.479520,-13.575188,0 -57.479613,-13.575423,0 -57.479761,-13.575640,0 -57.479928,-13.575875,0 -57.480095,-13.576091,0 -57.480243,-13.576326,0 -57.480410,-13.576525,0 -57.480577,-13.576741,0 -57.480744,-13.576958,0 -57.480966,-13.577120,0 -57.481188,-13.577283,0 -57.481429,-13.577445,0 -57.481651,-13.577607,0 -57.481836,-13.577752,0 -57.482040,-13.577878,0 -57.482225,-13.578004,0 -57.482428,-13.578130,0 -57.482614,-13.578275,0 -57.482817,-13.578401,0 -57.483002,-13.578527,0 -57.483206,-13.578653,0 -57.483391,-13.578798,0 -57.483595,-13.578924,0 -57.483817,-13.579158,0 -57.483670,-13.579502,0 -57.483393,-13.579774,0 -57.483227,-13.579955,0 -57.483061,-13.580136,0 -57.482895,-13.580299,0 -57.482710,-13.580481,0 -57.482544,-13.580662,0 -57.482378,-13.580825,0 -57.482212,-13.581006,0 -57.482046,-13.581187,0 -57.481862,-13.581368,0 -57.481696,-13.581532,0 -57.481511,-13.581695,0 -57.481345,-13.581876,0 -57.481161,-13.582057,0 -57.480976,-13.582238,0 -57.480810,-13.582419,0 -57.480626,-13.582601,0 -57.480460,-13.582782,0 -57.480294,-13.582945,0 -57.480109,-13.583126,0 -57.479943,-13.583307,0 -57.479777,-13.583470,0 -57.479611,-13.583651,0 -57.479445,-13.583814,0 -57.479279,-13.583996,0 -57.479113,-13.584159,0 -57.478947,-13.584340,0 -57.478781,-13.584503,0 -57.478615,-13.584684,0 -57.478449,-13.584847,0 -57.478301,-13.585010,0 -57.478135,-13.585173,0 -57.477969,-13.585336,0 -57.477803,-13.585517,0 -57.477656,-13.585681,0 -57.477489,-13.585844,0 -57.477323,-13.586007,0 -57.477157,-13.586188,0 -57.477010,-13.586333,0 -57.476844,-13.586514,0 -57.476678,-13.586677,0 -57.476512,-13.586858,0 -57.476364,-13.587003,0 -57.476198,-13.587184,0 -57.476032,-13.587365,0 -57.475866,-13.587529,0 -57.475718,-13.587673,0 -57.475552,-13.587855,0 -57.475386,-13.588036,0 -57.475220,-13.588199,0 -57.475073,-13.588344,0 -57.474907,-13.588525,0 -57.474741,-13.588706,0 -57.474482,-13.588978,0 -57.474261,-13.589195,0 -57.474095,-13.589376,0 -57.473837,-13.589648,0 -57.473763,-13.589721,0 -57.473523,-13.589974,0 -57.473431,-13.590065,0 -57.473191,-13.590319,0 -57.473043,-13.590482,0 -57.472877,-13.590645,0 -57.472711,-13.590826,0 -57.472545,-13.590989,0 -57.472287,-13.591261,0 -57.472232,-13.591315,0 -57.472065,-13.591478,0 -57.471807,-13.591750,0 -57.471733,-13.591822,0 -57.471475,-13.592094,0 -57.471420,-13.592148,0 -57.471586,-13.592311,0 -57.471753,-13.592473,0 -57.471938,-13.592618,0 -57.472105,-13.592780,0 -57.472272,-13.592942,0 -57.472438,-13.593105,0 -57.472605,-13.593249,0 -57.472790,-13.593412,0 -57.472957,-13.593574,0 -57.473124,-13.593718,0 -57.473290,-13.593881,0 -57.473457,-13.594043,0 -57.473642,-13.594206,0 -57.473809,-13.594350,0 -57.473976,-13.594513,0 -57.474142,-13.594675,0 -57.474328,-13.594819,0 -57.474494,-13.594982,0 -57.474661,-13.595144,0 -57.474828,-13.595307,0 -57.474994,-13.595451,0 -57.475180,-13.595613,0 -57.475346,-13.595776,0 -57.475513,-13.595920,0 -57.475680,-13.596083,0 -57.475846,-13.596245,0 -57.476032,-13.596407,0 -57.476198,-13.596552,0 -57.476365,-13.596714,0 -57.476532,-13.596877,0 -57.476717,-13.597021,0 -57.476884,-13.597183,0 -57.477050,-13.597346,0 -57.477217,-13.597508,0 -57.477384,-13.597653,0 -57.477569,-13.597815,0 -57.477736,-13.597978,0 -57.477902,-13.598122,0 -57.478069,-13.598284,0 -57.478236,-13.598447,0 -57.478421,-13.598609,0 -57.478588,-13.598753,0 -57.478754,-13.598916,0 -57.478921,-13.599078,0 -57.479106,-13.599223,0 -57.479273,-13.599385,0 -57.479440,-13.599548,0 -57.479606,-13.599710,0 -57.479773,-13.599854,0 -57.479958,-13.600017,0 -57.480125,-13.600179,0 -57.480292,-13.600342,0 -57.480458,-13.600486,0 -57.480625,-13.600648,0 -57.480810,-13.600811,0 -57.480921,-13.600919,0 -57.481144,-13.601118,0 -57.481292,-13.601262,0 -57.481496,-13.601442,0</coordinates></LineString></Placemark>
<Placemark><name>T-02 - 7,89 km</name><description>Maxima 7886 m | Minima 4386 m | Reta 3565 m | 299.8 ha</description><styleUrl>#rota</styleUrl><LineString><tessellate>1</tessellate><coordinates>-57.475369,-13.560747,0 -57.475518,-13.561108,0 -57.475666,-13.561470,0 -57.475575,-13.561850,0 -57.475704,-13.562066,0 -57.475853,-13.562265,0 -57.475982,-13.562464,0 -57.476131,-13.562681,0 -57.476242,-13.562915,0 -57.476372,-13.563150,0 -57.476483,-13.563385,0 -57.476613,-13.563638,0 -57.476688,-13.563927,0 -57.476762,-13.564216,0 -57.476818,-13.564433,0 -57.476874,-13.564650,0 -57.476930,-13.564885,0 -57.476986,-13.565102,0 -57.477023,-13.565319,0 -57.477079,-13.565536,0 -57.477135,-13.565825,0 -57.477210,-13.566114,0 -57.477266,-13.566404,0 -57.477322,-13.566639,0 -57.477378,-13.566856,0 -57.477452,-13.567091,0 -57.477545,-13.567307,0 -57.477656,-13.567542,0 -57.477786,-13.567723,0 -57.477897,-13.567922,0 -57.478027,-13.568120,0 -57.478138,-13.568301,0 -57.478268,-13.568499,0 -57.478379,-13.568698,0 -57.478509,-13.568879,0 -57.478584,-13.569114,0 -57.478658,-13.569331,0 -57.478732,-13.569547,0 -57.478788,-13.569764,0 -57.478826,-13.570072,0 -57.478845,-13.570361,0 -57.478882,-13.570614,0 -57.478901,-13.570867,0 -57.478939,-13.571102,0 -57.478884,-13.571374,0 -57.478847,-13.571627,0 -57.478885,-13.571844,0 -57.478904,-13.572079,0 -57.478941,-13.572314,0 -57.478979,-13.572585,0 -57.479035,-13.572874,0 -57.479091,-13.573146,0 -57.479110,-13.573417,0 -57.479147,-13.573670,0 -57.479185,-13.573923,0 -57.479222,-13.574194,0 -57.479241,-13.574447,0 -57.479334,-13.574700,0 -57.479427,-13.574953,0 -57.479520,-13.575188,0 -57.479613,-13.575423,0 -57.479761,-13.575640,0 -57.479928,-13.575875,0 -57.480095,-13.576091,0 -57.480243,-13.576326,0 -57.480410,-13.576525,0 -57.480577,-13.576741,0 -57.480744,-13.576958,0 -57.480966,-13.577120,0 -57.481188,-13.577283,0 -57.481429,-13.577445,0 -57.481651,-13.577607,0 -57.481836,-13.577752,0 -57.482040,-13.577878,0 -57.482225,-13.578004,0 -57.482428,-13.578130,0 -57.482614,-13.578275,0 -57.482817,-13.578401,0 -57.483002,-13.578527,0 -57.483206,-13.578653,0 -57.483391,-13.578798,0 -57.483595,-13.578924,0 -57.483817,-13.579158,0 -57.483670,-13.579502,0 -57.483393,-13.579774,0 -57.483227,-13.579955,0 -57.483061,-13.580136,0 -57.482895,-13.580299,0 -57.482710,-13.580481,0 -57.482544,-13.580662,0 -57.482378,-13.580825,0 -57.482212,-13.581006,0 -57.482046,-13.581187,0 -57.481862,-13.581368,0 -57.481696,-13.581532,0 -57.481511,-13.581695,0 -57.481345,-13.581876,0 -57.481161,-13.582057,0 -57.480976,-13.582238,0 -57.480810,-13.582419,0 -57.480626,-13.582601,0 -57.480460,-13.582782,0 -57.480294,-13.582945,0 -57.480109,-13.583126,0 -57.479943,-13.583307,0 -57.479777,-13.583470,0 -57.479611,-13.583651,0 -57.479445,-13.583814,0 -57.479279,-13.583996,0 -57.479113,-13.584159,0 -57.478947,-13.584340,0 -57.478781,-13.584503,0 -57.478615,-13.584684,0 -57.478449,-13.584847,0 -57.478301,-13.585010,0 -57.478135,-13.585173,0 -57.477969,-13.585336,0 -57.477803,-13.585517,0 -57.477656,-13.585681,0 -57.477489,-13.585844,0 -57.477323,-13.586007,0 -57.477157,-13.586188,0 -57.477010,-13.586333,0 -57.476844,-13.586514,0 -57.476678,-13.586677,0 -57.476512,-13.586858,0 -57.476364,-13.587003,0 -57.476198,-13.587184,0 -57.476032,-13.587365,0 -57.475866,-13.587529,0 -57.475718,-13.587673,0 -57.475552,-13.587855,0 -57.475386,-13.588036,0 -57.475220,-13.588199,0 -57.475073,-13.588344,0 -57.474907,-13.588525,0 -57.474741,-13.588706,0 -57.474482,-13.588978,0 -57.474261,-13.589195,0 -57.474095,-13.589376,0 -57.473837,-13.589648,0 -57.473763,-13.589721,0 -57.473523,-13.589974,0 -57.473431,-13.590065,0 -57.473191,-13.590319,0 -57.473043,-13.590482,0 -57.472877,-13.590645,0 -57.472711,-13.590826,0 -57.472545,-13.590989,0 -57.472287,-13.591261,0 -57.472232,-13.591315,0 -57.472065,-13.591478,0 -57.471807,-13.591750,0 -57.471733,-13.591822,0 -57.471475,-13.592094,0 -57.471420,-13.592148,0 -57.471161,-13.592420,0 -57.471014,-13.592583,0 -57.470848,-13.592746,0 -57.470682,-13.592909,0 -57.470516,-13.593090,0 -57.470368,-13.593235,0 -57.470202,-13.593417,0 -57.470054,-13.593580,0 -57.469888,-13.593743,0 -57.469722,-13.593906,0 -57.469556,-13.594087,0 -57.469409,-13.594232,0 -57.469224,-13.594431,0 -57.469058,-13.594594,0 -57.468781,-13.594884,0 -57.468560,-13.595120,0 -57.468302,-13.595391,0 -57.468136,-13.595554,0 -57.467877,-13.595826,0 -57.467711,-13.595989,0 -57.467508,-13.596207,0 -57.467232,-13.596496,0 -57.467176,-13.596551,0 -57.467010,-13.596714,0 -57.466863,-13.596877,0 -57.466586,-13.597167,0 -57.466531,-13.597221,0 -57.466364,-13.597384,0 -57.466217,-13.597547,0 -57.466051,-13.597728,0 -57.465885,-13.597891,0 -57.465719,-13.598055,0 -57.465571,-13.598218,0 -57.465405,-13.598399,0 -57.465239,-13.598562,0 -57.465073,-13.598725,0 -57.464907,-13.598906,0 -57.464741,-13.599069,0 -57.464575,-13.599250,0 -57.464409,-13.599413,0 -57.464243,-13.599576,0 -57.464077,-13.599757,0 -57.463910,-13.599921,0 -57.463744,-13.600102,0 -57.463597,-13.600265,0 -57.463431,-13.600428,0 -57.463265,-13.600609,0 -57.463117,-13.600754,0 -57.462914,-13.600971,0 -57.462748,-13.601134,0 -57.462582,-13.601315,0 -57.462416,-13.601497,0 -57.462250,-13.601678,0 -57.462084,-13.601859,0 -57.461918,-13.602040,0 -57.461752,-13.602203,0 -57.461567,-13.602384,0 -57.461401,-13.602547,0 -57.461235,-13.602729,0 -57.461069,-13.602910,0 -57.460903,-13.603073,0 -57.460737,-13.603254,0 -57.460552,-13.603417,0 -57.460386,-13.603598,0 -57.460220,-13.603779,0 -57.460054,-13.603942,0 -57.459888,-13.604124,0 -57.459722,-13.604287,0 -57.459556,-13.604468,0 -57.459372,-13.604649,0 -57.459205,-13.604812,0 -57.459039,-13.604993,0 -57.458873,-13.605174,0 -57.458689,-13.605355,0 -57.458856,-13.605500,0 -57.459041,-13.605662,0 -57.459207,-13.605825,0 -57.459430,-13.606023,0 -57.459541,-13.606131,0 -57.459782,-13.606348,0 -57.459893,-13.606456,0 -57.460152,-13.606691,0 -57.460319,-13.606853,0 -57.460559,-13.607070,0 -57.460671,-13.607178,0 -57.460911,-13.607395,0 -57.461189,-13.607647,0 -57.461245,-13.607702,0 -57.461541,-13.607972,0 -57.461763,-13.608171,0 -57.461893,-13.608297,0 -57.462060,-13.608460,0 -57.462263,-13.608640,0 -57.462430,-13.608803,0 -57.462597,-13.608965,0 -57.462782,-13.609127,0 -57.462949,-13.609272,0 -57.463116,-13.609434,0 -57.463282,-13.609579,0 -57.463449,-13.609741,0 -57.463690,-13.609958,0 -57.463968,-13.610210,0 -57.464227,-13.610445,0 -57.464468,-13.610680,0 -57.464764,-13.610950,0 -57.464986,-13.611149,0 -57.465134,-13.611293,0 -57.465301,-13.611456,0 -57.465486,-13.611618,0 -57.465672,-13.611780,0 -57.465838,-13.611943,0 -57.465857,-13.611961,0 -57.466024,-13.612123,0 -57.466209,-13.612304,0 -57.466394,-13.612466,0 -57.466561,-13.612629,0 -57.466746,-13.612791,0 -57.466931,-13.612953,0 -57.467190,-13.613188,0 -57.467468,-13.613441,0 -57.467635,-13.613603,0 -57.467876,-13.613820,0 -57.468172,-13.614090,0 -57.468394,-13.614289,0 -57.468561,-13.614451,0 -57.468728,-13.614596,0</coordinates></LineString></Placemark>
<Placemark><name>T-03 - 9,93 km</name><description>Maxima 9933 m | Minima 6394 m | Reta 5324 m | 278.49 ha</description><styleUrl>#rota</styleUrl><LineString><tessellate>1</tessellate><coordinates>-57.475369,-13.560747,0 -57.475518,-13.561108,0 -57.475666,-13.561470,0 -57.475575,-13.561850,0 -57.475704,-13.562066,0 -57.475853,-13.562265,0 -57.475982,-13.562464,0 -57.476131,-13.562681,0 -57.476242,-13.562915,0 -57.476372,-13.563150,0 -57.476483,-13.563385,0 -57.476613,-13.563638,0 -57.476688,-13.563927,0 -57.476762,-13.564216,0 -57.476818,-13.564433,0 -57.476874,-13.564650,0 -57.476930,-13.564885,0 -57.476986,-13.565102,0 -57.477023,-13.565319,0 -57.477079,-13.565536,0 -57.477135,-13.565825,0 -57.477210,-13.566114,0 -57.477266,-13.566404,0 -57.477322,-13.566639,0 -57.477378,-13.566856,0 -57.477452,-13.567091,0 -57.477545,-13.567307,0 -57.477656,-13.567542,0 -57.477786,-13.567723,0 -57.477897,-13.567922,0 -57.478027,-13.568120,0 -57.478138,-13.568301,0 -57.478268,-13.568499,0 -57.478379,-13.568698,0 -57.478509,-13.568879,0 -57.478584,-13.569114,0 -57.478658,-13.569331,0 -57.478732,-13.569547,0 -57.478788,-13.569764,0 -57.478826,-13.570072,0 -57.478845,-13.570361,0 -57.478882,-13.570614,0 -57.478901,-13.570867,0 -57.478939,-13.571102,0 -57.478884,-13.571374,0 -57.478847,-13.571627,0 -57.478885,-13.571844,0 -57.478904,-13.572079,0 -57.478941,-13.572314,0 -57.478979,-13.572585,0 -57.479035,-13.572874,0 -57.479091,-13.573146,0 -57.479110,-13.573417,0 -57.479147,-13.573670,0 -57.479185,-13.573923,0 -57.479222,-13.574194,0 -57.479241,-13.574447,0 -57.479334,-13.574700,0 -57.479427,-13.574953,0 -57.479520,-13.575188,0 -57.479613,-13.575423,0 -57.479761,-13.575640,0 -57.479928,-13.575875,0 -57.480095,-13.576091,0 -57.480243,-13.576326,0 -57.480410,-13.576525,0 -57.480577,-13.576741,0 -57.480744,-13.576958,0 -57.480966,-13.577120,0 -57.481188,-13.577283,0 -57.481429,-13.577445,0 -57.481651,-13.577607,0 -57.481836,-13.577752,0 -57.482040,-13.577878,0 -57.482225,-13.578004,0 -57.482428,-13.578130,0 -57.482614,-13.578275,0 -57.482817,-13.578401,0 -57.483002,-13.578527,0 -57.483206,-13.578653,0 -57.483391,-13.578798,0 -57.483595,-13.578924,0 -57.483817,-13.579158,0 -57.483670,-13.579502,0 -57.483393,-13.579774,0 -57.483227,-13.579955,0 -57.483061,-13.580136,0 -57.482895,-13.580299,0 -57.482710,-13.580481,0 -57.482544,-13.580662,0 -57.482378,-13.580825,0 -57.482212,-13.581006,0 -57.482046,-13.581187,0 -57.481862,-13.581368,0 -57.481696,-13.581532,0 -57.481511,-13.581695,0 -57.481345,-13.581876,0 -57.481161,-13.582057,0 -57.480976,-13.582238,0 -57.480810,-13.582419,0 -57.480626,-13.582601,0 -57.480460,-13.582782,0 -57.480294,-13.582945,0 -57.480109,-13.583126,0 -57.479943,-13.583307,0 -57.479777,-13.583470,0 -57.479611,-13.583651,0 -57.479445,-13.583814,0 -57.479279,-13.583996,0 -57.479113,-13.584159,0 -57.478947,-13.584340,0 -57.478781,-13.584503,0 -57.478615,-13.584684,0 -57.478449,-13.584847,0 -57.478301,-13.585010,0 -57.478135,-13.585173,0 -57.477969,-13.585336,0 -57.477803,-13.585517,0 -57.477656,-13.585681,0 -57.477489,-13.585844,0 -57.477323,-13.586007,0 -57.477157,-13.586188,0 -57.477010,-13.586333,0 -57.476844,-13.586514,0 -57.476678,-13.586677,0 -57.476512,-13.586858,0 -57.476364,-13.587003,0 -57.476198,-13.587184,0 -57.476032,-13.587365,0 -57.475866,-13.587529,0 -57.475718,-13.587673,0 -57.475552,-13.587855,0 -57.475386,-13.588036,0 -57.475220,-13.588199,0 -57.475073,-13.588344,0 -57.474907,-13.588525,0 -57.474741,-13.588706,0 -57.474482,-13.588978,0 -57.474261,-13.589195,0 -57.474095,-13.589376,0 -57.473837,-13.589648,0 -57.473763,-13.589721,0 -57.473523,-13.589974,0 -57.473431,-13.590065,0 -57.473191,-13.590319,0 -57.473043,-13.590482,0 -57.472877,-13.590645,0 -57.472711,-13.590826,0 -57.472545,-13.590989,0 -57.472287,-13.591261,0 -57.472232,-13.591315,0 -57.472065,-13.591478,0 -57.471807,-13.591750,0 -57.471733,-13.591822,0 -57.471475,-13.592094,0 -57.471420,-13.592148,0 -57.471161,-13.592420,0 -57.471014,-13.592583,0 -57.470848,-13.592746,0 -57.470682,-13.592909,0 -57.470516,-13.593090,0 -57.470368,-13.593235,0 -57.470202,-13.593417,0 -57.470054,-13.593580,0 -57.469888,-13.593743,0 -57.469722,-13.593906,0 -57.469556,-13.594087,0 -57.469409,-13.594232,0 -57.469224,-13.594431,0 -57.469058,-13.594594,0 -57.468781,-13.594884,0 -57.468560,-13.595120,0 -57.468302,-13.595391,0 -57.468136,-13.595554,0 -57.467877,-13.595826,0 -57.467711,-13.595989,0 -57.467508,-13.596207,0 -57.467232,-13.596496,0 -57.467176,-13.596551,0 -57.467010,-13.596714,0 -57.466863,-13.596877,0 -57.466586,-13.597167,0 -57.466531,-13.597221,0 -57.466364,-13.597384,0 -57.466217,-13.597547,0 -57.466051,-13.597728,0 -57.465885,-13.597891,0 -57.465719,-13.598055,0 -57.465571,-13.598218,0 -57.465405,-13.598399,0 -57.465239,-13.598562,0 -57.465073,-13.598725,0 -57.464907,-13.598906,0 -57.464741,-13.599069,0 -57.464575,-13.599250,0 -57.464409,-13.599413,0 -57.464243,-13.599576,0 -57.464077,-13.599757,0 -57.463910,-13.599921,0 -57.463744,-13.600102,0 -57.463597,-13.600265,0 -57.463431,-13.600428,0 -57.463265,-13.600609,0 -57.463117,-13.600754,0 -57.462914,-13.600971,0 -57.462748,-13.601134,0 -57.462582,-13.601315,0 -57.462416,-13.601497,0 -57.462250,-13.601678,0 -57.462084,-13.601859,0 -57.461918,-13.602040,0 -57.461752,-13.602203,0 -57.461567,-13.602384,0 -57.461401,-13.602547,0 -57.461235,-13.602729,0 -57.461069,-13.602910,0 -57.460903,-13.603073,0 -57.460737,-13.603254,0 -57.460552,-13.603417,0 -57.460386,-13.603598,0 -57.460220,-13.603779,0 -57.460054,-13.603942,0 -57.459888,-13.604124,0 -57.459722,-13.604287,0 -57.459556,-13.604468,0 -57.459372,-13.604649,0 -57.459205,-13.604812,0 -57.459039,-13.604993,0 -57.458873,-13.605174,0 -57.458689,-13.605355,0 -57.458523,-13.605518,0 -57.458357,-13.605700,0 -57.458191,-13.605863,0 -57.458025,-13.606044,0 -57.457858,-13.606207,0 -57.457674,-13.606406,0 -57.457545,-13.606551,0 -57.457379,-13.606732,0 -57.457213,-13.606895,0 -57.457047,-13.607076,0 -57.456881,-13.607239,0 -57.456715,-13.607421,0 -57.456548,-13.607602,0 -57.456382,-13.607765,0 -57.456216,-13.607946,0 -57.456050,-13.608127,0 -57.455884,-13.608308,0 -57.455718,-13.608471,0 -57.455552,-13.608652,0 -57.455386,-13.608834,0 -57.455220,-13.609015,0 -57.455054,-13.609178,0 -57.454888,-13.609341,0 -57.454759,-13.609468,0 -57.454593,-13.609649,0 -57.454427,-13.609812,0 -57.454260,-13.609975,0 -57.454094,-13.610138,0 -57.453947,-13.610301,0 -57.453781,-13.610482,0 -57.453615,-13.610645,0 -57.453449,-13.610826,0 -57.453301,-13.610989,0 -57.453116,-13.611171,0 -57.452950,-13.611334,0 -57.452784,-13.611515,0 -57.452618,-13.611696,0 -57.452452,-13.611877,0 -57.452268,-13.612040,0 -57.451991,-13.612312,0 -57.451825,-13.612475,0 -57.451585,-13.612747,0 -57.451437,-13.612928,0 -57.451271,-13.613091,0 -57.451124,-13.613254,0 -57.450957,-13.613417,0 -57.450791,-13.613580,0 -57.450644,-13.613761,0 -57.450478,-13.613924,0 -57.450312,-13.614087,0 -57.450164,-13.614250,0 -57.449998,-13.614413,0 -57.449832,-13.614594,0 -57.449666,-13.614758,0 -57.449500,-13.614939,0 -57.449334,-13.615102,0 -57.449168,-13.615283,0 -57.449001,-13.615464,0 -57.448835,-13.615627,0 -57.448651,-13.615808,0 -57.448485,-13.615971,0 -57.448319,-13.616152,0 -57.448153,-13.616315,0 -57.447986,-13.616497,0 -57.447820,-13.616660,0 -57.447654,-13.616841,0 -57.447488,-13.617004,0 -57.447341,-13.617185,0 -57.447175,-13.617348,0 -57.447008,-13.617529,0 -57.446842,-13.617692,0 -57.446676,-13.617873,0 -57.446529,-13.618054,0 -57.446363,-13.618218,0 -57.446197,-13.618399,0 -57.446030,-13.618562,0 -57.446179,-13.618688,0 -57.446345,-13.618850,0 -57.446531,-13.619013,0 -57.446697,-13.619175,0 -57.446882,-13.619338,0 -57.447049,-13.619500,0 -57.447234,-13.619663,0 -57.447401,-13.619825,0 -57.447586,-13.619988,0 -57.447771,-13.620150,0 -57.447938,-13.620312,0 -57.448123,-13.620475,0 -57.448290,-13.620637,0 -57.448475,-13.620800,0 -57.448642,-13.620962,0 -57.448827,-13.621125,0 -57.448994,-13.621287,0 -57.449179,-13.621450,0 -57.449346,-13.621612,0 -57.449475,-13.621720,0 -57.449420,-13.621937,0 -57.449347,-13.622154,0 -57.449273,-13.622372,0 -57.449218,-13.622607,0 -57.449126,-13.622824,0 -57.449053,-13.623059,0 -57.449164,-13.623294,0 -57.449276,-13.623547,0 -57.449387,-13.623800,0 -57.449572,-13.624089,0 -57.449813,-13.624324,0 -57.450054,-13.624558,0 -57.450332,-13.624775,0 -57.450646,-13.624919,0 -57.450961,-13.625045,0 -57.451239,-13.625153,0 -57.451461,-13.625243,0 -57.451701,-13.625333,0 -57.452108,-13.625531,0 -57.452423,-13.625621,0 -57.452682,-13.625639,0 -57.452959,-13.625674,0 -57.453218,-13.625710,0 -57.453421,-13.625728,0 -57.453717,-13.625745,0 -57.453995,-13.625763,0 -57.454327,-13.625690,0 -57.454494,-13.625834,0 -57.454679,-13.625997,0 -57.454976,-13.626267,0 -57.455161,-13.626430,0 -57.455365,-13.626610,0 -57.455531,-13.626773,0</coordinates></LineString></Placemark>
<Placemark><name>T-04 - 11,97 km</name><description>Maxima 11974 m | Minima 8397 m | Reta 7210 m | 302.63 ha</description><styleUrl>#rota</styleUrl><LineString><tessellate>1</tessellate><coordinates>-57.475369,-13.560747,0 -57.475518,-13.561108,0 -57.475666,-13.561470,0 -57.475575,-13.561850,0 -57.475704,-13.562066,0 -57.475853,-13.562265,0 -57.475982,-13.562464,0 -57.476131,-13.562681,0 -57.476242,-13.562915,0 -57.476372,-13.563150,0 -57.476483,-13.563385,0 -57.476613,-13.563638,0 -57.476688,-13.563927,0 -57.476762,-13.564216,0 -57.476818,-13.564433,0 -57.476874,-13.564650,0 -57.476930,-13.564885,0 -57.476986,-13.565102,0 -57.477023,-13.565319,0 -57.477079,-13.565536,0 -57.477135,-13.565825,0 -57.477210,-13.566114,0 -57.477266,-13.566404,0 -57.477322,-13.566639,0 -57.477378,-13.566856,0 -57.477452,-13.567091,0 -57.477545,-13.567307,0 -57.477656,-13.567542,0 -57.477786,-13.567723,0 -57.477897,-13.567922,0 -57.478027,-13.568120,0 -57.478138,-13.568301,0 -57.478268,-13.568499,0 -57.478379,-13.568698,0 -57.478509,-13.568879,0 -57.478584,-13.569114,0 -57.478658,-13.569331,0 -57.478732,-13.569547,0 -57.478788,-13.569764,0 -57.478826,-13.570072,0 -57.478845,-13.570361,0 -57.478882,-13.570614,0 -57.478901,-13.570867,0 -57.478939,-13.571102,0 -57.478884,-13.571374,0 -57.478847,-13.571627,0 -57.478885,-13.571844,0 -57.478904,-13.572079,0 -57.478941,-13.572314,0 -57.478979,-13.572585,0 -57.479035,-13.572874,0 -57.479091,-13.573146,0 -57.479110,-13.573417,0 -57.479147,-13.573670,0 -57.479185,-13.573923,0 -57.479222,-13.574194,0 -57.479241,-13.574447,0 -57.479334,-13.574700,0 -57.479427,-13.574953,0 -57.479520,-13.575188,0 -57.479613,-13.575423,0 -57.479761,-13.575640,0 -57.479928,-13.575875,0 -57.480095,-13.576091,0 -57.480243,-13.576326,0 -57.480410,-13.576525,0 -57.480577,-13.576741,0 -57.480744,-13.576958,0 -57.480966,-13.577120,0 -57.481188,-13.577283,0 -57.481429,-13.577445,0 -57.481651,-13.577607,0 -57.481836,-13.577752,0 -57.482040,-13.577878,0 -57.482225,-13.578004,0 -57.482428,-13.578130,0 -57.482614,-13.578275,0 -57.482817,-13.578401,0 -57.483002,-13.578527,0 -57.483206,-13.578653,0 -57.483391,-13.578798,0 -57.483595,-13.578924,0 -57.483817,-13.579158,0 -57.483670,-13.579502,0 -57.483393,-13.579774,0 -57.483227,-13.579955,0 -57.483061,-13.580136,0 -57.482895,-13.580299,0 -57.482710,-13.580481,0 -57.482544,-13.580662,0 -57.482378,-13.580825,0 -57.482212,-13.581006,0 -57.482046,-13.581187,0 -57.481862,-13.581368,0 -57.481696,-13.581532,0 -57.481511,-13.581695,0 -57.481345,-13.581876,0 -57.481161,-13.582057,0 -57.480976,-13.582238,0 -57.480810,-13.582419,0 -57.480626,-13.582601,0 -57.480460,-13.582782,0 -57.480294,-13.582945,0 -57.480109,-13.583126,0 -57.479943,-13.583307,0 -57.479777,-13.583470,0 -57.479611,-13.583651,0 -57.479445,-13.583814,0 -57.479279,-13.583996,0 -57.479113,-13.584159,0 -57.478947,-13.584340,0 -57.478781,-13.584503,0 -57.478615,-13.584684,0 -57.478449,-13.584847,0 -57.478301,-13.585010,0 -57.478135,-13.585173,0 -57.477969,-13.585336,0 -57.477803,-13.585517,0 -57.477656,-13.585681,0 -57.477489,-13.585844,0 -57.477323,-13.586007,0 -57.477157,-13.586188,0 -57.477010,-13.586333,0 -57.476844,-13.586514,0 -57.476678,-13.586677,0 -57.476512,-13.586858,0 -57.476364,-13.587003,0 -57.476198,-13.587184,0 -57.476032,-13.587365,0 -57.475866,-13.587529,0 -57.475718,-13.587673,0 -57.475552,-13.587855,0 -57.475386,-13.588036,0 -57.475220,-13.588199,0 -57.475073,-13.588344,0 -57.474907,-13.588525,0 -57.474741,-13.588706,0 -57.474482,-13.588978,0 -57.474261,-13.589195,0 -57.474095,-13.589376,0 -57.473837,-13.589648,0 -57.473763,-13.589721,0 -57.473523,-13.589974,0 -57.473431,-13.590065,0 -57.473191,-13.590319,0 -57.473043,-13.590482,0 -57.472877,-13.590645,0 -57.472711,-13.590826,0 -57.472545,-13.590989,0 -57.472287,-13.591261,0 -57.472232,-13.591315,0 -57.472065,-13.591478,0 -57.471807,-13.591750,0 -57.471733,-13.591822,0 -57.471475,-13.592094,0 -57.471420,-13.592148,0 -57.471161,-13.592420,0 -57.471014,-13.592583,0 -57.470848,-13.592746,0 -57.470682,-13.592909,0 -57.470516,-13.593090,0 -57.470368,-13.593235,0 -57.470202,-13.593417,0 -57.470054,-13.593580,0 -57.469888,-13.593743,0 -57.469722,-13.593906,0 -57.469556,-13.594087,0 -57.469409,-13.594232,0 -57.469224,-13.594431,0 -57.469058,-13.594594,0 -57.468781,-13.594884,0 -57.468560,-13.595120,0 -57.468302,-13.595391,0 -57.468136,-13.595554,0 -57.467877,-13.595826,0 -57.467711,-13.595989,0 -57.467508,-13.596207,0 -57.467232,-13.596496,0 -57.467176,-13.596551,0 -57.467010,-13.596714,0 -57.466863,-13.596877,0 -57.466586,-13.597167,0 -57.466531,-13.597221,0 -57.466364,-13.597384,0 -57.466217,-13.597547,0 -57.466051,-13.597728,0 -57.465885,-13.597891,0 -57.465719,-13.598055,0 -57.465571,-13.598218,0 -57.465405,-13.598399,0 -57.465239,-13.598562,0 -57.465073,-13.598725,0 -57.464907,-13.598906,0 -57.464741,-13.599069,0 -57.464575,-13.599250,0 -57.464409,-13.599413,0 -57.464243,-13.599576,0 -57.464077,-13.599757,0 -57.463910,-13.599921,0 -57.463744,-13.600102,0 -57.463597,-13.600265,0 -57.463431,-13.600428,0 -57.463265,-13.600609,0 -57.463117,-13.600754,0 -57.462914,-13.600971,0 -57.462748,-13.601134,0 -57.462582,-13.601315,0 -57.462416,-13.601497,0 -57.462250,-13.601678,0 -57.462084,-13.601859,0 -57.461918,-13.602040,0 -57.461752,-13.602203,0 -57.461567,-13.602384,0 -57.461401,-13.602547,0 -57.461235,-13.602729,0 -57.461069,-13.602910,0 -57.460903,-13.603073,0 -57.460737,-13.603254,0 -57.460552,-13.603417,0 -57.460386,-13.603598,0 -57.460220,-13.603779,0 -57.460054,-13.603942,0 -57.459888,-13.604124,0 -57.459722,-13.604287,0 -57.459556,-13.604468,0 -57.459372,-13.604649,0 -57.459205,-13.604812,0 -57.459039,-13.604993,0 -57.458873,-13.605174,0 -57.458689,-13.605355,0 -57.458523,-13.605518,0 -57.458357,-13.605700,0 -57.458191,-13.605863,0 -57.458025,-13.606044,0 -57.457858,-13.606207,0 -57.457674,-13.606406,0 -57.457545,-13.606551,0 -57.457379,-13.606732,0 -57.457213,-13.606895,0 -57.457047,-13.607076,0 -57.456881,-13.607239,0 -57.456715,-13.607421,0 -57.456548,-13.607602,0 -57.456382,-13.607765,0 -57.456216,-13.607946,0 -57.456050,-13.608127,0 -57.455884,-13.608308,0 -57.455718,-13.608471,0 -57.455552,-13.608652,0 -57.455386,-13.608834,0 -57.455220,-13.609015,0 -57.455054,-13.609178,0 -57.454888,-13.609341,0 -57.454759,-13.609468,0 -57.454593,-13.609649,0 -57.454427,-13.609812,0 -57.454260,-13.609975,0 -57.454094,-13.610138,0 -57.453947,-13.610301,0 -57.453781,-13.610482,0 -57.453615,-13.610645,0 -57.453449,-13.610826,0 -57.453301,-13.610989,0 -57.453116,-13.611171,0 -57.452950,-13.611334,0 -57.452784,-13.611515,0 -57.452618,-13.611696,0 -57.452452,-13.611877,0 -57.452268,-13.612040,0 -57.451991,-13.612312,0 -57.451825,-13.612475,0 -57.451585,-13.612747,0 -57.451345,-13.612982,0 -57.451179,-13.613145,0 -57.451013,-13.613326,0 -57.450865,-13.613489,0 -57.450699,-13.613653,0 -57.450533,-13.613816,0 -57.450367,-13.613997,0 -57.450201,-13.614160,0 -57.450053,-13.614323,0 -57.449887,-13.614486,0 -57.449721,-13.614649,0 -57.449555,-13.614830,0 -57.449389,-13.614993,0 -57.449241,-13.615156,0 -57.449075,-13.615319,0 -57.448909,-13.615500,0 -57.448743,-13.615663,0 -57.448577,-13.615826,0 -57.448429,-13.615989,0 -57.448263,-13.616153,0 -57.448097,-13.616334,0 -57.447950,-13.616497,0 -57.447783,-13.616660,0 -57.447636,-13.616823,0 -57.447470,-13.616986,0 -57.447304,-13.617167,0 -57.447156,-13.617330,0 -57.446990,-13.617493,0 -57.446824,-13.617656,0 -57.446676,-13.617819,0 -57.446510,-13.618000,0 -57.446344,-13.618163,0 -57.446160,-13.618344,0 -57.445993,-13.618526,0 -57.445827,-13.618689,0 -57.445680,-13.618852,0 -57.445514,-13.619015,0 -57.445348,-13.619178,0 -57.445181,-13.619359,0 -57.445015,-13.619540,0 -57.444868,-13.619685,0 -57.444702,-13.619848,0 -57.444536,-13.620011,0 -57.444369,-13.620192,0 -57.444203,-13.620373,0 -57.444056,-13.620518,0 -57.443871,-13.620718,0 -57.443724,-13.620881,0 -57.443558,-13.621044,0 -57.443410,-13.621189,0 -57.443244,-13.621352,0 -57.443059,-13.621551,0 -57.442893,-13.621732,0 -57.442727,-13.621895,0 -57.442579,-13.622058,0 -57.442413,-13.622239,0 -57.442247,-13.622402,0 -57.442081,-13.622565,0 -57.441915,-13.622728,0 -57.441749,-13.622910,0 -57.441601,-13.623073,0 -57.441435,-13.623236,0 -57.441269,-13.623399,0 -57.441103,-13.623580,0 -57.440937,-13.623743,0 -57.440771,-13.623906,0 -57.440623,-13.624069,0 -57.440457,-13.624250,0 -57.440291,-13.624413,0 -57.440125,-13.624576,0 -57.439959,-13.624739,0 -57.439793,-13.624920,0 -57.439645,-13.625083,0 -57.439479,-13.625246,0 -57.439313,-13.625409,0 -57.439147,-13.625591,0 -57.438981,-13.625754,0 -57.438815,-13.625917,0 -57.438667,-13.626080,0 -57.438501,-13.626261,0 -57.438335,-13.626424,0 -57.438169,-13.626587,0 -57.438003,-13.626768,0 -57.437837,-13.626931,0 -57.437689,-13.627094,0 -57.437523,-13.627257,0 -57.437357,-13.627438,0 -57.437191,-13.627601,0 -57.437025,-13.627764,0 -57.436858,-13.627927,0 -57.436711,-13.628072,0 -57.436526,-13.628272,0 -57.436360,-13.628435,0 -57.436194,-13.628616,0 -57.436028,-13.628797,0 -57.435843,-13.628960,0 -57.435677,-13.629141,0 -57.435511,-13.629304,0 -57.435327,-13.629485,0 -57.435160,-13.629667,0 -57.434994,-13.629830,0 -57.434828,-13.629993,0 -57.434662,-13.630174,0 -57.434496,-13.630337,0 -57.434330,-13.630500,0 -57.434164,-13.630663,0 -57.433998,-13.630844,0 -57.433832,-13.631007,0 -57.433665,-13.631170,0 -57.433499,-13.631333,0 -57.433333,-13.631514,0 -57.433167,-13.631677,0 -57.432946,-13.631859,0 -57.432761,-13.632022,0 -57.432743,-13.632202,0 -57.432910,-13.632365,0 -57.433076,-13.632509,0 -57.433261,-13.632672,0 -57.433428,-13.632834,0 -57.433595,-13.632997,0 -57.433762,-13.633159,0 -57.433947,-13.633304,0 -57.434113,-13.633466,0 -57.434280,-13.633628,0 -57.434465,-13.633791,0 -57.434632,-13.633953,0 -57.434799,-13.634098,0 -57.434965,-13.634260,0 -57.435151,-13.634423,0 -57.435317,-13.634585,0 -57.435484,-13.634748,0 -57.435651,-13.634892,0 -57.435836,-13.635054,0 -57.436003,-13.635217,0 -57.436169,-13.635379,0 -57.436336,-13.635542,0 -57.436595,-13.635794,0 -57.436762,-13.635939,0 -57.436929,-13.636101,0 -57.437114,-13.636264,0 -57.437281,-13.636408,0 -57.437447,-13.636571,0 -57.437614,-13.636733,0 -57.437892,-13.636968,0 -57.438077,-13.637130,0 -57.438244,-13.637293,0 -57.438411,-13.637455,0 -57.438633,-13.637672,0 -57.438929,-13.637924,0 -57.439114,-13.638087,0 -57.439281,-13.638249,0 -57.439466,-13.638412,0 -57.439633,-13.638574,0 -57.439800,-13.638718,0 -57.439985,-13.638881,0 -57.440152,-13.639043,0 -57.440337,-13.639206,0 -57.440504,-13.639368,0 -57.440670,-13.639531,0 -57.440856,-13.639693,0 -57.441022,-13.639838,0 -57.441189,-13.640000,0 -57.441374,-13.640162,0 -57.441541,-13.640325,0 -57.441726,-13.640487,0 -57.441893,-13.640650,0 -57.442060,-13.640812,0 -57.442208,-13.640975,0 -57.442375,-13.641119,0 -57.442560,-13.641281,0 -57.442726,-13.641444,0</coordinates></LineString></Placemark>
<Placemark><name>T-05A - 13,11 km</name><description>Maxima 13106 m | Minima 10484 m | Reta 9226 m | 175.27 ha</description><styleUrl>#rota</styleUrl><LineString><tessellate>1</tessellate><coordinates>-57.475369,-13.560747,0 -57.475518,-13.561108,0 -57.475666,-13.561470,0 -57.475575,-13.561850,0 -57.475704,-13.562066,0 -57.475853,-13.562265,0 -57.475982,-13.562464,0 -57.476131,-13.562681,0 -57.476242,-13.562915,0 -57.476372,-13.563150,0 -57.476483,-13.563385,0 -57.476613,-13.563638,0 -57.476688,-13.563927,0 -57.476762,-13.564216,0 -57.476818,-13.564433,0 -57.476874,-13.564650,0 -57.476930,-13.564885,0 -57.476986,-13.565102,0 -57.477023,-13.565319,0 -57.477079,-13.565536,0 -57.477135,-13.565825,0 -57.477210,-13.566114,0 -57.477266,-13.566404,0 -57.477322,-13.566639,0 -57.477378,-13.566856,0 -57.477452,-13.567091,0 -57.477545,-13.567307,0 -57.477656,-13.567542,0 -57.477786,-13.567723,0 -57.477897,-13.567922,0 -57.478027,-13.568120,0 -57.478138,-13.568301,0 -57.478268,-13.568499,0 -57.478379,-13.568698,0 -57.478509,-13.568879,0 -57.478584,-13.569114,0 -57.478658,-13.569331,0 -57.478732,-13.569547,0 -57.478788,-13.569764,0 -57.478826,-13.570072,0 -57.478845,-13.570361,0 -57.478882,-13.570614,0 -57.478901,-13.570867,0 -57.478939,-13.571102,0 -57.478884,-13.571374,0 -57.478847,-13.571627,0 -57.478885,-13.571844,0 -57.478904,-13.572079,0 -57.478941,-13.572314,0 -57.478979,-13.572585,0 -57.479035,-13.572874,0 -57.479091,-13.573146,0 -57.479110,-13.573417,0 -57.479147,-13.573670,0 -57.479185,-13.573923,0 -57.479222,-13.574194,0 -57.479241,-13.574447,0 -57.479334,-13.574700,0 -57.479427,-13.574953,0 -57.479520,-13.575188,0 -57.479613,-13.575423,0 -57.479761,-13.575640,0 -57.479928,-13.575875,0 -57.480095,-13.576091,0 -57.480243,-13.576326,0 -57.480410,-13.576525,0 -57.480577,-13.576741,0 -57.480744,-13.576958,0 -57.480966,-13.577120,0 -57.481188,-13.577283,0 -57.481429,-13.577445,0 -57.481651,-13.577607,0 -57.481836,-13.577752,0 -57.482040,-13.577878,0 -57.482225,-13.578004,0 -57.482428,-13.578130,0 -57.482614,-13.578275,0 -57.482817,-13.578401,0 -57.483002,-13.578527,0 -57.483206,-13.578653,0 -57.483391,-13.578798,0 -57.483595,-13.578924,0 -57.483817,-13.579158,0 -57.483670,-13.579502,0 -57.483393,-13.579774,0 -57.483227,-13.579955,0 -57.483061,-13.580136,0 -57.482895,-13.580299,0 -57.482710,-13.580481,0 -57.482544,-13.580662,0 -57.482378,-13.580825,0 -57.482212,-13.581006,0 -57.482046,-13.581187,0 -57.481862,-13.581368,0 -57.481696,-13.581532,0 -57.481511,-13.581695,0 -57.481345,-13.581876,0 -57.481161,-13.582057,0 -57.480976,-13.582238,0 -57.480810,-13.582419,0 -57.480626,-13.582601,0 -57.480460,-13.582782,0 -57.480294,-13.582945,0 -57.480109,-13.583126,0 -57.479943,-13.583307,0 -57.479777,-13.583470,0 -57.479611,-13.583651,0 -57.479445,-13.583814,0 -57.479279,-13.583996,0 -57.479113,-13.584159,0 -57.478947,-13.584340,0 -57.478781,-13.584503,0 -57.478615,-13.584684,0 -57.478449,-13.584847,0 -57.478301,-13.585010,0 -57.478135,-13.585173,0 -57.477969,-13.585336,0 -57.477803,-13.585517,0 -57.477656,-13.585681,0 -57.477489,-13.585844,0 -57.477323,-13.586007,0 -57.477157,-13.586188,0 -57.477010,-13.586333,0 -57.476844,-13.586514,0 -57.476678,-13.586677,0 -57.476512,-13.586858,0 -57.476364,-13.587003,0 -57.476198,-13.587184,0 -57.476032,-13.587365,0 -57.475866,-13.587529,0 -57.475718,-13.587673,0 -57.475552,-13.587855,0 -57.475386,-13.588036,0 -57.475220,-13.588199,0 -57.475073,-13.588344,0 -57.474907,-13.588525,0 -57.474741,-13.588706,0 -57.474482,-13.588978,0 -57.474261,-13.589195,0 -57.474095,-13.589376,0 -57.473837,-13.589648,0 -57.473763,-13.589721,0 -57.473523,-13.589974,0 -57.473431,-13.590065,0 -57.473191,-13.590319,0 -57.473043,-13.590482,0 -57.472877,-13.590645,0 -57.472711,-13.590826,0 -57.472545,-13.590989,0 -57.472287,-13.591261,0 -57.472232,-13.591315,0 -57.472065,-13.591478,0 -57.471807,-13.591750,0 -57.471733,-13.591822,0 -57.471475,-13.592094,0 -57.471420,-13.592148,0 -57.471161,-13.592420,0 -57.471014,-13.592583,0 -57.470848,-13.592746,0 -57.470682,-13.592909,0 -57.470516,-13.593090,0 -57.470368,-13.593235,0 -57.470202,-13.593417,0 -57.470054,-13.593580,0 -57.469888,-13.593743,0 -57.469722,-13.593906,0 -57.469556,-13.594087,0 -57.469409,-13.594232,0 -57.469224,-13.594431,0 -57.469058,-13.594594,0 -57.468781,-13.594884,0 -57.468560,-13.595120,0 -57.468302,-13.595391,0 -57.468136,-13.595554,0 -57.467877,-13.595826,0 -57.467711,-13.595989,0 -57.467508,-13.596207,0 -57.467232,-13.596496,0 -57.467176,-13.596551,0 -57.467010,-13.596714,0 -57.466863,-13.596877,0 -57.466586,-13.597167,0 -57.466531,-13.597221,0 -57.466364,-13.597384,0 -57.466217,-13.597547,0 -57.466051,-13.597728,0 -57.465885,-13.597891,0 -57.465719,-13.598055,0 -57.465571,-13.598218,0 -57.465405,-13.598399,0 -57.465239,-13.598562,0 -57.465073,-13.598725,0 -57.464907,-13.598906,0 -57.464741,-13.599069,0 -57.464575,-13.599250,0 -57.464409,-13.599413,0 -57.464243,-13.599576,0 -57.464077,-13.599757,0 -57.463910,-13.599921,0 -57.463744,-13.600102,0 -57.463597,-13.600265,0 -57.463431,-13.600428,0 -57.463265,-13.600609,0 -57.463117,-13.600754,0 -57.462914,-13.600971,0 -57.462748,-13.601134,0 -57.462582,-13.601315,0 -57.462416,-13.601497,0 -57.462250,-13.601678,0 -57.462084,-13.601859,0 -57.461918,-13.602040,0 -57.461752,-13.602203,0 -57.461567,-13.602384,0 -57.461401,-13.602547,0 -57.461235,-13.602729,0 -57.461069,-13.602910,0 -57.460903,-13.603073,0 -57.460737,-13.603254,0 -57.460552,-13.603417,0 -57.460386,-13.603598,0 -57.460220,-13.603779,0 -57.460054,-13.603942,0 -57.459888,-13.604124,0 -57.459722,-13.604287,0 -57.459556,-13.604468,0 -57.459372,-13.604649,0 -57.459205,-13.604812,0 -57.459039,-13.604993,0 -57.458873,-13.605174,0 -57.458689,-13.605355,0 -57.458523,-13.605518,0 -57.458357,-13.605700,0 -57.458191,-13.605863,0 -57.458025,-13.606044,0 -57.457858,-13.606207,0 -57.457674,-13.606406,0 -57.457545,-13.606551,0 -57.457379,-13.606732,0 -57.457213,-13.606895,0 -57.457047,-13.607076,0 -57.456881,-13.607239,0 -57.456715,-13.607421,0 -57.456548,-13.607602,0 -57.456382,-13.607765,0 -57.456216,-13.607946,0 -57.456050,-13.608127,0 -57.455884,-13.608308,0 -57.455718,-13.608471,0 -57.455552,-13.608652,0 -57.455386,-13.608834,0 -57.455220,-13.609015,0 -57.455054,-13.609178,0 -57.454888,-13.609341,0 -57.454759,-13.609468,0 -57.454593,-13.609649,0 -57.454427,-13.609812,0 -57.454260,-13.609975,0 -57.454094,-13.610138,0 -57.453947,-13.610301,0 -57.453781,-13.610482,0 -57.453615,-13.610645,0 -57.453449,-13.610826,0 -57.453301,-13.610989,0 -57.453116,-13.611171,0 -57.452950,-13.611334,0 -57.452784,-13.611515,0 -57.452618,-13.611696,0 -57.452452,-13.611877,0 -57.452268,-13.612040,0 -57.451991,-13.612312,0 -57.451825,-13.612475,0 -57.451585,-13.612747,0 -57.451345,-13.612982,0 -57.451179,-13.613145,0 -57.451013,-13.613326,0 -57.450865,-13.613489,0 -57.450699,-13.613653,0 -57.450533,-13.613816,0 -57.450367,-13.613997,0 -57.450201,-13.614160,0 -57.450053,-13.614323,0 -57.449887,-13.614486,0 -57.449721,-13.614649,0 -57.449555,-13.614830,0 -57.449389,-13.614993,0 -57.449241,-13.615156,0 -57.449075,-13.615319,0 -57.448909,-13.615500,0 -57.448743,-13.615663,0 -57.448577,-13.615826,0 -57.448429,-13.615989,0 -57.448263,-13.616153,0 -57.448097,-13.616334,0 -57.447950,-13.616497,0 -57.447783,-13.616660,0 -57.447636,-13.616823,0 -57.447470,-13.616986,0 -57.447304,-13.617167,0 -57.447156,-13.617330,0 -57.446990,-13.617493,0 -57.446824,-13.617656,0 -57.446676,-13.617819,0 -57.446510,-13.618000,0 -57.446344,-13.618163,0 -57.446160,-13.618344,0 -57.445993,-13.618526,0 -57.445827,-13.618689,0 -57.445680,-13.618852,0 -57.445514,-13.619015,0 -57.445348,-13.619178,0 -57.445181,-13.619359,0 -57.445015,-13.619540,0 -57.444868,-13.619685,0 -57.444702,-13.619848,0 -57.444536,-13.620011,0 -57.444369,-13.620192,0 -57.444203,-13.620373,0 -57.444056,-13.620518,0 -57.443871,-13.620718,0 -57.443724,-13.620881,0 -57.443558,-13.621044,0 -57.443410,-13.621189,0 -57.443244,-13.621352,0 -57.443059,-13.621551,0 -57.442893,-13.621732,0 -57.442727,-13.621895,0 -57.442579,-13.622058,0 -57.442413,-13.622239,0 -57.442247,-13.622402,0 -57.442081,-13.622565,0 -57.441915,-13.622728,0 -57.441749,-13.622910,0 -57.441601,-13.623073,0 -57.441435,-13.623236,0 -57.441269,-13.623399,0 -57.441103,-13.623580,0 -57.440937,-13.623743,0 -57.440771,-13.623906,0 -57.440623,-13.624069,0 -57.440457,-13.624250,0 -57.440291,-13.624413,0 -57.440125,-13.624576,0 -57.439959,-13.624739,0 -57.439793,-13.624920,0 -57.439645,-13.625083,0 -57.439479,-13.625246,0 -57.439313,-13.625409,0 -57.439147,-13.625591,0 -57.438981,-13.625754,0 -57.438815,-13.625917,0 -57.438667,-13.626080,0 -57.438501,-13.626261,0 -57.438335,-13.626424,0 -57.438169,-13.626587,0 -57.438003,-13.626768,0 -57.437837,-13.626931,0 -57.437689,-13.627094,0 -57.437523,-13.627257,0 -57.437357,-13.627438,0 -57.437191,-13.627601,0 -57.437025,-13.627764,0 -57.436858,-13.627927,0 -57.436711,-13.628072,0 -57.436526,-13.628272,0 -57.436360,-13.628435,0 -57.436194,-13.628616,0 -57.436028,-13.628797,0 -57.435843,-13.628960,0 -57.435677,-13.629141,0 -57.435511,-13.629304,0 -57.435327,-13.629485,0 -57.435160,-13.629667,0 -57.434994,-13.629830,0 -57.434828,-13.629993,0 -57.434662,-13.630174,0 -57.434496,-13.630337,0 -57.434330,-13.630500,0 -57.434164,-13.630663,0 -57.433998,-13.630844,0 -57.433832,-13.631007,0 -57.433665,-13.631170,0 -57.433499,-13.631333,0 -57.433333,-13.631514,0 -57.433167,-13.631677,0 -57.432946,-13.631859,0 -57.432669,-13.632130,0 -57.432503,-13.632293,0 -57.432337,-13.632474,0 -57.432189,-13.632637,0 -57.432023,-13.632801,0 -57.431857,-13.632964,0 -57.431691,-13.633127,0 -57.431524,-13.633290,0 -57.431358,-13.633471,0 -57.431192,-13.633634,0 -57.431026,-13.633797,0 -57.430860,-13.633960,0 -57.430712,-13.634123,0 -57.430546,-13.634286,0 -57.430380,-13.634467,0 -57.430214,-13.634630,0 -57.430048,-13.634793,0 -57.429882,-13.634956,0 -57.429716,-13.635119,0 -57.429550,-13.635282,0 -57.429383,-13.635463,0 -57.429236,-13.635626,0 -57.429070,-13.635790,0 -57.428922,-13.636097,0 -57.429071,-13.636278,0 -57.429237,-13.636458,0 -57.429386,-13.636639,0 -57.429534,-13.636801,0 -57.429682,-13.636982,0 -57.429830,-13.637163,0 -57.429979,-13.637325,0 -57.430127,-13.637506,0 -57.430275,-13.637686,0 -57.430423,-13.637867,0 -57.430590,-13.638029,0 -57.430738,-13.638210,0 -57.430887,-13.638390,0 -57.431035,-13.638571,0 -57.431183,-13.638734,0 -57.431331,-13.638914,0 -57.431480,-13.639095,0 -57.431628,-13.639275,0 -57.431794,-13.639438,0 -57.431943,-13.639618,0 -57.432091,-13.639799,0 -57.432239,-13.639980,0 -57.432387,-13.640142,0 -57.432536,-13.640323,0 -57.432684,-13.640503,0 -57.432832,-13.640684,0 -57.432980,-13.640846,0 -57.433147,-13.641027,0 -57.433295,-13.641207,0 -57.433444,-13.641388,0 -57.433592,-13.641550,0 -57.433740,-13.641731,0 -57.433888,-13.641912,0 -57.434037,-13.642074,0 -57.434185,-13.642255,0 -57.434352,-13.642435,0 -57.434500,-13.642616,0 -57.434648,-13.642778,0 -57.434796,-13.642959,0 -57.434945,-13.643140,0 -57.435093,-13.643320,0 -57.435241,-13.643483,0 -57.435390,-13.643663,0 -57.435556,-13.643844,0 -57.435705,-13.644024,0 -57.435853,-13.644187,0 -57.436001,-13.644367,0 -57.436149,-13.644548,0 -57.436298,-13.644729,0 -57.436446,-13.644891,0 -57.436594,-13.645072,0 -57.436742,-13.645252,0 -57.436909,-13.645433,0 -57.437057,-13.645595,0 -57.437206,-13.645776,0 -57.437354,-13.645956,0 -57.437502,-13.646119,0 -57.437650,-13.646299,0 -57.437799,-13.646480,0 -57.437614,-13.646679,0 -57.437429,-13.646860,0 -57.437245,-13.647060,0 -57.437060,-13.647241,0 -57.436876,-13.647440,0 -57.436710,-13.647603,0 -57.436544,-13.647766,0 -57.436377,-13.647929,0 -57.436230,-13.648092,0 -57.436064,-13.648255,0 -57.435898,-13.648418,0 -57.435731,-13.648581,0 -57.435584,-13.648744,0 -57.435418,-13.648926,0 -57.435252,-13.649107,0 -57.435085,-13.649270,0 -57.434919,-13.649433,0 -57.434753,-13.649596,0 -57.434606,-13.649759,0 -57.434439,-13.649940,0</coordinates></LineString></Placemark>
<Placemark><name>T-05B - 13,74 km</name><description>Maxima 13744 m | Minima 11376 m | Reta 10098 m | 124.34 ha</description><styleUrl>#rota</styleUrl><LineString><tessellate>1</tessellate><coordinates>-57.475369,-13.560747,0 -57.475518,-13.561108,0 -57.475666,-13.561470,0 -57.475575,-13.561850,0 -57.475704,-13.562066,0 -57.475853,-13.562265,0 -57.475982,-13.562464,0 -57.476131,-13.562681,0 -57.476242,-13.562915,0 -57.476372,-13.563150,0 -57.476483,-13.563385,0 -57.476613,-13.563638,0 -57.476688,-13.563927,0 -57.476762,-13.564216,0 -57.476818,-13.564433,0 -57.476874,-13.564650,0 -57.476930,-13.564885,0 -57.476986,-13.565102,0 -57.477023,-13.565319,0 -57.477079,-13.565536,0 -57.477135,-13.565825,0 -57.477210,-13.566114,0 -57.477266,-13.566404,0 -57.477322,-13.566639,0 -57.477378,-13.566856,0 -57.477452,-13.567091,0 -57.477545,-13.567307,0 -57.477656,-13.567542,0 -57.477786,-13.567723,0 -57.477897,-13.567922,0 -57.478027,-13.568120,0 -57.478138,-13.568301,0 -57.478268,-13.568499,0 -57.478379,-13.568698,0 -57.478509,-13.568879,0 -57.478584,-13.569114,0 -57.478658,-13.569331,0 -57.478732,-13.569547,0 -57.478788,-13.569764,0 -57.478826,-13.570072,0 -57.478845,-13.570361,0 -57.478882,-13.570614,0 -57.478901,-13.570867,0 -57.478939,-13.571102,0 -57.478884,-13.571374,0 -57.478847,-13.571627,0 -57.478885,-13.571844,0 -57.478904,-13.572079,0 -57.478941,-13.572314,0 -57.478979,-13.572585,0 -57.479035,-13.572874,0 -57.479091,-13.573146,0 -57.479110,-13.573417,0 -57.479147,-13.573670,0 -57.479185,-13.573923,0 -57.479222,-13.574194,0 -57.479241,-13.574447,0 -57.479334,-13.574700,0 -57.479427,-13.574953,0 -57.479520,-13.575188,0 -57.479613,-13.575423,0 -57.479761,-13.575640,0 -57.479928,-13.575875,0 -57.480095,-13.576091,0 -57.480243,-13.576326,0 -57.480410,-13.576525,0 -57.480577,-13.576741,0 -57.480744,-13.576958,0 -57.480966,-13.577120,0 -57.481188,-13.577283,0 -57.481429,-13.577445,0 -57.481651,-13.577607,0 -57.481836,-13.577752,0 -57.482040,-13.577878,0 -57.482225,-13.578004,0 -57.482428,-13.578130,0 -57.482614,-13.578275,0 -57.482817,-13.578401,0 -57.483002,-13.578527,0 -57.483206,-13.578653,0 -57.483391,-13.578798,0 -57.483595,-13.578924,0 -57.483817,-13.579158,0 -57.483670,-13.579502,0 -57.483393,-13.579774,0 -57.483227,-13.579955,0 -57.483061,-13.580136,0 -57.482895,-13.580299,0 -57.482710,-13.580481,0 -57.482544,-13.580662,0 -57.482378,-13.580825,0 -57.482212,-13.581006,0 -57.482046,-13.581187,0 -57.481862,-13.581368,0 -57.481696,-13.581532,0 -57.481511,-13.581695,0 -57.481345,-13.581876,0 -57.481161,-13.582057,0 -57.480976,-13.582238,0 -57.480810,-13.582419,0 -57.480626,-13.582601,0 -57.480460,-13.582782,0 -57.480294,-13.582945,0 -57.480109,-13.583126,0 -57.479943,-13.583307,0 -57.479777,-13.583470,0 -57.479611,-13.583651,0 -57.479445,-13.583814,0 -57.479279,-13.583996,0 -57.479113,-13.584159,0 -57.478947,-13.584340,0 -57.478781,-13.584503,0 -57.478615,-13.584684,0 -57.478449,-13.584847,0 -57.478301,-13.585010,0 -57.478135,-13.585173,0 -57.477969,-13.585336,0 -57.477803,-13.585517,0 -57.477656,-13.585681,0 -57.477489,-13.585844,0 -57.477323,-13.586007,0 -57.477157,-13.586188,0 -57.477010,-13.586333,0 -57.476844,-13.586514,0 -57.476678,-13.586677,0 -57.476512,-13.586858,0 -57.476364,-13.587003,0 -57.476198,-13.587184,0 -57.476032,-13.587365,0 -57.475866,-13.587529,0 -57.475718,-13.587673,0 -57.475552,-13.587855,0 -57.475386,-13.588036,0 -57.475220,-13.588199,0 -57.475073,-13.588344,0 -57.474907,-13.588525,0 -57.474741,-13.588706,0 -57.474482,-13.588978,0 -57.474261,-13.589195,0 -57.474095,-13.589376,0 -57.473837,-13.589648,0 -57.473763,-13.589721,0 -57.473523,-13.589974,0 -57.473431,-13.590065,0 -57.473191,-13.590319,0 -57.473043,-13.590482,0 -57.472877,-13.590645,0 -57.472711,-13.590826,0 -57.472545,-13.590989,0 -57.472287,-13.591261,0 -57.472232,-13.591315,0 -57.472065,-13.591478,0 -57.471807,-13.591750,0 -57.471733,-13.591822,0 -57.471475,-13.592094,0 -57.471420,-13.592148,0 -57.471161,-13.592420,0 -57.471014,-13.592583,0 -57.470848,-13.592746,0 -57.470682,-13.592909,0 -57.470516,-13.593090,0 -57.470368,-13.593235,0 -57.470202,-13.593417,0 -57.470054,-13.593580,0 -57.469888,-13.593743,0 -57.469722,-13.593906,0 -57.469556,-13.594087,0 -57.469409,-13.594232,0 -57.469224,-13.594431,0 -57.469058,-13.594594,0 -57.468781,-13.594884,0 -57.468560,-13.595120,0 -57.468302,-13.595391,0 -57.468136,-13.595554,0 -57.467877,-13.595826,0 -57.467711,-13.595989,0 -57.467508,-13.596207,0 -57.467232,-13.596496,0 -57.467176,-13.596551,0 -57.467010,-13.596714,0 -57.466863,-13.596877,0 -57.466586,-13.597167,0 -57.466531,-13.597221,0 -57.466364,-13.597384,0 -57.466217,-13.597547,0 -57.466051,-13.597728,0 -57.465885,-13.597891,0 -57.465719,-13.598055,0 -57.465571,-13.598218,0 -57.465405,-13.598399,0 -57.465239,-13.598562,0 -57.465073,-13.598725,0 -57.464907,-13.598906,0 -57.464741,-13.599069,0 -57.464575,-13.599250,0 -57.464409,-13.599413,0 -57.464243,-13.599576,0 -57.464077,-13.599757,0 -57.463910,-13.599921,0 -57.463744,-13.600102,0 -57.463597,-13.600265,0 -57.463431,-13.600428,0 -57.463265,-13.600609,0 -57.463117,-13.600754,0 -57.462914,-13.600971,0 -57.462748,-13.601134,0 -57.462582,-13.601315,0 -57.462416,-13.601497,0 -57.462250,-13.601678,0 -57.462084,-13.601859,0 -57.461918,-13.602040,0 -57.461752,-13.602203,0 -57.461567,-13.602384,0 -57.461401,-13.602547,0 -57.461235,-13.602729,0 -57.461069,-13.602910,0 -57.460903,-13.603073,0 -57.460737,-13.603254,0 -57.460552,-13.603417,0 -57.460386,-13.603598,0 -57.460220,-13.603779,0 -57.460054,-13.603942,0 -57.459888,-13.604124,0 -57.459722,-13.604287,0 -57.459556,-13.604468,0 -57.459372,-13.604649,0 -57.459205,-13.604812,0 -57.459039,-13.604993,0 -57.458873,-13.605174,0 -57.458689,-13.605355,0 -57.458523,-13.605518,0 -57.458357,-13.605700,0 -57.458191,-13.605863,0 -57.458025,-13.606044,0 -57.457858,-13.606207,0 -57.457674,-13.606406,0 -57.457545,-13.606551,0 -57.457379,-13.606732,0 -57.457213,-13.606895,0 -57.457047,-13.607076,0 -57.456881,-13.607239,0 -57.456715,-13.607421,0 -57.456548,-13.607602,0 -57.456382,-13.607765,0 -57.456216,-13.607946,0 -57.456050,-13.608127,0 -57.455884,-13.608308,0 -57.455718,-13.608471,0 -57.455552,-13.608652,0 -57.455386,-13.608834,0 -57.455220,-13.609015,0 -57.455054,-13.609178,0 -57.454888,-13.609341,0 -57.454759,-13.609468,0 -57.454593,-13.609649,0 -57.454427,-13.609812,0 -57.454260,-13.609975,0 -57.454094,-13.610138,0 -57.453947,-13.610301,0 -57.453781,-13.610482,0 -57.453615,-13.610645,0 -57.453449,-13.610826,0 -57.453301,-13.610989,0 -57.453116,-13.611171,0 -57.452950,-13.611334,0 -57.452784,-13.611515,0 -57.452618,-13.611696,0 -57.452452,-13.611877,0 -57.452268,-13.612040,0 -57.451991,-13.612312,0 -57.451825,-13.612475,0 -57.451585,-13.612747,0 -57.451345,-13.612982,0 -57.451179,-13.613145,0 -57.451013,-13.613326,0 -57.450865,-13.613489,0 -57.450699,-13.613653,0 -57.450533,-13.613816,0 -57.450367,-13.613997,0 -57.450201,-13.614160,0 -57.450053,-13.614323,0 -57.449887,-13.614486,0 -57.449721,-13.614649,0 -57.449555,-13.614830,0 -57.449389,-13.614993,0 -57.449241,-13.615156,0 -57.449075,-13.615319,0 -57.448909,-13.615500,0 -57.448743,-13.615663,0 -57.448577,-13.615826,0 -57.448429,-13.615989,0 -57.448263,-13.616153,0 -57.448097,-13.616334,0 -57.447950,-13.616497,0 -57.447783,-13.616660,0 -57.447636,-13.616823,0 -57.447470,-13.616986,0 -57.447304,-13.617167,0 -57.447156,-13.617330,0 -57.446990,-13.617493,0 -57.446824,-13.617656,0 -57.446676,-13.617819,0 -57.446510,-13.618000,0 -57.446344,-13.618163,0 -57.446160,-13.618344,0 -57.445993,-13.618526,0 -57.445827,-13.618689,0 -57.445680,-13.618852,0 -57.445514,-13.619015,0 -57.445348,-13.619178,0 -57.445181,-13.619359,0 -57.445015,-13.619540,0 -57.444868,-13.619685,0 -57.444702,-13.619848,0 -57.444536,-13.620011,0 -57.444369,-13.620192,0 -57.444203,-13.620373,0 -57.444056,-13.620518,0 -57.443871,-13.620718,0 -57.443724,-13.620881,0 -57.443558,-13.621044,0 -57.443410,-13.621189,0 -57.443244,-13.621352,0 -57.443059,-13.621551,0 -57.442893,-13.621732,0 -57.442727,-13.621895,0 -57.442579,-13.622058,0 -57.442413,-13.622239,0 -57.442247,-13.622402,0 -57.442081,-13.622565,0 -57.441915,-13.622728,0 -57.441749,-13.622910,0 -57.441601,-13.623073,0 -57.441435,-13.623236,0 -57.441269,-13.623399,0 -57.441103,-13.623580,0 -57.440937,-13.623743,0 -57.440771,-13.623906,0 -57.440623,-13.624069,0 -57.440457,-13.624250,0 -57.440291,-13.624413,0 -57.440125,-13.624576,0 -57.439959,-13.624739,0 -57.439793,-13.624920,0 -57.439645,-13.625083,0 -57.439479,-13.625246,0 -57.439313,-13.625409,0 -57.439147,-13.625591,0 -57.438981,-13.625754,0 -57.438815,-13.625917,0 -57.438667,-13.626080,0 -57.438501,-13.626261,0 -57.438335,-13.626424,0 -57.438169,-13.626587,0 -57.438003,-13.626768,0 -57.437837,-13.626931,0 -57.437689,-13.627094,0 -57.437523,-13.627257,0 -57.437357,-13.627438,0 -57.437191,-13.627601,0 -57.437025,-13.627764,0 -57.436858,-13.627927,0 -57.436711,-13.628072,0 -57.436526,-13.628272,0 -57.436360,-13.628435,0 -57.436194,-13.628616,0 -57.436028,-13.628797,0 -57.435843,-13.628960,0 -57.435677,-13.629141,0 -57.435511,-13.629304,0 -57.435327,-13.629485,0 -57.435160,-13.629667,0 -57.434994,-13.629830,0 -57.434828,-13.629993,0 -57.434662,-13.630174,0 -57.434496,-13.630337,0 -57.434330,-13.630500,0 -57.434164,-13.630663,0 -57.433998,-13.630844,0 -57.433832,-13.631007,0 -57.433665,-13.631170,0 -57.433499,-13.631333,0 -57.433333,-13.631514,0 -57.433167,-13.631677,0 -57.433020,-13.631840,0 -57.432853,-13.632003,0 -57.432687,-13.632185,0 -57.432521,-13.632348,0 -57.432355,-13.632511,0 -57.432207,-13.632674,0 -57.432041,-13.632837,0 -57.431875,-13.633000,0 -57.431728,-13.633163,0 -57.431561,-13.633326,0 -57.431414,-13.633489,0 -57.431248,-13.633652,0 -57.431082,-13.633833,0 -57.430934,-13.633996,0 -57.430768,-13.634159,0 -57.430602,-13.634322,0 -57.430454,-13.634485,0 -57.430288,-13.634648,0 -57.430122,-13.634811,0 -57.429974,-13.634974,0 -57.429808,-13.635137,0 -57.429642,-13.635300,0 -57.429494,-13.635463,0 -57.429328,-13.635626,0 -57.429181,-13.635807,0 -57.429015,-13.635970,0 -57.428848,-13.636133,0 -57.428701,-13.636297,0 -57.428535,-13.636460,0 -57.428369,-13.636623,0 -57.428221,-13.636786,0 -57.428055,-13.636949,0 -57.427889,-13.637112,0 -57.427741,-13.637275,0 -57.427575,-13.637438,0 -57.427427,-13.637601,0 -57.427261,-13.637764,0 -57.427151,-13.637945,0 -57.426984,-13.638108,0 -57.426818,-13.638289,0 -57.426634,-13.638488,0 -57.426468,-13.638651,0 -57.426301,-13.638796,0 -57.426154,-13.638959,0 -57.425988,-13.639122,0 -57.425822,-13.639285,0 -57.425600,-13.639503,0 -57.425415,-13.639684,0 -57.425175,-13.639919,0 -57.424899,-13.640209,0 -57.424733,-13.640390,0 -57.424566,-13.640553,0 -57.424382,-13.640735,0 -57.424216,-13.640916,0 -57.424050,-13.641097,0 -57.423884,-13.641278,0 -57.423718,-13.641586,0 -57.423552,-13.641749,0 -57.423385,-13.641912,0 -57.423219,-13.642075,0 -57.423053,-13.642238,0 -57.422887,-13.642401,0 -57.422721,-13.642564,0 -57.422555,-13.642727,0 -57.422389,-13.642890,0 -57.422241,-13.643053,0 -57.422075,-13.643216,0 -57.421909,-13.643397,0 -57.421743,-13.643560,0 -57.421576,-13.643723,0 -57.421410,-13.643886,0 -57.421244,-13.644049,0 -57.421078,-13.644212,0 -57.420912,-13.644375,0 -57.420746,-13.644538,0 -57.420580,-13.644701,0 -57.420432,-13.644864,0 -57.420266,-13.645027,0 -57.420414,-13.645190,0 -57.420562,-13.645371,0 -57.420711,-13.645533,0 -57.420877,-13.645714,0 -57.421026,-13.645876,0 -57.421174,-13.646039,0 -57.421322,-13.646219,0 -57.421489,-13.646382,0 -57.421637,-13.646544,0 -57.421785,-13.646725,0 -57.421952,-13.646887,0 -57.422100,-13.647068,0 -57.422248,-13.647230,0 -57.422397,-13.647393,0 -57.422563,-13.647573,0 -57.422712,-13.647736,0 -57.422860,-13.647916,0 -57.423008,-13.648079,0 -57.423175,-13.648241,0 -57.423323,-13.648422,0 -57.423471,-13.648585,0 -57.423638,-13.648747,0 -57.423786,-13.648928,0 -57.423934,-13.649090,0 -57.424083,-13.649271,0 -57.424249,-13.649433,0 -57.424398,-13.649596,0 -57.424546,-13.649776,0 -57.424694,-13.649939,0 -57.424861,-13.650119,0 -57.425009,-13.650282,0 -57.425157,-13.650444,0 -57.425324,-13.650625,0 -57.425472,-13.650787,0 -57.425621,-13.650950,0 -57.425769,-13.651130,0 -57.425936,-13.651293,0 -57.426084,-13.651474,0 -57.426232,-13.651636,0 -57.426380,-13.651799,0 -57.426547,-13.651979,0 -57.426695,-13.652142,0 -57.426844,-13.652322,0 -57.427010,-13.652485,0 -57.427158,-13.652647,0 -57.427307,-13.652828,0 -57.427455,-13.652990,0 -57.427622,-13.653171,0 -57.427770,-13.653333,0 -57.427918,-13.653496,0 -57.428066,-13.653676,0 -57.428233,-13.653839,0</coordinates></LineString></Placemark>
<Placemark><name>T-05S - 13,10 km</name><description>Maxima 13102 m | Minima 11081 m | Reta 9806 m | 71.5 ha</description><styleUrl>#rota</styleUrl><LineString><tessellate>1</tessellate><coordinates>-57.475369,-13.560747,0 -57.475518,-13.561108,0 -57.475666,-13.561470,0 -57.475575,-13.561850,0 -57.475704,-13.562066,0 -57.475853,-13.562265,0 -57.475982,-13.562464,0 -57.476131,-13.562681,0 -57.476242,-13.562915,0 -57.476372,-13.563150,0 -57.476483,-13.563385,0 -57.476613,-13.563638,0 -57.476688,-13.563927,0 -57.476762,-13.564216,0 -57.476818,-13.564433,0 -57.476874,-13.564650,0 -57.476930,-13.564885,0 -57.476986,-13.565102,0 -57.477023,-13.565319,0 -57.477079,-13.565536,0 -57.477135,-13.565825,0 -57.477210,-13.566114,0 -57.477266,-13.566404,0 -57.477322,-13.566639,0 -57.477378,-13.566856,0 -57.477452,-13.567091,0 -57.477545,-13.567307,0 -57.477656,-13.567542,0 -57.477786,-13.567723,0 -57.477897,-13.567922,0 -57.478027,-13.568120,0 -57.478138,-13.568301,0 -57.478268,-13.568499,0 -57.478379,-13.568698,0 -57.478509,-13.568879,0 -57.478584,-13.569114,0 -57.478658,-13.569331,0 -57.478732,-13.569547,0 -57.478788,-13.569764,0 -57.478826,-13.570072,0 -57.478845,-13.570361,0 -57.478882,-13.570614,0 -57.478901,-13.570867,0 -57.478939,-13.571102,0 -57.478884,-13.571374,0 -57.478847,-13.571627,0 -57.478885,-13.571844,0 -57.478904,-13.572079,0 -57.478941,-13.572314,0 -57.478979,-13.572585,0 -57.479035,-13.572874,0 -57.479091,-13.573146,0 -57.479110,-13.573417,0 -57.479147,-13.573670,0 -57.479185,-13.573923,0 -57.479222,-13.574194,0 -57.479241,-13.574447,0 -57.479334,-13.574700,0 -57.479427,-13.574953,0 -57.479520,-13.575188,0 -57.479613,-13.575423,0 -57.479761,-13.575640,0 -57.479928,-13.575875,0 -57.480095,-13.576091,0 -57.480243,-13.576326,0 -57.480410,-13.576525,0 -57.480577,-13.576741,0 -57.480744,-13.576958,0 -57.480966,-13.577120,0 -57.481188,-13.577283,0 -57.481429,-13.577445,0 -57.481651,-13.577607,0 -57.481836,-13.577752,0 -57.482040,-13.577878,0 -57.482225,-13.578004,0 -57.482428,-13.578130,0 -57.482614,-13.578275,0 -57.482817,-13.578401,0 -57.483002,-13.578527,0 -57.483206,-13.578653,0 -57.483391,-13.578798,0 -57.483595,-13.578924,0 -57.483817,-13.579158,0 -57.483670,-13.579502,0 -57.483393,-13.579774,0 -57.483227,-13.579955,0 -57.483061,-13.580136,0 -57.482895,-13.580299,0 -57.482710,-13.580481,0 -57.482544,-13.580662,0 -57.482378,-13.580825,0 -57.482212,-13.581006,0 -57.482046,-13.581187,0 -57.481862,-13.581368,0 -57.481696,-13.581532,0 -57.481511,-13.581695,0 -57.481345,-13.581876,0 -57.481161,-13.582057,0 -57.480976,-13.582238,0 -57.480810,-13.582419,0 -57.480626,-13.582601,0 -57.480460,-13.582782,0 -57.480294,-13.582945,0 -57.480109,-13.583126,0 -57.479943,-13.583307,0 -57.479777,-13.583470,0 -57.479611,-13.583651,0 -57.479445,-13.583814,0 -57.479279,-13.583996,0 -57.479113,-13.584159,0 -57.478947,-13.584340,0 -57.478781,-13.584503,0 -57.478615,-13.584684,0 -57.478449,-13.584847,0 -57.478301,-13.585010,0 -57.478135,-13.585173,0 -57.477969,-13.585336,0 -57.477803,-13.585517,0 -57.477656,-13.585681,0 -57.477489,-13.585844,0 -57.477323,-13.586007,0 -57.477157,-13.586188,0 -57.477010,-13.586333,0 -57.476844,-13.586514,0 -57.476678,-13.586677,0 -57.476512,-13.586858,0 -57.476364,-13.587003,0 -57.476198,-13.587184,0 -57.476032,-13.587365,0 -57.475866,-13.587529,0 -57.475718,-13.587673,0 -57.475552,-13.587855,0 -57.475386,-13.588036,0 -57.475220,-13.588199,0 -57.475073,-13.588344,0 -57.474907,-13.588525,0 -57.474741,-13.588706,0 -57.474482,-13.588978,0 -57.474261,-13.589195,0 -57.474095,-13.589376,0 -57.473837,-13.589648,0 -57.473763,-13.589721,0 -57.473523,-13.589974,0 -57.473431,-13.590065,0 -57.473191,-13.590319,0 -57.473043,-13.590482,0 -57.472877,-13.590645,0 -57.472711,-13.590826,0 -57.472545,-13.590989,0 -57.472287,-13.591261,0 -57.472232,-13.591315,0 -57.472065,-13.591478,0 -57.471807,-13.591750,0 -57.471733,-13.591822,0 -57.471475,-13.592094,0 -57.471420,-13.592148,0 -57.471161,-13.592420,0 -57.471014,-13.592583,0 -57.470848,-13.592746,0 -57.470682,-13.592909,0 -57.470516,-13.593090,0 -57.470368,-13.593235,0 -57.470202,-13.593417,0 -57.470054,-13.593580,0 -57.469888,-13.593743,0 -57.469722,-13.593906,0 -57.469556,-13.594087,0 -57.469409,-13.594232,0 -57.469224,-13.594431,0 -57.469058,-13.594594,0 -57.468781,-13.594884,0 -57.468560,-13.595120,0 -57.468302,-13.595391,0 -57.468136,-13.595554,0 -57.467877,-13.595826,0 -57.467711,-13.595989,0 -57.467508,-13.596207,0 -57.467232,-13.596496,0 -57.467176,-13.596551,0 -57.467010,-13.596714,0 -57.466863,-13.596877,0 -57.466586,-13.597167,0 -57.466531,-13.597221,0 -57.466364,-13.597384,0 -57.466217,-13.597547,0 -57.466051,-13.597728,0 -57.465885,-13.597891,0 -57.465719,-13.598055,0 -57.465571,-13.598218,0 -57.465405,-13.598399,0 -57.465239,-13.598562,0 -57.465073,-13.598725,0 -57.464907,-13.598906,0 -57.464741,-13.599069,0 -57.464575,-13.599250,0 -57.464409,-13.599413,0 -57.464243,-13.599576,0 -57.464077,-13.599757,0 -57.463910,-13.599921,0 -57.463744,-13.600102,0 -57.463597,-13.600265,0 -57.463431,-13.600428,0 -57.463265,-13.600609,0 -57.463117,-13.600754,0 -57.462914,-13.600971,0 -57.462748,-13.601134,0 -57.462582,-13.601315,0 -57.462416,-13.601497,0 -57.462250,-13.601678,0 -57.462084,-13.601859,0 -57.461918,-13.602040,0 -57.461752,-13.602203,0 -57.461567,-13.602384,0 -57.461401,-13.602547,0 -57.461235,-13.602729,0 -57.461069,-13.602910,0 -57.460903,-13.603073,0 -57.460737,-13.603254,0 -57.460552,-13.603417,0 -57.460386,-13.603598,0 -57.460220,-13.603779,0 -57.460054,-13.603942,0 -57.459888,-13.604124,0 -57.459722,-13.604287,0 -57.459556,-13.604468,0 -57.459372,-13.604649,0 -57.459205,-13.604812,0 -57.459039,-13.604993,0 -57.458873,-13.605174,0 -57.458689,-13.605355,0 -57.458523,-13.605518,0 -57.458357,-13.605700,0 -57.458191,-13.605863,0 -57.458025,-13.606044,0 -57.457858,-13.606207,0 -57.457674,-13.606406,0 -57.457545,-13.606551,0 -57.457379,-13.606732,0 -57.457213,-13.606895,0 -57.457047,-13.607076,0 -57.456881,-13.607239,0 -57.456715,-13.607421,0 -57.456548,-13.607602,0 -57.456382,-13.607765,0 -57.456216,-13.607946,0 -57.456050,-13.608127,0 -57.455884,-13.608308,0 -57.455718,-13.608471,0 -57.455552,-13.608652,0 -57.455386,-13.608834,0 -57.455220,-13.609015,0 -57.455054,-13.609178,0 -57.454888,-13.609341,0 -57.454759,-13.609468,0 -57.454593,-13.609649,0 -57.454427,-13.609812,0 -57.454260,-13.609975,0 -57.454094,-13.610138,0 -57.453947,-13.610301,0 -57.453781,-13.610482,0 -57.453615,-13.610645,0 -57.453449,-13.610826,0 -57.453301,-13.610989,0 -57.453116,-13.611171,0 -57.452950,-13.611334,0 -57.452784,-13.611515,0 -57.452618,-13.611696,0 -57.452452,-13.611877,0 -57.452268,-13.612040,0 -57.451991,-13.612312,0 -57.451825,-13.612475,0 -57.451585,-13.612747,0 -57.451345,-13.612982,0 -57.451179,-13.613145,0 -57.451013,-13.613326,0 -57.450865,-13.613489,0 -57.450699,-13.613653,0 -57.450533,-13.613816,0 -57.450367,-13.613997,0 -57.450201,-13.614160,0 -57.450053,-13.614323,0 -57.449887,-13.614486,0 -57.449721,-13.614649,0 -57.449555,-13.614830,0 -57.449389,-13.614993,0 -57.449241,-13.615156,0 -57.449075,-13.615319,0 -57.448909,-13.615500,0 -57.448743,-13.615663,0 -57.448577,-13.615826,0 -57.448429,-13.615989,0 -57.448263,-13.616153,0 -57.448097,-13.616334,0 -57.447950,-13.616497,0 -57.447783,-13.616660,0 -57.447636,-13.616823,0 -57.447470,-13.616986,0 -57.447304,-13.617167,0 -57.447156,-13.617330,0 -57.446990,-13.617493,0 -57.446824,-13.617656,0 -57.446676,-13.617819,0 -57.446510,-13.618000,0 -57.446344,-13.618163,0 -57.446160,-13.618344,0 -57.445993,-13.618526,0 -57.445827,-13.618689,0 -57.445680,-13.618852,0 -57.445514,-13.619015,0 -57.445348,-13.619178,0 -57.445181,-13.619359,0 -57.445015,-13.619540,0 -57.444868,-13.619685,0 -57.444702,-13.619848,0 -57.444536,-13.620011,0 -57.444369,-13.620192,0 -57.444203,-13.620373,0 -57.444056,-13.620518,0 -57.443871,-13.620718,0 -57.443724,-13.620881,0 -57.443558,-13.621044,0 -57.443410,-13.621189,0 -57.443244,-13.621352,0 -57.443059,-13.621551,0 -57.442893,-13.621732,0 -57.442727,-13.621895,0 -57.442579,-13.622058,0 -57.442413,-13.622239,0 -57.442247,-13.622402,0 -57.442081,-13.622565,0 -57.441915,-13.622728,0 -57.441749,-13.622910,0 -57.441601,-13.623073,0 -57.441435,-13.623236,0 -57.441269,-13.623399,0 -57.441103,-13.623580,0 -57.440937,-13.623743,0 -57.440771,-13.623906,0 -57.440623,-13.624069,0 -57.440457,-13.624250,0 -57.440291,-13.624413,0 -57.440125,-13.624576,0 -57.439959,-13.624739,0 -57.439793,-13.624920,0 -57.439645,-13.625083,0 -57.439479,-13.625246,0 -57.439313,-13.625409,0 -57.439147,-13.625591,0 -57.438981,-13.625754,0 -57.438815,-13.625917,0 -57.438667,-13.626080,0 -57.438501,-13.626261,0 -57.438335,-13.626424,0 -57.438169,-13.626587,0 -57.438003,-13.626768,0 -57.437837,-13.626931,0 -57.437689,-13.627094,0 -57.437523,-13.627257,0 -57.437357,-13.627438,0 -57.437191,-13.627601,0 -57.437025,-13.627764,0 -57.436858,-13.627927,0 -57.436711,-13.628072,0 -57.436526,-13.628272,0 -57.436360,-13.628435,0 -57.436194,-13.628616,0 -57.436028,-13.628797,0 -57.435843,-13.628960,0 -57.435677,-13.629141,0 -57.435511,-13.629304,0 -57.435327,-13.629485,0 -57.435160,-13.629667,0 -57.434994,-13.629830,0 -57.434828,-13.629993,0 -57.434662,-13.630174,0 -57.434496,-13.630337,0 -57.434330,-13.630500,0 -57.434164,-13.630663,0 -57.433998,-13.630844,0 -57.433832,-13.631007,0 -57.433665,-13.631170,0 -57.433499,-13.631333,0 -57.433333,-13.631514,0 -57.433167,-13.631677,0 -57.432946,-13.631859,0 -57.432669,-13.632130,0 -57.432503,-13.632293,0 -57.432337,-13.632474,0 -57.432189,-13.632637,0 -57.432023,-13.632801,0 -57.431857,-13.632964,0 -57.431691,-13.633127,0 -57.431524,-13.633290,0 -57.431358,-13.633471,0 -57.431192,-13.633634,0 -57.431026,-13.633797,0 -57.430860,-13.633960,0 -57.430712,-13.634123,0 -57.430546,-13.634286,0 -57.430380,-13.634467,0 -57.430214,-13.634630,0 -57.430048,-13.634793,0 -57.429882,-13.634956,0 -57.429716,-13.635119,0 -57.429550,-13.635282,0 -57.429383,-13.635463,0 -57.429236,-13.635626,0 -57.429070,-13.635790,0 -57.428922,-13.636097,0 -57.429071,-13.636278,0 -57.429237,-13.636458,0 -57.429386,-13.636639,0 -57.429534,-13.636801,0 -57.429682,-13.636982,0 -57.429830,-13.637163,0 -57.429979,-13.637325,0 -57.430127,-13.637506,0 -57.430275,-13.637686,0 -57.430423,-13.637867,0 -57.430590,-13.638029,0 -57.430738,-13.638210,0 -57.430887,-13.638390,0 -57.431035,-13.638571,0 -57.431183,-13.638734,0 -57.431331,-13.638914,0 -57.431480,-13.639095,0 -57.431628,-13.639275,0 -57.431794,-13.639438,0 -57.431943,-13.639618,0 -57.432091,-13.639799,0 -57.432239,-13.639980,0 -57.432387,-13.640142,0 -57.432536,-13.640323,0 -57.432684,-13.640503,0 -57.432832,-13.640684,0 -57.432980,-13.640846,0 -57.433147,-13.641027,0 -57.433295,-13.641207,0 -57.433444,-13.641388,0 -57.433592,-13.641550,0 -57.433740,-13.641731,0 -57.433888,-13.641912,0 -57.434037,-13.642074,0 -57.434185,-13.642255,0 -57.434352,-13.642435,0 -57.434500,-13.642616,0 -57.434648,-13.642778,0 -57.434796,-13.642959,0 -57.434945,-13.643140,0 -57.435093,-13.643320,0 -57.435241,-13.643483,0 -57.435390,-13.643663,0 -57.435556,-13.643844,0 -57.435705,-13.644024,0 -57.435853,-13.644187,0 -57.436001,-13.644367,0 -57.436149,-13.644548,0 -57.436298,-13.644729,0 -57.436446,-13.644891,0 -57.436594,-13.645072,0 -57.436742,-13.645252,0 -57.436909,-13.645433,0 -57.437057,-13.645595,0 -57.437206,-13.645776,0 -57.437354,-13.645956,0 -57.437502,-13.646119,0 -57.437650,-13.646299,0 -57.437799,-13.646480,0 -57.437614,-13.646679,0 -57.437429,-13.646860,0 -57.437245,-13.647060,0 -57.437060,-13.647241,0 -57.436876,-13.647440,0 -57.436710,-13.647603,0 -57.436544,-13.647766,0 -57.436377,-13.647929,0 -57.436230,-13.648092,0 -57.436064,-13.648255,0 -57.435898,-13.648418,0 -57.435731,-13.648581,0 -57.435584,-13.648744,0 -57.435418,-13.648907,0 -57.435251,-13.649071,0 -57.435085,-13.649234,0 -57.434919,-13.649397,0 -57.434772,-13.649560,0 -57.434605,-13.649723,0 -57.434439,-13.649886,0</coordinates></LineString></Placemark>
<Placemark><name>T-06A - 11,55 km</name><description>Maxima 11549 m | Minima 9342 m | Reta 9006 m | 132.93 ha</description><styleUrl>#rota</styleUrl><LineString><tessellate>1</tessellate><coordinates>-57.475369,-13.560747,0 -57.475518,-13.561108,0 -57.475666,-13.561470,0 -57.475575,-13.561850,0 -57.475704,-13.562066,0 -57.475853,-13.562265,0 -57.475982,-13.562464,0 -57.476131,-13.562681,0 -57.476242,-13.562915,0 -57.476372,-13.563150,0 -57.476483,-13.563385,0 -57.476613,-13.563638,0 -57.476688,-13.563927,0 -57.476762,-13.564216,0 -57.476818,-13.564433,0 -57.476874,-13.564650,0 -57.476930,-13.564885,0 -57.476986,-13.565102,0 -57.477023,-13.565319,0 -57.477079,-13.565536,0 -57.477135,-13.565825,0 -57.477210,-13.566114,0 -57.477266,-13.566404,0 -57.477322,-13.566639,0 -57.477378,-13.566856,0 -57.477452,-13.567091,0 -57.477545,-13.567307,0 -57.477656,-13.567542,0 -57.477786,-13.567723,0 -57.477897,-13.567922,0 -57.478027,-13.568120,0 -57.478138,-13.568301,0 -57.478268,-13.568499,0 -57.478379,-13.568698,0 -57.478509,-13.568879,0 -57.478584,-13.569114,0 -57.478658,-13.569331,0 -57.478732,-13.569547,0 -57.478788,-13.569764,0 -57.478826,-13.570072,0 -57.478845,-13.570361,0 -57.478882,-13.570614,0 -57.478901,-13.570867,0 -57.478939,-13.571102,0 -57.478884,-13.571374,0 -57.478847,-13.571627,0 -57.478885,-13.571844,0 -57.478904,-13.572079,0 -57.478941,-13.572314,0 -57.478979,-13.572585,0 -57.479035,-13.572874,0 -57.479091,-13.573146,0 -57.479110,-13.573417,0 -57.479147,-13.573670,0 -57.479185,-13.573923,0 -57.479222,-13.574194,0 -57.479241,-13.574447,0 -57.479334,-13.574700,0 -57.479427,-13.574953,0 -57.479520,-13.575188,0 -57.479613,-13.575423,0 -57.479761,-13.575640,0 -57.479928,-13.575875,0 -57.480095,-13.576091,0 -57.480243,-13.576326,0 -57.480410,-13.576525,0 -57.480577,-13.576741,0 -57.480744,-13.576958,0 -57.480966,-13.577120,0 -57.481188,-13.577283,0 -57.481429,-13.577445,0 -57.481651,-13.577607,0 -57.481836,-13.577752,0 -57.482040,-13.577878,0 -57.482225,-13.578004,0 -57.482428,-13.578130,0 -57.482614,-13.578275,0 -57.482817,-13.578401,0 -57.483002,-13.578527,0 -57.483206,-13.578653,0 -57.483391,-13.578798,0 -57.483595,-13.578924,0 -57.483817,-13.579158,0 -57.483670,-13.579502,0 -57.483393,-13.579774,0 -57.483227,-13.579955,0 -57.483061,-13.580136,0 -57.482895,-13.580299,0 -57.482710,-13.580481,0 -57.482544,-13.580662,0 -57.482378,-13.580825,0 -57.482212,-13.581006,0 -57.482046,-13.581187,0 -57.481862,-13.581368,0 -57.481696,-13.581532,0 -57.481511,-13.581695,0 -57.481345,-13.581876,0 -57.481161,-13.582057,0 -57.480976,-13.582238,0 -57.480810,-13.582419,0 -57.480626,-13.582601,0 -57.480460,-13.582782,0 -57.480294,-13.582945,0 -57.480109,-13.583126,0 -57.479943,-13.583307,0 -57.479777,-13.583470,0 -57.479611,-13.583651,0 -57.479445,-13.583814,0 -57.479279,-13.583996,0 -57.479113,-13.584159,0 -57.478947,-13.584340,0 -57.478781,-13.584503,0 -57.478615,-13.584684,0 -57.478449,-13.584847,0 -57.478301,-13.585010,0 -57.478135,-13.585173,0 -57.477969,-13.585336,0 -57.477803,-13.585517,0 -57.477656,-13.585681,0 -57.477489,-13.585844,0 -57.477323,-13.586007,0 -57.477157,-13.586188,0 -57.477010,-13.586333,0 -57.476844,-13.586514,0 -57.476678,-13.586677,0 -57.476512,-13.586858,0 -57.476364,-13.587003,0 -57.476198,-13.587184,0 -57.476032,-13.587365,0 -57.475866,-13.587529,0 -57.475718,-13.587673,0 -57.475552,-13.587855,0 -57.475386,-13.588036,0 -57.475220,-13.588199,0 -57.475073,-13.588344,0 -57.474907,-13.588525,0 -57.474741,-13.588706,0 -57.474482,-13.588978,0 -57.474261,-13.589195,0 -57.474095,-13.589376,0 -57.473837,-13.589648,0 -57.473763,-13.589721,0 -57.473523,-13.589974,0 -57.473431,-13.590065,0 -57.473191,-13.590319,0 -57.473043,-13.590482,0 -57.472877,-13.590645,0 -57.472711,-13.590826,0 -57.472545,-13.590989,0 -57.472287,-13.591261,0 -57.472232,-13.591315,0 -57.472065,-13.591478,0 -57.471807,-13.591750,0 -57.471733,-13.591822,0 -57.471475,-13.592094,0 -57.471420,-13.592148,0 -57.471161,-13.592420,0 -57.471014,-13.592583,0 -57.470848,-13.592746,0 -57.470682,-13.592909,0 -57.470516,-13.593090,0 -57.470368,-13.593235,0 -57.470202,-13.593417,0 -57.470054,-13.593580,0 -57.469888,-13.593743,0 -57.469722,-13.593906,0 -57.469556,-13.594087,0 -57.469409,-13.594232,0 -57.469224,-13.594431,0 -57.469058,-13.594594,0 -57.468781,-13.594884,0 -57.468560,-13.595120,0 -57.468302,-13.595391,0 -57.468136,-13.595554,0 -57.467877,-13.595826,0 -57.467711,-13.595989,0 -57.467508,-13.596207,0 -57.467232,-13.596496,0 -57.467176,-13.596551,0 -57.467010,-13.596714,0 -57.466863,-13.596877,0 -57.466586,-13.597167,0 -57.466531,-13.597221,0 -57.466364,-13.597384,0 -57.466217,-13.597547,0 -57.466051,-13.597728,0 -57.465885,-13.597891,0 -57.465719,-13.598055,0 -57.465571,-13.598218,0 -57.465405,-13.598399,0 -57.465239,-13.598562,0 -57.465073,-13.598725,0 -57.464907,-13.598906,0 -57.464741,-13.599069,0 -57.464575,-13.599250,0 -57.464409,-13.599413,0 -57.464243,-13.599576,0 -57.464077,-13.599757,0 -57.463910,-13.599921,0 -57.463744,-13.600102,0 -57.463597,-13.600265,0 -57.463431,-13.600428,0 -57.463265,-13.600609,0 -57.463117,-13.600754,0 -57.462914,-13.600971,0 -57.462748,-13.601134,0 -57.462582,-13.601315,0 -57.462416,-13.601497,0 -57.462250,-13.601678,0 -57.462084,-13.601859,0 -57.461918,-13.602040,0 -57.461752,-13.602203,0 -57.461567,-13.602384,0 -57.461401,-13.602547,0 -57.461235,-13.602729,0 -57.461069,-13.602910,0 -57.460903,-13.603073,0 -57.460737,-13.603254,0 -57.460552,-13.603417,0 -57.460386,-13.603598,0 -57.460220,-13.603779,0 -57.460054,-13.603942,0 -57.459888,-13.604124,0 -57.459722,-13.604287,0 -57.459556,-13.604468,0 -57.459372,-13.604649,0 -57.459205,-13.604812,0 -57.459039,-13.604993,0 -57.458873,-13.605174,0 -57.458689,-13.605355,0 -57.458523,-13.605518,0 -57.458357,-13.605700,0 -57.458191,-13.605863,0 -57.458025,-13.606044,0 -57.457858,-13.606207,0 -57.457674,-13.606406,0 -57.457545,-13.606551,0 -57.457379,-13.606732,0 -57.457213,-13.606895,0 -57.457047,-13.607076,0 -57.456881,-13.607239,0 -57.456715,-13.607421,0 -57.456548,-13.607602,0 -57.456382,-13.607765,0 -57.456216,-13.607946,0 -57.456050,-13.608127,0 -57.455884,-13.608308,0 -57.455718,-13.608471,0 -57.455552,-13.608652,0 -57.455386,-13.608834,0 -57.455220,-13.609015,0 -57.455054,-13.609178,0 -57.454888,-13.609341,0 -57.454759,-13.609468,0 -57.454593,-13.609649,0 -57.454427,-13.609812,0 -57.454260,-13.609975,0 -57.454094,-13.610138,0 -57.453947,-13.610301,0 -57.453781,-13.610482,0 -57.453615,-13.610645,0 -57.453449,-13.610826,0 -57.453301,-13.610989,0 -57.453116,-13.611171,0 -57.452950,-13.611334,0 -57.452784,-13.611515,0 -57.452618,-13.611696,0 -57.452452,-13.611877,0 -57.452268,-13.612040,0 -57.451991,-13.612312,0 -57.451825,-13.612475,0 -57.451585,-13.612747,0 -57.451345,-13.612982,0 -57.451179,-13.613145,0 -57.451013,-13.613326,0 -57.450865,-13.613489,0 -57.450699,-13.613653,0 -57.450533,-13.613816,0 -57.450367,-13.613997,0 -57.450201,-13.614160,0 -57.450053,-13.614323,0 -57.449887,-13.614486,0 -57.449721,-13.614649,0 -57.449555,-13.614830,0 -57.449389,-13.614993,0 -57.449241,-13.615156,0 -57.449075,-13.615319,0 -57.448909,-13.615500,0 -57.448743,-13.615663,0 -57.448577,-13.615826,0 -57.448429,-13.615989,0 -57.448263,-13.616153,0 -57.448097,-13.616334,0 -57.447950,-13.616497,0 -57.447783,-13.616660,0 -57.447636,-13.616823,0 -57.447470,-13.616986,0 -57.447304,-13.617167,0 -57.447156,-13.617330,0 -57.446990,-13.617493,0 -57.446824,-13.617656,0 -57.446676,-13.617819,0 -57.446510,-13.618000,0 -57.446344,-13.618163,0 -57.446160,-13.618344,0 -57.445993,-13.618526,0 -57.445827,-13.618689,0 -57.445680,-13.618852,0 -57.445514,-13.619015,0 -57.445348,-13.619178,0 -57.445181,-13.619359,0 -57.445015,-13.619540,0 -57.444868,-13.619685,0 -57.444702,-13.619848,0 -57.444536,-13.620011,0 -57.444369,-13.620192,0 -57.444203,-13.620373,0 -57.444056,-13.620518,0 -57.443871,-13.620718,0 -57.443724,-13.620881,0 -57.443558,-13.621044,0 -57.443410,-13.621189,0 -57.443244,-13.621352,0 -57.443059,-13.621551,0 -57.442893,-13.621732,0 -57.442727,-13.621895,0 -57.442579,-13.622058,0 -57.442413,-13.622239,0 -57.442247,-13.622402,0 -57.442081,-13.622565,0 -57.441915,-13.622728,0 -57.441749,-13.622910,0 -57.441601,-13.623073,0 -57.441435,-13.623236,0 -57.441269,-13.623399,0 -57.441103,-13.623580,0 -57.440937,-13.623743,0 -57.440771,-13.623906,0 -57.440623,-13.624069,0 -57.440457,-13.624250,0 -57.440291,-13.624413,0 -57.440125,-13.624576,0 -57.439959,-13.624739,0 -57.439793,-13.624920,0 -57.439645,-13.625083,0 -57.439479,-13.625246,0 -57.439313,-13.625409,0 -57.439147,-13.625591,0 -57.438981,-13.625754,0 -57.438815,-13.625917,0 -57.438667,-13.626080,0 -57.438501,-13.626261,0 -57.438335,-13.626424,0 -57.438169,-13.626587,0 -57.438003,-13.626768,0 -57.437837,-13.626931,0 -57.437689,-13.627094,0 -57.437523,-13.627257,0 -57.437357,-13.627438,0 -57.437191,-13.627601,0 -57.437025,-13.627764,0 -57.436858,-13.627927,0 -57.436711,-13.628072,0 -57.436526,-13.628272,0 -57.436360,-13.628435,0 -57.436194,-13.628616,0 -57.436028,-13.628797,0 -57.435843,-13.628960,0 -57.435677,-13.629141,0 -57.435511,-13.629304,0 -57.435327,-13.629485,0 -57.435160,-13.629667,0 -57.434994,-13.629830,0 -57.434828,-13.629993,0 -57.434662,-13.630174,0 -57.434496,-13.630337,0 -57.434330,-13.630500,0 -57.434164,-13.630663,0 -57.433998,-13.630844,0 -57.433832,-13.631007,0 -57.433665,-13.631170,0 -57.433499,-13.631333,0 -57.433333,-13.631514,0 -57.433167,-13.631677,0 -57.432946,-13.631859,0 -57.432669,-13.632130,0 -57.432503,-13.632293,0 -57.432337,-13.632474,0 -57.432189,-13.632637,0 -57.432023,-13.632801,0 -57.431857,-13.632964,0 -57.431691,-13.633127,0 -57.431524,-13.633290,0 -57.431358,-13.633471,0 -57.431192,-13.633634,0 -57.431026,-13.633797,0 -57.430860,-13.633960,0 -57.430712,-13.634123,0 -57.430546,-13.634286,0 -57.430380,-13.634467,0 -57.430214,-13.634630,0 -57.430048,-13.634793,0 -57.429882,-13.634956,0 -57.429716,-13.635119,0 -57.429550,-13.635282,0 -57.429383,-13.635463,0 -57.429236,-13.635626,0 -57.429070,-13.635790,0 -57.428922,-13.635953,0 -57.428756,-13.636134,0 -57.428590,-13.636297,0 -57.428442,-13.636460,0 -57.428276,-13.636623,0 -57.428128,-13.636786,0 -57.427962,-13.636967,0 -57.427815,-13.637130,0 -57.427649,-13.637293,0 -57.427501,-13.637456,0 -57.427335,-13.637637,0 -57.427187,-13.637800,0 -57.427002,-13.637656,0 -57.426817,-13.637493,0 -57.426650,-13.637349,0 -57.426465,-13.637205,0 -57.426280,-13.637042,0 -57.426095,-13.636898,0 -57.425928,-13.636753,0 -57.425743,-13.636609,0</coordinates></LineString></Placemark>
<Placemark><name>T-06B - 12,55 km</name><description>Maxima 12547 m | Minima 10294 m | Reta 9953 m | 144.9 ha</description><styleUrl>#rota</styleUrl><LineString><tessellate>1</tessellate><coordinates>-57.475369,-13.560747,0 -57.475518,-13.561108,0 -57.475666,-13.561470,0 -57.475575,-13.561850,0 -57.475704,-13.562066,0 -57.475853,-13.562265,0 -57.475982,-13.562464,0 -57.476131,-13.562681,0 -57.476242,-13.562915,0 -57.476372,-13.563150,0 -57.476483,-13.563385,0 -57.476613,-13.563638,0 -57.476688,-13.563927,0 -57.476762,-13.564216,0 -57.476818,-13.564433,0 -57.476874,-13.564650,0 -57.476930,-13.564885,0 -57.476986,-13.565102,0 -57.477023,-13.565319,0 -57.477079,-13.565536,0 -57.477135,-13.565825,0 -57.477210,-13.566114,0 -57.477266,-13.566404,0 -57.477322,-13.566639,0 -57.477378,-13.566856,0 -57.477452,-13.567091,0 -57.477545,-13.567307,0 -57.477656,-13.567542,0 -57.477786,-13.567723,0 -57.477897,-13.567922,0 -57.478027,-13.568120,0 -57.478138,-13.568301,0 -57.478268,-13.568499,0 -57.478379,-13.568698,0 -57.478509,-13.568879,0 -57.478584,-13.569114,0 -57.478658,-13.569331,0 -57.478732,-13.569547,0 -57.478788,-13.569764,0 -57.478826,-13.570072,0 -57.478845,-13.570361,0 -57.478882,-13.570614,0 -57.478901,-13.570867,0 -57.478939,-13.571102,0 -57.478884,-13.571374,0 -57.478847,-13.571627,0 -57.478885,-13.571844,0 -57.478904,-13.572079,0 -57.478941,-13.572314,0 -57.478979,-13.572585,0 -57.479035,-13.572874,0 -57.479091,-13.573146,0 -57.479110,-13.573417,0 -57.479147,-13.573670,0 -57.479185,-13.573923,0 -57.479222,-13.574194,0 -57.479241,-13.574447,0 -57.479334,-13.574700,0 -57.479427,-13.574953,0 -57.479520,-13.575188,0 -57.479613,-13.575423,0 -57.479761,-13.575640,0 -57.479928,-13.575875,0 -57.480095,-13.576091,0 -57.480243,-13.576326,0 -57.480410,-13.576525,0 -57.480577,-13.576741,0 -57.480744,-13.576958,0 -57.480966,-13.577120,0 -57.481188,-13.577283,0 -57.481429,-13.577445,0 -57.481651,-13.577607,0 -57.481836,-13.577752,0 -57.482040,-13.577878,0 -57.482225,-13.578004,0 -57.482428,-13.578130,0 -57.482614,-13.578275,0 -57.482817,-13.578401,0 -57.483002,-13.578527,0 -57.483206,-13.578653,0 -57.483391,-13.578798,0 -57.483595,-13.578924,0 -57.483817,-13.579158,0 -57.483670,-13.579502,0 -57.483393,-13.579774,0 -57.483227,-13.579955,0 -57.483061,-13.580136,0 -57.482895,-13.580299,0 -57.482710,-13.580481,0 -57.482544,-13.580662,0 -57.482378,-13.580825,0 -57.482212,-13.581006,0 -57.482046,-13.581187,0 -57.481862,-13.581368,0 -57.481696,-13.581532,0 -57.481511,-13.581695,0 -57.481345,-13.581876,0 -57.481161,-13.582057,0 -57.480976,-13.582238,0 -57.480810,-13.582419,0 -57.480626,-13.582601,0 -57.480460,-13.582782,0 -57.480294,-13.582945,0 -57.480109,-13.583126,0 -57.479943,-13.583307,0 -57.479777,-13.583470,0 -57.479611,-13.583651,0 -57.479445,-13.583814,0 -57.479279,-13.583996,0 -57.479113,-13.584159,0 -57.478947,-13.584340,0 -57.478781,-13.584503,0 -57.478615,-13.584684,0 -57.478449,-13.584847,0 -57.478301,-13.585010,0 -57.478135,-13.585173,0 -57.477969,-13.585336,0 -57.477803,-13.585517,0 -57.477656,-13.585681,0 -57.477489,-13.585844,0 -57.477323,-13.586007,0 -57.477157,-13.586188,0 -57.477010,-13.586333,0 -57.476844,-13.586514,0 -57.476678,-13.586677,0 -57.476512,-13.586858,0 -57.476364,-13.587003,0 -57.476198,-13.587184,0 -57.476032,-13.587365,0 -57.475866,-13.587529,0 -57.475718,-13.587673,0 -57.475552,-13.587855,0 -57.475386,-13.588036,0 -57.475220,-13.588199,0 -57.475073,-13.588344,0 -57.474907,-13.588525,0 -57.474741,-13.588706,0 -57.474482,-13.588978,0 -57.474261,-13.589195,0 -57.474095,-13.589376,0 -57.473837,-13.589648,0 -57.473763,-13.589721,0 -57.473523,-13.589974,0 -57.473431,-13.590065,0 -57.473191,-13.590319,0 -57.473043,-13.590482,0 -57.472877,-13.590645,0 -57.472711,-13.590826,0 -57.472545,-13.590989,0 -57.472287,-13.591261,0 -57.472232,-13.591315,0 -57.472065,-13.591478,0 -57.471807,-13.591750,0 -57.471733,-13.591822,0 -57.471475,-13.592094,0 -57.471420,-13.592148,0 -57.471161,-13.592420,0 -57.471014,-13.592583,0 -57.470848,-13.592746,0 -57.470682,-13.592909,0 -57.470516,-13.593090,0 -57.470368,-13.593235,0 -57.470202,-13.593417,0 -57.470054,-13.593580,0 -57.469888,-13.593743,0 -57.469722,-13.593906,0 -57.469556,-13.594087,0 -57.469409,-13.594232,0 -57.469224,-13.594431,0 -57.469058,-13.594594,0 -57.468781,-13.594884,0 -57.468560,-13.595120,0 -57.468302,-13.595391,0 -57.468136,-13.595554,0 -57.467877,-13.595826,0 -57.467711,-13.595989,0 -57.467508,-13.596207,0 -57.467232,-13.596496,0 -57.467176,-13.596551,0 -57.467010,-13.596714,0 -57.466863,-13.596877,0 -57.466586,-13.597167,0 -57.466531,-13.597221,0 -57.466364,-13.597384,0 -57.466217,-13.597547,0 -57.466051,-13.597728,0 -57.465885,-13.597891,0 -57.465719,-13.598055,0 -57.465571,-13.598218,0 -57.465405,-13.598399,0 -57.465239,-13.598562,0 -57.465073,-13.598725,0 -57.464907,-13.598906,0 -57.464741,-13.599069,0 -57.464575,-13.599250,0 -57.464409,-13.599413,0 -57.464243,-13.599576,0 -57.464077,-13.599757,0 -57.463910,-13.599921,0 -57.463744,-13.600102,0 -57.463597,-13.600265,0 -57.463431,-13.600428,0 -57.463265,-13.600609,0 -57.463117,-13.600754,0 -57.462914,-13.600971,0 -57.462748,-13.601134,0 -57.462582,-13.601315,0 -57.462416,-13.601497,0 -57.462250,-13.601678,0 -57.462084,-13.601859,0 -57.461918,-13.602040,0 -57.461752,-13.602203,0 -57.461567,-13.602384,0 -57.461401,-13.602547,0 -57.461235,-13.602729,0 -57.461069,-13.602910,0 -57.460903,-13.603073,0 -57.460737,-13.603254,0 -57.460552,-13.603417,0 -57.460386,-13.603598,0 -57.460220,-13.603779,0 -57.460054,-13.603942,0 -57.459888,-13.604124,0 -57.459722,-13.604287,0 -57.459556,-13.604468,0 -57.459372,-13.604649,0 -57.459205,-13.604812,0 -57.459039,-13.604993,0 -57.458873,-13.605174,0 -57.458689,-13.605355,0 -57.458523,-13.605518,0 -57.458357,-13.605700,0 -57.458191,-13.605863,0 -57.458025,-13.606044,0 -57.457858,-13.606207,0 -57.457674,-13.606406,0 -57.457545,-13.606551,0 -57.457379,-13.606732,0 -57.457213,-13.606895,0 -57.457047,-13.607076,0 -57.456881,-13.607239,0 -57.456715,-13.607421,0 -57.456548,-13.607602,0 -57.456382,-13.607765,0 -57.456216,-13.607946,0 -57.456050,-13.608127,0 -57.455884,-13.608308,0 -57.455718,-13.608471,0 -57.455552,-13.608652,0 -57.455386,-13.608834,0 -57.455220,-13.609015,0 -57.455054,-13.609178,0 -57.454888,-13.609341,0 -57.454759,-13.609468,0 -57.454593,-13.609649,0 -57.454427,-13.609812,0 -57.454260,-13.609975,0 -57.454094,-13.610138,0 -57.453947,-13.610301,0 -57.453781,-13.610482,0 -57.453615,-13.610645,0 -57.453449,-13.610826,0 -57.453301,-13.610989,0 -57.453116,-13.611171,0 -57.452950,-13.611334,0 -57.452784,-13.611515,0 -57.452618,-13.611696,0 -57.452452,-13.611877,0 -57.452268,-13.612040,0 -57.451991,-13.612312,0 -57.451825,-13.612475,0 -57.451585,-13.612747,0 -57.451345,-13.612982,0 -57.451179,-13.613145,0 -57.451013,-13.613326,0 -57.450865,-13.613489,0 -57.450699,-13.613653,0 -57.450533,-13.613816,0 -57.450367,-13.613997,0 -57.450201,-13.614160,0 -57.450053,-13.614323,0 -57.449887,-13.614486,0 -57.449721,-13.614649,0 -57.449555,-13.614830,0 -57.449389,-13.614993,0 -57.449241,-13.615156,0 -57.449075,-13.615319,0 -57.448909,-13.615500,0 -57.448743,-13.615663,0 -57.448577,-13.615826,0 -57.448429,-13.615989,0 -57.448263,-13.616153,0 -57.448097,-13.616334,0 -57.447950,-13.616497,0 -57.447783,-13.616660,0 -57.447636,-13.616823,0 -57.447470,-13.616986,0 -57.447304,-13.617167,0 -57.447156,-13.617330,0 -57.446990,-13.617493,0 -57.446824,-13.617656,0 -57.446676,-13.617819,0 -57.446510,-13.618000,0 -57.446344,-13.618163,0 -57.446160,-13.618344,0 -57.445993,-13.618526,0 -57.445827,-13.618689,0 -57.445680,-13.618852,0 -57.445514,-13.619015,0 -57.445348,-13.619178,0 -57.445181,-13.619359,0 -57.445015,-13.619540,0 -57.444868,-13.619685,0 -57.444702,-13.619848,0 -57.444536,-13.620011,0 -57.444369,-13.620192,0 -57.444203,-13.620373,0 -57.444056,-13.620518,0 -57.443871,-13.620718,0 -57.443724,-13.620881,0 -57.443558,-13.621044,0 -57.443410,-13.621189,0 -57.443244,-13.621352,0 -57.443059,-13.621551,0 -57.442893,-13.621732,0 -57.442727,-13.621895,0 -57.442579,-13.622058,0 -57.442413,-13.622239,0 -57.442247,-13.622402,0 -57.442081,-13.622565,0 -57.441915,-13.622728,0 -57.441749,-13.622910,0 -57.441601,-13.623073,0 -57.441435,-13.623236,0 -57.441269,-13.623399,0 -57.441103,-13.623580,0 -57.440937,-13.623743,0 -57.440771,-13.623906,0 -57.440623,-13.624069,0 -57.440457,-13.624250,0 -57.440291,-13.624413,0 -57.440125,-13.624576,0 -57.439959,-13.624739,0 -57.439793,-13.624920,0 -57.439645,-13.625083,0 -57.439479,-13.625246,0 -57.439313,-13.625409,0 -57.439147,-13.625591,0 -57.438981,-13.625754,0 -57.438815,-13.625917,0 -57.438667,-13.626080,0 -57.438501,-13.626261,0 -57.438335,-13.626424,0 -57.438169,-13.626587,0 -57.438003,-13.626768,0 -57.437837,-13.626931,0 -57.437689,-13.627094,0 -57.437523,-13.627257,0 -57.437357,-13.627438,0 -57.437191,-13.627601,0 -57.437025,-13.627764,0 -57.436858,-13.627927,0 -57.436711,-13.628072,0 -57.436526,-13.628272,0 -57.436360,-13.628435,0 -57.436194,-13.628616,0 -57.436028,-13.628797,0 -57.435843,-13.628960,0 -57.435677,-13.629141,0 -57.435511,-13.629304,0 -57.435327,-13.629485,0 -57.435160,-13.629667,0 -57.434994,-13.629830,0 -57.434828,-13.629993,0 -57.434662,-13.630174,0 -57.434496,-13.630337,0 -57.434330,-13.630500,0 -57.434164,-13.630663,0 -57.433998,-13.630844,0 -57.433832,-13.631007,0 -57.433665,-13.631170,0 -57.433499,-13.631333,0 -57.433333,-13.631514,0 -57.433167,-13.631677,0 -57.433020,-13.631840,0 -57.432853,-13.632003,0 -57.432687,-13.632185,0 -57.432521,-13.632348,0 -57.432355,-13.632511,0 -57.432207,-13.632674,0 -57.432041,-13.632837,0 -57.431875,-13.633000,0 -57.431728,-13.633163,0 -57.431561,-13.633326,0 -57.431414,-13.633489,0 -57.431248,-13.633652,0 -57.431082,-13.633833,0 -57.430934,-13.633996,0 -57.430768,-13.634159,0 -57.430602,-13.634322,0 -57.430454,-13.634485,0 -57.430288,-13.634648,0 -57.430122,-13.634811,0 -57.429974,-13.634974,0 -57.429808,-13.635137,0 -57.429642,-13.635300,0 -57.429494,-13.635463,0 -57.429328,-13.635626,0 -57.429181,-13.635807,0 -57.429015,-13.635970,0 -57.428848,-13.636133,0 -57.428701,-13.636297,0 -57.428535,-13.636460,0 -57.428369,-13.636623,0 -57.428221,-13.636786,0 -57.428055,-13.636949,0 -57.427889,-13.637112,0 -57.427741,-13.637275,0 -57.427575,-13.637438,0 -57.427427,-13.637601,0 -57.427261,-13.637764,0 -57.427151,-13.637945,0 -57.426984,-13.638108,0 -57.426818,-13.638289,0 -57.426634,-13.638488,0 -57.426468,-13.638651,0 -57.426301,-13.638796,0 -57.426154,-13.638959,0 -57.425988,-13.639122,0 -57.425822,-13.639285,0 -57.425600,-13.639503,0 -57.425489,-13.639611,0 -57.425249,-13.639847,0 -57.425009,-13.640082,0 -57.424843,-13.640245,0 -57.424677,-13.640409,0 -57.424511,-13.640572,0 -57.424363,-13.640735,0 -57.424197,-13.640898,0 -57.424031,-13.641043,0 -57.423865,-13.641206,0 -57.423699,-13.641369,0 -57.423533,-13.641532,0 -57.423385,-13.641695,0 -57.423219,-13.641858,0 -57.423053,-13.642021,0 -57.422887,-13.642166,0 -57.422720,-13.642329,0 -57.422554,-13.642492,0 -57.422407,-13.642655,0 -57.422241,-13.642818,0 -57.422074,-13.642981,0 -57.421908,-13.643144,0 -57.421742,-13.643289,0 -57.421594,-13.643452,0 -57.421428,-13.643615,0 -57.421262,-13.643778,0 -57.421096,-13.643941,0 -57.420930,-13.644104,0 -57.420764,-13.644267,0 -57.420616,-13.644412,0 -57.420450,-13.644575,0 -57.420284,-13.644738,0 -57.420118,-13.644901,0 -57.419969,-13.644721,0 -57.419803,-13.644540,0 -57.419654,-13.644359,0 -57.419488,-13.644179,0</coordinates></LineString></Placemark>
<Placemark><name>T-07A - 10,26 km</name><description>Maxima 10260 m | Minima 7258 m | Reta 6925 m | 254.67 ha</description><styleUrl>#rota</styleUrl><LineString><tessellate>1</tessellate><coordinates>-57.475369,-13.560747,0 -57.475518,-13.561108,0 -57.475666,-13.561470,0 -57.475575,-13.561850,0 -57.475704,-13.562066,0 -57.475853,-13.562265,0 -57.475982,-13.562464,0 -57.476131,-13.562681,0 -57.476242,-13.562915,0 -57.476372,-13.563150,0 -57.476483,-13.563385,0 -57.476613,-13.563638,0 -57.476688,-13.563927,0 -57.476762,-13.564216,0 -57.476818,-13.564433,0 -57.476874,-13.564650,0 -57.476930,-13.564885,0 -57.476986,-13.565102,0 -57.477023,-13.565319,0 -57.477079,-13.565536,0 -57.477135,-13.565825,0 -57.477191,-13.566024,0 -57.477265,-13.566259,0 -57.477099,-13.566440,0 -57.476933,-13.566603,0 -57.476767,-13.566784,0 -57.476601,-13.566947,0 -57.476454,-13.567129,0 -57.476288,-13.567292,0 -57.476122,-13.567473,0 -57.475956,-13.567636,0 -57.475808,-13.567817,0 -57.475642,-13.567980,0 -57.475476,-13.568161,0 -57.475310,-13.568324,0 -57.475144,-13.568487,0 -57.474997,-13.568669,0 -57.474830,-13.568832,0 -57.474664,-13.569013,0 -57.474498,-13.569176,0 -57.474332,-13.569357,0 -57.474185,-13.569520,0 -57.474019,-13.569701,0 -57.473853,-13.569882,0 -57.473705,-13.570045,0 -57.473539,-13.570208,0 -57.473373,-13.570371,0 -57.473226,-13.570553,0 -57.473060,-13.570716,0 -57.472894,-13.570879,0 -57.472728,-13.571042,0 -57.472580,-13.571223,0 -57.472414,-13.571386,0 -57.472248,-13.571549,0 -57.472100,-13.571712,0 -57.471934,-13.571875,0 -57.471768,-13.572056,0 -57.471602,-13.572219,0 -57.471436,-13.572401,0 -57.471289,-13.572546,0 -57.471141,-13.572727,0 -57.470975,-13.572908,0 -57.470754,-13.573125,0 -57.470588,-13.573288,0 -57.470422,-13.573469,0 -57.470256,-13.573651,0 -57.470090,-13.573814,0 -57.469923,-13.573995,0 -57.469776,-13.574158,0 -57.469610,-13.574339,0 -57.469444,-13.574502,0 -57.469278,-13.574683,0 -57.469112,-13.574846,0 -57.468946,-13.575027,0 -57.468780,-13.575191,0 -57.468614,-13.575372,0 -57.468448,-13.575553,0 -57.468263,-13.575716,0 -57.468097,-13.575897,0 -57.467931,-13.576078,0 -57.467765,-13.576259,0 -57.467599,-13.576422,0 -57.467433,-13.576604,0 -57.467267,-13.576785,0 -57.467101,-13.576966,0 -57.466935,-13.577129,0 -57.466769,-13.577310,0 -57.466584,-13.577491,0 -57.466418,-13.577672,0 -57.466234,-13.577854,0 -57.466049,-13.578053,0 -57.465846,-13.578234,0 -57.465699,-13.578415,0 -57.465533,-13.578578,0 -57.465367,-13.578741,0 -57.465201,-13.578904,0 -57.465053,-13.579067,0 -57.464887,-13.579249,0 -57.464721,-13.579412,0 -57.464555,-13.579575,0 -57.464407,-13.579738,0 -57.464241,-13.579919,0 -57.464075,-13.580082,0 -57.463909,-13.580245,0 -57.463762,-13.580408,0 -57.463596,-13.580589,0 -57.463430,-13.580752,0 -57.463263,-13.580915,0 -57.463116,-13.581078,0 -57.462950,-13.581260,0 -57.462784,-13.581423,0 -57.462636,-13.581586,0 -57.462470,-13.581749,0 -57.462304,-13.581912,0 -57.462138,-13.582093,0 -57.461990,-13.582256,0 -57.461788,-13.582455,0 -57.461603,-13.582636,0 -57.461419,-13.582836,0 -57.461234,-13.583017,0 -57.461068,-13.583198,0 -57.460883,-13.583379,0 -57.460717,-13.583542,0 -57.460551,-13.583723,0 -57.460385,-13.583887,0 -57.460219,-13.584068,0 -57.460053,-13.584231,0 -57.459887,-13.584412,0 -57.459721,-13.584575,0 -57.459555,-13.584756,0 -57.459389,-13.584919,0 -57.459241,-13.585082,0 -57.459075,-13.585263,0 -57.458909,-13.585426,0 -57.458743,-13.585589,0 -57.458577,-13.585771,0 -57.458411,-13.585934,0 -57.458245,-13.586115,0 -57.458079,-13.586278,0 -57.457913,-13.586441,0 -57.457747,-13.586622,0 -57.457581,-13.586785,0 -57.457433,-13.586948,0 -57.457267,-13.587129,0 -57.457101,-13.587292,0 -57.456935,-13.587474,0 -57.456769,-13.587637,0 -57.456603,-13.587800,0 -57.456437,-13.587981,0 -57.456271,-13.588144,0 -57.456105,-13.588307,0 -57.455939,-13.588488,0 -57.455791,-13.588651,0 -57.455625,-13.588814,0 -57.455459,-13.588977,0 -57.455293,-13.589158,0 -57.455145,-13.589321,0 -57.454979,-13.589484,0 -57.454813,-13.589647,0 -57.454666,-13.589811,0 -57.454500,-13.589974,0 -57.454334,-13.590155,0 -57.454186,-13.590318,0 -57.454020,-13.590481,0 -57.453854,-13.590644,0 -57.453688,-13.590807,0 -57.453540,-13.590970,0 -57.453374,-13.591151,0 -57.453208,-13.591314,0 -57.453060,-13.591477,0 -57.452894,-13.591640,0 -57.452728,-13.591803,0 -57.452581,-13.591984,0 -57.452415,-13.592147,0 -57.452249,-13.592311,0 -57.452083,-13.592474,0 -57.451935,-13.592637,0 -57.451769,-13.592818,0 -57.451603,-13.592981,0 -57.451437,-13.593144,0 -57.451289,-13.593325,0 -57.451123,-13.593488,0 -57.450957,-13.593651,0 -57.450791,-13.593832,0 -57.450643,-13.593995,0 -57.450477,-13.594158,0 -57.450311,-13.594321,0 -57.450145,-13.594502,0 -57.449998,-13.594666,0 -57.449831,-13.594829,0 -57.449665,-13.595010,0 -57.449499,-13.595173,0 -57.449352,-13.595336,0 -57.449186,-13.595517,0 -57.449020,-13.595680,0 -57.448854,-13.595843,0 -57.448706,-13.596006,0 -57.448540,-13.596187,0 -57.448374,-13.596350,0 -57.448226,-13.596513,0 -57.448060,-13.596676,0 -57.447913,-13.596839,0 -57.447746,-13.597002,0 -57.447580,-13.597165,0 -57.447433,-13.597328,0 -57.447267,-13.597492,0 -57.447101,-13.597673,0 -57.446953,-13.597836,0 -57.446787,-13.597999,0 -57.446639,-13.598162,0 -57.446473,-13.598325,0 -57.446307,-13.598488,0 -57.446160,-13.598651,0 -57.445994,-13.598814,0 -57.445827,-13.598977,0 -57.445680,-13.599140,0 -57.445514,-13.599321,0 -57.445366,-13.599484,0 -57.445200,-13.599647,0 -57.445034,-13.599810,0 -57.444886,-13.599973,0 -57.444720,-13.600136,0 -57.444554,-13.600299,0 -57.444407,-13.600462,0 -57.444241,-13.600626,0 -57.444093,-13.600789,0 -57.443927,-13.600952,0 -57.443761,-13.601133,0 -57.443613,-13.601296,0 -57.443447,-13.601459,0 -57.443281,-13.601622,0 -57.443133,-13.601785,0 -57.442967,-13.601948,0 -57.442820,-13.602111,0 -57.442654,-13.602274,0 -57.442488,-13.602437,0 -57.442340,-13.602600,0 -57.442174,-13.602781,0 -57.442008,-13.602944,0 -57.441860,-13.603107,0 -57.441694,-13.603270,0 -57.441546,-13.603433,0 -57.441380,-13.603596,0 -57.441214,-13.603759,0 -57.441067,-13.603922,0 -57.440901,-13.604086,0 -57.440734,-13.604249,0 -57.440587,-13.604412,0 -57.440421,-13.604593,0 -57.440273,-13.604756,0 -57.440107,-13.604919,0 -57.439941,-13.605082,0 -57.439793,-13.605245,0 -57.439627,-13.605408,0 -57.439461,-13.605571,0 -57.439314,-13.605734,0 -57.439148,-13.605897,0 -57.439000,-13.606060,0 -57.438834,-13.606241,0 -57.438668,-13.606404,0 -57.438520,-13.606567,0 -57.438354,-13.606730,0 -57.438188,-13.606893,0 -57.438040,-13.607056,0 -57.437874,-13.607219,0 -57.437727,-13.607382,0 -57.437561,-13.607545,0 -57.437394,-13.607709,0 -57.437247,-13.607872,0 -57.437081,-13.608053,0 -57.436933,-13.608216,0 -57.436767,-13.608379,0 -57.436601,-13.608542,0 -57.436453,-13.608705,0 -57.436287,-13.608868,0 -57.436121,-13.609031,0 -57.435974,-13.609194,0 -57.435807,-13.609357,0 -57.435641,-13.609538,0 -57.435494,-13.609701,0 -57.435328,-13.609864,0 -57.435162,-13.610027,0 -57.435014,-13.610190,0 -57.434848,-13.610353,0 -57.434682,-13.610534,0 -57.434534,-13.610697,0 -57.434368,-13.610860,0 -57.434202,-13.611023,0 -57.434036,-13.611205,0 -57.433888,-13.611368,0 -57.433722,-13.611531,0 -57.433575,-13.611694,0 -57.433408,-13.611857,0 -57.433261,-13.612020,0 -57.433095,-13.612183,0 -57.432929,-13.612346,0 -57.432781,-13.612527,0 -57.432615,-13.612690,0 -57.432449,-13.612853,0 -57.432301,-13.613016,0 -57.432135,-13.613179,0 -57.431969,-13.613342,0 -57.431821,-13.613523,0 -57.431655,-13.613686,0 -57.431489,-13.613849,0 -57.431342,-13.614012,0 -57.431175,-13.614175,0 -57.431009,-13.614338,0 -57.430862,-13.614520,0 -57.430696,-13.614683,0 -57.430530,-13.614846,0 -57.430382,-13.615009,0 -57.430216,-13.615172,0 -57.430050,-13.615335,0 -57.429884,-13.615516,0 -57.429736,-13.615679,0 -57.429570,-13.615842,0 -57.429404,-13.616023,0 -57.429238,-13.616186,0 -57.429072,-13.616349,0 -57.428906,-13.616530,0 -57.428739,-13.616693,0 -57.428592,-13.616856,0 -57.428426,-13.617037,0 -57.428260,-13.617200,0 -57.428093,-13.617364,0 -57.427927,-13.617545,0 -57.427761,-13.617708,0 -57.427614,-13.617871,0 -57.427448,-13.618034,0 -57.427300,-13.618197,0 -57.427134,-13.618378,0 -57.426968,-13.618541,0 -57.426820,-13.618704,0 -57.426654,-13.618867,0 -57.426506,-13.619030,0 -57.426340,-13.619193,0 -57.426119,-13.619465,0 -57.425953,-13.619646,0 -57.425805,-13.619827,0 -57.425639,-13.620008,0 -57.425473,-13.620207,0 -57.425251,-13.620316,0 -57.425511,-13.620605,0 -57.425715,-13.620804,0 -57.425937,-13.621002,0 -57.426140,-13.621201,0 -57.426326,-13.621381,0 -57.426511,-13.621562,0 -57.426696,-13.621742,0 -57.426881,-13.621923,0 -57.427067,-13.622103,0 -57.427252,-13.622266,0 -57.427437,-13.622446,0 -57.427622,-13.622627,0 -57.427807,-13.622807,0 -57.427993,-13.622988,0 -57.428178,-13.623168,0 -57.428363,-13.623349,0 -57.428530,-13.623511,0 -57.428715,-13.623692,0 -57.428900,-13.623854,0 -57.429067,-13.624035,0 -57.429252,-13.624197,0 -57.429419,-13.624360,0 -57.429586,-13.624522,0 -57.429752,-13.624685,0 -57.429937,-13.624847,0 -57.430178,-13.625082,0 -57.430419,-13.625298,0 -57.430604,-13.625461,0 -57.430771,-13.625623,0 -57.430938,-13.625768,0 -57.431104,-13.625930,0 -57.431271,-13.626075,0 -57.431438,-13.626237,0 -57.431604,-13.626399,0 -57.431771,-13.626544,0 -57.431956,-13.626706,0 -57.432123,-13.626869,0 -57.432290,-13.627013,0 -57.432456,-13.627176,0 -57.432623,-13.627320,0 -57.432790,-13.627482,0 -57.432956,-13.627645,0 -57.433123,-13.627789,0 -57.433308,-13.627952,0 -57.433475,-13.628114,0 -57.433642,-13.628259,0 -57.433808,-13.628421,0 -57.433975,-13.628565,0</coordinates></LineString></Placemark>
<Placemark><name>T-07B - 10,63 km</name><description>Maxima 10628 m | Minima 8967 m | Reta 8626 m | 53.96 ha</description><styleUrl>#rota</styleUrl><LineString><tessellate>1</tessellate><coordinates>-57.475369,-13.560747,0 -57.475518,-13.561108,0 -57.475666,-13.561470,0 -57.475575,-13.561850,0 -57.475704,-13.562066,0 -57.475853,-13.562265,0 -57.475982,-13.562464,0 -57.476131,-13.562681,0 -57.476242,-13.562915,0 -57.476372,-13.563150,0 -57.476483,-13.563385,0 -57.476613,-13.563638,0 -57.476688,-13.563927,0 -57.476762,-13.564216,0 -57.476818,-13.564433,0 -57.476874,-13.564650,0 -57.476930,-13.564885,0 -57.476986,-13.565102,0 -57.477023,-13.565319,0 -57.477079,-13.565536,0 -57.477135,-13.565825,0 -57.477191,-13.566024,0 -57.477265,-13.566259,0 -57.477099,-13.566440,0 -57.476933,-13.566603,0 -57.476767,-13.566784,0 -57.476601,-13.566947,0 -57.476454,-13.567129,0 -57.476288,-13.567292,0 -57.476122,-13.567473,0 -57.475956,-13.567636,0 -57.475808,-13.567817,0 -57.475642,-13.567980,0 -57.475476,-13.568161,0 -57.475310,-13.568324,0 -57.475144,-13.568487,0 -57.474997,-13.568669,0 -57.474830,-13.568832,0 -57.474664,-13.569013,0 -57.474498,-13.569176,0 -57.474332,-13.569357,0 -57.474185,-13.569520,0 -57.474019,-13.569701,0 -57.473853,-13.569882,0 -57.473705,-13.570045,0 -57.473539,-13.570208,0 -57.473373,-13.570371,0 -57.473226,-13.570553,0 -57.473060,-13.570716,0 -57.472894,-13.570879,0 -57.472728,-13.571042,0 -57.472580,-13.571223,0 -57.472414,-13.571386,0 -57.472248,-13.571549,0 -57.472100,-13.571712,0 -57.471934,-13.571875,0 -57.471768,-13.572056,0 -57.471602,-13.572219,0 -57.471436,-13.572401,0 -57.471289,-13.572546,0 -57.471141,-13.572727,0 -57.470975,-13.572908,0 -57.470754,-13.573125,0 -57.470588,-13.573288,0 -57.470422,-13.573469,0 -57.470256,-13.573651,0 -57.470090,-13.573814,0 -57.469923,-13.573995,0 -57.469776,-13.574158,0 -57.469610,-13.574339,0 -57.469444,-13.574502,0 -57.469278,-13.574683,0 -57.469112,-13.574846,0 -57.468946,-13.575027,0 -57.468780,-13.575191,0 -57.468614,-13.575372,0 -57.468448,-13.575553,0 -57.468263,-13.575716,0 -57.468097,-13.575897,0 -57.467931,-13.576078,0 -57.467765,-13.576259,0 -57.467599,-13.576422,0 -57.467433,-13.576604,0 -57.467267,-13.576785,0 -57.467101,-13.576966,0 -57.466935,-13.577129,0 -57.466769,-13.577310,0 -57.466584,-13.577491,0 -57.466418,-13.577672,0 -57.466234,-13.577854,0 -57.466049,-13.578053,0 -57.465846,-13.578234,0 -57.465699,-13.578415,0 -57.465533,-13.578578,0 -57.465367,-13.578741,0 -57.465201,-13.578904,0 -57.465053,-13.579067,0 -57.464887,-13.579249,0 -57.464721,-13.579412,0 -57.464555,-13.579575,0 -57.464407,-13.579738,0 -57.464241,-13.579919,0 -57.464075,-13.580082,0 -57.463909,-13.580245,0 -57.463762,-13.580408,0 -57.463596,-13.580589,0 -57.463430,-13.580752,0 -57.463263,-13.580915,0 -57.463116,-13.581078,0 -57.462950,-13.581260,0 -57.462784,-13.581423,0 -57.462636,-13.581586,0 -57.462470,-13.581749,0 -57.462304,-13.581912,0 -57.462138,-13.582093,0 -57.461990,-13.582256,0 -57.461788,-13.582455,0 -57.461603,-13.582636,0 -57.461419,-13.582836,0 -57.461234,-13.583017,0 -57.461068,-13.583198,0 -57.460883,-13.583379,0 -57.460717,-13.583542,0 -57.460551,-13.583723,0 -57.460385,-13.583887,0 -57.460219,-13.584068,0 -57.460053,-13.584231,0 -57.459887,-13.584412,0 -57.459721,-13.584575,0 -57.459555,-13.584756,0 -57.459389,-13.584919,0 -57.459241,-13.585082,0 -57.459075,-13.585263,0 -57.458909,-13.585426,0 -57.458743,-13.585589,0 -57.458577,-13.585771,0 -57.458411,-13.585934,0 -57.458245,-13.586115,0 -57.458079,-13.586278,0 -57.457913,-13.586441,0 -57.457747,-13.586622,0 -57.457581,-13.586785,0 -57.457433,-13.586948,0 -57.457267,-13.587129,0 -57.457101,-13.587292,0 -57.456935,-13.587474,0 -57.456769,-13.587637,0 -57.456603,-13.587800,0 -57.456437,-13.587981,0 -57.456271,-13.588144,0 -57.456105,-13.588307,0 -57.455939,-13.588488,0 -57.455791,-13.588651,0 -57.455625,-13.588814,0 -57.455459,-13.588977,0 -57.455293,-13.589158,0 -57.455145,-13.589321,0 -57.454979,-13.589484,0 -57.454813,-13.589647,0 -57.454666,-13.589811,0 -57.454500,-13.589974,0 -57.454334,-13.590155,0 -57.454186,-13.590318,0 -57.454020,-13.590481,0 -57.453854,-13.590644,0 -57.453688,-13.590807,0 -57.453540,-13.590970,0 -57.453374,-13.591151,0 -57.453208,-13.591314,0 -57.453060,-13.591477,0 -57.452894,-13.591640,0 -57.452728,-13.591803,0 -57.452581,-13.591984,0 -57.452415,-13.592147,0 -57.452249,-13.592311,0 -57.452083,-13.592474,0 -57.451935,-13.592637,0 -57.451769,-13.592818,0 -57.451603,-13.592981,0 -57.451437,-13.593144,0 -57.451289,-13.593325,0 -57.451123,-13.593488,0 -57.450957,-13.593651,0 -57.450791,-13.593832,0 -57.450643,-13.593995,0 -57.450477,-13.594158,0 -57.450311,-13.594321,0 -57.450145,-13.594502,0 -57.449998,-13.594666,0 -57.449831,-13.594829,0 -57.449665,-13.595010,0 -57.449499,-13.595173,0 -57.449352,-13.595336,0 -57.449186,-13.595517,0 -57.449020,-13.595680,0 -57.448854,-13.595843,0 -57.448706,-13.596006,0 -57.448540,-13.596187,0 -57.448374,-13.596350,0 -57.448226,-13.596513,0 -57.448060,-13.596676,0 -57.447913,-13.596839,0 -57.447746,-13.597002,0 -57.447580,-13.597165,0 -57.447433,-13.597328,0 -57.447267,-13.597492,0 -57.447101,-13.597673,0 -57.446953,-13.597836,0 -57.446787,-13.597999,0 -57.446639,-13.598162,0 -57.446473,-13.598325,0 -57.446307,-13.598488,0 -57.446160,-13.598651,0 -57.445994,-13.598814,0 -57.445827,-13.598977,0 -57.445680,-13.599140,0 -57.445514,-13.599321,0 -57.445366,-13.599484,0 -57.445200,-13.599647,0 -57.445034,-13.599810,0 -57.444886,-13.599973,0 -57.444720,-13.600136,0 -57.444554,-13.600299,0 -57.444407,-13.600462,0 -57.444241,-13.600626,0 -57.444093,-13.600789,0 -57.443927,-13.600952,0 -57.443761,-13.601133,0 -57.443613,-13.601296,0 -57.443447,-13.601459,0 -57.443281,-13.601622,0 -57.443133,-13.601785,0 -57.442967,-13.601948,0 -57.442820,-13.602111,0 -57.442654,-13.602274,0 -57.442488,-13.602437,0 -57.442340,-13.602600,0 -57.442174,-13.602781,0 -57.442008,-13.602944,0 -57.441860,-13.603107,0 -57.441694,-13.603270,0 -57.441546,-13.603433,0 -57.441380,-13.603596,0 -57.441214,-13.603759,0 -57.441067,-13.603922,0 -57.440901,-13.604086,0 -57.440734,-13.604249,0 -57.440587,-13.604412,0 -57.440421,-13.604593,0 -57.440273,-13.604756,0 -57.440107,-13.604919,0 -57.439941,-13.605082,0 -57.439793,-13.605245,0 -57.439627,-13.605408,0 -57.439461,-13.605571,0 -57.439314,-13.605734,0 -57.439148,-13.605897,0 -57.439000,-13.606060,0 -57.438834,-13.606241,0 -57.438668,-13.606404,0 -57.438520,-13.606567,0 -57.438354,-13.606730,0 -57.438188,-13.606893,0 -57.438040,-13.607056,0 -57.437874,-13.607219,0 -57.437727,-13.607382,0 -57.437561,-13.607545,0 -57.437394,-13.607709,0 -57.437247,-13.607872,0 -57.437081,-13.608053,0 -57.436933,-13.608216,0 -57.436767,-13.608379,0 -57.436601,-13.608542,0 -57.436453,-13.608705,0 -57.436287,-13.608868,0 -57.436121,-13.609031,0 -57.435974,-13.609194,0 -57.435807,-13.609357,0 -57.435641,-13.609538,0 -57.435494,-13.609701,0 -57.435328,-13.609864,0 -57.435162,-13.610027,0 -57.435014,-13.610190,0 -57.434848,-13.610353,0 -57.434682,-13.610534,0 -57.434534,-13.610697,0 -57.434368,-13.610860,0 -57.434202,-13.611023,0 -57.434036,-13.611205,0 -57.433888,-13.611368,0 -57.433722,-13.611531,0 -57.433575,-13.611694,0 -57.433408,-13.611857,0 -57.433261,-13.612020,0 -57.433095,-13.612183,0 -57.432929,-13.612346,0 -57.432781,-13.612527,0 -57.432615,-13.612690,0 -57.432449,-13.612853,0 -57.432301,-13.613016,0 -57.432135,-13.613179,0 -57.431969,-13.613342,0 -57.431821,-13.613523,0 -57.431655,-13.613686,0 -57.431489,-13.613849,0 -57.431342,-13.614012,0 -57.431175,-13.614175,0 -57.431009,-13.614338,0 -57.430862,-13.614520,0 -57.430696,-13.614683,0 -57.430530,-13.614846,0 -57.430382,-13.615009,0 -57.430216,-13.615172,0 -57.430050,-13.615335,0 -57.429884,-13.615516,0 -57.429736,-13.615679,0 -57.429570,-13.615842,0 -57.429404,-13.616023,0 -57.429238,-13.616186,0 -57.429072,-13.616349,0 -57.428906,-13.616530,0 -57.428739,-13.616693,0 -57.428592,-13.616856,0 -57.428426,-13.617037,0 -57.428260,-13.617200,0 -57.428093,-13.617364,0 -57.427927,-13.617545,0 -57.427761,-13.617708,0 -57.427614,-13.617871,0 -57.427448,-13.618034,0 -57.427300,-13.618197,0 -57.427134,-13.618378,0 -57.426968,-13.618541,0 -57.426820,-13.618704,0 -57.426654,-13.618867,0 -57.426506,-13.619030,0 -57.426285,-13.619247,0 -57.426027,-13.619519,0 -57.425805,-13.619773,0 -57.425657,-13.619936,0 -57.425491,-13.620117,0 -57.425325,-13.620280,0 -57.425178,-13.620461,0 -57.424975,-13.620678,0 -57.424845,-13.620805,0 -57.424679,-13.620968,0 -57.424513,-13.621131,0 -57.424347,-13.621330,0 -57.424181,-13.621530,0 -57.424015,-13.621711,0 -57.423830,-13.621892,0 -57.423664,-13.622091,0 -57.423498,-13.622272,0 -57.423277,-13.622508,0 -57.423037,-13.622743,0 -57.422852,-13.622942,0 -57.423019,-13.623087,0 -57.423186,-13.623249,0 -57.423371,-13.623412,0 -57.423538,-13.623556,0 -57.423704,-13.623719,0 -57.423871,-13.623881,0 -57.424056,-13.624025,0 -57.424223,-13.624188,0 -57.424390,-13.624350,0 -57.424556,-13.624495,0 -57.424741,-13.624657,0 -57.424908,-13.624820,0 -57.425075,-13.624964,0 -57.425241,-13.625126,0 -57.425408,-13.625289,0 -57.425593,-13.625433,0 -57.425760,-13.625596,0 -57.425927,-13.625758,0 -57.426093,-13.625903,0 -57.426279,-13.626065,0 -57.426445,-13.626228,0 -57.426612,-13.626390,0 -57.426779,-13.626534,0 -57.426964,-13.626697,0 -57.427131,-13.626859,0 -57.427297,-13.627004,0 -57.427464,-13.627166,0 -57.427631,-13.627329,0 -57.427816,-13.627473,0 -57.427983,-13.627635,0 -57.428149,-13.627798,0 -57.428316,-13.627942,0 -57.428501,-13.628105,0 -57.428668,-13.628267,0 -57.428834,-13.628412,0 -57.429001,-13.628574,0 -57.429186,-13.628737,0 -57.429353,-13.628881,0 -57.429520,-13.629043,0 -57.429686,-13.629206,0 -57.429872,-13.629350,0 -57.430038,-13.629513,0 -57.430205,-13.629675,0 -57.430372,-13.629820,0 -57.430538,-13.629982,0 -57.430724,-13.630144,0 -57.430890,-13.630289,0 -57.431057,-13.630451,0 -57.431224,-13.630614,0 -57.431409,-13.630758,0 -57.431576,-13.630921,0</coordinates></LineString></Placemark>
<Placemark><name>T-08 - 8,57 km</name><description>Maxima 8572 m | Minima 5253 m | Reta 4931 m | 300.64 ha</description><styleUrl>#rota</styleUrl><LineString><tessellate>1</tessellate><coordinates>-57.475369,-13.560747,0 -57.475518,-13.561108,0 -57.475666,-13.561470,0 -57.475575,-13.561850,0 -57.475704,-13.562066,0 -57.475853,-13.562265,0 -57.475982,-13.562464,0 -57.476131,-13.562681,0 -57.476242,-13.562915,0 -57.476372,-13.563150,0 -57.476483,-13.563385,0 -57.476613,-13.563638,0 -57.476688,-13.563927,0 -57.476762,-13.564216,0 -57.476818,-13.564433,0 -57.476874,-13.564650,0 -57.476930,-13.564885,0 -57.476986,-13.565102,0 -57.477023,-13.565319,0 -57.477079,-13.565536,0 -57.477135,-13.565825,0 -57.477210,-13.566114,0 -57.477266,-13.566404,0 -57.477322,-13.566639,0 -57.477378,-13.566856,0 -57.477452,-13.567091,0 -57.477545,-13.567307,0 -57.477656,-13.567542,0 -57.477786,-13.567723,0 -57.477897,-13.567922,0 -57.478027,-13.568120,0 -57.478138,-13.568301,0 -57.478268,-13.568499,0 -57.478379,-13.568698,0 -57.478509,-13.568879,0 -57.478584,-13.569114,0 -57.478658,-13.569331,0 -57.478732,-13.569547,0 -57.478788,-13.569764,0 -57.478826,-13.570072,0 -57.478845,-13.570361,0 -57.478882,-13.570614,0 -57.478901,-13.570867,0 -57.478939,-13.571102,0 -57.478884,-13.571374,0 -57.478847,-13.571627,0 -57.478885,-13.571844,0 -57.478904,-13.572079,0 -57.478941,-13.572314,0 -57.478979,-13.572585,0 -57.479035,-13.572874,0 -57.479091,-13.573146,0 -57.479110,-13.573417,0 -57.479147,-13.573670,0 -57.479185,-13.573923,0 -57.479222,-13.574194,0 -57.479241,-13.574447,0 -57.479334,-13.574700,0 -57.479427,-13.574953,0 -57.479520,-13.575188,0 -57.479613,-13.575423,0 -57.479761,-13.575640,0 -57.479928,-13.575875,0 -57.480095,-13.576091,0 -57.480243,-13.576326,0 -57.480410,-13.576525,0 -57.480577,-13.576741,0 -57.480744,-13.576958,0 -57.480966,-13.577120,0 -57.481188,-13.577283,0 -57.481429,-13.577445,0 -57.481651,-13.577607,0 -57.481836,-13.577752,0 -57.482040,-13.577878,0 -57.482225,-13.578004,0 -57.482428,-13.578130,0 -57.482614,-13.578275,0 -57.482817,-13.578401,0 -57.483002,-13.578527,0 -57.483206,-13.578653,0 -57.483391,-13.578798,0 -57.483595,-13.578924,0 -57.483817,-13.579158,0 -57.483670,-13.579502,0 -57.483393,-13.579774,0 -57.483227,-13.579955,0 -57.483061,-13.580136,0 -57.482895,-13.580299,0 -57.482710,-13.580481,0 -57.482544,-13.580662,0 -57.482378,-13.580825,0 -57.482212,-13.581006,0 -57.482046,-13.581187,0 -57.481862,-13.581368,0 -57.481696,-13.581532,0 -57.481511,-13.581695,0 -57.481345,-13.581876,0 -57.481161,-13.582057,0 -57.480976,-13.582238,0 -57.480810,-13.582419,0 -57.480626,-13.582601,0 -57.480460,-13.582782,0 -57.480294,-13.582945,0 -57.480109,-13.583126,0 -57.479943,-13.583307,0 -57.479777,-13.583470,0 -57.479611,-13.583651,0 -57.479445,-13.583814,0 -57.479279,-13.583996,0 -57.479113,-13.584159,0 -57.478947,-13.584340,0 -57.478781,-13.584503,0 -57.478615,-13.584684,0 -57.478449,-13.584847,0 -57.478301,-13.585010,0 -57.478135,-13.585173,0 -57.477969,-13.585336,0 -57.477803,-13.585517,0 -57.477656,-13.585681,0 -57.477489,-13.585844,0 -57.477323,-13.586007,0 -57.477157,-13.586188,0 -57.477010,-13.586333,0 -57.476844,-13.586514,0 -57.476678,-13.586677,0 -57.476512,-13.586858,0 -57.476364,-13.587003,0 -57.476198,-13.587184,0 -57.476032,-13.587365,0 -57.475866,-13.587529,0 -57.475718,-13.587673,0 -57.475552,-13.587855,0 -57.475386,-13.588036,0 -57.475220,-13.588199,0 -57.475073,-13.588344,0 -57.474907,-13.588525,0 -57.474741,-13.588706,0 -57.474482,-13.588978,0 -57.474261,-13.589195,0 -57.474095,-13.589376,0 -57.473837,-13.589648,0 -57.473763,-13.589721,0 -57.473523,-13.589974,0 -57.473431,-13.590065,0 -57.473191,-13.590319,0 -57.473043,-13.590482,0 -57.472877,-13.590645,0 -57.472711,-13.590826,0 -57.472545,-13.590989,0 -57.472287,-13.591261,0 -57.472232,-13.591315,0 -57.472065,-13.591478,0 -57.471807,-13.591750,0 -57.471733,-13.591822,0 -57.471475,-13.592094,0 -57.471420,-13.592148,0 -57.471161,-13.592420,0 -57.471014,-13.592583,0 -57.470848,-13.592746,0 -57.470682,-13.592909,0 -57.470516,-13.593090,0 -57.470368,-13.593235,0 -57.470202,-13.593417,0 -57.470054,-13.593580,0 -57.469888,-13.593743,0 -57.469722,-13.593906,0 -57.469556,-13.594087,0 -57.469409,-13.594232,0 -57.469224,-13.594431,0 -57.469058,-13.594594,0 -57.468781,-13.594884,0 -57.468560,-13.595120,0 -57.468302,-13.595391,0 -57.468136,-13.595554,0 -57.467877,-13.595826,0 -57.467711,-13.595989,0 -57.467508,-13.596207,0 -57.467232,-13.596496,0 -57.467176,-13.596551,0 -57.467010,-13.596714,0 -57.466863,-13.596877,0 -57.466586,-13.597167,0 -57.466531,-13.597221,0 -57.466364,-13.597384,0 -57.466217,-13.597547,0 -57.466051,-13.597728,0 -57.465885,-13.597891,0 -57.465719,-13.598055,0 -57.465571,-13.598218,0 -57.465405,-13.598399,0 -57.465239,-13.598562,0 -57.465073,-13.598725,0 -57.464907,-13.598906,0 -57.464741,-13.599069,0 -57.464575,-13.599250,0 -57.464409,-13.599413,0 -57.464243,-13.599576,0 -57.464077,-13.599757,0 -57.463910,-13.599921,0 -57.463744,-13.600102,0 -57.463597,-13.600265,0 -57.463431,-13.600428,0 -57.463265,-13.600609,0 -57.463117,-13.600754,0 -57.462914,-13.600971,0 -57.462748,-13.601134,0 -57.462582,-13.601315,0 -57.462416,-13.601497,0 -57.462250,-13.601678,0 -57.462084,-13.601859,0 -57.461918,-13.602040,0 -57.461752,-13.602203,0 -57.461567,-13.602384,0 -57.461401,-13.602547,0 -57.461235,-13.602729,0 -57.461069,-13.602910,0 -57.460903,-13.603073,0 -57.460737,-13.603254,0 -57.460552,-13.603417,0 -57.460386,-13.603598,0 -57.460220,-13.603779,0 -57.460054,-13.603942,0 -57.459888,-13.604124,0 -57.459722,-13.604287,0 -57.459556,-13.604468,0 -57.459372,-13.604649,0 -57.459205,-13.604812,0 -57.459039,-13.604993,0 -57.458873,-13.605174,0 -57.458689,-13.605355,0 -57.458523,-13.605518,0 -57.458357,-13.605700,0 -57.458191,-13.605863,0 -57.458025,-13.606044,0 -57.457858,-13.606207,0 -57.457674,-13.606406,0 -57.457545,-13.606551,0 -57.457379,-13.606732,0 -57.457213,-13.606895,0 -57.457047,-13.607076,0 -57.456881,-13.607239,0 -57.456715,-13.607421,0 -57.456548,-13.607602,0 -57.456382,-13.607765,0 -57.456216,-13.607946,0 -57.456050,-13.608127,0 -57.455884,-13.608308,0 -57.455718,-13.608471,0 -57.455552,-13.608652,0 -57.455386,-13.608834,0 -57.455220,-13.609015,0 -57.455054,-13.609178,0 -57.454888,-13.609341,0 -57.454759,-13.609468,0 -57.454593,-13.609649,0 -57.454427,-13.609812,0 -57.454260,-13.609975,0 -57.454094,-13.610138,0 -57.453947,-13.610301,0 -57.453781,-13.610482,0 -57.453615,-13.610645,0 -57.453449,-13.610826,0 -57.453301,-13.610989,0 -57.453116,-13.611171,0 -57.452950,-13.611334,0 -57.452784,-13.611515,0 -57.452618,-13.611696,0 -57.452452,-13.611877,0 -57.452268,-13.612040,0 -57.451991,-13.612312,0 -57.451825,-13.612475,0 -57.451585,-13.612747,0 -57.451345,-13.612982,0 -57.451179,-13.613145,0 -57.451013,-13.613326,0 -57.450865,-13.613489,0 -57.450699,-13.613653,0 -57.450533,-13.613816,0 -57.450367,-13.613997,0 -57.450201,-13.614160,0 -57.450053,-13.614323,0 -57.449887,-13.614486,0 -57.449721,-13.614649,0 -57.449555,-13.614830,0 -57.449389,-13.614993,0 -57.449241,-13.615156,0 -57.449075,-13.615319,0 -57.448909,-13.615500,0 -57.448743,-13.615663,0 -57.448577,-13.615826,0 -57.448429,-13.615989,0 -57.448263,-13.616153,0 -57.448097,-13.616334,0 -57.447950,-13.616497,0 -57.447783,-13.616660,0 -57.447636,-13.616823,0 -57.447470,-13.616986,0 -57.447304,-13.617167,0 -57.447156,-13.617330,0 -57.446990,-13.617493,0 -57.446824,-13.617656,0 -57.446676,-13.617819,0 -57.446510,-13.618000,0 -57.446344,-13.618163,0 -57.446160,-13.618344,0 -57.445993,-13.618526,0 -57.445827,-13.618363,0 -57.445660,-13.618201,0 -57.445493,-13.618056,0 -57.445327,-13.617894,0 -57.445160,-13.617749,0 -57.444993,-13.617587,0 -57.444827,-13.617425,0</coordinates></LineString></Placemark>
<Placemark><name>T-09 - 6,57 km</name><description>Maxima 6570 m | Minima 3251 m | Reta 2954 m | 300.31 ha</description><styleUrl>#rota</styleUrl><LineString><tessellate>1</tessellate><coordinates>-57.475369,-13.560747,0 -57.475518,-13.561108,0 -57.475666,-13.561470,0 -57.475575,-13.561850,0 -57.475704,-13.562066,0 -57.475853,-13.562265,0 -57.475982,-13.562464,0 -57.476131,-13.562681,0 -57.476242,-13.562915,0 -57.476372,-13.563150,0 -57.476483,-13.563385,0 -57.476613,-13.563638,0 -57.476688,-13.563927,0 -57.476762,-13.564216,0 -57.476818,-13.564433,0 -57.476874,-13.564650,0 -57.476930,-13.564885,0 -57.476986,-13.565102,0 -57.477023,-13.565319,0 -57.477079,-13.565536,0 -57.477135,-13.565825,0 -57.477210,-13.566114,0 -57.477266,-13.566404,0 -57.477322,-13.566639,0 -57.477378,-13.566856,0 -57.477452,-13.567091,0 -57.477545,-13.567307,0 -57.477656,-13.567542,0 -57.477786,-13.567723,0 -57.477897,-13.567922,0 -57.478027,-13.568120,0 -57.478138,-13.568301,0 -57.478268,-13.568499,0 -57.478379,-13.568698,0 -57.478509,-13.568879,0 -57.478584,-13.569114,0 -57.478658,-13.569331,0 -57.478732,-13.569547,0 -57.478788,-13.569764,0 -57.478826,-13.570072,0 -57.478845,-13.570361,0 -57.478882,-13.570614,0 -57.478901,-13.570867,0 -57.478939,-13.571102,0 -57.478884,-13.571374,0 -57.478847,-13.571627,0 -57.478885,-13.571844,0 -57.478904,-13.572079,0 -57.478941,-13.572314,0 -57.478979,-13.572585,0 -57.479035,-13.572874,0 -57.479091,-13.573146,0 -57.479110,-13.573417,0 -57.479147,-13.573670,0 -57.479185,-13.573923,0 -57.479222,-13.574194,0 -57.479241,-13.574447,0 -57.479334,-13.574700,0 -57.479427,-13.574953,0 -57.479520,-13.575188,0 -57.479613,-13.575423,0 -57.479761,-13.575640,0 -57.479928,-13.575875,0 -57.480095,-13.576091,0 -57.480243,-13.576326,0 -57.480410,-13.576525,0 -57.480577,-13.576741,0 -57.480744,-13.576958,0 -57.480966,-13.577120,0 -57.481188,-13.577283,0 -57.481429,-13.577445,0 -57.481651,-13.577607,0 -57.481836,-13.577752,0 -57.482040,-13.577878,0 -57.482225,-13.578004,0 -57.482428,-13.578130,0 -57.482614,-13.578275,0 -57.482817,-13.578401,0 -57.483002,-13.578527,0 -57.483206,-13.578653,0 -57.483391,-13.578798,0 -57.483595,-13.578924,0 -57.483817,-13.579158,0 -57.483670,-13.579502,0 -57.483393,-13.579774,0 -57.483227,-13.579955,0 -57.483061,-13.580136,0 -57.482895,-13.580299,0 -57.482710,-13.580481,0 -57.482544,-13.580662,0 -57.482378,-13.580825,0 -57.482212,-13.581006,0 -57.482046,-13.581187,0 -57.481862,-13.581368,0 -57.481696,-13.581532,0 -57.481511,-13.581695,0 -57.481345,-13.581876,0 -57.481161,-13.582057,0 -57.480976,-13.582238,0 -57.480810,-13.582419,0 -57.480626,-13.582601,0 -57.480460,-13.582782,0 -57.480294,-13.582945,0 -57.480109,-13.583126,0 -57.479943,-13.583307,0 -57.479777,-13.583470,0 -57.479611,-13.583651,0 -57.479445,-13.583814,0 -57.479279,-13.583996,0 -57.479113,-13.584159,0 -57.478947,-13.584340,0 -57.478781,-13.584503,0 -57.478615,-13.584684,0 -57.478449,-13.584847,0 -57.478301,-13.585010,0 -57.478135,-13.585173,0 -57.477969,-13.585336,0 -57.477803,-13.585517,0 -57.477656,-13.585681,0 -57.477489,-13.585844,0 -57.477323,-13.586007,0 -57.477157,-13.586188,0 -57.477010,-13.586333,0 -57.476844,-13.586514,0 -57.476678,-13.586677,0 -57.476512,-13.586858,0 -57.476364,-13.587003,0 -57.476198,-13.587184,0 -57.476032,-13.587365,0 -57.475866,-13.587529,0 -57.475718,-13.587673,0 -57.475552,-13.587855,0 -57.475386,-13.588036,0 -57.475220,-13.588199,0 -57.475073,-13.588344,0 -57.474907,-13.588525,0 -57.474741,-13.588706,0 -57.474482,-13.588978,0 -57.474261,-13.589195,0 -57.474095,-13.589376,0 -57.473837,-13.589648,0 -57.473763,-13.589721,0 -57.473523,-13.589974,0 -57.473431,-13.590065,0 -57.473191,-13.590319,0 -57.473043,-13.590482,0 -57.472877,-13.590645,0 -57.472711,-13.590826,0 -57.472545,-13.590989,0 -57.472287,-13.591261,0 -57.472232,-13.591315,0 -57.472065,-13.591478,0 -57.471807,-13.591750,0 -57.471733,-13.591822,0 -57.471475,-13.592094,0 -57.471420,-13.592148,0 -57.471161,-13.592420,0 -57.471014,-13.592583,0 -57.470848,-13.592746,0 -57.470682,-13.592909,0 -57.470516,-13.593090,0 -57.470368,-13.593235,0 -57.470202,-13.593417,0 -57.470054,-13.593580,0 -57.469888,-13.593743,0 -57.469722,-13.593906,0 -57.469556,-13.594087,0 -57.469409,-13.594232,0 -57.469224,-13.594431,0 -57.469058,-13.594594,0 -57.468781,-13.594884,0 -57.468560,-13.595120,0 -57.468302,-13.595391,0 -57.468136,-13.595554,0 -57.467877,-13.595826,0 -57.467711,-13.595989,0 -57.467508,-13.596207,0 -57.467232,-13.596496,0 -57.467176,-13.596551,0 -57.467010,-13.596714,0 -57.466863,-13.596877,0 -57.466586,-13.597167,0 -57.466531,-13.597221,0 -57.466364,-13.597384,0 -57.466217,-13.597547,0 -57.466051,-13.597728,0 -57.465885,-13.597891,0 -57.465719,-13.598055,0 -57.465571,-13.598218,0 -57.465405,-13.598399,0 -57.465239,-13.598562,0 -57.465073,-13.598725,0 -57.464907,-13.598906,0 -57.464741,-13.599069,0 -57.464575,-13.599250,0 -57.464409,-13.599413,0 -57.464243,-13.599576,0 -57.464077,-13.599757,0 -57.463910,-13.599921,0 -57.463744,-13.600102,0 -57.463597,-13.600265,0 -57.463431,-13.600428,0 -57.463265,-13.600609,0 -57.463117,-13.600754,0 -57.462914,-13.600971,0 -57.462748,-13.601134,0 -57.462582,-13.601315,0 -57.462416,-13.601497,0 -57.462250,-13.601678,0 -57.462084,-13.601859,0 -57.461918,-13.602040,0 -57.461752,-13.602203,0 -57.461567,-13.602384,0 -57.461401,-13.602547,0 -57.461235,-13.602729,0 -57.461069,-13.602910,0 -57.460903,-13.603073,0 -57.460737,-13.603254,0 -57.460552,-13.603417,0 -57.460386,-13.603598,0 -57.460220,-13.603779,0 -57.460054,-13.603942,0 -57.459888,-13.604124,0 -57.459722,-13.604287,0 -57.459556,-13.604468,0 -57.459372,-13.604649,0 -57.459205,-13.604812,0 -57.459039,-13.604993,0 -57.458873,-13.605174,0 -57.458689,-13.605355,0 -57.458522,-13.605193,0 -57.458355,-13.605031,0 -57.458152,-13.604850,0 -57.457855,-13.604579,0 -57.457800,-13.604525,0 -57.457522,-13.604254,0</coordinates></LineString></Placemark>
<Placemark><name>T-10A - 2,97 km</name><description>Maxima 2970 m | Minima 747 m | Reta 704 m | 80.13 ha</description><styleUrl>#rota</styleUrl><LineString><tessellate>1</tessellate><coordinates>-57.475369,-13.560747,0 -57.475518,-13.561108,0 -57.475666,-13.561470,0 -57.475575,-13.561850,0 -57.475704,-13.562066,0 -57.475853,-13.562265,0 -57.475982,-13.562464,0 -57.476131,-13.562681,0 -57.476242,-13.562915,0 -57.476372,-13.563150,0 -57.476483,-13.563385,0 -57.476613,-13.563638,0 -57.476688,-13.563927,0 -57.476762,-13.564216,0 -57.476818,-13.564433,0 -57.476874,-13.564650,0 -57.476930,-13.564885,0 -57.476986,-13.565102,0 -57.477023,-13.565319,0 -57.477079,-13.565536,0 -57.477135,-13.565825,0 -57.477210,-13.566114,0 -57.477266,-13.566404,0 -57.477322,-13.566639,0 -57.477378,-13.566856,0 -57.477452,-13.567091,0 -57.477545,-13.567307,0 -57.477656,-13.567542,0 -57.477786,-13.567723,0 -57.477897,-13.567922,0 -57.478027,-13.568120,0 -57.478138,-13.568301,0 -57.478268,-13.568499,0 -57.478379,-13.568698,0 -57.478509,-13.568879,0 -57.478584,-13.569114,0 -57.478658,-13.569331,0 -57.478732,-13.569547,0 -57.478788,-13.569764,0 -57.478826,-13.570072,0 -57.478845,-13.570361,0 -57.478882,-13.570614,0 -57.478901,-13.570867,0 -57.478939,-13.571102,0 -57.478884,-13.571374,0 -57.478847,-13.571627,0 -57.478885,-13.571844,0 -57.478904,-13.572079,0 -57.478941,-13.572314,0 -57.478979,-13.572585,0 -57.479035,-13.572874,0 -57.479091,-13.573146,0 -57.479110,-13.573417,0 -57.479147,-13.573670,0 -57.479185,-13.573923,0 -57.479222,-13.574194,0 -57.479241,-13.574447,0 -57.479334,-13.574700,0 -57.479427,-13.574953,0 -57.479520,-13.575188,0 -57.479613,-13.575423,0 -57.479761,-13.575640,0 -57.479928,-13.575875,0 -57.480095,-13.576091,0 -57.480243,-13.576326,0 -57.480410,-13.576525,0 -57.480577,-13.576741,0 -57.480744,-13.576958,0 -57.480966,-13.577120,0 -57.481188,-13.577283,0 -57.481429,-13.577445,0 -57.481651,-13.577607,0 -57.481836,-13.577752,0 -57.482040,-13.577878,0 -57.482225,-13.578004,0 -57.482428,-13.578130,0 -57.482614,-13.578275,0 -57.482817,-13.578401,0 -57.483002,-13.578527,0 -57.483206,-13.578653,0 -57.483391,-13.578798,0 -57.483595,-13.578924,0 -57.483817,-13.579158,0 -57.483670,-13.579502,0 -57.483393,-13.579774,0 -57.483227,-13.579955,0 -57.483061,-13.580136,0 -57.482895,-13.580299,0 -57.482710,-13.580481,0 -57.482544,-13.580662,0 -57.482378,-13.580825,0 -57.482212,-13.581006,0 -57.482046,-13.581187,0 -57.481862,-13.581368,0 -57.481696,-13.581532,0 -57.481511,-13.581695,0 -57.481345,-13.581550,0 -57.481178,-13.581388,0 -57.481011,-13.581243,0 -57.480844,-13.581081,0 -57.480678,-13.580937,0 -57.480511,-13.580774,0 -57.480344,-13.580612,0</coordinates></LineString></Placemark>
<Placemark><name>T-10B - 4,56 km</name><description>Maxima 4561 m | Minima 2068 m | Reta 1812 m | 177.61 ha</description><styleUrl>#rota</styleUrl><LineString><tessellate>1</tessellate><coordinates>-57.475369,-13.560747,0 -57.475518,-13.561108,0 -57.475666,-13.561470,0 -57.475575,-13.561850,0 -57.475704,-13.562066,0 -57.475853,-13.562265,0 -57.475982,-13.562464,0 -57.476131,-13.562681,0 -57.476242,-13.562915,0 -57.476372,-13.563150,0 -57.476483,-13.563385,0 -57.476613,-13.563638,0 -57.476688,-13.563927,0 -57.476762,-13.564216,0 -57.476818,-13.564433,0 -57.476874,-13.564650,0 -57.476930,-13.564885,0 -57.476986,-13.565102,0 -57.477023,-13.565319,0 -57.477079,-13.565536,0 -57.477135,-13.565825,0 -57.477210,-13.566114,0 -57.477266,-13.566404,0 -57.477322,-13.566639,0 -57.477378,-13.566856,0 -57.477452,-13.567091,0 -57.477545,-13.567307,0 -57.477656,-13.567542,0 -57.477786,-13.567723,0 -57.477897,-13.567922,0 -57.478027,-13.568120,0 -57.478138,-13.568301,0 -57.478268,-13.568499,0 -57.478379,-13.568698,0 -57.478509,-13.568879,0 -57.478584,-13.569114,0 -57.478658,-13.569331,0 -57.478732,-13.569547,0 -57.478788,-13.569764,0 -57.478826,-13.570072,0 -57.478845,-13.570361,0 -57.478882,-13.570614,0 -57.478901,-13.570867,0 -57.478939,-13.571102,0 -57.478884,-13.571374,0 -57.478847,-13.571627,0 -57.478885,-13.571844,0 -57.478904,-13.572079,0 -57.478941,-13.572314,0 -57.478979,-13.572585,0 -57.479035,-13.572874,0 -57.479091,-13.573146,0 -57.479110,-13.573417,0 -57.479147,-13.573670,0 -57.479185,-13.573923,0 -57.479222,-13.574194,0 -57.479241,-13.574447,0 -57.479334,-13.574700,0 -57.479427,-13.574953,0 -57.479520,-13.575188,0 -57.479613,-13.575423,0 -57.479761,-13.575640,0 -57.479928,-13.575875,0 -57.480095,-13.576091,0 -57.480243,-13.576326,0 -57.480410,-13.576525,0 -57.480577,-13.576741,0 -57.480744,-13.576958,0 -57.480966,-13.577120,0 -57.481188,-13.577283,0 -57.481429,-13.577445,0 -57.481651,-13.577607,0 -57.481836,-13.577752,0 -57.482040,-13.577878,0 -57.482225,-13.578004,0 -57.482428,-13.578130,0 -57.482614,-13.578275,0 -57.482817,-13.578401,0 -57.483002,-13.578527,0 -57.483206,-13.578653,0 -57.483391,-13.578798,0 -57.483595,-13.578924,0 -57.483817,-13.579158,0 -57.483670,-13.579502,0 -57.483393,-13.579774,0 -57.483227,-13.579955,0 -57.483061,-13.580136,0 -57.482895,-13.580299,0 -57.482710,-13.580481,0 -57.482544,-13.580662,0 -57.482378,-13.580825,0 -57.482212,-13.581006,0 -57.482046,-13.581187,0 -57.481862,-13.581368,0 -57.481696,-13.581532,0 -57.481511,-13.581695,0 -57.481345,-13.581876,0 -57.481161,-13.582057,0 -57.480976,-13.582238,0 -57.480810,-13.582419,0 -57.480626,-13.582601,0 -57.480460,-13.582782,0 -57.480294,-13.582945,0 -57.480109,-13.583126,0 -57.479943,-13.583307,0 -57.479777,-13.583470,0 -57.479611,-13.583651,0 -57.479445,-13.583814,0 -57.479279,-13.583996,0 -57.479113,-13.584159,0 -57.478947,-13.584340,0 -57.478781,-13.584503,0 -57.478615,-13.584684,0 -57.478449,-13.584847,0 -57.478301,-13.585010,0 -57.478135,-13.585173,0 -57.477969,-13.585336,0 -57.477803,-13.585517,0 -57.477656,-13.585681,0 -57.477489,-13.585844,0 -57.477323,-13.586007,0 -57.477157,-13.586188,0 -57.477010,-13.586333,0 -57.476844,-13.586514,0 -57.476678,-13.586677,0 -57.476512,-13.586858,0 -57.476364,-13.587003,0 -57.476198,-13.587184,0 -57.476032,-13.587365,0 -57.475866,-13.587529,0 -57.475718,-13.587673,0 -57.475552,-13.587855,0 -57.475386,-13.588036,0 -57.475220,-13.588199,0 -57.475073,-13.588344,0 -57.474907,-13.588525,0 -57.474741,-13.588706,0 -57.474482,-13.588978,0 -57.474261,-13.589195,0 -57.474095,-13.589376,0 -57.473837,-13.589648,0 -57.473763,-13.589721,0 -57.473523,-13.589974,0 -57.473431,-13.590065,0 -57.473191,-13.590319,0 -57.473043,-13.590482,0 -57.472877,-13.590645,0 -57.472711,-13.590826,0 -57.472545,-13.590989,0 -57.472287,-13.591261,0 -57.472232,-13.591315,0 -57.472065,-13.591478,0 -57.471807,-13.591750,0 -57.471733,-13.591822,0 -57.471475,-13.592094,0 -57.471420,-13.592148,0 -57.471253,-13.591986,0 -57.471068,-13.591842,0 -57.470901,-13.591679,0 -57.470734,-13.591535,0 -57.470549,-13.591372,0 -57.470364,-13.591282,0 -57.470198,-13.591120,0</coordinates></LineString></Placemark>
<Placemark><name>T-10S - 3,37 km</name><description>Maxima 3368 m | Minima 1656 m | Reta 1426 m | 60.87 ha</description><styleUrl>#rota</styleUrl><LineString><tessellate>1</tessellate><coordinates>-57.475369,-13.560747,0 -57.475518,-13.561108,0 -57.475666,-13.561470,0 -57.475575,-13.561850,0 -57.475704,-13.562066,0 -57.475853,-13.562265,0 -57.475982,-13.562464,0 -57.476131,-13.562681,0 -57.476242,-13.562915,0 -57.476372,-13.563150,0 -57.476483,-13.563385,0 -57.476613,-13.563638,0 -57.476688,-13.563927,0 -57.476762,-13.564216,0 -57.476818,-13.564433,0 -57.476874,-13.564650,0 -57.476930,-13.564885,0 -57.476986,-13.565102,0 -57.477023,-13.565319,0 -57.477079,-13.565536,0 -57.477135,-13.565825,0 -57.477191,-13.566024,0 -57.477265,-13.566259,0 -57.477099,-13.566440,0 -57.476933,-13.566603,0 -57.476767,-13.566784,0 -57.476601,-13.566947,0 -57.476454,-13.567129,0 -57.476288,-13.567292,0 -57.476122,-13.567473,0 -57.475956,-13.567636,0 -57.475808,-13.567817,0 -57.475642,-13.567980,0 -57.475476,-13.568161,0 -57.475310,-13.568324,0 -57.475144,-13.568487,0 -57.474997,-13.568669,0 -57.474830,-13.568832,0 -57.474664,-13.569013,0 -57.474498,-13.569176,0 -57.474332,-13.569357,0 -57.474185,-13.569520,0 -57.474019,-13.569701,0 -57.473853,-13.569882,0 -57.473705,-13.570045,0 -57.473539,-13.570208,0 -57.473373,-13.570371,0 -57.473226,-13.570553,0 -57.473060,-13.570716,0 -57.472894,-13.570879,0 -57.472728,-13.571042,0 -57.472580,-13.571223,0 -57.472414,-13.571386,0 -57.472248,-13.571549,0 -57.472100,-13.571712,0 -57.471934,-13.571875,0 -57.471768,-13.572056,0 -57.471602,-13.572219,0 -57.471436,-13.572401,0 -57.471289,-13.572546,0 -57.471141,-13.572727,0 -57.470975,-13.572908,0 -57.470827,-13.573071,0 -57.470680,-13.573252,0 -57.470514,-13.573415,0 -57.470366,-13.573596,0 -57.470200,-13.573777,0 -57.470053,-13.573940,0 -57.469905,-13.574121,0 -57.469739,-13.574285,0 -57.469592,-13.574466,0 -57.469426,-13.574647,0 -57.469278,-13.574810,0 -57.469131,-13.574991,0 -57.468964,-13.575154,0 -57.469131,-13.575316,0 -57.469316,-13.575479,0 -57.469483,-13.575641,0 -57.469650,-13.575804,0 -57.469816,-13.575948,0 -57.470002,-13.576111,0 -57.470168,-13.576273,0 -57.470335,-13.576435,0 -57.470502,-13.576580,0 -57.470687,-13.576742,0 -57.470854,-13.576905,0 -57.471020,-13.577067,0 -57.471187,-13.577229,0 -57.471372,-13.577374,0 -57.471539,-13.577536,0 -57.471705,-13.577699,0 -57.471872,-13.577861,0 -57.472057,-13.578060,0 -57.472243,-13.578222,0 -57.472409,-13.578366,0 -57.472576,-13.578529,0 -57.472743,-13.578691,0 -57.472909,-13.578836,0 -57.473095,-13.578998,0 -57.473243,-13.579124,0 -57.473428,-13.579287,0 -57.473594,-13.579431,0 -57.473761,-13.579594,0 -57.473928,-13.579756,0 -57.474113,-13.579918,0 -57.474280,-13.580063,0 -57.474446,-13.580225,0 -57.474613,-13.580388,0 -57.474798,-13.580550,0 -57.474965,-13.580694,0 -57.475132,-13.580857,0 -57.475298,-13.581019,0 -57.475484,-13.581182,0 -57.475650,-13.581344,0 -57.475817,-13.581489,0 -57.475984,-13.581651,0 -57.476169,-13.581813,0 -57.476354,-13.581976,0 -57.476521,-13.582120,0 -57.476687,-13.582283,0 -57.476873,-13.582445,0 -57.477039,-13.582607,0 -57.477206,-13.582752,0 -57.477391,-13.582914,0 -57.477558,-13.583077,0 -57.477725,-13.583239,0</coordinates></LineString></Placemark>
<Placemark><name>T-11 - 2,69 km</name><description>Maxima 2690 m | Minima 1261 m | Reta 893 m | 59.79 ha</description><styleUrl>#rota</styleUrl><LineString><tessellate>1</tessellate><coordinates>-57.475369,-13.560747,0 -57.475147,-13.560494,0 -57.475091,-13.560332,0 -57.475127,-13.559916,0 -57.474904,-13.559554,0 -57.474959,-13.559301,0 -57.474811,-13.559084,0 -57.474644,-13.558886,0 -57.474348,-13.558543,0 -57.474126,-13.558398,0 -57.473811,-13.558236,0 -57.473608,-13.558110,0 -57.473423,-13.557984,0 -57.473219,-13.557858,0 -57.473034,-13.557731,0 -57.472849,-13.557605,0 -57.472645,-13.557497,0 -57.472460,-13.557371,0 -57.472257,-13.557245,0 -57.472071,-13.557118,0 -57.471868,-13.556992,0 -57.471683,-13.556866,0 -57.471479,-13.556740,0 -57.471294,-13.556632,0 -57.471091,-13.556505,0 -57.470906,-13.556379,0 -57.470702,-13.556253,0 -57.470517,-13.556127,0 -57.470313,-13.556000,0 -57.470128,-13.555874,0 -57.469925,-13.555766,0 -57.469740,-13.555640,0 -57.469536,-13.555514,0 -57.469351,-13.555387,0 -57.469073,-13.555171,0 -57.468852,-13.555352,0 -57.468612,-13.555533,0 -57.468446,-13.555715,0 -57.468280,-13.555896,0 -57.468114,-13.556077,0 -57.467948,-13.556240,0 -57.467782,-13.556403,0 -57.467634,-13.556566,0 -57.467468,-13.556729,0 -57.467302,-13.556892,0 -57.467154,-13.557055,0 -57.466988,-13.557218,0 -57.466822,-13.557381,0 -57.466656,-13.557563,0 -57.466509,-13.557726,0 -57.466343,-13.557889,0 -57.466195,-13.558052,0 -57.466029,-13.558215,0 -57.465863,-13.558396,0 -57.465716,-13.558559,0 -57.465550,-13.558722,0 -57.465402,-13.558885,0 -57.465236,-13.559066,0 -57.465088,-13.559229,0 -57.464904,-13.559410,0 -57.464738,-13.559592,0 -57.464572,-13.559755,0 -57.464387,-13.559936,0 -57.464221,-13.560117,0 -57.464055,-13.560298,0 -57.463797,-13.560588,0 -57.463631,-13.560751,0 -57.463465,-13.560914,0 -57.463317,-13.561077,0 -57.463151,-13.561240,0 -57.462985,-13.561421,0 -57.462838,-13.561584,0 -57.462672,-13.561747,0 -57.462524,-13.561910,0 -57.462229,-13.562182,0 -57.462063,-13.562363,0 -57.461897,-13.562526,0 -57.461731,-13.562708,0 -57.461546,-13.562907,0 -57.461436,-13.563070,0 -57.461602,-13.563232,0 -57.461788,-13.563395,0 -57.461954,-13.563557,0 -57.462139,-13.563720,0 -57.462306,-13.563882,0 -57.462491,-13.564044,0 -57.462658,-13.564207,0 -57.462843,-13.564369,0 -57.463010,-13.564532,0 -57.463177,-13.564694,0 -57.463362,-13.564875,0 -57.463528,-13.565037,0 -57.463714,-13.565199,0 -57.463880,-13.565362,0 -57.464065,-13.565524,0 -57.464232,-13.565687,0 -57.464399,-13.565849,0</coordinates></LineString></Placemark>
<Placemark><name>T-11A - 2,29 km</name><description>Maxima 2285 m | Minima 277 m | Reta 174 m | 113.78 ha</description><styleUrl>#rota</styleUrl><LineString><tessellate>1</tessellate><coordinates>-57.475369,-13.560747,0 -57.475147,-13.560494,0 -57.475091,-13.560332,0 -57.475127,-13.559916,0 -57.474904,-13.559554,0 -57.474959,-13.559301,0 -57.474811,-13.559084,0 -57.474644,-13.558886,0 -57.474348,-13.558543,0 -57.474126,-13.558398,0 -57.473811,-13.558236,0 -57.473608,-13.558110,0 -57.473423,-13.557984,0 -57.473219,-13.557858,0 -57.473034,-13.557731,0 -57.472849,-13.557605,0 -57.472645,-13.557497,0 -57.472460,-13.557371,0 -57.472257,-13.557245,0 -57.472071,-13.557118,0 -57.471868,-13.556992,0 -57.471683,-13.556866,0 -57.471479,-13.556740,0 -57.471294,-13.556632,0 -57.471091,-13.556505,0 -57.470906,-13.556379,0 -57.470702,-13.556253,0 -57.470517,-13.556127,0 -57.470313,-13.556000,0 -57.470128,-13.555874,0 -57.469925,-13.555766,0 -57.469740,-13.555640,0 -57.469536,-13.555514,0 -57.469351,-13.555387,0 -57.469073,-13.555171,0 -57.468852,-13.555352,0 -57.468612,-13.555533,0 -57.468446,-13.555715,0 -57.468280,-13.555896,0 -57.468114,-13.556077,0 -57.467948,-13.556240,0 -57.467782,-13.556403,0 -57.467634,-13.556566,0 -57.467468,-13.556729,0 -57.467302,-13.556892,0 -57.467154,-13.557055,0 -57.466988,-13.557218,0 -57.466822,-13.557381,0 -57.466656,-13.557563,0 -57.466509,-13.557726,0 -57.466343,-13.557889,0 -57.466195,-13.558052,0 -57.466029,-13.558215,0 -57.465863,-13.558396,0 -57.465716,-13.558559,0 -57.465550,-13.558722,0 -57.465402,-13.558885,0 -57.465236,-13.559066,0 -57.465088,-13.559229,0 -57.464922,-13.559428,0 -57.464793,-13.559591,0 -57.464627,-13.559754,0 -57.464480,-13.559918,0 -57.464314,-13.560099,0 -57.464166,-13.560262,0 -57.464000,-13.560425,0 -57.464167,-13.560587,0 -57.464333,-13.560750,0 -57.464519,-13.560912,0 -57.464685,-13.561056,0 -57.464852,-13.561219,0 -57.465019,-13.561381,0 -57.465204,-13.561544,0 -57.465389,-13.561706,0 -57.465556,-13.561869,0 -57.465722,-13.562031,0 -57.465907,-13.562193,0 -57.466074,-13.562356,0 -57.466259,-13.562518,0 -57.466445,-13.562681,0 -57.466593,-13.562825,0 -57.466759,-13.562988,0 -57.466963,-13.563186,0</coordinates></LineString></Placemark>
<Placemark><name>T-12 - 4,25 km</name><description>Maxima 4246 m | Minima 2068 m | Reta 1708 m | 174.68 ha</description><styleUrl>#rota</styleUrl><LineString><tessellate>1</tessellate><coordinates>-57.475369,-13.560747,0 -57.475147,-13.560494,0 -57.475091,-13.560332,0 -57.475127,-13.559916,0 -57.474904,-13.559554,0 -57.474959,-13.559301,0 -57.474811,-13.559084,0 -57.474644,-13.558886,0 -57.474348,-13.558543,0 -57.474126,-13.558398,0 -57.473811,-13.558236,0 -57.473608,-13.558110,0 -57.473423,-13.557984,0 -57.473219,-13.557858,0 -57.473034,-13.557731,0 -57.472849,-13.557605,0 -57.472645,-13.557497,0 -57.472460,-13.557371,0 -57.472257,-13.557245,0 -57.472071,-13.557118,0 -57.471868,-13.556992,0 -57.471683,-13.556866,0 -57.471479,-13.556740,0 -57.471294,-13.556632,0 -57.471091,-13.556505,0 -57.470906,-13.556379,0 -57.470702,-13.556253,0 -57.470517,-13.556127,0 -57.470313,-13.556000,0 -57.470128,-13.555874,0 -57.469925,-13.555766,0 -57.469740,-13.555640,0 -57.469536,-13.555514,0 -57.469351,-13.555387,0 -57.469073,-13.555171,0 -57.468852,-13.555352,0 -57.468612,-13.555533,0 -57.468446,-13.555715,0 -57.468280,-13.555896,0 -57.468114,-13.556077,0 -57.467948,-13.556240,0 -57.467782,-13.556403,0 -57.467634,-13.556566,0 -57.467468,-13.556729,0 -57.467302,-13.556892,0 -57.467154,-13.557055,0 -57.466988,-13.557218,0 -57.466822,-13.557381,0 -57.466656,-13.557563,0 -57.466509,-13.557726,0 -57.466343,-13.557889,0 -57.466195,-13.558052,0 -57.466029,-13.558215,0 -57.465863,-13.558396,0 -57.465716,-13.558559,0 -57.465550,-13.558722,0 -57.465402,-13.558885,0 -57.465236,-13.559066,0 -57.465088,-13.559229,0 -57.464904,-13.559410,0 -57.464738,-13.559592,0 -57.464572,-13.559755,0 -57.464387,-13.559936,0 -57.464221,-13.560117,0 -57.464055,-13.560298,0 -57.463797,-13.560588,0 -57.463631,-13.560751,0 -57.463465,-13.560914,0 -57.463317,-13.561077,0 -57.463151,-13.561240,0 -57.462985,-13.561421,0 -57.462838,-13.561584,0 -57.462672,-13.561747,0 -57.462524,-13.561910,0 -57.462229,-13.562182,0 -57.462063,-13.562363,0 -57.461897,-13.562526,0 -57.461731,-13.562708,0 -57.461546,-13.562907,0 -57.461380,-13.563088,0 -57.461214,-13.563287,0 -57.461048,-13.563468,0 -57.460882,-13.563631,0 -57.460716,-13.563813,0 -57.460550,-13.563976,0 -57.460366,-13.564157,0 -57.460200,-13.564320,0 -57.460034,-13.564483,0 -57.459868,-13.564664,0 -57.459702,-13.564827,0 -57.459536,-13.565008,0 -57.459369,-13.565171,0 -57.459203,-13.565352,0 -57.459037,-13.565516,0 -57.458853,-13.565697,0 -57.458687,-13.565878,0 -57.458521,-13.566041,0 -57.458355,-13.566204,0 -57.458170,-13.566385,0 -57.458004,-13.566566,0 -57.457838,-13.566747,0 -57.457562,-13.567037,0 -57.457506,-13.567092,0 -57.457248,-13.567363,0 -57.457008,-13.567617,0 -57.456768,-13.567871,0 -57.456491,-13.568142,0 -57.456289,-13.568360,0 -57.456030,-13.568613,0 -57.455827,-13.568831,0 -57.455551,-13.569121,0 -57.455329,-13.569356,0 -57.455071,-13.569628,0 -57.454831,-13.569882,0 -57.454591,-13.570135,0 -57.454499,-13.570226,0 -57.454222,-13.570516,0 -57.453946,-13.570805,0 -57.453669,-13.571095,0 -57.453613,-13.571150,0 -57.453337,-13.571439,0 -57.453115,-13.571675,0 -57.452839,-13.571965,0 -57.452673,-13.572146,0 -57.452506,-13.572309,0 -57.452340,-13.572490,0 -57.452174,-13.572653,0 -57.452323,-13.572888,0 -57.452471,-13.573051,0 -57.452619,-13.573231,0 -57.452767,-13.573430,0 -57.452916,-13.573610,0 -57.453008,-13.573773,0 -57.453157,-13.574026,0 -57.453287,-13.574225,0 -57.453416,-13.574441,0 -57.453528,-13.574767,0 -57.453547,-13.575002,0 -57.453547,-13.575255,0 -57.453585,-13.575490,0 -57.453567,-13.575761,0 -57.453752,-13.575905,0 -57.453919,-13.576068,0 -57.454085,-13.576230,0 -57.454252,-13.576393,0 -57.454437,-13.576537,0 -57.454604,-13.576700,0</coordinates></LineString></Placemark>
<Placemark><name>T-12S - 3,09 km</name><description>Maxima 3094 m | Minima 1659 m | Reta 1302 m | 59.61 ha</description><styleUrl>#rota</styleUrl><LineString><tessellate>1</tessellate><coordinates>-57.475369,-13.560747,0 -57.475518,-13.561108,0 -57.475666,-13.561470,0 -57.475575,-13.561850,0 -57.475704,-13.562066,0 -57.475853,-13.562265,0 -57.475982,-13.562464,0 -57.476131,-13.562681,0 -57.476242,-13.562915,0 -57.476372,-13.563150,0 -57.476483,-13.563385,0 -57.476613,-13.563638,0 -57.476688,-13.563927,0 -57.476762,-13.564216,0 -57.476818,-13.564433,0 -57.476874,-13.564650,0 -57.476930,-13.564885,0 -57.476986,-13.565102,0 -57.477023,-13.565319,0 -57.477079,-13.565536,0 -57.477135,-13.565825,0 -57.477191,-13.566024,0 -57.477265,-13.566259,0 -57.477099,-13.566440,0 -57.476933,-13.566603,0 -57.476767,-13.566784,0 -57.476601,-13.566947,0 -57.476454,-13.567129,0 -57.476288,-13.567292,0 -57.476122,-13.567473,0 -57.475956,-13.567636,0 -57.475808,-13.567817,0 -57.475642,-13.567980,0 -57.475476,-13.568161,0 -57.475310,-13.568324,0 -57.475144,-13.568487,0 -57.474997,-13.568669,0 -57.474830,-13.568832,0 -57.474664,-13.569013,0 -57.474498,-13.569176,0 -57.474332,-13.569357,0 -57.474185,-13.569520,0 -57.474019,-13.569701,0 -57.473853,-13.569882,0 -57.473705,-13.570045,0 -57.473539,-13.570208,0 -57.473373,-13.570371,0 -57.473226,-13.570553,0 -57.473060,-13.570716,0 -57.472894,-13.570879,0 -57.472728,-13.571042,0 -57.472580,-13.571223,0 -57.472414,-13.571386,0 -57.472248,-13.571549,0 -57.472100,-13.571712,0 -57.471934,-13.571875,0 -57.471768,-13.572056,0 -57.471602,-13.572219,0 -57.471436,-13.572401,0 -57.471289,-13.572546,0 -57.471067,-13.572745,0 -57.470901,-13.572926,0 -57.470735,-13.573089,0 -57.470569,-13.573270,0 -57.470385,-13.573433,0 -57.470219,-13.573615,0 -57.470052,-13.573778,0 -57.469886,-13.573941,0 -57.469720,-13.574122,0 -57.469536,-13.574285,0 -57.469370,-13.574466,0 -57.469204,-13.574629,0 -57.469038,-13.574810,0 -57.468853,-13.574973,0 -57.468687,-13.574811,0 -57.468520,-13.574667,0 -57.468353,-13.574504,0 -57.468186,-13.574342,0 -57.468020,-13.574197,0 -57.467835,-13.574035,0 -57.467668,-13.573872,0 -57.467501,-13.573710,0 -57.467335,-13.573566,0 -57.467168,-13.573403,0 -57.467001,-13.573241,0 -57.466835,-13.573078,0 -57.466649,-13.572934,0 -57.466483,-13.572772,0 -57.466316,-13.572609,0 -57.466149,-13.572465,0 -57.465983,-13.572302,0 -57.465816,-13.572140,0 -57.465631,-13.571977,0 -57.465464,-13.571833,0 -57.465297,-13.571671,0 -57.465131,-13.571508,0 -57.464964,-13.571364,0 -57.464797,-13.571201,0 -57.464631,-13.571039,0 -57.464446,-13.570877,0 -57.464279,-13.570732,0 -57.464112,-13.570570,0 -57.463946,-13.570407,0 -57.463779,-13.570263,0 -57.463612,-13.570100,0 -57.463446,-13.569938,0 -57.463260,-13.569776,0 -57.463094,-13.569631,0 -57.462927,-13.569469,0 -57.462760,-13.569306,0 -57.462594,-13.569162,0 -57.462427,-13.569000,0 -57.462242,-13.568837,0 -57.462075,-13.568675,0 -57.461908,-13.568530,0</coordinates></LineString></Placemark>
<Placemark><name>T-13 - 6,26 km</name><description>Maxima 6265 m | Minima 3251 m | Reta 2898 m | 196.28 ha</description><styleUrl>#rota</styleUrl><LineString><tessellate>1</tessellate><coordinates>-57.475369,-13.560747,0 -57.475147,-13.560494,0 -57.475091,-13.560332,0 -57.475127,-13.559916,0 -57.474904,-13.559554,0 -57.474959,-13.559301,0 -57.474811,-13.559084,0 -57.474644,-13.558886,0 -57.474348,-13.558543,0 -57.474126,-13.558398,0 -57.473811,-13.558236,0 -57.473608,-13.558110,0 -57.473423,-13.557984,0 -57.473219,-13.557858,0 -57.473034,-13.557731,0 -57.472849,-13.557605,0 -57.472645,-13.557497,0 -57.472460,-13.557371,0 -57.472257,-13.557245,0 -57.472071,-13.557118,0 -57.471868,-13.556992,0 -57.471683,-13.556866,0 -57.471479,-13.556740,0 -57.471294,-13.556632,0 -57.471091,-13.556505,0 -57.470906,-13.556379,0 -57.470702,-13.556253,0 -57.470517,-13.556127,0 -57.470313,-13.556000,0 -57.470128,-13.555874,0 -57.469925,-13.555766,0 -57.469740,-13.555640,0 -57.469536,-13.555514,0 -57.469351,-13.555387,0 -57.469073,-13.555171,0 -57.468852,-13.555352,0 -57.468612,-13.555533,0 -57.468446,-13.555715,0 -57.468280,-13.555896,0 -57.468114,-13.556077,0 -57.467948,-13.556240,0 -57.467782,-13.556403,0 -57.467634,-13.556566,0 -57.467468,-13.556729,0 -57.467302,-13.556892,0 -57.467154,-13.557055,0 -57.466988,-13.557218,0 -57.466822,-13.557381,0 -57.466656,-13.557563,0 -57.466509,-13.557726,0 -57.466343,-13.557889,0 -57.466195,-13.558052,0 -57.466029,-13.558215,0 -57.465863,-13.558396,0 -57.465716,-13.558559,0 -57.465550,-13.558722,0 -57.465402,-13.558885,0 -57.465236,-13.559066,0 -57.465088,-13.559229,0 -57.464904,-13.559410,0 -57.464738,-13.559592,0 -57.464572,-13.559755,0 -57.464387,-13.559936,0 -57.464221,-13.560117,0 -57.464055,-13.560298,0 -57.463797,-13.560588,0 -57.463631,-13.560751,0 -57.463465,-13.560914,0 -57.463317,-13.561077,0 -57.463151,-13.561240,0 -57.462985,-13.561421,0 -57.462838,-13.561584,0 -57.462672,-13.561747,0 -57.462524,-13.561910,0 -57.462229,-13.562182,0 -57.462063,-13.562363,0 -57.461897,-13.562526,0 -57.461731,-13.562708,0 -57.461546,-13.562907,0 -57.461380,-13.563088,0 -57.461214,-13.563287,0 -57.461048,-13.563468,0 -57.460882,-13.563631,0 -57.460716,-13.563813,0 -57.460550,-13.563976,0 -57.460366,-13.564157,0 -57.460200,-13.564320,0 -57.460034,-13.564483,0 -57.459868,-13.564664,0 -57.459702,-13.564827,0 -57.459536,-13.565008,0 -57.459369,-13.565171,0 -57.459203,-13.565352,0 -57.459037,-13.565516,0 -57.458853,-13.565697,0 -57.458687,-13.565878,0 -57.458521,-13.566041,0 -57.458355,-13.566204,0 -57.458170,-13.566385,0 -57.458004,-13.566566,0 -57.457838,-13.566747,0 -57.457562,-13.567037,0 -57.457506,-13.567092,0 -57.457248,-13.567363,0 -57.457008,-13.567617,0 -57.456768,-13.567871,0 -57.456491,-13.568142,0 -57.456289,-13.568360,0 -57.456030,-13.568613,0 -57.455827,-13.568831,0 -57.455551,-13.569121,0 -57.455329,-13.569356,0 -57.455071,-13.569628,0 -57.454831,-13.569882,0 -57.454591,-13.570135,0 -57.454499,-13.570226,0 -57.454222,-13.570516,0 -57.453946,-13.570805,0 -57.453669,-13.571095,0 -57.453613,-13.571150,0 -57.453337,-13.571439,0 -57.453115,-13.571675,0 -57.452839,-13.571965,0 -57.452673,-13.572146,0 -57.452506,-13.572309,0 -57.452340,-13.572490,0 -57.452174,-13.572653,0 -57.452323,-13.572888,0 -57.452471,-13.573051,0 -57.452619,-13.573231,0 -57.452767,-13.573430,0 -57.452916,-13.573610,0 -57.453008,-13.573773,0 -57.453157,-13.574026,0 -57.453287,-13.574225,0 -57.453416,-13.574441,0 -57.453528,-13.574767,0 -57.453547,-13.575002,0 -57.453547,-13.575255,0 -57.453529,-13.575562,0 -57.453511,-13.575671,0 -57.453493,-13.576051,0 -57.453494,-13.576286,0 -57.453494,-13.576539,0 -57.453495,-13.576792,0 -57.453495,-13.577027,0 -57.453496,-13.577280,0 -57.453496,-13.577515,0 -57.453497,-13.577769,0 -57.453497,-13.578022,0 -57.453498,-13.578257,0 -57.453498,-13.578510,0 -57.453424,-13.578727,0 -57.453332,-13.578944,0 -57.453259,-13.579162,0 -57.453185,-13.579379,0 -57.453112,-13.579596,0 -57.453038,-13.579813,0 -57.452965,-13.580030,0 -57.452873,-13.580247,0 -57.452707,-13.580555,0 -57.452522,-13.580736,0 -57.452338,-13.580935,0 -57.452135,-13.581117,0 -57.451950,-13.581298,0 -57.451766,-13.581479,0 -57.451581,-13.581660,0 -57.451286,-13.581823,0 -57.450972,-13.581969,0 -57.450713,-13.582042,0 -57.450436,-13.582096,0 -57.450177,-13.582169,0 -57.449919,-13.582224,0 -57.449641,-13.582297,0 -57.449383,-13.582333,0 -57.449217,-13.582424,0 -57.448958,-13.582461,0 -57.448736,-13.582551,0 -57.448514,-13.582660,0 -57.448293,-13.582769,0 -57.448071,-13.582860,0 -57.447850,-13.582969,0 -57.447646,-13.583060,0 -57.447443,-13.583169,0 -57.447222,-13.583278,0 -57.447018,-13.583368,0 -57.446815,-13.583477,0 -57.446594,-13.583568,0 -57.446390,-13.583677,0 -57.446169,-13.583786,0 -57.445966,-13.583877,0 -57.445781,-13.584148,0 -57.445634,-13.584420,0 -57.445505,-13.584619,0 -57.445376,-13.584818,0 -57.445247,-13.585035,0 -57.445099,-13.585234,0 -57.444970,-13.585434,0 -57.444841,-13.585633,0 -57.444712,-13.585832,0 -57.444528,-13.586176,0 -57.444436,-13.586465,0 -57.444381,-13.586719,0 -57.444326,-13.586972,0 -57.444271,-13.587225,0 -57.444216,-13.587569,0 -57.444198,-13.587822,0 -57.444180,-13.588075,0 -57.444162,-13.588274,0 -57.444070,-13.588509,0 -57.443960,-13.588727,0 -57.443849,-13.588962,0 -57.443535,-13.589198,0 -57.443277,-13.589343,0 -57.443000,-13.589488,0 -57.442741,-13.589633,0 -57.442464,-13.589796,0</coordinates></LineString></Placemark>
<Placemark><name>T-14 - 8,61 km</name><description>Maxima 8605 m | Minima 5253 m | Reta 4896 m | 270.48 ha</description><styleUrl>#rota</styleUrl><LineString><tessellate>1</tessellate><coordinates>-57.475369,-13.560747,0 -57.475518,-13.561108,0 -57.475666,-13.561470,0 -57.475575,-13.561850,0 -57.475704,-13.562066,0 -57.475853,-13.562265,0 -57.475982,-13.562464,0 -57.476131,-13.562681,0 -57.476242,-13.562915,0 -57.476372,-13.563150,0 -57.476483,-13.563385,0 -57.476613,-13.563638,0 -57.476688,-13.563927,0 -57.476762,-13.564216,0 -57.476818,-13.564433,0 -57.476874,-13.564650,0 -57.476930,-13.564885,0 -57.476986,-13.565102,0 -57.477023,-13.565319,0 -57.477079,-13.565536,0 -57.477135,-13.565825,0 -57.477191,-13.566024,0 -57.477265,-13.566259,0 -57.477099,-13.566440,0 -57.476933,-13.566603,0 -57.476767,-13.566784,0 -57.476601,-13.566947,0 -57.476454,-13.567129,0 -57.476288,-13.567292,0 -57.476122,-13.567473,0 -57.475956,-13.567636,0 -57.475808,-13.567817,0 -57.475642,-13.567980,0 -57.475476,-13.568161,0 -57.475310,-13.568324,0 -57.475144,-13.568487,0 -57.474997,-13.568669,0 -57.474830,-13.568832,0 -57.474664,-13.569013,0 -57.474498,-13.569176,0 -57.474332,-13.569357,0 -57.474185,-13.569520,0 -57.474019,-13.569701,0 -57.473853,-13.569882,0 -57.473705,-13.570045,0 -57.473539,-13.570208,0 -57.473373,-13.570371,0 -57.473226,-13.570553,0 -57.473060,-13.570716,0 -57.472894,-13.570879,0 -57.472728,-13.571042,0 -57.472580,-13.571223,0 -57.472414,-13.571386,0 -57.472248,-13.571549,0 -57.472100,-13.571712,0 -57.471934,-13.571875,0 -57.471768,-13.572056,0 -57.471602,-13.572219,0 -57.471436,-13.572401,0 -57.471289,-13.572546,0 -57.471141,-13.572727,0 -57.470975,-13.572908,0 -57.470754,-13.573125,0 -57.470588,-13.573288,0 -57.470422,-13.573469,0 -57.470256,-13.573651,0 -57.470090,-13.573814,0 -57.469923,-13.573995,0 -57.469776,-13.574158,0 -57.469610,-13.574339,0 -57.469444,-13.574502,0 -57.469278,-13.574683,0 -57.469112,-13.574846,0 -57.468816,-13.575100,0 -57.468650,-13.575263,0 -57.468503,-13.575426,0 -57.468337,-13.575589,0 -57.468189,-13.575752,0 -57.468023,-13.575933,0 -57.467857,-13.576096,0 -57.467710,-13.576259,0 -57.467544,-13.576423,0 -57.467377,-13.576586,0 -57.467230,-13.576749,0 -57.467064,-13.576912,0 -57.466898,-13.577075,0 -57.466750,-13.577238,0 -57.466584,-13.577419,0 -57.466418,-13.577582,0 -57.466271,-13.577745,0 -57.466105,-13.577908,0 -57.465938,-13.578071,0 -57.465791,-13.578234,0 -57.465625,-13.578397,0 -57.465477,-13.578560,0 -57.465311,-13.578723,0 -57.465145,-13.578905,0 -57.464998,-13.579068,0 -57.464832,-13.579231,0 -57.464665,-13.579394,0 -57.464518,-13.579557,0 -57.464352,-13.579720,0 -57.464186,-13.579883,0 -57.464038,-13.580046,0 -57.463872,-13.580209,0 -57.463706,-13.580390,0 -57.463559,-13.580553,0 -57.463392,-13.580716,0 -57.463245,-13.580879,0 -57.463079,-13.581042,0 -57.462913,-13.581205,0 -57.462765,-13.581368,0 -57.462599,-13.581531,0 -57.462433,-13.581695,0 -57.462286,-13.581858,0 -57.462119,-13.582039,0 -57.461953,-13.582202,0 -57.461806,-13.582365,0 -57.461640,-13.582528,0 -57.461474,-13.582691,0 -57.461326,-13.582854,0 -57.461068,-13.583126,0 -57.460902,-13.583289,0 -57.460736,-13.583452,0 -57.460588,-13.583615,0 -57.460422,-13.583778,0 -57.460256,-13.583959,0 -57.460108,-13.584122,0 -57.459942,-13.584285,0 -57.459776,-13.584448,0 -57.459629,-13.584611,0 -57.459463,-13.584774,0 -57.459297,-13.584937,0 -57.459149,-13.585100,0 -57.458983,-13.585263,0 -57.458817,-13.585427,0 -57.458669,-13.585608,0 -57.458503,-13.585771,0 -57.458337,-13.585934,0 -57.458171,-13.586097,0 -57.458024,-13.586260,0 -57.457857,-13.586423,0 -57.457691,-13.586586,0 -57.457544,-13.586749,0 -57.457378,-13.586912,0 -57.457230,-13.587075,0 -57.457064,-13.587238,0 -57.456898,-13.587419,0 -57.456750,-13.587582,0 -57.456584,-13.587745,0 -57.456418,-13.587908,0 -57.456271,-13.588072,0 -57.456105,-13.588235,0 -57.455957,-13.588398,0 -57.455791,-13.588561,0 -57.455625,-13.588724,0 -57.455477,-13.588887,0 -57.455311,-13.589050,0 -57.455145,-13.589213,0 -57.454998,-13.589376,0 -57.454832,-13.589557,0 -57.454684,-13.589720,0 -57.454518,-13.589883,0 -57.454352,-13.590046,0 -57.454204,-13.590209,0 -57.454038,-13.590372,0 -57.453872,-13.590535,0 -57.453725,-13.590698,0 -57.453558,-13.590861,0 -57.453411,-13.591024,0 -57.453245,-13.591187,0 -57.453079,-13.591351,0 -57.452931,-13.591532,0 -57.452765,-13.591695,0 -57.452599,-13.591858,0 -57.452451,-13.592021,0 -57.452285,-13.592184,0 -57.452138,-13.592347,0 -57.451972,-13.592510,0 -57.451806,-13.592691,0 -57.451658,-13.592854,0 -57.451492,-13.593017,0 -57.451344,-13.593180,0 -57.451178,-13.593343,0 -57.451012,-13.593506,0 -57.450865,-13.593687,0 -57.450699,-13.593850,0 -57.450532,-13.594014,0 -57.450385,-13.594177,0 -57.450219,-13.594340,0 -57.450071,-13.594503,0 -57.449905,-13.594684,0 -57.449739,-13.594847,0 -57.449591,-13.595010,0 -57.449425,-13.595173,0 -57.449259,-13.595336,0 -57.449112,-13.595499,0 -57.448946,-13.595680,0 -57.448798,-13.595843,0 -57.448632,-13.596006,0 -57.448447,-13.595862,0 -57.448280,-13.595699,0 -57.448113,-13.595537,0 -57.447947,-13.595374,0 -57.447762,-13.595212,0 -57.447595,-13.595050,0 -57.447428,-13.594887,0 -57.447243,-13.594743,0 -57.447076,-13.594580,0 -57.446910,-13.594418,0 -57.446724,-13.594255,0 -57.446558,-13.594093,0 -57.446391,-13.593931,0 -57.446224,-13.593786,0 -57.446039,-13.593624,0 -57.445873,-13.593461,0 -57.445706,-13.593299,0 -57.445521,-13.593136,0 -57.445354,-13.592974,0 -57.445187,-13.592830,0 -57.445021,-13.592667,0 -57.444835,-13.592505,0 -57.444669,-13.592342,0 -57.444502,-13.592180,0 -57.444317,-13.592017,0 -57.444150,-13.591873,0 -57.443984,-13.591711,0 -57.443817,-13.591548,0 -57.443632,-13.591386,0 -57.443465,-13.591223,0 -57.443298,-13.591061,0 -57.443113,-13.590916,0 -57.442947,-13.590754,0 -57.442780,-13.590591,0 -57.442613,-13.590429,0 -57.442428,-13.590267,0 -57.442261,-13.590104,0 -57.442095,-13.589960,0 -57.441781,-13.590159,0 -57.441559,-13.590304,0 -57.441356,-13.590431,0 -57.441005,-13.590595,0 -57.440802,-13.590722,0 -57.440580,-13.590867,0 -57.440377,-13.591012,0 -57.440137,-13.591157,0 -57.439916,-13.591302,0 -57.439676,-13.591447,0 -57.439454,-13.591592,0 -57.439214,-13.591737,0 -57.438918,-13.591828,0 -57.438604,-13.591919,0 -57.438364,-13.592028,0 -57.438105,-13.592119,0 -57.437847,-13.592210,0 -57.437588,-13.592301,0 -57.437348,-13.592373,0 -57.437108,-13.592446,0 -57.436867,-13.592519,0 -57.436627,-13.592592,0 -57.436368,-13.592646,0 -57.436128,-13.592719,0 -57.435869,-13.592719,0 -57.435518,-13.592612,0 -57.435240,-13.592377,0 -57.435074,-13.592269,0 -57.434925,-13.592088,0 -57.434629,-13.592016,0 -57.434204,-13.592089,0 -57.433872,-13.592072,0 -57.433650,-13.592108,0 -57.433262,-13.592163,0 -57.433096,-13.592326,0 -57.432930,-13.592489,0 -57.432782,-13.592653,0 -57.432616,-13.592834,0 -57.432450,-13.592997,0 -57.432302,-13.593160,0 -57.432136,-13.593323,0 -57.431970,-13.593486,0 -57.431804,-13.593667,0 -57.431656,-13.593830,0 -57.431490,-13.593993,0 -57.431324,-13.594156,0 -57.431177,-13.594337,0 -57.431010,-13.594500,0 -57.430844,-13.594663,0 -57.430678,-13.594826,0 -57.430531,-13.594989,0 -57.430365,-13.595170,0 -57.430198,-13.595333,0 -57.430051,-13.595496,0 -57.429885,-13.595659,0 -57.429719,-13.595823,0 -57.429571,-13.596004,0 -57.429405,-13.596167,0 -57.429239,-13.596330,0 -57.429073,-13.596493,0 -57.428925,-13.596674,0 -57.428759,-13.596837,0 -57.428593,-13.597000,0 -57.428445,-13.597163,0 -57.428279,-13.597326,0 -57.428113,-13.597507,0 -57.427947,-13.597670,0 -57.427800,-13.597833,0 -57.427633,-13.597996,0 -57.427467,-13.598159,0 -57.427320,-13.598340,0 -57.427154,-13.598503,0 -57.426988,-13.598666,0 -57.426821,-13.598829,0 -57.426674,-13.599011,0 -57.426508,-13.599174,0 -57.426342,-13.599337,0 -57.426194,-13.599500,0 -57.426028,-13.599663,0 -57.425843,-13.599862,0 -57.426010,-13.600024,0 -57.426177,-13.600187,0 -57.426343,-13.600331,0 -57.426510,-13.600494,0 -57.426677,-13.600638,0 -57.426843,-13.600801,0</coordinates></LineString></Placemark>
<Placemark><name>T-15A - 9,73 km</name><description>Maxima 9733 m | Minima 7258 m | Reta 6900 m | 169.72 ha</description><styleUrl>#rota</styleUrl><LineString><tessellate>1</tessellate><coordinates>-57.475369,-13.560747,0 -57.475518,-13.561108,0 -57.475666,-13.561470,0 -57.475575,-13.561850,0 -57.475704,-13.562066,0 -57.475853,-13.562265,0 -57.475982,-13.562464,0 -57.476131,-13.562681,0 -57.476242,-13.562915,0 -57.476372,-13.563150,0 -57.476483,-13.563385,0 -57.476613,-13.563638,0 -57.476688,-13.563927,0 -57.476762,-13.564216,0 -57.476818,-13.564433,0 -57.476874,-13.564650,0 -57.476930,-13.564885,0 -57.476986,-13.565102,0 -57.477023,-13.565319,0 -57.477079,-13.565536,0 -57.477135,-13.565825,0 -57.477191,-13.566024,0 -57.477265,-13.566259,0 -57.477099,-13.566440,0 -57.476933,-13.566603,0 -57.476767,-13.566784,0 -57.476601,-13.566947,0 -57.476454,-13.567129,0 -57.476288,-13.567292,0 -57.476122,-13.567473,0 -57.475956,-13.567636,0 -57.475808,-13.567817,0 -57.475642,-13.567980,0 -57.475476,-13.568161,0 -57.475310,-13.568324,0 -57.475144,-13.568487,0 -57.474997,-13.568669,0 -57.474830,-13.568832,0 -57.474664,-13.569013,0 -57.474498,-13.569176,0 -57.474332,-13.569357,0 -57.474185,-13.569520,0 -57.474019,-13.569701,0 -57.473853,-13.569882,0 -57.473705,-13.570045,0 -57.473539,-13.570208,0 -57.473373,-13.570371,0 -57.473226,-13.570553,0 -57.473060,-13.570716,0 -57.472894,-13.570879,0 -57.472728,-13.571042,0 -57.472580,-13.571223,0 -57.472414,-13.571386,0 -57.472248,-13.571549,0 -57.472100,-13.571712,0 -57.471934,-13.571875,0 -57.471768,-13.572056,0 -57.471602,-13.572219,0 -57.471436,-13.572401,0 -57.471289,-13.572546,0 -57.471141,-13.572727,0 -57.470975,-13.572908,0 -57.470754,-13.573125,0 -57.470588,-13.573288,0 -57.470422,-13.573469,0 -57.470256,-13.573651,0 -57.470090,-13.573814,0 -57.469923,-13.573995,0 -57.469776,-13.574158,0 -57.469610,-13.574339,0 -57.469444,-13.574502,0 -57.469278,-13.574683,0 -57.469112,-13.574846,0 -57.468816,-13.575100,0 -57.468650,-13.575263,0 -57.468503,-13.575426,0 -57.468337,-13.575589,0 -57.468189,-13.575752,0 -57.468023,-13.575933,0 -57.467857,-13.576096,0 -57.467710,-13.576259,0 -57.467544,-13.576423,0 -57.467377,-13.576586,0 -57.467230,-13.576749,0 -57.467064,-13.576912,0 -57.466898,-13.577075,0 -57.466750,-13.577238,0 -57.466584,-13.577419,0 -57.466418,-13.577582,0 -57.466271,-13.577745,0 -57.466105,-13.577908,0 -57.465938,-13.578071,0 -57.465791,-13.578234,0 -57.465625,-13.578397,0 -57.465477,-13.578560,0 -57.465311,-13.578723,0 -57.465145,-13.578905,0 -57.464998,-13.579068,0 -57.464832,-13.579231,0 -57.464665,-13.579394,0 -57.464518,-13.579557,0 -57.464352,-13.579720,0 -57.464186,-13.579883,0 -57.464038,-13.580046,0 -57.463872,-13.580209,0 -57.463706,-13.580390,0 -57.463559,-13.580553,0 -57.463392,-13.580716,0 -57.463245,-13.580879,0 -57.463079,-13.581042,0 -57.462913,-13.581205,0 -57.462765,-13.581368,0 -57.462599,-13.581531,0 -57.462433,-13.581695,0 -57.462286,-13.581858,0 -57.462119,-13.582039,0 -57.461953,-13.582202,0 -57.461806,-13.582365,0 -57.461640,-13.582528,0 -57.461474,-13.582691,0 -57.461326,-13.582854,0 -57.461068,-13.583126,0 -57.460902,-13.583289,0 -57.460736,-13.583452,0 -57.460588,-13.583615,0 -57.460422,-13.583778,0 -57.460256,-13.583959,0 -57.460108,-13.584122,0 -57.459942,-13.584285,0 -57.459776,-13.584448,0 -57.459629,-13.584611,0 -57.459463,-13.584774,0 -57.459297,-13.584937,0 -57.459149,-13.585100,0 -57.458983,-13.585263,0 -57.458817,-13.585427,0 -57.458669,-13.585608,0 -57.458503,-13.585771,0 -57.458337,-13.585934,0 -57.458171,-13.586097,0 -57.458024,-13.586260,0 -57.457857,-13.586423,0 -57.457691,-13.586586,0 -57.457544,-13.586749,0 -57.457378,-13.586912,0 -57.457230,-13.587075,0 -57.457064,-13.587238,0 -57.456898,-13.587419,0 -57.456750,-13.587582,0 -57.456584,-13.587745,0 -57.456418,-13.587908,0 -57.456271,-13.588072,0 -57.456105,-13.588235,0 -57.455957,-13.588398,0 -57.455791,-13.588561,0 -57.455625,-13.588724,0 -57.455477,-13.588887,0 -57.455311,-13.589050,0 -57.455145,-13.589213,0 -57.454998,-13.589376,0 -57.454832,-13.589557,0 -57.454684,-13.589720,0 -57.454518,-13.589883,0 -57.454352,-13.590046,0 -57.454204,-13.590209,0 -57.454038,-13.590372,0 -57.453872,-13.590535,0 -57.453725,-13.590698,0 -57.453558,-13.590861,0 -57.453411,-13.591024,0 -57.453245,-13.591187,0 -57.453079,-13.591351,0 -57.452931,-13.591532,0 -57.452765,-13.591695,0 -57.452599,-13.591858,0 -57.452451,-13.592021,0 -57.452285,-13.592184,0 -57.452138,-13.592347,0 -57.451972,-13.592510,0 -57.451806,-13.592691,0 -57.451658,-13.592854,0 -57.451492,-13.593017,0 -57.451344,-13.593180,0 -57.451178,-13.593343,0 -57.451012,-13.593506,0 -57.450865,-13.593687,0 -57.450699,-13.593850,0 -57.450532,-13.594014,0 -57.450385,-13.594177,0 -57.450219,-13.594340,0 -57.450071,-13.594503,0 -57.449905,-13.594684,0 -57.449739,-13.594847,0 -57.449591,-13.595010,0 -57.449425,-13.595173,0 -57.449259,-13.595336,0 -57.449112,-13.595499,0 -57.448946,-13.595680,0 -57.448798,-13.595843,0 -57.448632,-13.596006,0 -57.448447,-13.595862,0 -57.448280,-13.595699,0 -57.448113,-13.595537,0 -57.447947,-13.595374,0 -57.447762,-13.595212,0 -57.447595,-13.595050,0 -57.447428,-13.594887,0 -57.447243,-13.594743,0 -57.447076,-13.594580,0 -57.446910,-13.594418,0 -57.446724,-13.594255,0 -57.446558,-13.594093,0 -57.446391,-13.593931,0 -57.446224,-13.593786,0 -57.446039,-13.593624,0 -57.445873,-13.593461,0 -57.445706,-13.593299,0 -57.445521,-13.593136,0 -57.445354,-13.592974,0 -57.445187,-13.592830,0 -57.445021,-13.592667,0 -57.444835,-13.592505,0 -57.444669,-13.592342,0 -57.444502,-13.592180,0 -57.444317,-13.592017,0 -57.444150,-13.591873,0 -57.443984,-13.591711,0 -57.443817,-13.591548,0 -57.443632,-13.591386,0 -57.443465,-13.591223,0 -57.443298,-13.591061,0 -57.443113,-13.590916,0 -57.442947,-13.590754,0 -57.442780,-13.590591,0 -57.442613,-13.590429,0 -57.442428,-13.590267,0 -57.442261,-13.590104,0 -57.442095,-13.589960,0 -57.441781,-13.590159,0 -57.441559,-13.590304,0 -57.441356,-13.590431,0 -57.441005,-13.590595,0 -57.440802,-13.590722,0 -57.440580,-13.590867,0 -57.440377,-13.591012,0 -57.440137,-13.591157,0 -57.439916,-13.591302,0 -57.439676,-13.591447,0 -57.439454,-13.591592,0 -57.439214,-13.591737,0 -57.438918,-13.591828,0 -57.438604,-13.591919,0 -57.438364,-13.592028,0 -57.438105,-13.592119,0 -57.437847,-13.592210,0 -57.437588,-13.592301,0 -57.437348,-13.592373,0 -57.437108,-13.592446,0 -57.436867,-13.592519,0 -57.436627,-13.592592,0 -57.436368,-13.592646,0 -57.436128,-13.592719,0 -57.435869,-13.592719,0 -57.435518,-13.592612,0 -57.435240,-13.592377,0 -57.435074,-13.592269,0 -57.434925,-13.592088,0 -57.434629,-13.592016,0 -57.434204,-13.592089,0 -57.433872,-13.592072,0 -57.433650,-13.592108,0 -57.433354,-13.592127,0 -57.433170,-13.592308,0 -57.433003,-13.592489,0 -57.432819,-13.592671,0 -57.432653,-13.592852,0 -57.432468,-13.593033,0 -57.432302,-13.593214,0 -57.432118,-13.593395,0 -57.431952,-13.593576,0 -57.431786,-13.593757,0 -57.431619,-13.593920,0 -57.431453,-13.594102,0 -57.431287,-13.594265,0 -57.431121,-13.594428,0 -57.430955,-13.594609,0 -57.430789,-13.594772,0 -57.430641,-13.594953,0 -57.430475,-13.595116,0 -57.430309,-13.595279,0 -57.430162,-13.595442,0 -57.429996,-13.595605,0 -57.429848,-13.595768,0 -57.429682,-13.595931,0 -57.429534,-13.596094,0 -57.429368,-13.596275,0 -57.429221,-13.596438,0 -57.429055,-13.596601,0 -57.428907,-13.596764,0 -57.428741,-13.596927,0 -57.428593,-13.597090,0 -57.428427,-13.597253,0 -57.428261,-13.597416,0 -57.428113,-13.597598,0 -57.427947,-13.597761,0 -57.427800,-13.597924,0 -57.427634,-13.598087,0 -57.427486,-13.598250,0 -57.427301,-13.598431,0 -57.427135,-13.598612,0 -57.426951,-13.598793,0 -57.426785,-13.598974,0 -57.426600,-13.599155,0 -57.426434,-13.599336,0 -57.426250,-13.599518,0 -57.426065,-13.599699,0 -57.425899,-13.599880,0 -57.425733,-13.600061,0 -57.425567,-13.600224,0 -57.425401,-13.600405,0 -57.425235,-13.600568,0 -57.425050,-13.600749,0 -57.424884,-13.600912,0 -57.424718,-13.601094,0 -57.424552,-13.601275,0 -57.424386,-13.601438,0 -57.424220,-13.601601,0 -57.424072,-13.601782,0 -57.423906,-13.601945,0 -57.423740,-13.602108,0 -57.423574,-13.602289,0 -57.423408,-13.602452,0 -57.423260,-13.602615,0 -57.423094,-13.602796,0 -57.422928,-13.602959,0 -57.422762,-13.603122,0 -57.422596,-13.603303,0 -57.422430,-13.603466,0 -57.422282,-13.603630,0 -57.422116,-13.603811,0 -57.421950,-13.603974,0 -57.421784,-13.604137,0 -57.421618,-13.604318,0 -57.421451,-13.604481,0 -57.421304,-13.604644,0 -57.421138,-13.604825,0 -57.420972,-13.604988,0 -57.420787,-13.605169,0 -57.420603,-13.605350,0 -57.420418,-13.605550,0 -57.420252,-13.605731,0 -57.420067,-13.605912,0 -57.419901,-13.606075,0 -57.419735,-13.606256,0 -57.419569,-13.606437,0 -57.419403,-13.606618,0 -57.419237,-13.606781,0 -57.419496,-13.607052,0 -57.419663,-13.607233,0 -57.419811,-13.607413,0 -57.419959,-13.607594,0 -57.420163,-13.607847,0 -57.420311,-13.608009,0 -57.420460,-13.608190,0 -57.420626,-13.608370,0</coordinates></LineString></Placemark>
<Placemark><name>T-15B - 10,26 km</name><description>Maxima 10258 m | Minima 8464 m | Reta 7999 m | 80.43 ha</description><styleUrl>#rota</styleUrl><LineString><tessellate>1</tessellate><coordinates>-57.475369,-13.560747,0 -57.475518,-13.561108,0 -57.475666,-13.561470,0 -57.475575,-13.561850,0 -57.475704,-13.562066,0 -57.475853,-13.562265,0 -57.475982,-13.562464,0 -57.476131,-13.562681,0 -57.476242,-13.562915,0 -57.476372,-13.563150,0 -57.476483,-13.563385,0 -57.476613,-13.563638,0 -57.476688,-13.563927,0 -57.476762,-13.564216,0 -57.476818,-13.564433,0 -57.476874,-13.564650,0 -57.476930,-13.564885,0 -57.476986,-13.565102,0 -57.477023,-13.565319,0 -57.477079,-13.565536,0 -57.477135,-13.565825,0 -57.477191,-13.566024,0 -57.477265,-13.566259,0 -57.477099,-13.566440,0 -57.476933,-13.566603,0 -57.476767,-13.566784,0 -57.476601,-13.566947,0 -57.476454,-13.567129,0 -57.476288,-13.567292,0 -57.476122,-13.567473,0 -57.475956,-13.567636,0 -57.475808,-13.567817,0 -57.475642,-13.567980,0 -57.475476,-13.568161,0 -57.475310,-13.568324,0 -57.475144,-13.568487,0 -57.474997,-13.568669,0 -57.474830,-13.568832,0 -57.474664,-13.569013,0 -57.474498,-13.569176,0 -57.474332,-13.569357,0 -57.474185,-13.569520,0 -57.474019,-13.569701,0 -57.473853,-13.569882,0 -57.473705,-13.570045,0 -57.473539,-13.570208,0 -57.473373,-13.570371,0 -57.473226,-13.570553,0 -57.473060,-13.570716,0 -57.472894,-13.570879,0 -57.472728,-13.571042,0 -57.472580,-13.571223,0 -57.472414,-13.571386,0 -57.472248,-13.571549,0 -57.472100,-13.571712,0 -57.471934,-13.571875,0 -57.471768,-13.572056,0 -57.471602,-13.572219,0 -57.471436,-13.572401,0 -57.471289,-13.572546,0 -57.471141,-13.572727,0 -57.470975,-13.572908,0 -57.470754,-13.573125,0 -57.470588,-13.573288,0 -57.470422,-13.573469,0 -57.470256,-13.573651,0 -57.470090,-13.573814,0 -57.469923,-13.573995,0 -57.469776,-13.574158,0 -57.469610,-13.574339,0 -57.469444,-13.574502,0 -57.469278,-13.574683,0 -57.469112,-13.574846,0 -57.468816,-13.575100,0 -57.468650,-13.575263,0 -57.468503,-13.575426,0 -57.468337,-13.575589,0 -57.468189,-13.575752,0 -57.468023,-13.575933,0 -57.467857,-13.576096,0 -57.467710,-13.576259,0 -57.467544,-13.576423,0 -57.467377,-13.576586,0 -57.467230,-13.576749,0 -57.467064,-13.576912,0 -57.466898,-13.577075,0 -57.466750,-13.577238,0 -57.466584,-13.577419,0 -57.466418,-13.577582,0 -57.466271,-13.577745,0 -57.466105,-13.577908,0 -57.465938,-13.578071,0 -57.465791,-13.578234,0 -57.465625,-13.578397,0 -57.465477,-13.578560,0 -57.465311,-13.578723,0 -57.465145,-13.578905,0 -57.464998,-13.579068,0 -57.464832,-13.579231,0 -57.464665,-13.579394,0 -57.464518,-13.579557,0 -57.464352,-13.579720,0 -57.464186,-13.579883,0 -57.464038,-13.580046,0 -57.463872,-13.580209,0 -57.463706,-13.580390,0 -57.463559,-13.580553,0 -57.463392,-13.580716,0 -57.463245,-13.580879,0 -57.463079,-13.581042,0 -57.462913,-13.581205,0 -57.462765,-13.581368,0 -57.462599,-13.581531,0 -57.462433,-13.581695,0 -57.462286,-13.581858,0 -57.462119,-13.582039,0 -57.461953,-13.582202,0 -57.461806,-13.582365,0 -57.461640,-13.582528,0 -57.461474,-13.582691,0 -57.461326,-13.582854,0 -57.461068,-13.583126,0 -57.460902,-13.583289,0 -57.460736,-13.583452,0 -57.460588,-13.583615,0 -57.460422,-13.583778,0 -57.460256,-13.583959,0 -57.460108,-13.584122,0 -57.459942,-13.584285,0 -57.459776,-13.584448,0 -57.459629,-13.584611,0 -57.459463,-13.584774,0 -57.459297,-13.584937,0 -57.459149,-13.585100,0 -57.458983,-13.585263,0 -57.458817,-13.585427,0 -57.458669,-13.585608,0 -57.458503,-13.585771,0 -57.458337,-13.585934,0 -57.458171,-13.586097,0 -57.458024,-13.586260,0 -57.457857,-13.586423,0 -57.457691,-13.586586,0 -57.457544,-13.586749,0 -57.457378,-13.586912,0 -57.457230,-13.587075,0 -57.457064,-13.587238,0 -57.456898,-13.587419,0 -57.456750,-13.587582,0 -57.456584,-13.587745,0 -57.456418,-13.587908,0 -57.456271,-13.588072,0 -57.456105,-13.588235,0 -57.455957,-13.588398,0 -57.455791,-13.588561,0 -57.455625,-13.588724,0 -57.455477,-13.588887,0 -57.455311,-13.589050,0 -57.455145,-13.589213,0 -57.454998,-13.589376,0 -57.454832,-13.589557,0 -57.454684,-13.589720,0 -57.454518,-13.589883,0 -57.454352,-13.590046,0 -57.454204,-13.590209,0 -57.454038,-13.590372,0 -57.453872,-13.590535,0 -57.453725,-13.590698,0 -57.453558,-13.590861,0 -57.453411,-13.591024,0 -57.453245,-13.591187,0 -57.453079,-13.591351,0 -57.452931,-13.591532,0 -57.452765,-13.591695,0 -57.452599,-13.591858,0 -57.452451,-13.592021,0 -57.452285,-13.592184,0 -57.452138,-13.592347,0 -57.451972,-13.592510,0 -57.451806,-13.592691,0 -57.451658,-13.592854,0 -57.451492,-13.593017,0 -57.451344,-13.593180,0 -57.451178,-13.593343,0 -57.451012,-13.593506,0 -57.450865,-13.593687,0 -57.450699,-13.593850,0 -57.450532,-13.594014,0 -57.450385,-13.594177,0 -57.450219,-13.594340,0 -57.450071,-13.594503,0 -57.449905,-13.594684,0 -57.449739,-13.594847,0 -57.449591,-13.595010,0 -57.449425,-13.595173,0 -57.449259,-13.595336,0 -57.449112,-13.595499,0 -57.448946,-13.595680,0 -57.448798,-13.595843,0 -57.448632,-13.596006,0 -57.448447,-13.595862,0 -57.448280,-13.595699,0 -57.448113,-13.595537,0 -57.447947,-13.595374,0 -57.447762,-13.595212,0 -57.447595,-13.595050,0 -57.447428,-13.594887,0 -57.447243,-13.594743,0 -57.447076,-13.594580,0 -57.446910,-13.594418,0 -57.446724,-13.594255,0 -57.446558,-13.594093,0 -57.446391,-13.593931,0 -57.446224,-13.593786,0 -57.446039,-13.593624,0 -57.445873,-13.593461,0 -57.445706,-13.593299,0 -57.445521,-13.593136,0 -57.445354,-13.592974,0 -57.445187,-13.592830,0 -57.445021,-13.592667,0 -57.444835,-13.592505,0 -57.444669,-13.592342,0 -57.444502,-13.592180,0 -57.444317,-13.592017,0 -57.444150,-13.591873,0 -57.443984,-13.591711,0 -57.443817,-13.591548,0 -57.443632,-13.591386,0 -57.443465,-13.591223,0 -57.443298,-13.591061,0 -57.443113,-13.590916,0 -57.442947,-13.590754,0 -57.442780,-13.590591,0 -57.442613,-13.590429,0 -57.442428,-13.590267,0 -57.442261,-13.590104,0 -57.442095,-13.589960,0 -57.441781,-13.590159,0 -57.441559,-13.590304,0 -57.441356,-13.590431,0 -57.441005,-13.590595,0 -57.440802,-13.590722,0 -57.440580,-13.590867,0 -57.440377,-13.591012,0 -57.440137,-13.591157,0 -57.439916,-13.591302,0 -57.439676,-13.591447,0 -57.439454,-13.591592,0 -57.439214,-13.591737,0 -57.438918,-13.591828,0 -57.438604,-13.591919,0 -57.438364,-13.592028,0 -57.438105,-13.592119,0 -57.437847,-13.592210,0 -57.437588,-13.592301,0 -57.437348,-13.592373,0 -57.437108,-13.592446,0 -57.436867,-13.592519,0 -57.436627,-13.592592,0 -57.436368,-13.592646,0 -57.436128,-13.592719,0 -57.435869,-13.592719,0 -57.435518,-13.592612,0 -57.435240,-13.592377,0 -57.435074,-13.592269,0 -57.434925,-13.592088,0 -57.434629,-13.592016,0 -57.434204,-13.592089,0 -57.433872,-13.592072,0 -57.433650,-13.592108,0 -57.433354,-13.592127,0 -57.433170,-13.592308,0 -57.433003,-13.592489,0 -57.432819,-13.592671,0 -57.432653,-13.592852,0 -57.432468,-13.593033,0 -57.432302,-13.593214,0 -57.432118,-13.593395,0 -57.431952,-13.593576,0 -57.431786,-13.593757,0 -57.431619,-13.593920,0 -57.431453,-13.594102,0 -57.431287,-13.594265,0 -57.431121,-13.594428,0 -57.430955,-13.594609,0 -57.430789,-13.594772,0 -57.430641,-13.594953,0 -57.430475,-13.595116,0 -57.430309,-13.595279,0 -57.430162,-13.595442,0 -57.429996,-13.595605,0 -57.429848,-13.595768,0 -57.429682,-13.595931,0 -57.429534,-13.596094,0 -57.429368,-13.596275,0 -57.429221,-13.596438,0 -57.429055,-13.596601,0 -57.428907,-13.596764,0 -57.428741,-13.596927,0 -57.428593,-13.597090,0 -57.428427,-13.597253,0 -57.428261,-13.597416,0 -57.428113,-13.597598,0 -57.427947,-13.597761,0 -57.427800,-13.597924,0 -57.427634,-13.598087,0 -57.427486,-13.598250,0 -57.427301,-13.598431,0 -57.427135,-13.598612,0 -57.426951,-13.598793,0 -57.426785,-13.598974,0 -57.426600,-13.599155,0 -57.426434,-13.599336,0 -57.426250,-13.599518,0 -57.426065,-13.599699,0 -57.425899,-13.599880,0 -57.425733,-13.600061,0 -57.425567,-13.600224,0 -57.425401,-13.600405,0 -57.425235,-13.600568,0 -57.425050,-13.600749,0 -57.424884,-13.600912,0 -57.424718,-13.601094,0 -57.424552,-13.601275,0 -57.424386,-13.601438,0 -57.424220,-13.601601,0 -57.424072,-13.601782,0 -57.423906,-13.601945,0 -57.423740,-13.602108,0 -57.423574,-13.602289,0 -57.423408,-13.602452,0 -57.423260,-13.602615,0 -57.423094,-13.602796,0 -57.422928,-13.602959,0 -57.422762,-13.603122,0 -57.422596,-13.603303,0 -57.422430,-13.603466,0 -57.422282,-13.603630,0 -57.422116,-13.603811,0 -57.421950,-13.603974,0 -57.421784,-13.604137,0 -57.421618,-13.604318,0 -57.421451,-13.604481,0 -57.421304,-13.604644,0 -57.421138,-13.604825,0 -57.420972,-13.604988,0 -57.420787,-13.605169,0 -57.420603,-13.605350,0 -57.420418,-13.605550,0 -57.420252,-13.605731,0 -57.420067,-13.605912,0 -57.419901,-13.606075,0 -57.419735,-13.606256,0 -57.419569,-13.606437,0 -57.419403,-13.606618,0 -57.419237,-13.606781,0 -57.419052,-13.606962,0 -57.418886,-13.607144,0 -57.418720,-13.607307,0 -57.418554,-13.607488,0 -57.418369,-13.607651,0 -57.418203,-13.607832,0 -57.418037,-13.607995,0 -57.417871,-13.608176,0 -57.417705,-13.608339,0 -57.417539,-13.608502,0 -57.417391,-13.608683,0 -57.417225,-13.608846,0 -57.417059,-13.609009,0 -57.416912,-13.609190,0 -57.416727,-13.609372,0 -57.416542,-13.609553,0 -57.416358,-13.609734,0 -57.416192,-13.609915,0 -57.416026,-13.610078,0 -57.415860,-13.610259,0 -57.415693,-13.610440,0 -57.415842,-13.610567,0 -57.416008,-13.610729,0 -57.416156,-13.610892,0 -57.416323,-13.611054,0 -57.416471,-13.611235,0 -57.416638,-13.611397,0 -57.416786,-13.611560,0 -57.416953,-13.611740,0</coordinates></LineString></Placemark>
<Placemark><name>T-15C - 11,60 km</name><description>Maxima 11598 m | Minima 9355 m | Reta 8991 m | 136.18 ha</description><styleUrl>#rota</styleUrl><LineString><tessellate>1</tessellate><coordinates>-57.475369,-13.560747,0 -57.475518,-13.561108,0 -57.475666,-13.561470,0 -57.475575,-13.561850,0 -57.475704,-13.562066,0 -57.475853,-13.562265,0 -57.475982,-13.562464,0 -57.476131,-13.562681,0 -57.476242,-13.562915,0 -57.476372,-13.563150,0 -57.476483,-13.563385,0 -57.476613,-13.563638,0 -57.476688,-13.563927,0 -57.476762,-13.564216,0 -57.476818,-13.564433,0 -57.476874,-13.564650,0 -57.476930,-13.564885,0 -57.476986,-13.565102,0 -57.477023,-13.565319,0 -57.477079,-13.565536,0 -57.477135,-13.565825,0 -57.477191,-13.566024,0 -57.477265,-13.566259,0 -57.477099,-13.566440,0 -57.476933,-13.566603,0 -57.476767,-13.566784,0 -57.476601,-13.566947,0 -57.476454,-13.567129,0 -57.476288,-13.567292,0 -57.476122,-13.567473,0 -57.475956,-13.567636,0 -57.475808,-13.567817,0 -57.475642,-13.567980,0 -57.475476,-13.568161,0 -57.475310,-13.568324,0 -57.475144,-13.568487,0 -57.474997,-13.568669,0 -57.474830,-13.568832,0 -57.474664,-13.569013,0 -57.474498,-13.569176,0 -57.474332,-13.569357,0 -57.474185,-13.569520,0 -57.474019,-13.569701,0 -57.473853,-13.569882,0 -57.473705,-13.570045,0 -57.473539,-13.570208,0 -57.473373,-13.570371,0 -57.473226,-13.570553,0 -57.473060,-13.570716,0 -57.472894,-13.570879,0 -57.472728,-13.571042,0 -57.472580,-13.571223,0 -57.472414,-13.571386,0 -57.472248,-13.571549,0 -57.472100,-13.571712,0 -57.471934,-13.571875,0 -57.471768,-13.572056,0 -57.471602,-13.572219,0 -57.471436,-13.572401,0 -57.471289,-13.572546,0 -57.471141,-13.572727,0 -57.470975,-13.572908,0 -57.470754,-13.573125,0 -57.470588,-13.573288,0 -57.470422,-13.573469,0 -57.470256,-13.573651,0 -57.470090,-13.573814,0 -57.469923,-13.573995,0 -57.469776,-13.574158,0 -57.469610,-13.574339,0 -57.469444,-13.574502,0 -57.469278,-13.574683,0 -57.469112,-13.574846,0 -57.468816,-13.575100,0 -57.468650,-13.575263,0 -57.468503,-13.575426,0 -57.468337,-13.575589,0 -57.468189,-13.575752,0 -57.468023,-13.575933,0 -57.467857,-13.576096,0 -57.467710,-13.576259,0 -57.467544,-13.576423,0 -57.467377,-13.576586,0 -57.467230,-13.576749,0 -57.467064,-13.576912,0 -57.466898,-13.577075,0 -57.466750,-13.577238,0 -57.466584,-13.577419,0 -57.466418,-13.577582,0 -57.466271,-13.577745,0 -57.466105,-13.577908,0 -57.465938,-13.578071,0 -57.465791,-13.578234,0 -57.465625,-13.578397,0 -57.465477,-13.578560,0 -57.465311,-13.578723,0 -57.465145,-13.578905,0 -57.464998,-13.579068,0 -57.464832,-13.579231,0 -57.464665,-13.579394,0 -57.464518,-13.579557,0 -57.464352,-13.579720,0 -57.464186,-13.579883,0 -57.464038,-13.580046,0 -57.463872,-13.580209,0 -57.463706,-13.580390,0 -57.463559,-13.580553,0 -57.463392,-13.580716,0 -57.463245,-13.580879,0 -57.463079,-13.581042,0 -57.462913,-13.581205,0 -57.462765,-13.581368,0 -57.462599,-13.581531,0 -57.462433,-13.581695,0 -57.462286,-13.581858,0 -57.462119,-13.582039,0 -57.461953,-13.582202,0 -57.461806,-13.582365,0 -57.461640,-13.582528,0 -57.461474,-13.582691,0 -57.461326,-13.582854,0 -57.461068,-13.583126,0 -57.460902,-13.583289,0 -57.460736,-13.583452,0 -57.460588,-13.583615,0 -57.460422,-13.583778,0 -57.460256,-13.583959,0 -57.460108,-13.584122,0 -57.459942,-13.584285,0 -57.459776,-13.584448,0 -57.459629,-13.584611,0 -57.459463,-13.584774,0 -57.459297,-13.584937,0 -57.459149,-13.585100,0 -57.458983,-13.585263,0 -57.458817,-13.585427,0 -57.458669,-13.585608,0 -57.458503,-13.585771,0 -57.458337,-13.585934,0 -57.458171,-13.586097,0 -57.458024,-13.586260,0 -57.457857,-13.586423,0 -57.457691,-13.586586,0 -57.457544,-13.586749,0 -57.457378,-13.586912,0 -57.457230,-13.587075,0 -57.457064,-13.587238,0 -57.456898,-13.587419,0 -57.456750,-13.587582,0 -57.456584,-13.587745,0 -57.456418,-13.587908,0 -57.456271,-13.588072,0 -57.456105,-13.588235,0 -57.455957,-13.588398,0 -57.455791,-13.588561,0 -57.455625,-13.588724,0 -57.455477,-13.588887,0 -57.455311,-13.589050,0 -57.455145,-13.589213,0 -57.454998,-13.589376,0 -57.454832,-13.589557,0 -57.454684,-13.589720,0 -57.454518,-13.589883,0 -57.454352,-13.590046,0 -57.454204,-13.590209,0 -57.454038,-13.590372,0 -57.453872,-13.590535,0 -57.453725,-13.590698,0 -57.453558,-13.590861,0 -57.453411,-13.591024,0 -57.453245,-13.591187,0 -57.453079,-13.591351,0 -57.452931,-13.591532,0 -57.452765,-13.591695,0 -57.452599,-13.591858,0 -57.452451,-13.592021,0 -57.452285,-13.592184,0 -57.452138,-13.592347,0 -57.451972,-13.592510,0 -57.451806,-13.592691,0 -57.451658,-13.592854,0 -57.451492,-13.593017,0 -57.451344,-13.593180,0 -57.451178,-13.593343,0 -57.451012,-13.593506,0 -57.450865,-13.593687,0 -57.450699,-13.593850,0 -57.450532,-13.594014,0 -57.450385,-13.594177,0 -57.450219,-13.594340,0 -57.450071,-13.594503,0 -57.449905,-13.594684,0 -57.449739,-13.594847,0 -57.449591,-13.595010,0 -57.449425,-13.595173,0 -57.449259,-13.595336,0 -57.449112,-13.595499,0 -57.448946,-13.595680,0 -57.448798,-13.595843,0 -57.448632,-13.596006,0 -57.448447,-13.595862,0 -57.448280,-13.595699,0 -57.448113,-13.595537,0 -57.447947,-13.595374,0 -57.447762,-13.595212,0 -57.447595,-13.595050,0 -57.447428,-13.594887,0 -57.447243,-13.594743,0 -57.447076,-13.594580,0 -57.446910,-13.594418,0 -57.446724,-13.594255,0 -57.446558,-13.594093,0 -57.446391,-13.593931,0 -57.446224,-13.593786,0 -57.446039,-13.593624,0 -57.445873,-13.593461,0 -57.445706,-13.593299,0 -57.445521,-13.593136,0 -57.445354,-13.592974,0 -57.445187,-13.592830,0 -57.445021,-13.592667,0 -57.444835,-13.592505,0 -57.444669,-13.592342,0 -57.444502,-13.592180,0 -57.444317,-13.592017,0 -57.444150,-13.591873,0 -57.443984,-13.591711,0 -57.443817,-13.591548,0 -57.443632,-13.591386,0 -57.443465,-13.591223,0 -57.443298,-13.591061,0 -57.443113,-13.590916,0 -57.442947,-13.590754,0 -57.442780,-13.590591,0 -57.442613,-13.590429,0 -57.442428,-13.590267,0 -57.442261,-13.590104,0 -57.442095,-13.589960,0 -57.441781,-13.590159,0 -57.441559,-13.590304,0 -57.441356,-13.590431,0 -57.441005,-13.590595,0 -57.440802,-13.590722,0 -57.440580,-13.590867,0 -57.440377,-13.591012,0 -57.440137,-13.591157,0 -57.439916,-13.591302,0 -57.439676,-13.591447,0 -57.439454,-13.591592,0 -57.439214,-13.591737,0 -57.438918,-13.591828,0 -57.438604,-13.591919,0 -57.438364,-13.592028,0 -57.438105,-13.592119,0 -57.437847,-13.592210,0 -57.437588,-13.592301,0 -57.437348,-13.592373,0 -57.437108,-13.592446,0 -57.436867,-13.592519,0 -57.436627,-13.592592,0 -57.436368,-13.592646,0 -57.436128,-13.592719,0 -57.435869,-13.592719,0 -57.435518,-13.592612,0 -57.435240,-13.592377,0 -57.435074,-13.592269,0 -57.434925,-13.592088,0 -57.434629,-13.592016,0 -57.434204,-13.592089,0 -57.433872,-13.592072,0 -57.433650,-13.592108,0 -57.433354,-13.592127,0 -57.433170,-13.592308,0 -57.433003,-13.592489,0 -57.432819,-13.592671,0 -57.432653,-13.592852,0 -57.432468,-13.593033,0 -57.432302,-13.593214,0 -57.432118,-13.593395,0 -57.431952,-13.593576,0 -57.431786,-13.593757,0 -57.431619,-13.593920,0 -57.431453,-13.594102,0 -57.431287,-13.594265,0 -57.431121,-13.594428,0 -57.430955,-13.594609,0 -57.430789,-13.594772,0 -57.430641,-13.594953,0 -57.430475,-13.595116,0 -57.430309,-13.595279,0 -57.430162,-13.595442,0 -57.429996,-13.595605,0 -57.429848,-13.595768,0 -57.429682,-13.595931,0 -57.429534,-13.596094,0 -57.429368,-13.596275,0 -57.429221,-13.596438,0 -57.429055,-13.596601,0 -57.428907,-13.596764,0 -57.428741,-13.596927,0 -57.428593,-13.597090,0 -57.428427,-13.597253,0 -57.428261,-13.597416,0 -57.428113,-13.597598,0 -57.427947,-13.597761,0 -57.427800,-13.597924,0 -57.427634,-13.598087,0 -57.427486,-13.598250,0 -57.427301,-13.598431,0 -57.427135,-13.598612,0 -57.426951,-13.598793,0 -57.426785,-13.598974,0 -57.426600,-13.599155,0 -57.426434,-13.599336,0 -57.426250,-13.599518,0 -57.426065,-13.599699,0 -57.425899,-13.599880,0 -57.425733,-13.600061,0 -57.425567,-13.600224,0 -57.425401,-13.600405,0 -57.425235,-13.600568,0 -57.425050,-13.600749,0 -57.424884,-13.600912,0 -57.424718,-13.601094,0 -57.424552,-13.601275,0 -57.424386,-13.601438,0 -57.424220,-13.601601,0 -57.424072,-13.601782,0 -57.423906,-13.601945,0 -57.423740,-13.602108,0 -57.423574,-13.602289,0 -57.423408,-13.602452,0 -57.423260,-13.602615,0 -57.423094,-13.602796,0 -57.422928,-13.602959,0 -57.422762,-13.603122,0 -57.422596,-13.603303,0 -57.422430,-13.603466,0 -57.422282,-13.603630,0 -57.422116,-13.603811,0 -57.421950,-13.603974,0 -57.421784,-13.604137,0 -57.421618,-13.604318,0 -57.421451,-13.604481,0 -57.421304,-13.604644,0 -57.421138,-13.604825,0 -57.420972,-13.604988,0 -57.420787,-13.605169,0 -57.420603,-13.605350,0 -57.420418,-13.605550,0 -57.420252,-13.605731,0 -57.420067,-13.605912,0 -57.419901,-13.606075,0 -57.419735,-13.606256,0 -57.419569,-13.606437,0 -57.419403,-13.606618,0 -57.419237,-13.606781,0 -57.419052,-13.606962,0 -57.418886,-13.607144,0 -57.418720,-13.607307,0 -57.418554,-13.607488,0 -57.418369,-13.607651,0 -57.418203,-13.607832,0 -57.418037,-13.607995,0 -57.417871,-13.608176,0 -57.417705,-13.608339,0 -57.417539,-13.608502,0 -57.417391,-13.608683,0 -57.417225,-13.608846,0 -57.417059,-13.609009,0 -57.416912,-13.609190,0 -57.416727,-13.609372,0 -57.416542,-13.609553,0 -57.416358,-13.609734,0 -57.416192,-13.609915,0 -57.416026,-13.610078,0 -57.415860,-13.610259,0 -57.415693,-13.610440,0 -57.415527,-13.610621,0 -57.415343,-13.610784,0 -57.415177,-13.610966,0 -57.415011,-13.611147,0 -57.414844,-13.611310,0 -57.414678,-13.611491,0 -57.414512,-13.611672,0 -57.414346,-13.611835,0 -57.414180,-13.611998,0 -57.414032,-13.612161,0 -57.413866,-13.612342,0 -57.413700,-13.612505,0 -57.413534,-13.612686,0 -57.413350,-13.612849,0 -57.413165,-13.613030,0 -57.412999,-13.613212,0 -57.412814,-13.613393,0 -57.412611,-13.613592,0 -57.412464,-13.613773,0 -57.412298,-13.613936,0 -57.412131,-13.614099,0 -57.411984,-13.614262,0 -57.411818,-13.614425,0 -57.411652,-13.614588,0 -57.411504,-13.614751,0 -57.411338,-13.614914,0 -57.411172,-13.615077,0 -57.411024,-13.615240,0 -57.410858,-13.615403,0 -57.410692,-13.615566,0 -57.410544,-13.615729,0 -57.410378,-13.615892,0 -57.410212,-13.616055,0 -57.410064,-13.616218,0 -57.409898,-13.616381,0 -57.409732,-13.616563,0 -57.409584,-13.616726,0 -57.409418,-13.616889,0 -57.409252,-13.617052,0 -57.409105,-13.617215,0 -57.408938,-13.617378,0 -57.408772,-13.617541,0 -57.408625,-13.617704,0 -57.408459,-13.617867,0 -57.408292,-13.618030,0 -57.408145,-13.618193,0 -57.407997,-13.618374,0 -57.407850,-13.618537,0 -57.407683,-13.618700,0 -57.407517,-13.618863,0 -57.407370,-13.619026,0 -57.407204,-13.619189,0 -57.407037,-13.619352,0 -57.407204,-13.619514,0 -57.407371,-13.619695,0 -57.407537,-13.619857,0 -57.407686,-13.620020,0 -57.407852,-13.620182,0 -57.408019,-13.620345,0 -57.408186,-13.620507,0</coordinates></LineString></Placemark>
<Placemark><name>T-16A - 11,98 km</name><description>Maxima 11982 m | Minima 10297 m | Reta 9900 m | 56.03 ha</description><styleUrl>#rota</styleUrl><LineString><tessellate>1</tessellate><coordinates>-57.475369,-13.560747,0 -57.475518,-13.561108,0 -57.475666,-13.561470,0 -57.475575,-13.561850,0 -57.475704,-13.562066,0 -57.475853,-13.562265,0 -57.475982,-13.562464,0 -57.476131,-13.562681,0 -57.476242,-13.562915,0 -57.476372,-13.563150,0 -57.476483,-13.563385,0 -57.476613,-13.563638,0 -57.476688,-13.563927,0 -57.476762,-13.564216,0 -57.476818,-13.564433,0 -57.476874,-13.564650,0 -57.476930,-13.564885,0 -57.476986,-13.565102,0 -57.477023,-13.565319,0 -57.477079,-13.565536,0 -57.477135,-13.565825,0 -57.477191,-13.566024,0 -57.477265,-13.566259,0 -57.477099,-13.566440,0 -57.476933,-13.566603,0 -57.476767,-13.566784,0 -57.476601,-13.566947,0 -57.476454,-13.567129,0 -57.476288,-13.567292,0 -57.476122,-13.567473,0 -57.475956,-13.567636,0 -57.475808,-13.567817,0 -57.475642,-13.567980,0 -57.475476,-13.568161,0 -57.475310,-13.568324,0 -57.475144,-13.568487,0 -57.474997,-13.568669,0 -57.474830,-13.568832,0 -57.474664,-13.569013,0 -57.474498,-13.569176,0 -57.474332,-13.569357,0 -57.474185,-13.569520,0 -57.474019,-13.569701,0 -57.473853,-13.569882,0 -57.473705,-13.570045,0 -57.473539,-13.570208,0 -57.473373,-13.570371,0 -57.473226,-13.570553,0 -57.473060,-13.570716,0 -57.472894,-13.570879,0 -57.472728,-13.571042,0 -57.472580,-13.571223,0 -57.472414,-13.571386,0 -57.472248,-13.571549,0 -57.472100,-13.571712,0 -57.471934,-13.571875,0 -57.471768,-13.572056,0 -57.471602,-13.572219,0 -57.471436,-13.572401,0 -57.471289,-13.572546,0 -57.471141,-13.572727,0 -57.470975,-13.572908,0 -57.470754,-13.573125,0 -57.470588,-13.573288,0 -57.470422,-13.573469,0 -57.470256,-13.573651,0 -57.470090,-13.573814,0 -57.469923,-13.573995,0 -57.469776,-13.574158,0 -57.469610,-13.574339,0 -57.469444,-13.574502,0 -57.469278,-13.574683,0 -57.469112,-13.574846,0 -57.468946,-13.575027,0 -57.468780,-13.575191,0 -57.468614,-13.575372,0 -57.468448,-13.575553,0 -57.468263,-13.575716,0 -57.468097,-13.575897,0 -57.467931,-13.576078,0 -57.467765,-13.576259,0 -57.467599,-13.576422,0 -57.467433,-13.576604,0 -57.467267,-13.576785,0 -57.467101,-13.576966,0 -57.466935,-13.577129,0 -57.466769,-13.577310,0 -57.466584,-13.577491,0 -57.466418,-13.577672,0 -57.466234,-13.577854,0 -57.466049,-13.578053,0 -57.465846,-13.578234,0 -57.465699,-13.578415,0 -57.465533,-13.578578,0 -57.465367,-13.578741,0 -57.465201,-13.578904,0 -57.465053,-13.579067,0 -57.464887,-13.579249,0 -57.464721,-13.579412,0 -57.464555,-13.579575,0 -57.464407,-13.579738,0 -57.464241,-13.579919,0 -57.464075,-13.580082,0 -57.463909,-13.580245,0 -57.463762,-13.580408,0 -57.463596,-13.580589,0 -57.463430,-13.580752,0 -57.463263,-13.580915,0 -57.463116,-13.581078,0 -57.462950,-13.581260,0 -57.462784,-13.581423,0 -57.462636,-13.581586,0 -57.462470,-13.581749,0 -57.462304,-13.581912,0 -57.462138,-13.582093,0 -57.461990,-13.582256,0 -57.461788,-13.582455,0 -57.461603,-13.582636,0 -57.461419,-13.582836,0 -57.461234,-13.583017,0 -57.461068,-13.583198,0 -57.460883,-13.583379,0 -57.460717,-13.583542,0 -57.460551,-13.583723,0 -57.460385,-13.583887,0 -57.460219,-13.584068,0 -57.460053,-13.584231,0 -57.459887,-13.584412,0 -57.459721,-13.584575,0 -57.459555,-13.584756,0 -57.459389,-13.584919,0 -57.459241,-13.585082,0 -57.459075,-13.585263,0 -57.458909,-13.585426,0 -57.458743,-13.585589,0 -57.458577,-13.585771,0 -57.458411,-13.585934,0 -57.458245,-13.586115,0 -57.458079,-13.586278,0 -57.457913,-13.586441,0 -57.457747,-13.586622,0 -57.457581,-13.586785,0 -57.457433,-13.586948,0 -57.457267,-13.587129,0 -57.457101,-13.587292,0 -57.456935,-13.587474,0 -57.456769,-13.587637,0 -57.456603,-13.587800,0 -57.456437,-13.587981,0 -57.456271,-13.588144,0 -57.456105,-13.588307,0 -57.455939,-13.588488,0 -57.455791,-13.588651,0 -57.455625,-13.588814,0 -57.455459,-13.588977,0 -57.455293,-13.589158,0 -57.455145,-13.589321,0 -57.454979,-13.589484,0 -57.454813,-13.589647,0 -57.454666,-13.589811,0 -57.454500,-13.589974,0 -57.454334,-13.590155,0 -57.454186,-13.590318,0 -57.454020,-13.590481,0 -57.453854,-13.590644,0 -57.453688,-13.590807,0 -57.453540,-13.590970,0 -57.453374,-13.591151,0 -57.453208,-13.591314,0 -57.453060,-13.591477,0 -57.452894,-13.591640,0 -57.452728,-13.591803,0 -57.452581,-13.591984,0 -57.452415,-13.592147,0 -57.452249,-13.592311,0 -57.452083,-13.592474,0 -57.451935,-13.592637,0 -57.451769,-13.592818,0 -57.451603,-13.592981,0 -57.451437,-13.593144,0 -57.451289,-13.593325,0 -57.451123,-13.593488,0 -57.450957,-13.593651,0 -57.450791,-13.593832,0 -57.450643,-13.593995,0 -57.450477,-13.594158,0 -57.450311,-13.594321,0 -57.450145,-13.594502,0 -57.449998,-13.594666,0 -57.449831,-13.594829,0 -57.449665,-13.595010,0 -57.449499,-13.595173,0 -57.449352,-13.595336,0 -57.449186,-13.595517,0 -57.449020,-13.595680,0 -57.448854,-13.595843,0 -57.448706,-13.596006,0 -57.448540,-13.596187,0 -57.448374,-13.596350,0 -57.448226,-13.596513,0 -57.448060,-13.596676,0 -57.447913,-13.596839,0 -57.447746,-13.597002,0 -57.447580,-13.597165,0 -57.447433,-13.597328,0 -57.447267,-13.597492,0 -57.447101,-13.597673,0 -57.446953,-13.597836,0 -57.446787,-13.597999,0 -57.446639,-13.598162,0 -57.446473,-13.598325,0 -57.446307,-13.598488,0 -57.446160,-13.598651,0 -57.445994,-13.598814,0 -57.445827,-13.598977,0 -57.445680,-13.599140,0 -57.445514,-13.599321,0 -57.445366,-13.599484,0 -57.445200,-13.599647,0 -57.445034,-13.599810,0 -57.444886,-13.599973,0 -57.444720,-13.600136,0 -57.444554,-13.600299,0 -57.444407,-13.600462,0 -57.444241,-13.600626,0 -57.444093,-13.600789,0 -57.443927,-13.600952,0 -57.443761,-13.601133,0 -57.443613,-13.601296,0 -57.443447,-13.601459,0 -57.443281,-13.601622,0 -57.443133,-13.601785,0 -57.442967,-13.601948,0 -57.442820,-13.602111,0 -57.442654,-13.602274,0 -57.442488,-13.602437,0 -57.442340,-13.602600,0 -57.442174,-13.602781,0 -57.442008,-13.602944,0 -57.441860,-13.603107,0 -57.441694,-13.603270,0 -57.441546,-13.603433,0 -57.441380,-13.603596,0 -57.441214,-13.603759,0 -57.441067,-13.603922,0 -57.440901,-13.604086,0 -57.440734,-13.604249,0 -57.440587,-13.604412,0 -57.440421,-13.604593,0 -57.440273,-13.604756,0 -57.440107,-13.604919,0 -57.439941,-13.605082,0 -57.439793,-13.605245,0 -57.439627,-13.605408,0 -57.439461,-13.605571,0 -57.439314,-13.605734,0 -57.439148,-13.605897,0 -57.439000,-13.606060,0 -57.438834,-13.606241,0 -57.438668,-13.606404,0 -57.438520,-13.606567,0 -57.438354,-13.606730,0 -57.438188,-13.606893,0 -57.438040,-13.607056,0 -57.437874,-13.607219,0 -57.437727,-13.607382,0 -57.437561,-13.607545,0 -57.437394,-13.607709,0 -57.437247,-13.607872,0 -57.437081,-13.608053,0 -57.436933,-13.608216,0 -57.436767,-13.608379,0 -57.436601,-13.608542,0 -57.436453,-13.608705,0 -57.436287,-13.608868,0 -57.436121,-13.609031,0 -57.435974,-13.609194,0 -57.435807,-13.609357,0 -57.435641,-13.609538,0 -57.435494,-13.609701,0 -57.435328,-13.609864,0 -57.435162,-13.610027,0 -57.435014,-13.610190,0 -57.434848,-13.610353,0 -57.434682,-13.610534,0 -57.434534,-13.610697,0 -57.434368,-13.610860,0 -57.434202,-13.611023,0 -57.434036,-13.611205,0 -57.433888,-13.611368,0 -57.433722,-13.611531,0 -57.433575,-13.611694,0 -57.433408,-13.611857,0 -57.433261,-13.612020,0 -57.433095,-13.612183,0 -57.432929,-13.612346,0 -57.432781,-13.612527,0 -57.432615,-13.612690,0 -57.432449,-13.612853,0 -57.432301,-13.613016,0 -57.432135,-13.613179,0 -57.431969,-13.613342,0 -57.431821,-13.613523,0 -57.431655,-13.613686,0 -57.431489,-13.613849,0 -57.431342,-13.614012,0 -57.431175,-13.614175,0 -57.431009,-13.614338,0 -57.430862,-13.614520,0 -57.430696,-13.614683,0 -57.430530,-13.614846,0 -57.430382,-13.615009,0 -57.430216,-13.615172,0 -57.430050,-13.615335,0 -57.429884,-13.615516,0 -57.429736,-13.615679,0 -57.429570,-13.615842,0 -57.429404,-13.616023,0 -57.429238,-13.616186,0 -57.429072,-13.616349,0 -57.428906,-13.616530,0 -57.428739,-13.616693,0 -57.428592,-13.616856,0 -57.428426,-13.617037,0 -57.428260,-13.617200,0 -57.428093,-13.617364,0 -57.427927,-13.617545,0 -57.427761,-13.617708,0 -57.427614,-13.617871,0 -57.427448,-13.618034,0 -57.427300,-13.618197,0 -57.427134,-13.618378,0 -57.426968,-13.618541,0 -57.426820,-13.618704,0 -57.426654,-13.618867,0 -57.426506,-13.619030,0 -57.426285,-13.619247,0 -57.426027,-13.619519,0 -57.425805,-13.619773,0 -57.425657,-13.619936,0 -57.425491,-13.620117,0 -57.425325,-13.620280,0 -57.425178,-13.620461,0 -57.424975,-13.620678,0 -57.424845,-13.620805,0 -57.424679,-13.620968,0 -57.424513,-13.621131,0 -57.424347,-13.621330,0 -57.424181,-13.621530,0 -57.424015,-13.621711,0 -57.423830,-13.621892,0 -57.423664,-13.622091,0 -57.423498,-13.622272,0 -57.423277,-13.622508,0 -57.423018,-13.622761,0 -57.422797,-13.622979,0 -57.422612,-13.623160,0 -57.422446,-13.623323,0 -57.422299,-13.623486,0 -57.422133,-13.623667,0 -57.421966,-13.623830,0 -57.421800,-13.623993,0 -57.421634,-13.624156,0 -57.421468,-13.624319,0 -57.421302,-13.624482,0 -57.421062,-13.624681,0 -57.420896,-13.624845,0 -57.420730,-13.625008,0 -57.420564,-13.625171,0 -57.420324,-13.625406,0 -57.420084,-13.625660,0 -57.419825,-13.625913,0 -57.419585,-13.626149,0 -57.419419,-13.626312,0 -57.419253,-13.626475,0 -57.419105,-13.626638,0 -57.418939,-13.626801,0 -57.418773,-13.626964,0 -57.418607,-13.627127,0 -57.418441,-13.627290,0 -57.418275,-13.627453,0 -57.418127,-13.627616,0 -57.417961,-13.627779,0 -57.417795,-13.627942,0 -57.417629,-13.628105,0 -57.417463,-13.628268,0 -57.417297,-13.628449,0 -57.417149,-13.628612,0 -57.416983,-13.628775,0 -57.416817,-13.628938,0 -57.416651,-13.629101,0 -57.416448,-13.629301,0 -57.416281,-13.629464,0 -57.416134,-13.629645,0 -57.415968,-13.629808,0 -57.415802,-13.629971,0 -57.415654,-13.630134,0 -57.415488,-13.630297,0 -57.415322,-13.630478,0 -57.415156,-13.630641,0 -57.415008,-13.630804,0 -57.414842,-13.630967,0 -57.414676,-13.631148,0 -57.414510,-13.631311,0 -57.414362,-13.631474,0 -57.414196,-13.631637,0 -57.414030,-13.631800,0 -57.413881,-13.631638,0 -57.413733,-13.631475,0 -57.413566,-13.631295,0 -57.413418,-13.631132,0 -57.413270,-13.630952,0 -57.413122,-13.630789,0 -57.412955,-13.630627,0 -57.412807,-13.630446,0 -57.412659,-13.630284,0 -57.412492,-13.630103,0 -57.412344,-13.629940,0 -57.412196,-13.629778,0 -57.412029,-13.629597,0 -57.411881,-13.629435,0 -57.411732,-13.629254,0 -57.411584,-13.629092,0 -57.411417,-13.628929,0 -57.411269,-13.628749,0 -57.411121,-13.628586,0 -57.410954,-13.628424,0 -57.410806,-13.628243,0 -57.410658,-13.628081,0 -57.410491,-13.627900,0 -57.410343,-13.627738,0 -57.410195,-13.627575,0 -57.410047,-13.627394,0 -57.409880,-13.627232,0 -57.409732,-13.627051,0 -57.409583,-13.626889,0 -57.409417,-13.626726,0 -57.409269,-13.626546,0 -57.409120,-13.626383,0 -57.408954,-13.626203,0 -57.408805,-13.626040,0 -57.408657,-13.625878,0 -57.408490,-13.625697,0 -57.408342,-13.625535,0 -57.408194,-13.625354,0 -57.408046,-13.625191,0 -57.407879,-13.625029,0 -57.407731,-13.624848,0 -57.407583,-13.624686,0 -57.407416,-13.624505,0 -57.407268,-13.624343,0 -57.407120,-13.624180,0 -57.406953,-13.624000,0 -57.406805,-13.623837,0 -57.406656,-13.623675,0 -57.406508,-13.623494,0 -57.406342,-13.623332,0 -57.406193,-13.623151,0</coordinates></LineString></Placemark>
<Placemark><name>T-16B - 12,43 km</name><description>Maxima 12433 m | Minima 10707 m | Reta 10256 m | 66.46 ha</description><styleUrl>#rota</styleUrl><LineString><tessellate>1</tessellate><coordinates>-57.475369,-13.560747,0 -57.475518,-13.561108,0 -57.475666,-13.561470,0 -57.475575,-13.561850,0 -57.475704,-13.562066,0 -57.475853,-13.562265,0 -57.475982,-13.562464,0 -57.476131,-13.562681,0 -57.476242,-13.562915,0 -57.476372,-13.563150,0 -57.476483,-13.563385,0 -57.476613,-13.563638,0 -57.476688,-13.563927,0 -57.476762,-13.564216,0 -57.476818,-13.564433,0 -57.476874,-13.564650,0 -57.476930,-13.564885,0 -57.476986,-13.565102,0 -57.477023,-13.565319,0 -57.477079,-13.565536,0 -57.477135,-13.565825,0 -57.477191,-13.566024,0 -57.477265,-13.566259,0 -57.477099,-13.566440,0 -57.476933,-13.566603,0 -57.476767,-13.566784,0 -57.476601,-13.566947,0 -57.476454,-13.567129,0 -57.476288,-13.567292,0 -57.476122,-13.567473,0 -57.475956,-13.567636,0 -57.475808,-13.567817,0 -57.475642,-13.567980,0 -57.475476,-13.568161,0 -57.475310,-13.568324,0 -57.475144,-13.568487,0 -57.474997,-13.568669,0 -57.474830,-13.568832,0 -57.474664,-13.569013,0 -57.474498,-13.569176,0 -57.474332,-13.569357,0 -57.474185,-13.569520,0 -57.474019,-13.569701,0 -57.473853,-13.569882,0 -57.473705,-13.570045,0 -57.473539,-13.570208,0 -57.473373,-13.570371,0 -57.473226,-13.570553,0 -57.473060,-13.570716,0 -57.472894,-13.570879,0 -57.472728,-13.571042,0 -57.472580,-13.571223,0 -57.472414,-13.571386,0 -57.472248,-13.571549,0 -57.472100,-13.571712,0 -57.471934,-13.571875,0 -57.471768,-13.572056,0 -57.471602,-13.572219,0 -57.471436,-13.572401,0 -57.471289,-13.572546,0 -57.471141,-13.572727,0 -57.470975,-13.572908,0 -57.470754,-13.573125,0 -57.470588,-13.573288,0 -57.470422,-13.573469,0 -57.470256,-13.573651,0 -57.470090,-13.573814,0 -57.469923,-13.573995,0 -57.469776,-13.574158,0 -57.469610,-13.574339,0 -57.469444,-13.574502,0 -57.469278,-13.574683,0 -57.469112,-13.574846,0 -57.468946,-13.575027,0 -57.468780,-13.575191,0 -57.468614,-13.575372,0 -57.468448,-13.575553,0 -57.468263,-13.575716,0 -57.468097,-13.575897,0 -57.467931,-13.576078,0 -57.467765,-13.576259,0 -57.467599,-13.576422,0 -57.467433,-13.576604,0 -57.467267,-13.576785,0 -57.467101,-13.576966,0 -57.466935,-13.577129,0 -57.466769,-13.577310,0 -57.466584,-13.577491,0 -57.466418,-13.577672,0 -57.466234,-13.577854,0 -57.466049,-13.578053,0 -57.465846,-13.578234,0 -57.465699,-13.578415,0 -57.465533,-13.578578,0 -57.465367,-13.578741,0 -57.465201,-13.578904,0 -57.465053,-13.579067,0 -57.464887,-13.579249,0 -57.464721,-13.579412,0 -57.464555,-13.579575,0 -57.464407,-13.579738,0 -57.464241,-13.579919,0 -57.464075,-13.580082,0 -57.463909,-13.580245,0 -57.463762,-13.580408,0 -57.463596,-13.580589,0 -57.463430,-13.580752,0 -57.463263,-13.580915,0 -57.463116,-13.581078,0 -57.462950,-13.581260,0 -57.462784,-13.581423,0 -57.462636,-13.581586,0 -57.462470,-13.581749,0 -57.462304,-13.581912,0 -57.462138,-13.582093,0 -57.461990,-13.582256,0 -57.461788,-13.582455,0 -57.461603,-13.582636,0 -57.461419,-13.582836,0 -57.461234,-13.583017,0 -57.461068,-13.583198,0 -57.460883,-13.583379,0 -57.460717,-13.583542,0 -57.460551,-13.583723,0 -57.460385,-13.583887,0 -57.460219,-13.584068,0 -57.460053,-13.584231,0 -57.459887,-13.584412,0 -57.459721,-13.584575,0 -57.459555,-13.584756,0 -57.459389,-13.584919,0 -57.459241,-13.585082,0 -57.459075,-13.585263,0 -57.458909,-13.585426,0 -57.458743,-13.585589,0 -57.458577,-13.585771,0 -57.458411,-13.585934,0 -57.458245,-13.586115,0 -57.458079,-13.586278,0 -57.457913,-13.586441,0 -57.457747,-13.586622,0 -57.457581,-13.586785,0 -57.457433,-13.586948,0 -57.457267,-13.587129,0 -57.457101,-13.587292,0 -57.456935,-13.587474,0 -57.456769,-13.587637,0 -57.456603,-13.587800,0 -57.456437,-13.587981,0 -57.456271,-13.588144,0 -57.456105,-13.588307,0 -57.455939,-13.588488,0 -57.455791,-13.588651,0 -57.455625,-13.588814,0 -57.455459,-13.588977,0 -57.455293,-13.589158,0 -57.455145,-13.589321,0 -57.454979,-13.589484,0 -57.454813,-13.589647,0 -57.454666,-13.589811,0 -57.454500,-13.589974,0 -57.454334,-13.590155,0 -57.454186,-13.590318,0 -57.454020,-13.590481,0 -57.453854,-13.590644,0 -57.453688,-13.590807,0 -57.453540,-13.590970,0 -57.453374,-13.591151,0 -57.453208,-13.591314,0 -57.453060,-13.591477,0 -57.452894,-13.591640,0 -57.452728,-13.591803,0 -57.452581,-13.591984,0 -57.452415,-13.592147,0 -57.452249,-13.592311,0 -57.452083,-13.592474,0 -57.451935,-13.592637,0 -57.451769,-13.592818,0 -57.451603,-13.592981,0 -57.451437,-13.593144,0 -57.451289,-13.593325,0 -57.451123,-13.593488,0 -57.450957,-13.593651,0 -57.450791,-13.593832,0 -57.450643,-13.593995,0 -57.450477,-13.594158,0 -57.450311,-13.594321,0 -57.450145,-13.594502,0 -57.449998,-13.594666,0 -57.449831,-13.594829,0 -57.449665,-13.595010,0 -57.449499,-13.595173,0 -57.449352,-13.595336,0 -57.449186,-13.595517,0 -57.449020,-13.595680,0 -57.448854,-13.595843,0 -57.448706,-13.596006,0 -57.448540,-13.596187,0 -57.448374,-13.596350,0 -57.448226,-13.596513,0 -57.448060,-13.596676,0 -57.447913,-13.596839,0 -57.447746,-13.597002,0 -57.447580,-13.597165,0 -57.447433,-13.597328,0 -57.447267,-13.597492,0 -57.447101,-13.597673,0 -57.446953,-13.597836,0 -57.446787,-13.597999,0 -57.446639,-13.598162,0 -57.446473,-13.598325,0 -57.446307,-13.598488,0 -57.446160,-13.598651,0 -57.445994,-13.598814,0 -57.445827,-13.598977,0 -57.445680,-13.599140,0 -57.445514,-13.599321,0 -57.445366,-13.599484,0 -57.445200,-13.599647,0 -57.445034,-13.599810,0 -57.444886,-13.599973,0 -57.444720,-13.600136,0 -57.444554,-13.600299,0 -57.444407,-13.600462,0 -57.444241,-13.600626,0 -57.444093,-13.600789,0 -57.443927,-13.600952,0 -57.443761,-13.601133,0 -57.443613,-13.601296,0 -57.443447,-13.601459,0 -57.443281,-13.601622,0 -57.443133,-13.601785,0 -57.442967,-13.601948,0 -57.442820,-13.602111,0 -57.442654,-13.602274,0 -57.442488,-13.602437,0 -57.442340,-13.602600,0 -57.442174,-13.602781,0 -57.442008,-13.602944,0 -57.441860,-13.603107,0 -57.441694,-13.603270,0 -57.441546,-13.603433,0 -57.441380,-13.603596,0 -57.441214,-13.603759,0 -57.441067,-13.603922,0 -57.440901,-13.604086,0 -57.440734,-13.604249,0 -57.440587,-13.604412,0 -57.440421,-13.604593,0 -57.440273,-13.604756,0 -57.440107,-13.604919,0 -57.439941,-13.605082,0 -57.439793,-13.605245,0 -57.439627,-13.605408,0 -57.439461,-13.605571,0 -57.439314,-13.605734,0 -57.439148,-13.605897,0 -57.439000,-13.606060,0 -57.438834,-13.606241,0 -57.438668,-13.606404,0 -57.438520,-13.606567,0 -57.438354,-13.606730,0 -57.438188,-13.606893,0 -57.438040,-13.607056,0 -57.437874,-13.607219,0 -57.437727,-13.607382,0 -57.437561,-13.607545,0 -57.437394,-13.607709,0 -57.437247,-13.607872,0 -57.437081,-13.608053,0 -57.436933,-13.608216,0 -57.436767,-13.608379,0 -57.436601,-13.608542,0 -57.436453,-13.608705,0 -57.436287,-13.608868,0 -57.436121,-13.609031,0 -57.435974,-13.609194,0 -57.435807,-13.609357,0 -57.435641,-13.609538,0 -57.435494,-13.609701,0 -57.435328,-13.609864,0 -57.435162,-13.610027,0 -57.435014,-13.610190,0 -57.434848,-13.610353,0 -57.434682,-13.610534,0 -57.434534,-13.610697,0 -57.434368,-13.610860,0 -57.434202,-13.611023,0 -57.434036,-13.611205,0 -57.433888,-13.611368,0 -57.433722,-13.611531,0 -57.433575,-13.611694,0 -57.433408,-13.611857,0 -57.433261,-13.612020,0 -57.433095,-13.612183,0 -57.432929,-13.612346,0 -57.432781,-13.612527,0 -57.432615,-13.612690,0 -57.432449,-13.612853,0 -57.432301,-13.613016,0 -57.432135,-13.613179,0 -57.431969,-13.613342,0 -57.431821,-13.613523,0 -57.431655,-13.613686,0 -57.431489,-13.613849,0 -57.431342,-13.614012,0 -57.431175,-13.614175,0 -57.431009,-13.614338,0 -57.430862,-13.614520,0 -57.430696,-13.614683,0 -57.430530,-13.614846,0 -57.430382,-13.615009,0 -57.430216,-13.615172,0 -57.430050,-13.615335,0 -57.429884,-13.615516,0 -57.429736,-13.615679,0 -57.429570,-13.615842,0 -57.429404,-13.616023,0 -57.429238,-13.616186,0 -57.429072,-13.616349,0 -57.428906,-13.616530,0 -57.428739,-13.616693,0 -57.428592,-13.616856,0 -57.428426,-13.617037,0 -57.428260,-13.617200,0 -57.428093,-13.617364,0 -57.427927,-13.617545,0 -57.427761,-13.617708,0 -57.427614,-13.617871,0 -57.427448,-13.618034,0 -57.427300,-13.618197,0 -57.427134,-13.618378,0 -57.426968,-13.618541,0 -57.426820,-13.618704,0 -57.426654,-13.618867,0 -57.426506,-13.619030,0 -57.426285,-13.619247,0 -57.426027,-13.619519,0 -57.425805,-13.619773,0 -57.425657,-13.619936,0 -57.425491,-13.620117,0 -57.425325,-13.620280,0 -57.425178,-13.620461,0 -57.424975,-13.620678,0 -57.424845,-13.620805,0 -57.424679,-13.620968,0 -57.424513,-13.621131,0 -57.424347,-13.621330,0 -57.424181,-13.621530,0 -57.424015,-13.621711,0 -57.423830,-13.621892,0 -57.423664,-13.622091,0 -57.423498,-13.622272,0 -57.423277,-13.622508,0 -57.423018,-13.622761,0 -57.422797,-13.622979,0 -57.422612,-13.623160,0 -57.422446,-13.623323,0 -57.422299,-13.623486,0 -57.422133,-13.623667,0 -57.421966,-13.623830,0 -57.421800,-13.623993,0 -57.421634,-13.624156,0 -57.421468,-13.624319,0 -57.421302,-13.624482,0 -57.421154,-13.624645,0 -57.420988,-13.624826,0 -57.420822,-13.624989,0 -57.420656,-13.625152,0 -57.420490,-13.625315,0 -57.420324,-13.625478,0 -57.420176,-13.625641,0 -57.420010,-13.625804,0 -57.419844,-13.625968,0 -57.419678,-13.626149,0 -57.419512,-13.626312,0 -57.419346,-13.626475,0 -57.419179,-13.626638,0 -57.419032,-13.626801,0 -57.418866,-13.626964,0 -57.418700,-13.627127,0 -57.418533,-13.627308,0 -57.418367,-13.627471,0 -57.418201,-13.627634,0 -57.418054,-13.627797,0 -57.417887,-13.627960,0 -57.417721,-13.628123,0 -57.417555,-13.628286,0 -57.417389,-13.628449,0 -57.417223,-13.628612,0 -57.417057,-13.628793,0 -57.416909,-13.628956,0 -57.416688,-13.629174,0 -57.416577,-13.629282,0 -57.416522,-13.629337,0 -57.416245,-13.629627,0 -57.416042,-13.629844,0 -57.415765,-13.630134,0 -57.415728,-13.630170,0 -57.415599,-13.630297,0 -57.415433,-13.630478,0 -57.415248,-13.630677,0 -57.415119,-13.630804,0 -57.414934,-13.631003,0 -57.414787,-13.631148,0 -57.414602,-13.631329,0 -57.414454,-13.631474,0 -57.414288,-13.631655,0 -57.414122,-13.631836,0 -57.413827,-13.632108,0 -57.413661,-13.632271,0 -57.413495,-13.632452,0 -57.413328,-13.632615,0 -57.413162,-13.632796,0 -57.412996,-13.632959,0 -57.412830,-13.633141,0 -57.412664,-13.633304,0 -57.412479,-13.633485,0 -57.412313,-13.633648,0 -57.412147,-13.633829,0 -57.411981,-13.633992,0 -57.411815,-13.634173,0 -57.411649,-13.634336,0 -57.411483,-13.634517,0 -57.411317,-13.634680,0 -57.411150,-13.634861,0 -57.410984,-13.635024,0 -57.410818,-13.635205,0 -57.410651,-13.635061,0 -57.410429,-13.634935,0 -57.410207,-13.634791,0 -57.409985,-13.634664,0 -57.409763,-13.634520,0 -57.409559,-13.634394,0 -57.409356,-13.634268,0 -57.409245,-13.634195,0 -57.409115,-13.633979,0 -57.409004,-13.633762,0 -57.408892,-13.633545,0 -57.408762,-13.633238,0 -57.408651,-13.632985,0 -57.408540,-13.632732,0 -57.408447,-13.632497,0 -57.408317,-13.632226,0 -57.408205,-13.631973,0 -57.408057,-13.631702,0 -57.407890,-13.631521,0 -57.407705,-13.631341,0 -57.407538,-13.631160,0 -57.407372,-13.630961,0 -57.407205,-13.630781,0 -57.407020,-13.630600,0 -57.406853,-13.630420,0 -57.406779,-13.630167,0 -57.406667,-13.629805,0 -57.406555,-13.629444,0 -57.406407,-13.629118,0 -57.406203,-13.628829,0 -57.406073,-13.628631,0 -57.405944,-13.628450,0 -57.405814,-13.628251,0 -57.405684,-13.628071,0 -57.405554,-13.627890,0 -57.405424,-13.627691,0 -57.405295,-13.627511,0 -57.405165,-13.627330,0 -57.405035,-13.627131,0 -57.404906,-13.626951,0 -57.404776,-13.626770,0 -57.404646,-13.626571,0 -57.404516,-13.626391,0</coordinates></LineString></Placemark>
<Placemark><name>T-17 - 13,12 km</name><description>Maxima 13118 m | Minima 10542 m | Reta 9032 m | 140.75 ha</description><styleUrl>#rota</styleUrl><LineString><tessellate>1</tessellate><coordinates>-57.475369,-13.560747,0 -57.475518,-13.561108,0 -57.475666,-13.561470,0 -57.475575,-13.561850,0 -57.475704,-13.562066,0 -57.475853,-13.562265,0 -57.475982,-13.562464,0 -57.476131,-13.562681,0 -57.476242,-13.562915,0 -57.476372,-13.563150,0 -57.476483,-13.563385,0 -57.476613,-13.563638,0 -57.476688,-13.563927,0 -57.476762,-13.564216,0 -57.476818,-13.564433,0 -57.476874,-13.564650,0 -57.476930,-13.564885,0 -57.476986,-13.565102,0 -57.477023,-13.565319,0 -57.477079,-13.565536,0 -57.477135,-13.565825,0 -57.477191,-13.566024,0 -57.477265,-13.566259,0 -57.477099,-13.566440,0 -57.476933,-13.566603,0 -57.476767,-13.566784,0 -57.476601,-13.566947,0 -57.476454,-13.567129,0 -57.476288,-13.567292,0 -57.476122,-13.567473,0 -57.475956,-13.567636,0 -57.475808,-13.567817,0 -57.475642,-13.567980,0 -57.475476,-13.568161,0 -57.475310,-13.568324,0 -57.475144,-13.568487,0 -57.474997,-13.568669,0 -57.474830,-13.568832,0 -57.474664,-13.569013,0 -57.474498,-13.569176,0 -57.474332,-13.569357,0 -57.474185,-13.569520,0 -57.474019,-13.569701,0 -57.473853,-13.569882,0 -57.473705,-13.570045,0 -57.473539,-13.570208,0 -57.473373,-13.570371,0 -57.473226,-13.570553,0 -57.473060,-13.570716,0 -57.472894,-13.570879,0 -57.472728,-13.571042,0 -57.472580,-13.571223,0 -57.472414,-13.571386,0 -57.472248,-13.571549,0 -57.472100,-13.571712,0 -57.471934,-13.571875,0 -57.471768,-13.572056,0 -57.471602,-13.572219,0 -57.471436,-13.572401,0 -57.471289,-13.572546,0 -57.471141,-13.572727,0 -57.470975,-13.572908,0 -57.470754,-13.573125,0 -57.470588,-13.573288,0 -57.470422,-13.573469,0 -57.470256,-13.573651,0 -57.470090,-13.573814,0 -57.469923,-13.573995,0 -57.469776,-13.574158,0 -57.469610,-13.574339,0 -57.469444,-13.574502,0 -57.469278,-13.574683,0 -57.469112,-13.574846,0 -57.468816,-13.575100,0 -57.468650,-13.575263,0 -57.468503,-13.575426,0 -57.468337,-13.575589,0 -57.468189,-13.575752,0 -57.468023,-13.575933,0 -57.467857,-13.576096,0 -57.467710,-13.576259,0 -57.467544,-13.576423,0 -57.467377,-13.576586,0 -57.467230,-13.576749,0 -57.467064,-13.576912,0 -57.466898,-13.577075,0 -57.466750,-13.577238,0 -57.466584,-13.577419,0 -57.466418,-13.577582,0 -57.466271,-13.577745,0 -57.466105,-13.577908,0 -57.465938,-13.578071,0 -57.465791,-13.578234,0 -57.465625,-13.578397,0 -57.465477,-13.578560,0 -57.465311,-13.578723,0 -57.465145,-13.578905,0 -57.464998,-13.579068,0 -57.464832,-13.579231,0 -57.464665,-13.579394,0 -57.464518,-13.579557,0 -57.464352,-13.579720,0 -57.464186,-13.579883,0 -57.464038,-13.580046,0 -57.463872,-13.580209,0 -57.463706,-13.580390,0 -57.463559,-13.580553,0 -57.463392,-13.580716,0 -57.463245,-13.580879,0 -57.463079,-13.581042,0 -57.462913,-13.581205,0 -57.462765,-13.581368,0 -57.462599,-13.581531,0 -57.462433,-13.581695,0 -57.462286,-13.581858,0 -57.462119,-13.582039,0 -57.461953,-13.582202,0 -57.461806,-13.582365,0 -57.461640,-13.582528,0 -57.461474,-13.582691,0 -57.461326,-13.582854,0 -57.461068,-13.583126,0 -57.460902,-13.583289,0 -57.460736,-13.583452,0 -57.460588,-13.583615,0 -57.460422,-13.583778,0 -57.460256,-13.583959,0 -57.460108,-13.584122,0 -57.459942,-13.584285,0 -57.459776,-13.584448,0 -57.459629,-13.584611,0 -57.459463,-13.584774,0 -57.459297,-13.584937,0 -57.459149,-13.585100,0 -57.458983,-13.585263,0 -57.458817,-13.585427,0 -57.458669,-13.585608,0 -57.458503,-13.585771,0 -57.458337,-13.585934,0 -57.458171,-13.586097,0 -57.458024,-13.586260,0 -57.457857,-13.586423,0 -57.457691,-13.586586,0 -57.457544,-13.586749,0 -57.457378,-13.586912,0 -57.457230,-13.587075,0 -57.457064,-13.587238,0 -57.456898,-13.587419,0 -57.456750,-13.587582,0 -57.456584,-13.587745,0 -57.456418,-13.587908,0 -57.456271,-13.588072,0 -57.456105,-13.588235,0 -57.455957,-13.588398,0 -57.455791,-13.588561,0 -57.455625,-13.588724,0 -57.455477,-13.588887,0 -57.455311,-13.589050,0 -57.455145,-13.589213,0 -57.454998,-13.589376,0 -57.454832,-13.589557,0 -57.454684,-13.589720,0 -57.454518,-13.589883,0 -57.454352,-13.590046,0 -57.454204,-13.590209,0 -57.454038,-13.590372,0 -57.453872,-13.590535,0 -57.453725,-13.590698,0 -57.453558,-13.590861,0 -57.453411,-13.591024,0 -57.453245,-13.591187,0 -57.453079,-13.591351,0 -57.452931,-13.591532,0 -57.452765,-13.591695,0 -57.452599,-13.591858,0 -57.452451,-13.592021,0 -57.452285,-13.592184,0 -57.452138,-13.592347,0 -57.451972,-13.592510,0 -57.451806,-13.592691,0 -57.451658,-13.592854,0 -57.451492,-13.593017,0 -57.451344,-13.593180,0 -57.451178,-13.593343,0 -57.451012,-13.593506,0 -57.450865,-13.593687,0 -57.450699,-13.593850,0 -57.450532,-13.594014,0 -57.450385,-13.594177,0 -57.450219,-13.594340,0 -57.450071,-13.594503,0 -57.449905,-13.594684,0 -57.449739,-13.594847,0 -57.449591,-13.595010,0 -57.449425,-13.595173,0 -57.449259,-13.595336,0 -57.449112,-13.595499,0 -57.448946,-13.595680,0 -57.448798,-13.595843,0 -57.448632,-13.596006,0 -57.448447,-13.595862,0 -57.448280,-13.595699,0 -57.448113,-13.595537,0 -57.447947,-13.595374,0 -57.447762,-13.595212,0 -57.447595,-13.595050,0 -57.447428,-13.594887,0 -57.447243,-13.594743,0 -57.447076,-13.594580,0 -57.446910,-13.594418,0 -57.446724,-13.594255,0 -57.446558,-13.594093,0 -57.446391,-13.593931,0 -57.446224,-13.593786,0 -57.446039,-13.593624,0 -57.445873,-13.593461,0 -57.445706,-13.593299,0 -57.445521,-13.593136,0 -57.445354,-13.592974,0 -57.445187,-13.592830,0 -57.445021,-13.592667,0 -57.444835,-13.592505,0 -57.444669,-13.592342,0 -57.444502,-13.592180,0 -57.444317,-13.592017,0 -57.444150,-13.591873,0 -57.443984,-13.591711,0 -57.443817,-13.591548,0 -57.443632,-13.591386,0 -57.443465,-13.591223,0 -57.443298,-13.591061,0 -57.443113,-13.590916,0 -57.442947,-13.590754,0 -57.442780,-13.590591,0 -57.442613,-13.590429,0 -57.442428,-13.590267,0 -57.442261,-13.590104,0 -57.442095,-13.589960,0 -57.441781,-13.590159,0 -57.441559,-13.590304,0 -57.441356,-13.590431,0 -57.441005,-13.590595,0 -57.440802,-13.590722,0 -57.440580,-13.590867,0 -57.440377,-13.591012,0 -57.440137,-13.591157,0 -57.439916,-13.591302,0 -57.439676,-13.591447,0 -57.439454,-13.591592,0 -57.439214,-13.591737,0 -57.438918,-13.591828,0 -57.438604,-13.591919,0 -57.438364,-13.592028,0 -57.438105,-13.592119,0 -57.437847,-13.592210,0 -57.437588,-13.592301,0 -57.437348,-13.592373,0 -57.437108,-13.592446,0 -57.436867,-13.592519,0 -57.436627,-13.592592,0 -57.436368,-13.592646,0 -57.436128,-13.592719,0 -57.435869,-13.592719,0 -57.435518,-13.592612,0 -57.435240,-13.592377,0 -57.435074,-13.592269,0 -57.434925,-13.592088,0 -57.434629,-13.592016,0 -57.434204,-13.592089,0 -57.433872,-13.592072,0 -57.433650,-13.592108,0 -57.433354,-13.592127,0 -57.433170,-13.592308,0 -57.433003,-13.592489,0 -57.432819,-13.592671,0 -57.432653,-13.592852,0 -57.432468,-13.593033,0 -57.432302,-13.593214,0 -57.432118,-13.593395,0 -57.431952,-13.593576,0 -57.431786,-13.593757,0 -57.431619,-13.593920,0 -57.431453,-13.594102,0 -57.431287,-13.594265,0 -57.431121,-13.594428,0 -57.430955,-13.594609,0 -57.430789,-13.594772,0 -57.430641,-13.594953,0 -57.430475,-13.595116,0 -57.430309,-13.595279,0 -57.430162,-13.595442,0 -57.429996,-13.595605,0 -57.429848,-13.595768,0 -57.429682,-13.595931,0 -57.429534,-13.596094,0 -57.429368,-13.596275,0 -57.429221,-13.596438,0 -57.429055,-13.596601,0 -57.428907,-13.596764,0 -57.428741,-13.596927,0 -57.428593,-13.597090,0 -57.428427,-13.597253,0 -57.428261,-13.597416,0 -57.428113,-13.597598,0 -57.427947,-13.597761,0 -57.427800,-13.597924,0 -57.427634,-13.598087,0 -57.427486,-13.598250,0 -57.427301,-13.598431,0 -57.427135,-13.598612,0 -57.426951,-13.598793,0 -57.426785,-13.598974,0 -57.426600,-13.599155,0 -57.426434,-13.599336,0 -57.426250,-13.599518,0 -57.426065,-13.599699,0 -57.425899,-13.599880,0 -57.425733,-13.600061,0 -57.425567,-13.600224,0 -57.425401,-13.600405,0 -57.425235,-13.600568,0 -57.425050,-13.600749,0 -57.424884,-13.600912,0 -57.424718,-13.601094,0 -57.424552,-13.601275,0 -57.424386,-13.601438,0 -57.424220,-13.601601,0 -57.424072,-13.601782,0 -57.423906,-13.601945,0 -57.423740,-13.602108,0 -57.423574,-13.602289,0 -57.423408,-13.602452,0 -57.423260,-13.602615,0 -57.423094,-13.602796,0 -57.422928,-13.602959,0 -57.422762,-13.603122,0 -57.422596,-13.603303,0 -57.422430,-13.603466,0 -57.422282,-13.603630,0 -57.422116,-13.603811,0 -57.421950,-13.603974,0 -57.421784,-13.604137,0 -57.421618,-13.604318,0 -57.421451,-13.604481,0 -57.421304,-13.604644,0 -57.421138,-13.604825,0 -57.420972,-13.604988,0 -57.420787,-13.605169,0 -57.420603,-13.605350,0 -57.420418,-13.605550,0 -57.420252,-13.605731,0 -57.420067,-13.605912,0 -57.419901,-13.606075,0 -57.419735,-13.606256,0 -57.419569,-13.606437,0 -57.419403,-13.606618,0 -57.419237,-13.606781,0 -57.419052,-13.606962,0 -57.418886,-13.607144,0 -57.418720,-13.607307,0 -57.418554,-13.607488,0 -57.418369,-13.607651,0 -57.418203,-13.607832,0 -57.418037,-13.607995,0 -57.417871,-13.608176,0 -57.417705,-13.608339,0 -57.417539,-13.608502,0 -57.417391,-13.608683,0 -57.417225,-13.608846,0 -57.417059,-13.609009,0 -57.416912,-13.609190,0 -57.416727,-13.609372,0 -57.416542,-13.609553,0 -57.416358,-13.609734,0 -57.416192,-13.609915,0 -57.416026,-13.610078,0 -57.415860,-13.610259,0 -57.415693,-13.610440,0 -57.415527,-13.610621,0 -57.415343,-13.610784,0 -57.415177,-13.610966,0 -57.415011,-13.611147,0 -57.414844,-13.611310,0 -57.414678,-13.611491,0 -57.414512,-13.611672,0 -57.414346,-13.611835,0 -57.414180,-13.611998,0 -57.414032,-13.612161,0 -57.413866,-13.612342,0 -57.413700,-13.612505,0 -57.413534,-13.612686,0 -57.413350,-13.612849,0 -57.413165,-13.613030,0 -57.412999,-13.613212,0 -57.412814,-13.613393,0 -57.412445,-13.613393,0 -57.412259,-13.613213,0 -57.412074,-13.613050,0 -57.411889,-13.612870,0 -57.411704,-13.612689,0 -57.411519,-13.612527,0 -57.411333,-13.612346,0 -57.411130,-13.612184,0 -57.410944,-13.612003,0 -57.410759,-13.611823,0 -57.410556,-13.611642,0 -57.410352,-13.611444,0 -57.410130,-13.611263,0 -57.409926,-13.611083,0 -57.409759,-13.610920,0 -57.409556,-13.610722,0 -57.409370,-13.610541,0 -57.409167,-13.610361,0 -57.409000,-13.610198,0 -57.408741,-13.609982,0 -57.408463,-13.609729,0 -57.408241,-13.609512,0 -57.408111,-13.609386,0 -57.407926,-13.609223,0 -57.407722,-13.609043,0 -57.407556,-13.608880,0 -57.407389,-13.608718,0 -57.407204,-13.608555,0 -57.407056,-13.608411,0 -57.406852,-13.608230,0 -57.406722,-13.608104,0 -57.406685,-13.608068,0 -57.406556,-13.607942,0 -57.406333,-13.607743,0 -57.406037,-13.607472,0 -57.405982,-13.607418,0 -57.405870,-13.607310,0 -57.405815,-13.607256,0 -57.405537,-13.607003,0 -57.405296,-13.606768,0 -57.405037,-13.606534,0 -57.404759,-13.606281,0 -57.404593,-13.606136,0 -57.404426,-13.605974,0 -57.404185,-13.605739,0 -57.403908,-13.605486,0 -57.403685,-13.605270,0 -57.403519,-13.605107,0 -57.403352,-13.604963,0 -57.403167,-13.604800,0 -57.403130,-13.605036,0 -57.403094,-13.605253,0 -57.403039,-13.605488,0 -57.403002,-13.605723,0 -57.402947,-13.605940,0 -57.402910,-13.606175,0 -57.402874,-13.606392,0 -57.402782,-13.606772,0 -57.402727,-13.607080,0 -57.402654,-13.607460,0 -57.402599,-13.607767,0 -57.402525,-13.608147,0 -57.402470,-13.608455,0 -57.402397,-13.608835,0 -57.402379,-13.608925,0 -57.402306,-13.609323,0 -57.402251,-13.609612,0 -57.402214,-13.609793,0 -57.402159,-13.610065,0 -57.402104,-13.610390,0 -57.402031,-13.610734,0 -57.401994,-13.610969,0 -57.401957,-13.611186,0 -57.401902,-13.611421,0 -57.401866,-13.611638,0 -57.401811,-13.611874,0 -57.401774,-13.612091,0 -57.401682,-13.612362,0 -57.401608,-13.612579,0 -57.401498,-13.612905,0 -57.401425,-13.613140,0 -57.401369,-13.613357,0 -57.401296,-13.613592,0 -57.401222,-13.613828,0 -57.401167,-13.614045,0 -57.401094,-13.614280,0 -57.401020,-13.614497,0 -57.400947,-13.614750,0 -57.400873,-13.615004,0 -57.400799,-13.615239,0</coordinates></LineString></Placemark>
<Placemark><name>T-18 - 10,71 km</name><description>Maxima 10706 m | Minima 8455 m | Reta 6961 m | 115.23 ha</description><styleUrl>#rota</styleUrl><LineString><tessellate>1</tessellate><coordinates>-57.475369,-13.560747,0 -57.475518,-13.561108,0 -57.475666,-13.561470,0 -57.475575,-13.561850,0 -57.475704,-13.562066,0 -57.475853,-13.562265,0 -57.475982,-13.562464,0 -57.476131,-13.562681,0 -57.476242,-13.562915,0 -57.476372,-13.563150,0 -57.476483,-13.563385,0 -57.476613,-13.563638,0 -57.476688,-13.563927,0 -57.476762,-13.564216,0 -57.476818,-13.564433,0 -57.476874,-13.564650,0 -57.476930,-13.564885,0 -57.476986,-13.565102,0 -57.477023,-13.565319,0 -57.477079,-13.565536,0 -57.477135,-13.565825,0 -57.477191,-13.566024,0 -57.477265,-13.566259,0 -57.477099,-13.566440,0 -57.476933,-13.566603,0 -57.476767,-13.566784,0 -57.476601,-13.566947,0 -57.476454,-13.567129,0 -57.476288,-13.567292,0 -57.476122,-13.567473,0 -57.475956,-13.567636,0 -57.475808,-13.567817,0 -57.475642,-13.567980,0 -57.475476,-13.568161,0 -57.475310,-13.568324,0 -57.475144,-13.568487,0 -57.474997,-13.568669,0 -57.474830,-13.568832,0 -57.474664,-13.569013,0 -57.474498,-13.569176,0 -57.474332,-13.569357,0 -57.474185,-13.569520,0 -57.474019,-13.569701,0 -57.473853,-13.569882,0 -57.473705,-13.570045,0 -57.473539,-13.570208,0 -57.473373,-13.570371,0 -57.473226,-13.570553,0 -57.473060,-13.570716,0 -57.472894,-13.570879,0 -57.472728,-13.571042,0 -57.472580,-13.571223,0 -57.472414,-13.571386,0 -57.472248,-13.571549,0 -57.472100,-13.571712,0 -57.471934,-13.571875,0 -57.471768,-13.572056,0 -57.471602,-13.572219,0 -57.471436,-13.572401,0 -57.471289,-13.572546,0 -57.471141,-13.572727,0 -57.470975,-13.572908,0 -57.470754,-13.573125,0 -57.470588,-13.573288,0 -57.470422,-13.573469,0 -57.470256,-13.573651,0 -57.470090,-13.573814,0 -57.469923,-13.573995,0 -57.469776,-13.574158,0 -57.469610,-13.574339,0 -57.469444,-13.574502,0 -57.469278,-13.574683,0 -57.469112,-13.574846,0 -57.468816,-13.575100,0 -57.468650,-13.575263,0 -57.468503,-13.575426,0 -57.468337,-13.575589,0 -57.468189,-13.575752,0 -57.468023,-13.575933,0 -57.467857,-13.576096,0 -57.467710,-13.576259,0 -57.467544,-13.576423,0 -57.467377,-13.576586,0 -57.467230,-13.576749,0 -57.467064,-13.576912,0 -57.466898,-13.577075,0 -57.466750,-13.577238,0 -57.466584,-13.577419,0 -57.466418,-13.577582,0 -57.466271,-13.577745,0 -57.466105,-13.577908,0 -57.465938,-13.578071,0 -57.465791,-13.578234,0 -57.465625,-13.578397,0 -57.465477,-13.578560,0 -57.465311,-13.578723,0 -57.465145,-13.578905,0 -57.464998,-13.579068,0 -57.464832,-13.579231,0 -57.464665,-13.579394,0 -57.464518,-13.579557,0 -57.464352,-13.579720,0 -57.464186,-13.579883,0 -57.464038,-13.580046,0 -57.463872,-13.580209,0 -57.463706,-13.580390,0 -57.463559,-13.580553,0 -57.463392,-13.580716,0 -57.463245,-13.580879,0 -57.463079,-13.581042,0 -57.462913,-13.581205,0 -57.462765,-13.581368,0 -57.462599,-13.581531,0 -57.462433,-13.581695,0 -57.462286,-13.581858,0 -57.462119,-13.582039,0 -57.461953,-13.582202,0 -57.461806,-13.582365,0 -57.461640,-13.582528,0 -57.461474,-13.582691,0 -57.461326,-13.582854,0 -57.461068,-13.583126,0 -57.460902,-13.583289,0 -57.460736,-13.583452,0 -57.460588,-13.583615,0 -57.460422,-13.583778,0 -57.460256,-13.583959,0 -57.460108,-13.584122,0 -57.459942,-13.584285,0 -57.459776,-13.584448,0 -57.459629,-13.584611,0 -57.459463,-13.584774,0 -57.459297,-13.584937,0 -57.459149,-13.585100,0 -57.458983,-13.585263,0 -57.458817,-13.585427,0 -57.458669,-13.585608,0 -57.458503,-13.585771,0 -57.458337,-13.585934,0 -57.458171,-13.586097,0 -57.458024,-13.586260,0 -57.457857,-13.586423,0 -57.457691,-13.586586,0 -57.457544,-13.586749,0 -57.457378,-13.586912,0 -57.457230,-13.587075,0 -57.457064,-13.587238,0 -57.456898,-13.587419,0 -57.456750,-13.587582,0 -57.456584,-13.587745,0 -57.456418,-13.587908,0 -57.456271,-13.588072,0 -57.456105,-13.588235,0 -57.455957,-13.588398,0 -57.455791,-13.588561,0 -57.455625,-13.588724,0 -57.455477,-13.588887,0 -57.455311,-13.589050,0 -57.455145,-13.589213,0 -57.454998,-13.589376,0 -57.454832,-13.589557,0 -57.454684,-13.589720,0 -57.454518,-13.589883,0 -57.454352,-13.590046,0 -57.454204,-13.590209,0 -57.454038,-13.590372,0 -57.453872,-13.590535,0 -57.453725,-13.590698,0 -57.453558,-13.590861,0 -57.453411,-13.591024,0 -57.453245,-13.591187,0 -57.453079,-13.591351,0 -57.452931,-13.591532,0 -57.452765,-13.591695,0 -57.452599,-13.591858,0 -57.452451,-13.592021,0 -57.452285,-13.592184,0 -57.452138,-13.592347,0 -57.451972,-13.592510,0 -57.451806,-13.592691,0 -57.451658,-13.592854,0 -57.451492,-13.593017,0 -57.451344,-13.593180,0 -57.451178,-13.593343,0 -57.451012,-13.593506,0 -57.450865,-13.593687,0 -57.450699,-13.593850,0 -57.450532,-13.594014,0 -57.450385,-13.594177,0 -57.450219,-13.594340,0 -57.450071,-13.594503,0 -57.449905,-13.594684,0 -57.449739,-13.594847,0 -57.449591,-13.595010,0 -57.449425,-13.595173,0 -57.449259,-13.595336,0 -57.449112,-13.595499,0 -57.448946,-13.595680,0 -57.448798,-13.595843,0 -57.448632,-13.596006,0 -57.448447,-13.595862,0 -57.448280,-13.595699,0 -57.448113,-13.595537,0 -57.447947,-13.595374,0 -57.447762,-13.595212,0 -57.447595,-13.595050,0 -57.447428,-13.594887,0 -57.447243,-13.594743,0 -57.447076,-13.594580,0 -57.446910,-13.594418,0 -57.446724,-13.594255,0 -57.446558,-13.594093,0 -57.446391,-13.593931,0 -57.446224,-13.593786,0 -57.446039,-13.593624,0 -57.445873,-13.593461,0 -57.445706,-13.593299,0 -57.445521,-13.593136,0 -57.445354,-13.592974,0 -57.445187,-13.592830,0 -57.445021,-13.592667,0 -57.444835,-13.592505,0 -57.444669,-13.592342,0 -57.444502,-13.592180,0 -57.444317,-13.592017,0 -57.444150,-13.591873,0 -57.443984,-13.591711,0 -57.443817,-13.591548,0 -57.443632,-13.591386,0 -57.443465,-13.591223,0 -57.443298,-13.591061,0 -57.443113,-13.590916,0 -57.442947,-13.590754,0 -57.442780,-13.590591,0 -57.442613,-13.590429,0 -57.442428,-13.590267,0 -57.442261,-13.590104,0 -57.442095,-13.589960,0 -57.441781,-13.590159,0 -57.441559,-13.590304,0 -57.441356,-13.590431,0 -57.441005,-13.590595,0 -57.440802,-13.590722,0 -57.440580,-13.590867,0 -57.440377,-13.591012,0 -57.440137,-13.591157,0 -57.439916,-13.591302,0 -57.439676,-13.591447,0 -57.439454,-13.591592,0 -57.439214,-13.591737,0 -57.438918,-13.591828,0 -57.438604,-13.591919,0 -57.438364,-13.592028,0 -57.438105,-13.592119,0 -57.437847,-13.592210,0 -57.437588,-13.592301,0 -57.437348,-13.592373,0 -57.437108,-13.592446,0 -57.436867,-13.592519,0 -57.436627,-13.592592,0 -57.436368,-13.592646,0 -57.436128,-13.592719,0 -57.435869,-13.592719,0 -57.435518,-13.592612,0 -57.435240,-13.592377,0 -57.435074,-13.592269,0 -57.434925,-13.592088,0 -57.434629,-13.592016,0 -57.434204,-13.592089,0 -57.433872,-13.592072,0 -57.433650,-13.592108,0 -57.433262,-13.592163,0 -57.433096,-13.592326,0 -57.432930,-13.592489,0 -57.432782,-13.592653,0 -57.432616,-13.592834,0 -57.432450,-13.592997,0 -57.432302,-13.593160,0 -57.432136,-13.593323,0 -57.431970,-13.593486,0 -57.431804,-13.593667,0 -57.431656,-13.593830,0 -57.431490,-13.593993,0 -57.431324,-13.594156,0 -57.431177,-13.594337,0 -57.431010,-13.594500,0 -57.430844,-13.594663,0 -57.430678,-13.594826,0 -57.430531,-13.594989,0 -57.430365,-13.595170,0 -57.430198,-13.595333,0 -57.430051,-13.595496,0 -57.429885,-13.595659,0 -57.429719,-13.595823,0 -57.429571,-13.596004,0 -57.429405,-13.596167,0 -57.429239,-13.596330,0 -57.429073,-13.596493,0 -57.428925,-13.596674,0 -57.428759,-13.596837,0 -57.428593,-13.597000,0 -57.428445,-13.597163,0 -57.428279,-13.597326,0 -57.428113,-13.597507,0 -57.427947,-13.597670,0 -57.427800,-13.597833,0 -57.427633,-13.597996,0 -57.427467,-13.598159,0 -57.427320,-13.598340,0 -57.427154,-13.598503,0 -57.426988,-13.598666,0 -57.426821,-13.598829,0 -57.426674,-13.599011,0 -57.426508,-13.599174,0 -57.426342,-13.599337,0 -57.426194,-13.599500,0 -57.426028,-13.599663,0 -57.425843,-13.599862,0 -57.425677,-13.600025,0 -57.425511,-13.600206,0 -57.425345,-13.600369,0 -57.425179,-13.600550,0 -57.425031,-13.600695,0 -57.424865,-13.600858,0 -57.424718,-13.601021,0 -57.424552,-13.601184,0 -57.424386,-13.601347,0 -57.424219,-13.601510,0 -57.424072,-13.601691,0 -57.423906,-13.601855,0 -57.423740,-13.602018,0 -57.423592,-13.602181,0 -57.423426,-13.602344,0 -57.423260,-13.602507,0 -57.423112,-13.602670,0 -57.422946,-13.602833,0 -57.422780,-13.602996,0 -57.422614,-13.603177,0 -57.422466,-13.603340,0 -57.422300,-13.603503,0 -57.422134,-13.603666,0 -57.421986,-13.603829,0 -57.421820,-13.603992,0 -57.421654,-13.604155,0 -57.421507,-13.604318,0 -57.421341,-13.604481,0 -57.421174,-13.604662,0 -57.421008,-13.604825,0 -57.420842,-13.604663,0 -57.420657,-13.604518,0 -57.420471,-13.604356,0 -57.420286,-13.604212,0 -57.420120,-13.604049,0 -57.419934,-13.603905,0 -57.419749,-13.603742,0 -57.419564,-13.603580,0 -57.419397,-13.603435,0 -57.419212,-13.603273,0 -57.419027,-13.603129,0 -57.418842,-13.602966,0 -57.418675,-13.602822,0 -57.418490,-13.602659,0 -57.418323,-13.602515,0 -57.418157,-13.602352,0 -57.417990,-13.602208,0 -57.417805,-13.602046,0 -57.417638,-13.601901,0 -57.417472,-13.601739,0 -57.417305,-13.601576,0 -57.417120,-13.601432,0 -57.416953,-13.601269,0 -57.416786,-13.601125,0 -57.416620,-13.600963,0 -57.416435,-13.600818,0 -57.416268,-13.600656,0 -57.416101,-13.600493,0 -57.415916,-13.600349,0 -57.415750,-13.600186,0 -57.415583,-13.600042,0 -57.415416,-13.599880,0 -57.415231,-13.599735,0 -57.415064,-13.599573,0 -57.414898,-13.599428,0 -57.414731,-13.599266,0 -57.414546,-13.599103,0 -57.414379,-13.598959,0 -57.414213,-13.598797,0 -57.414027,-13.598652,0 -57.413861,-13.598490,0 -57.413694,-13.598327,0 -57.413509,-13.598165,0 -57.413342,-13.598002,0 -57.413157,-13.597840,0 -57.412990,-13.597677,0 -57.412824,-13.597515,0 -57.412639,-13.597352,0 -57.412472,-13.597190,0 -57.412287,-13.597027,0 -57.412120,-13.596865,0 -57.411953,-13.596702,0 -57.411768,-13.596540,0 -57.411602,-13.596378,0 -57.411416,-13.596215,0 -57.411250,-13.596053,0 -57.411083,-13.595890,0 -57.410861,-13.595692,0</coordinates></LineString></Placemark>
<Placemark><name>T-19 - 10,08 km</name><description>Maxima 10084 m | Minima 7284 m | Reta 5766 m | 150.72 ha</description><styleUrl>#rota</styleUrl><LineString><tessellate>1</tessellate><coordinates>-57.475369,-13.560747,0 -57.475518,-13.561108,0 -57.475666,-13.561470,0 -57.475575,-13.561850,0 -57.475704,-13.562066,0 -57.475853,-13.562265,0 -57.475982,-13.562464,0 -57.476131,-13.562681,0 -57.476242,-13.562915,0 -57.476372,-13.563150,0 -57.476483,-13.563385,0 -57.476613,-13.563638,0 -57.476688,-13.563927,0 -57.476762,-13.564216,0 -57.476818,-13.564433,0 -57.476874,-13.564650,0 -57.476930,-13.564885,0 -57.476986,-13.565102,0 -57.477023,-13.565319,0 -57.477079,-13.565536,0 -57.477135,-13.565825,0 -57.477191,-13.566024,0 -57.477265,-13.566259,0 -57.477099,-13.566440,0 -57.476933,-13.566603,0 -57.476767,-13.566784,0 -57.476601,-13.566947,0 -57.476454,-13.567129,0 -57.476288,-13.567292,0 -57.476122,-13.567473,0 -57.475956,-13.567636,0 -57.475808,-13.567817,0 -57.475642,-13.567980,0 -57.475476,-13.568161,0 -57.475310,-13.568324,0 -57.475144,-13.568487,0 -57.474997,-13.568669,0 -57.474830,-13.568832,0 -57.474664,-13.569013,0 -57.474498,-13.569176,0 -57.474332,-13.569357,0 -57.474185,-13.569520,0 -57.474019,-13.569701,0 -57.473853,-13.569882,0 -57.473705,-13.570045,0 -57.473539,-13.570208,0 -57.473373,-13.570371,0 -57.473226,-13.570553,0 -57.473060,-13.570716,0 -57.472894,-13.570879,0 -57.472728,-13.571042,0 -57.472580,-13.571223,0 -57.472414,-13.571386,0 -57.472248,-13.571549,0 -57.472100,-13.571712,0 -57.471934,-13.571875,0 -57.471768,-13.572056,0 -57.471602,-13.572219,0 -57.471436,-13.572401,0 -57.471289,-13.572546,0 -57.471141,-13.572727,0 -57.470975,-13.572908,0 -57.470754,-13.573125,0 -57.470588,-13.573288,0 -57.470422,-13.573469,0 -57.470256,-13.573651,0 -57.470090,-13.573814,0 -57.469923,-13.573995,0 -57.469776,-13.574158,0 -57.469610,-13.574339,0 -57.469444,-13.574502,0 -57.469278,-13.574683,0 -57.469112,-13.574846,0 -57.468816,-13.575100,0 -57.468650,-13.575263,0 -57.468503,-13.575426,0 -57.468337,-13.575589,0 -57.468189,-13.575752,0 -57.468023,-13.575933,0 -57.467857,-13.576096,0 -57.467710,-13.576259,0 -57.467544,-13.576423,0 -57.467377,-13.576586,0 -57.467230,-13.576749,0 -57.467064,-13.576912,0 -57.466898,-13.577075,0 -57.466750,-13.577238,0 -57.466584,-13.577419,0 -57.466418,-13.577582,0 -57.466271,-13.577745,0 -57.466105,-13.577908,0 -57.465938,-13.578071,0 -57.465791,-13.578234,0 -57.465625,-13.578397,0 -57.465477,-13.578560,0 -57.465311,-13.578723,0 -57.465145,-13.578905,0 -57.464998,-13.579068,0 -57.464832,-13.579231,0 -57.464665,-13.579394,0 -57.464518,-13.579557,0 -57.464352,-13.579720,0 -57.464186,-13.579883,0 -57.464038,-13.580046,0 -57.463872,-13.580209,0 -57.463706,-13.580390,0 -57.463559,-13.580553,0 -57.463392,-13.580716,0 -57.463245,-13.580879,0 -57.463079,-13.581042,0 -57.462913,-13.581205,0 -57.462765,-13.581368,0 -57.462599,-13.581531,0 -57.462433,-13.581695,0 -57.462286,-13.581858,0 -57.462119,-13.582039,0 -57.461953,-13.582202,0 -57.461806,-13.582365,0 -57.461640,-13.582528,0 -57.461474,-13.582691,0 -57.461326,-13.582854,0 -57.461068,-13.583126,0 -57.460902,-13.583289,0 -57.460736,-13.583452,0 -57.460588,-13.583615,0 -57.460422,-13.583778,0 -57.460256,-13.583959,0 -57.460108,-13.584122,0 -57.459942,-13.584285,0 -57.459776,-13.584448,0 -57.459629,-13.584611,0 -57.459463,-13.584774,0 -57.459297,-13.584937,0 -57.459149,-13.585100,0 -57.458983,-13.585263,0 -57.458817,-13.585427,0 -57.458669,-13.585608,0 -57.458503,-13.585771,0 -57.458337,-13.585934,0 -57.458171,-13.586097,0 -57.458024,-13.586260,0 -57.457857,-13.586423,0 -57.457691,-13.586586,0 -57.457544,-13.586749,0 -57.457378,-13.586912,0 -57.457230,-13.587075,0 -57.457064,-13.587238,0 -57.456898,-13.587419,0 -57.456750,-13.587582,0 -57.456584,-13.587745,0 -57.456418,-13.587908,0 -57.456271,-13.588072,0 -57.456105,-13.588235,0 -57.455957,-13.588398,0 -57.455791,-13.588561,0 -57.455625,-13.588724,0 -57.455477,-13.588887,0 -57.455311,-13.589050,0 -57.455145,-13.589213,0 -57.454998,-13.589376,0 -57.454832,-13.589557,0 -57.454684,-13.589720,0 -57.454518,-13.589883,0 -57.454352,-13.590046,0 -57.454204,-13.590209,0 -57.454038,-13.590372,0 -57.453872,-13.590535,0 -57.453725,-13.590698,0 -57.453558,-13.590861,0 -57.453411,-13.591024,0 -57.453245,-13.591187,0 -57.453079,-13.591351,0 -57.452931,-13.591532,0 -57.452765,-13.591695,0 -57.452599,-13.591858,0 -57.452451,-13.592021,0 -57.452285,-13.592184,0 -57.452138,-13.592347,0 -57.451972,-13.592510,0 -57.451806,-13.592691,0 -57.451658,-13.592854,0 -57.451492,-13.593017,0 -57.451344,-13.593180,0 -57.451178,-13.593343,0 -57.451012,-13.593506,0 -57.450865,-13.593687,0 -57.450699,-13.593850,0 -57.450532,-13.594014,0 -57.450385,-13.594177,0 -57.450219,-13.594340,0 -57.450071,-13.594503,0 -57.449905,-13.594684,0 -57.449739,-13.594847,0 -57.449591,-13.595010,0 -57.449425,-13.595173,0 -57.449259,-13.595336,0 -57.449112,-13.595499,0 -57.448946,-13.595680,0 -57.448798,-13.595843,0 -57.448632,-13.596006,0 -57.448447,-13.595862,0 -57.448280,-13.595699,0 -57.448113,-13.595537,0 -57.447947,-13.595374,0 -57.447762,-13.595212,0 -57.447595,-13.595050,0 -57.447428,-13.594887,0 -57.447243,-13.594743,0 -57.447076,-13.594580,0 -57.446910,-13.594418,0 -57.446724,-13.594255,0 -57.446558,-13.594093,0 -57.446391,-13.593931,0 -57.446224,-13.593786,0 -57.446039,-13.593624,0 -57.445873,-13.593461,0 -57.445706,-13.593299,0 -57.445521,-13.593136,0 -57.445354,-13.592974,0 -57.445187,-13.592830,0 -57.445021,-13.592667,0 -57.444835,-13.592505,0 -57.444669,-13.592342,0 -57.444502,-13.592180,0 -57.444317,-13.592017,0 -57.444150,-13.591873,0 -57.443984,-13.591711,0 -57.443817,-13.591548,0 -57.443632,-13.591386,0 -57.443465,-13.591223,0 -57.443298,-13.591061,0 -57.443113,-13.590916,0 -57.442947,-13.590754,0 -57.442780,-13.590591,0 -57.442613,-13.590429,0 -57.442428,-13.590267,0 -57.442261,-13.590104,0 -57.442095,-13.589960,0 -57.441781,-13.590159,0 -57.441559,-13.590304,0 -57.441356,-13.590431,0 -57.441005,-13.590595,0 -57.440802,-13.590722,0 -57.440580,-13.590867,0 -57.440377,-13.591012,0 -57.440137,-13.591157,0 -57.439916,-13.591302,0 -57.439676,-13.591447,0 -57.439454,-13.591592,0 -57.439214,-13.591737,0 -57.438918,-13.591828,0 -57.438604,-13.591919,0 -57.438364,-13.592028,0 -57.438105,-13.592119,0 -57.437847,-13.592210,0 -57.437588,-13.592301,0 -57.437348,-13.592373,0 -57.437108,-13.592446,0 -57.436867,-13.592519,0 -57.436627,-13.592592,0 -57.436368,-13.592646,0 -57.436128,-13.592719,0 -57.435869,-13.592719,0 -57.435518,-13.592612,0 -57.435240,-13.592377,0 -57.435074,-13.592269,0 -57.434925,-13.592088,0 -57.434629,-13.592016,0 -57.434204,-13.592089,0 -57.433872,-13.592072,0 -57.433650,-13.592108,0 -57.433373,-13.592109,0 -57.433095,-13.591911,0 -57.432891,-13.591658,0 -57.432761,-13.591441,0 -57.432631,-13.591242,0 -57.432502,-13.591043,0 -57.432372,-13.590845,0 -57.432242,-13.590628,0 -57.432112,-13.590429,0 -57.431983,-13.590213,0 -57.431871,-13.589996,0 -57.431760,-13.589761,0 -57.431630,-13.589526,0 -57.431519,-13.589291,0 -57.431389,-13.589056,0 -57.431185,-13.588840,0 -57.430944,-13.588623,0 -57.430611,-13.588551,0 -57.430334,-13.588570,0 -57.430075,-13.588570,0 -57.429817,-13.588589,0 -57.429558,-13.588589,0 -57.429299,-13.588590,0 -57.429022,-13.588608,0 -57.428763,-13.588609,0 -57.428522,-13.588591,0 -57.428264,-13.588591,0 -57.428023,-13.588574,0 -57.427764,-13.588556,0 -57.427506,-13.588557,0 -57.427265,-13.588539,0 -57.427006,-13.588521,0 -57.426766,-13.588522,0 -57.426526,-13.588522,0 -57.426267,-13.588541,0 -57.426027,-13.588541,0 -57.425768,-13.588559,0 -57.425527,-13.588560,0 -57.425139,-13.588542,0 -57.424917,-13.588543,0 -57.424677,-13.588525,0 -57.424437,-13.588526,0 -57.424159,-13.588508,0 -57.423882,-13.588508,0 -57.423586,-13.588509,0 -57.423309,-13.588491,0 -57.423032,-13.588492,0 -57.422754,-13.588492,0 -57.422477,-13.588493,0 -57.422200,-13.588493,0 -57.421941,-13.588421,0 -57.421793,-13.588349,0 -57.421515,-13.588187,0 -57.421311,-13.588043,0 -57.421108,-13.587898,0 -57.420886,-13.587754,0 -57.420682,-13.587610,0 -57.420497,-13.587538,0 -57.420257,-13.587574,0 -57.420017,-13.587611,0 -57.419776,-13.587629,0 -57.419536,-13.587666,0 -57.419296,-13.587702,0 -57.418926,-13.587703,0 -57.418686,-13.587740,0 -57.418427,-13.587776,0 -57.418187,-13.587813,0 -57.417946,-13.587849,0 -57.417706,-13.587886,0 -57.417447,-13.587923,0 -57.417207,-13.587959,0 -57.416948,-13.587996,0 -57.416690,-13.588032,0 -57.416431,-13.588069,0 -57.416172,-13.588105,0 -57.415895,-13.588142,0 -57.415636,-13.588179,0 -57.415377,-13.588215,0 -57.415026,-13.588198,0 -57.414749,-13.588198,0 -57.414471,-13.588199,0 -57.414194,-13.588199,0 -57.413898,-13.588109,0 -57.413602,-13.588001,0 -57.413325,-13.587929,0 -57.413158,-13.587893,0 -57.412899,-13.587804,0 -57.412603,-13.587732,0 -57.412770,-13.587894,0 -57.412937,-13.588057,0 -57.413122,-13.588201,0 -57.413289,-13.588363,0 -57.413474,-13.588526,0 -57.413640,-13.588688,0 -57.413826,-13.588851,0 -57.413992,-13.589013,0 -57.414177,-13.589176,0 -57.414344,-13.589338,0 -57.414529,-13.589501,0 -57.414696,-13.589663,0</coordinates></LineString></Placemark>
<Placemark><name>T-20 - 5,12 km</name><description>Maxima 5120 m | Minima 2657 m | Reta 1940 m | 140.68 ha</description><styleUrl>#rota</styleUrl><LineString><tessellate>1</tessellate><coordinates>-57.475369,-13.560747,0 -57.475147,-13.560494,0 -57.475091,-13.560332,0 -57.475127,-13.559916,0 -57.474904,-13.559554,0 -57.474959,-13.559301,0 -57.474811,-13.559084,0 -57.474644,-13.558886,0 -57.474348,-13.558543,0 -57.474126,-13.558398,0 -57.473811,-13.558236,0 -57.473608,-13.558110,0 -57.473423,-13.557984,0 -57.473219,-13.557858,0 -57.473034,-13.557731,0 -57.472849,-13.557605,0 -57.472645,-13.557497,0 -57.472460,-13.557371,0 -57.472257,-13.557245,0 -57.472071,-13.557118,0 -57.471868,-13.556992,0 -57.471683,-13.556866,0 -57.471479,-13.556740,0 -57.471294,-13.556632,0 -57.471091,-13.556505,0 -57.470906,-13.556379,0 -57.470702,-13.556253,0 -57.470517,-13.556127,0 -57.470313,-13.556000,0 -57.470128,-13.555874,0 -57.469925,-13.555766,0 -57.469740,-13.555640,0 -57.469536,-13.555514,0 -57.469351,-13.555387,0 -57.469073,-13.555171,0 -57.468852,-13.555352,0 -57.468612,-13.555533,0 -57.468446,-13.555715,0 -57.468280,-13.555896,0 -57.468114,-13.556077,0 -57.467948,-13.556240,0 -57.467782,-13.556403,0 -57.467634,-13.556566,0 -57.467468,-13.556729,0 -57.467302,-13.556892,0 -57.467154,-13.557055,0 -57.466988,-13.557218,0 -57.466822,-13.557381,0 -57.466656,-13.557563,0 -57.466509,-13.557726,0 -57.466343,-13.557889,0 -57.466195,-13.558052,0 -57.466029,-13.558215,0 -57.465863,-13.558396,0 -57.465716,-13.558559,0 -57.465550,-13.558722,0 -57.465402,-13.558885,0 -57.465236,-13.559066,0 -57.465088,-13.559229,0 -57.464904,-13.559410,0 -57.464738,-13.559592,0 -57.464572,-13.559755,0 -57.464387,-13.559936,0 -57.464221,-13.560117,0 -57.464055,-13.560298,0 -57.463797,-13.560588,0 -57.463631,-13.560751,0 -57.463465,-13.560914,0 -57.463317,-13.561077,0 -57.463151,-13.561240,0 -57.462985,-13.561421,0 -57.462838,-13.561584,0 -57.462672,-13.561747,0 -57.462524,-13.561910,0 -57.462229,-13.562182,0 -57.462063,-13.562363,0 -57.461897,-13.562526,0 -57.461731,-13.562708,0 -57.461546,-13.562907,0 -57.461380,-13.563088,0 -57.461214,-13.563287,0 -57.461048,-13.563468,0 -57.460882,-13.563631,0 -57.460716,-13.563813,0 -57.460550,-13.563976,0 -57.460366,-13.564157,0 -57.460200,-13.564320,0 -57.460034,-13.564483,0 -57.459868,-13.564664,0 -57.459702,-13.564827,0 -57.459536,-13.565008,0 -57.459369,-13.565171,0 -57.459203,-13.565352,0 -57.459037,-13.565516,0 -57.458853,-13.565697,0 -57.458687,-13.565878,0 -57.458521,-13.566041,0 -57.458355,-13.566204,0 -57.458170,-13.566385,0 -57.458004,-13.566566,0 -57.457838,-13.566747,0 -57.457562,-13.567037,0 -57.457506,-13.567092,0 -57.457248,-13.567363,0 -57.457008,-13.567617,0 -57.456768,-13.567871,0 -57.456491,-13.568142,0 -57.456289,-13.568360,0 -57.456030,-13.568613,0 -57.455827,-13.568831,0 -57.455551,-13.569121,0 -57.455329,-13.569356,0 -57.455071,-13.569628,0 -57.454831,-13.569882,0 -57.454591,-13.570135,0 -57.454499,-13.570226,0 -57.454222,-13.570516,0 -57.453946,-13.570805,0 -57.453669,-13.571095,0 -57.453613,-13.571150,0 -57.453337,-13.571439,0 -57.453115,-13.571675,0 -57.452839,-13.571965,0 -57.452673,-13.572146,0 -57.452506,-13.572309,0 -57.452340,-13.572490,0 -57.452174,-13.572653,0 -57.452026,-13.572473,0 -57.451878,-13.572310,0 -57.451730,-13.572130,0 -57.451544,-13.571913,0 -57.451396,-13.571714,0 -57.451155,-13.571407,0 -57.451026,-13.571227,0 -57.450822,-13.570956,0 -57.450655,-13.570739,0 -57.450488,-13.570504,0 -57.450340,-13.570288,0 -57.450192,-13.570107,0 -57.450062,-13.569926,0 -57.449914,-13.569728,0 -57.449784,-13.569547,0 -57.449636,-13.569366,0 -57.449506,-13.569168,0 -57.449376,-13.568987,0 -57.449246,-13.568789,0 -57.449117,-13.568608,0 -57.448968,-13.568427,0 -57.448820,-13.568247,0 -57.448672,-13.568048,0 -57.448542,-13.567867,0 -57.448394,-13.567651,0 -57.448283,-13.567488,0 -57.448116,-13.567235,0 -57.447967,-13.567019,0 -57.447838,-13.566820,0 -57.447689,-13.566603,0 -57.447541,-13.566386,0 -57.447393,-13.566188,0 -57.447226,-13.566007,0 -57.447041,-13.565845,0 -57.446874,-13.565682,0 -57.446689,-13.565520,0 -57.446504,-13.565357,0 -57.446337,-13.565195,0 -57.446152,-13.565033,0 -57.445967,-13.564870,0 -57.445800,-13.564708,0 -57.445615,-13.564545,0 -57.445430,-13.564401,0 -57.445245,-13.564275,0 -57.445060,-13.564130,0 -57.444875,-13.564004,0 -57.444690,-13.563860,0 -57.444449,-13.563679,0 -57.444227,-13.563517,0 -57.444023,-13.563318,0 -57.443820,-13.563138,0 -57.443708,-13.563011,0</coordinates></LineString></Placemark>
<Placemark><name>T-20S - 4,13 km</name><description>Maxima 4135 m | Minima 2258 m | Reta 1598 m | 58.94 ha</description><styleUrl>#rota</styleUrl><LineString><tessellate>1</tessellate><coordinates>-57.475369,-13.560747,0 -57.475147,-13.560494,0 -57.475091,-13.560332,0 -57.475127,-13.559916,0 -57.474904,-13.559554,0 -57.474959,-13.559301,0 -57.474811,-13.559084,0 -57.474644,-13.558886,0 -57.474348,-13.558543,0 -57.474126,-13.558398,0 -57.473811,-13.558236,0 -57.473608,-13.558110,0 -57.473423,-13.557984,0 -57.473219,-13.557858,0 -57.473034,-13.557731,0 -57.472849,-13.557605,0 -57.472645,-13.557497,0 -57.472460,-13.557371,0 -57.472257,-13.557245,0 -57.472071,-13.557118,0 -57.471868,-13.556992,0 -57.471683,-13.556866,0 -57.471479,-13.556740,0 -57.471294,-13.556632,0 -57.471091,-13.556505,0 -57.470906,-13.556379,0 -57.470702,-13.556253,0 -57.470517,-13.556127,0 -57.470313,-13.556000,0 -57.470128,-13.555874,0 -57.469925,-13.555766,0 -57.469740,-13.555640,0 -57.469536,-13.555514,0 -57.469351,-13.555387,0 -57.469073,-13.555171,0 -57.468852,-13.555352,0 -57.468612,-13.555533,0 -57.468446,-13.555715,0 -57.468280,-13.555896,0 -57.468114,-13.556077,0 -57.467948,-13.556240,0 -57.467782,-13.556403,0 -57.467634,-13.556566,0 -57.467468,-13.556729,0 -57.467302,-13.556892,0 -57.467154,-13.557055,0 -57.466988,-13.557218,0 -57.466822,-13.557381,0 -57.466656,-13.557563,0 -57.466509,-13.557726,0 -57.466343,-13.557889,0 -57.466195,-13.558052,0 -57.466029,-13.558215,0 -57.465863,-13.558396,0 -57.465716,-13.558559,0 -57.465550,-13.558722,0 -57.465402,-13.558885,0 -57.465236,-13.559066,0 -57.465088,-13.559229,0 -57.464904,-13.559410,0 -57.464738,-13.559592,0 -57.464572,-13.559755,0 -57.464387,-13.559936,0 -57.464221,-13.560117,0 -57.464055,-13.560298,0 -57.463797,-13.560588,0 -57.463631,-13.560751,0 -57.463465,-13.560914,0 -57.463317,-13.561077,0 -57.463151,-13.561240,0 -57.462985,-13.561421,0 -57.462838,-13.561584,0 -57.462672,-13.561747,0 -57.462524,-13.561910,0 -57.462229,-13.562182,0 -57.462063,-13.562363,0 -57.461897,-13.562526,0 -57.461731,-13.562708,0 -57.461546,-13.562907,0 -57.461380,-13.563088,0 -57.461177,-13.563269,0 -57.461011,-13.563432,0 -57.460845,-13.563613,0 -57.460679,-13.563776,0 -57.460513,-13.563958,0 -57.460347,-13.564121,0 -57.460144,-13.564266,0 -57.459960,-13.564447,0 -57.459794,-13.564610,0 -57.459628,-13.564791,0 -57.459462,-13.564954,0 -57.459295,-13.565135,0 -57.459129,-13.565298,0 -57.458963,-13.565480,0 -57.458797,-13.565643,0 -57.458631,-13.565498,0 -57.458464,-13.565336,0 -57.458279,-13.565191,0 -57.458112,-13.565029,0 -57.457946,-13.564867,0 -57.457779,-13.564722,0 -57.457612,-13.564560,0 -57.457446,-13.564397,0 -57.457279,-13.564253,0 -57.457094,-13.564090,0 -57.456927,-13.563928,0 -57.456760,-13.563784,0 -57.456594,-13.563621,0 -57.456427,-13.563459,0 -57.456260,-13.563314,0 -57.456094,-13.563152,0 -57.455909,-13.562990,0 -57.455742,-13.562845,0 -57.455575,-13.562683,0 -57.455409,-13.562520,0 -57.455242,-13.562376,0 -57.455075,-13.562213,0 -57.454890,-13.562051,0 -57.454723,-13.561907,0 -57.454557,-13.561744,0 -57.454390,-13.561582,0 -57.454223,-13.561437,0 -57.454057,-13.561275,0 -57.453890,-13.561112,0 -57.453705,-13.560968,0 -57.453538,-13.560806,0 -57.453372,-13.560643,0 -57.453205,-13.560499,0 -57.453038,-13.560336,0 -57.452872,-13.560174,0 -57.452687,-13.560030,0 -57.452520,-13.559867,0 -57.452353,-13.559705,0 -57.452187,-13.559560,0 -57.452020,-13.559398,0 -57.451853,-13.559235,0 -57.451687,-13.559091,0 -57.451501,-13.558929,0 -57.451335,-13.558784,0 -57.451168,-13.558622,0 -57.451001,-13.558459,0 -57.450835,-13.558315,0 -57.450668,-13.558152,0 -57.450483,-13.557990,0 -57.450316,-13.557846,0 -57.450150,-13.557683,0 -57.449983,-13.557521,0 -57.449816,-13.557376,0 -57.449650,-13.557214,0 -57.449483,-13.557051,0 -57.449298,-13.556907,0 -57.449131,-13.556745,0 -57.448965,-13.556582,0 -57.448798,-13.556438,0</coordinates></LineString></Placemark>
<Placemark><name>T-21 - 3,75 km</name><description>Maxima 3751 m | Minima 1846 m | Reta 1281 m | 60.19 ha</description><styleUrl>#rota</styleUrl><LineString><tessellate>1</tessellate><coordinates>-57.475369,-13.560747,0 -57.475147,-13.560494,0 -57.475091,-13.560332,0 -57.475127,-13.559916,0 -57.474904,-13.559554,0 -57.474959,-13.559301,0 -57.474811,-13.559084,0 -57.474644,-13.558886,0 -57.474348,-13.558543,0 -57.474126,-13.558398,0 -57.473811,-13.558236,0 -57.473608,-13.558110,0 -57.473423,-13.557984,0 -57.473219,-13.557858,0 -57.473034,-13.557731,0 -57.472849,-13.557605,0 -57.472645,-13.557497,0 -57.472460,-13.557371,0 -57.472257,-13.557245,0 -57.472071,-13.557118,0 -57.471868,-13.556992,0 -57.471683,-13.556866,0 -57.471479,-13.556740,0 -57.471294,-13.556632,0 -57.471091,-13.556505,0 -57.470906,-13.556379,0 -57.470702,-13.556253,0 -57.470517,-13.556127,0 -57.470313,-13.556000,0 -57.470128,-13.555874,0 -57.469925,-13.555766,0 -57.469740,-13.555640,0 -57.469536,-13.555514,0 -57.469351,-13.555387,0 -57.469073,-13.555171,0 -57.468852,-13.555352,0 -57.468612,-13.555533,0 -57.468446,-13.555715,0 -57.468280,-13.555896,0 -57.468114,-13.556077,0 -57.467948,-13.556240,0 -57.467782,-13.556403,0 -57.467634,-13.556566,0 -57.467468,-13.556729,0 -57.467302,-13.556892,0 -57.467154,-13.557055,0 -57.466988,-13.557218,0 -57.466822,-13.557381,0 -57.466656,-13.557563,0 -57.466509,-13.557726,0 -57.466343,-13.557889,0 -57.466195,-13.558052,0 -57.466029,-13.558215,0 -57.465863,-13.558396,0 -57.465716,-13.558559,0 -57.465550,-13.558722,0 -57.465402,-13.558885,0 -57.465236,-13.559066,0 -57.465088,-13.559229,0 -57.464904,-13.559410,0 -57.464738,-13.559592,0 -57.464572,-13.559755,0 -57.464387,-13.559936,0 -57.464221,-13.560117,0 -57.464055,-13.560298,0 -57.463797,-13.560588,0 -57.463631,-13.560751,0 -57.463465,-13.560914,0 -57.463317,-13.561077,0 -57.463151,-13.561240,0 -57.462985,-13.561421,0 -57.462838,-13.561584,0 -57.462672,-13.561747,0 -57.462524,-13.561910,0 -57.462229,-13.562182,0 -57.462063,-13.562363,0 -57.461897,-13.562526,0 -57.461731,-13.562708,0 -57.461546,-13.562907,0 -57.461343,-13.563088,0 -57.461140,-13.562908,0 -57.460862,-13.562637,0 -57.460658,-13.562438,0 -57.460436,-13.562240,0 -57.460214,-13.562023,0 -57.460029,-13.561861,0 -57.459843,-13.561698,0 -57.459621,-13.561500,0 -57.459492,-13.561373,0 -57.459288,-13.561193,0 -57.459121,-13.561031,0 -57.458881,-13.560814,0 -57.458603,-13.560561,0 -57.458492,-13.560453,0 -57.458269,-13.560254,0 -57.458103,-13.560092,0 -57.457936,-13.559930,0 -57.457677,-13.559677,0 -57.457418,-13.559442,0 -57.457195,-13.559244,0 -57.456992,-13.559063,0 -57.456788,-13.558883,0 -57.456584,-13.558702,0 -57.456418,-13.558540,0 -57.456251,-13.558377,0 -57.456084,-13.558233,0 -57.455844,-13.558016,0 -57.455566,-13.557764,0 -57.455436,-13.557637,0 -57.455214,-13.557439,0 -57.455066,-13.557295,0 -57.454788,-13.557042,0 -57.454529,-13.556807,0 -57.454381,-13.556663,0 -57.454214,-13.556500,0 -57.454047,-13.556338,0 -57.453862,-13.556176,0 -57.453696,-13.556031,0 -57.453510,-13.555869,0 -57.453344,-13.555706,0 -57.453159,-13.555544,0 -57.452992,-13.555381,0 -57.452807,-13.555219,0 -57.452640,-13.555057,0 -57.452455,-13.554894,0 -57.452288,-13.554732,0 -57.452103,-13.554569,0 -57.451825,-13.554298,0 -57.451770,-13.554244,0 -57.451511,-13.553992,0 -57.451307,-13.553775,0</coordinates></LineString></Placemark>
<Placemark><name>T-21A - 3,45 km</name><description>Maxima 3454 m | Minima 1052 m | Reta 922 m | 124.0 ha</description><styleUrl>#rota</styleUrl><LineString><tessellate>1</tessellate><coordinates>-57.475369,-13.560747,0 -57.475147,-13.560494,0 -57.475091,-13.560332,0 -57.475127,-13.559916,0 -57.474904,-13.559554,0 -57.474959,-13.559301,0 -57.474811,-13.559084,0 -57.474644,-13.558886,0 -57.474348,-13.558543,0 -57.474126,-13.558398,0 -57.473811,-13.558236,0 -57.473608,-13.558110,0 -57.473423,-13.557984,0 -57.473219,-13.557858,0 -57.473034,-13.557731,0 -57.472849,-13.557605,0 -57.472645,-13.557497,0 -57.472460,-13.557371,0 -57.472257,-13.557245,0 -57.472071,-13.557118,0 -57.471868,-13.556992,0 -57.471683,-13.556866,0 -57.471479,-13.556740,0 -57.471294,-13.556632,0 -57.471091,-13.556505,0 -57.470906,-13.556379,0 -57.470702,-13.556253,0 -57.470517,-13.556127,0 -57.470313,-13.556000,0 -57.470128,-13.555874,0 -57.469925,-13.555766,0 -57.469740,-13.555640,0 -57.469536,-13.555514,0 -57.469351,-13.555387,0 -57.469073,-13.555171,0 -57.468852,-13.555352,0 -57.468612,-13.555533,0 -57.468446,-13.555715,0 -57.468280,-13.555896,0 -57.468114,-13.556077,0 -57.467948,-13.556240,0 -57.467782,-13.556403,0 -57.467634,-13.556566,0 -57.467468,-13.556729,0 -57.467302,-13.556892,0 -57.467154,-13.557055,0 -57.466988,-13.557218,0 -57.466822,-13.557381,0 -57.466656,-13.557563,0 -57.466509,-13.557726,0 -57.466343,-13.557889,0 -57.466195,-13.558052,0 -57.466029,-13.558215,0 -57.465863,-13.558396,0 -57.465716,-13.558559,0 -57.465550,-13.558722,0 -57.465402,-13.558885,0 -57.465236,-13.559066,0 -57.465088,-13.559229,0 -57.464922,-13.559428,0 -57.464756,-13.559591,0 -57.464590,-13.559755,0 -57.464424,-13.559918,0 -57.464277,-13.560081,0 -57.464111,-13.560262,0 -57.463945,-13.560425,0 -57.463778,-13.560262,0 -57.463611,-13.560118,0 -57.463426,-13.559956,0 -57.463260,-13.559811,0 -57.463093,-13.559649,0 -57.462908,-13.559486,0 -57.462741,-13.559342,0 -57.462574,-13.559180,0 -57.462389,-13.559035,0 -57.462223,-13.558873,0 -57.462056,-13.558728,0 -57.461871,-13.558566,0 -57.461704,-13.558404,0 -57.461537,-13.558259,0 -57.461352,-13.558097,0 -57.461186,-13.557952,0 -57.461019,-13.557790,0 -57.460834,-13.557628,0 -57.460667,-13.557483,0 -57.460500,-13.557321,0 -57.460315,-13.557176,0 -57.460149,-13.557014,0 -57.459982,-13.556852,0 -57.459797,-13.556689,0 -57.459630,-13.556527,0 -57.459464,-13.556382,0 -57.459297,-13.556220,0 -57.459112,-13.556057,0 -57.458945,-13.555895,0 -57.458778,-13.555733,0 -57.458612,-13.555570,0 -57.458427,-13.555426,0 -57.458260,-13.555263,0 -57.458093,-13.555101,0 -57.457927,-13.554938,0 -57.457741,-13.554776,0 -57.457575,-13.554614,0 -57.457408,-13.554469,0 -57.457241,-13.554307,0 -57.457056,-13.554144,0 -57.456890,-13.553982,0 -57.456723,-13.553819,0 -57.456556,-13.553657,0 -57.456371,-13.553513,0 -57.456204,-13.553350,0 -57.456038,-13.553188,0 -57.455853,-13.553025,0 -57.455686,-13.552863,0 -57.455519,-13.552700,0 -57.455353,-13.552556,0 -57.455167,-13.552394,0 -57.455001,-13.552231,0 -57.454834,-13.552069,0 -57.454667,-13.551906,0 -57.454482,-13.551744,0 -57.454316,-13.551599,0 -57.454149,-13.551437,0 -57.453982,-13.551274,0 -57.453797,-13.551112,0 -57.453963,-13.550949,0 -57.454129,-13.550786,0 -57.454277,-13.550623,0 -57.454443,-13.550442,0</coordinates></LineString></Placemark>
<Placemark><name>T-22 - 5,47 km</name><description>Maxima 5473 m | Minima 3353 m | Reta 2582 m | 58.7 ha</description><styleUrl>#rota</styleUrl><LineString><tessellate>1</tessellate><coordinates>-57.475369,-13.560747,0 -57.475147,-13.560494,0 -57.475091,-13.560332,0 -57.475127,-13.559916,0 -57.474904,-13.559554,0 -57.474959,-13.559301,0 -57.474811,-13.559084,0 -57.474644,-13.558886,0 -57.474348,-13.558543,0 -57.474126,-13.558398,0 -57.473811,-13.558236,0 -57.473608,-13.558110,0 -57.473423,-13.557984,0 -57.473219,-13.557858,0 -57.473034,-13.557731,0 -57.472849,-13.557605,0 -57.472645,-13.557497,0 -57.472460,-13.557371,0 -57.472257,-13.557245,0 -57.472071,-13.557118,0 -57.471868,-13.556992,0 -57.471683,-13.556866,0 -57.471479,-13.556740,0 -57.471294,-13.556632,0 -57.471091,-13.556505,0 -57.470906,-13.556379,0 -57.470702,-13.556253,0 -57.470517,-13.556127,0 -57.470313,-13.556000,0 -57.470128,-13.555874,0 -57.469925,-13.555766,0 -57.469740,-13.555640,0 -57.469536,-13.555514,0 -57.469351,-13.555387,0 -57.469073,-13.555171,0 -57.468852,-13.555352,0 -57.468612,-13.555533,0 -57.468446,-13.555715,0 -57.468280,-13.555896,0 -57.468114,-13.556077,0 -57.467948,-13.556240,0 -57.467782,-13.556403,0 -57.467634,-13.556566,0 -57.467468,-13.556729,0 -57.467302,-13.556892,0 -57.467154,-13.557055,0 -57.466988,-13.557218,0 -57.466822,-13.557381,0 -57.466656,-13.557563,0 -57.466509,-13.557726,0 -57.466343,-13.557889,0 -57.466195,-13.558052,0 -57.466029,-13.558215,0 -57.465863,-13.558396,0 -57.465716,-13.558559,0 -57.465550,-13.558722,0 -57.465402,-13.558885,0 -57.465236,-13.559066,0 -57.465088,-13.559229,0 -57.464904,-13.559410,0 -57.464738,-13.559592,0 -57.464572,-13.559755,0 -57.464387,-13.559936,0 -57.464221,-13.560117,0 -57.464055,-13.560298,0 -57.463797,-13.560588,0 -57.463631,-13.560751,0 -57.463465,-13.560914,0 -57.463317,-13.561077,0 -57.463151,-13.561240,0 -57.462985,-13.561421,0 -57.462838,-13.561584,0 -57.462672,-13.561747,0 -57.462524,-13.561910,0 -57.462229,-13.562182,0 -57.462063,-13.562363,0 -57.461897,-13.562526,0 -57.461731,-13.562708,0 -57.461546,-13.562907,0 -57.461343,-13.563088,0 -57.461140,-13.562908,0 -57.460862,-13.562637,0 -57.460658,-13.562438,0 -57.460436,-13.562240,0 -57.460214,-13.562023,0 -57.460029,-13.561861,0 -57.459843,-13.561698,0 -57.459621,-13.561500,0 -57.459492,-13.561373,0 -57.459288,-13.561193,0 -57.459121,-13.561031,0 -57.458881,-13.560814,0 -57.458603,-13.560561,0 -57.458492,-13.560453,0 -57.458269,-13.560254,0 -57.458103,-13.560092,0 -57.457936,-13.559930,0 -57.457677,-13.559677,0 -57.457418,-13.559442,0 -57.457195,-13.559244,0 -57.456992,-13.559063,0 -57.456788,-13.558883,0 -57.456584,-13.558702,0 -57.456418,-13.558540,0 -57.456251,-13.558377,0 -57.456084,-13.558233,0 -57.455844,-13.558016,0 -57.455566,-13.557764,0 -57.455436,-13.557637,0 -57.455214,-13.557439,0 -57.455066,-13.557295,0 -57.454788,-13.557042,0 -57.454529,-13.556807,0 -57.454381,-13.556663,0 -57.454214,-13.556500,0 -57.454047,-13.556338,0 -57.453862,-13.556176,0 -57.453696,-13.556031,0 -57.453510,-13.555869,0 -57.453344,-13.555706,0 -57.453159,-13.555544,0 -57.452992,-13.555381,0 -57.452807,-13.555219,0 -57.452640,-13.555057,0 -57.452455,-13.554894,0 -57.452288,-13.554732,0 -57.452103,-13.554569,0 -57.451825,-13.554298,0 -57.451770,-13.554244,0 -57.451511,-13.553992,0 -57.451307,-13.553775,0 -57.451122,-13.553594,0 -57.450936,-13.553414,0 -57.450751,-13.553233,0 -57.450529,-13.552981,0 -57.450288,-13.552692,0 -57.450121,-13.552511,0 -57.449936,-13.552295,0 -57.449751,-13.552096,0 -57.449510,-13.551807,0 -57.449343,-13.551626,0 -57.449084,-13.551338,0 -57.448917,-13.551157,0 -57.448769,-13.550976,0 -57.448565,-13.550724,0 -57.448417,-13.550543,0 -57.448269,-13.550363,0 -57.448102,-13.550200,0 -57.447954,-13.550019,0 -57.447787,-13.549839,0 -57.447639,-13.549658,0 -57.447491,-13.549478,0 -57.447324,-13.549297,0 -57.447176,-13.549135,0 -57.447028,-13.548954,0 -57.446861,-13.548774,0 -57.446713,-13.548593,0 -57.446565,-13.548412,0 -57.446398,-13.548232,0 -57.446250,-13.548069,0 -57.446102,-13.547889,0 -57.445935,-13.547708,0 -57.445787,-13.547528,0 -57.445620,-13.547347,0 -57.445472,-13.547185,0 -57.445324,-13.547004,0 -57.445157,-13.546824,0 -57.444990,-13.546643,0 -57.444824,-13.546462,0 -57.444657,-13.546282,0 -57.444490,-13.546101,0 -57.444324,-13.545903,0 -57.444157,-13.545722,0 -57.443990,-13.545542,0 -57.443824,-13.545361,0 -57.443657,-13.545181,0 -57.443509,-13.545000,0 -57.443342,-13.544801,0 -57.443175,-13.544621,0 -57.443027,-13.544440,0 -57.442879,-13.544260,0 -57.442712,-13.544061,0 -57.442564,-13.543880,0 -57.442397,-13.543700,0 -57.442231,-13.543519,0 -57.442101,-13.543375,0 -57.441916,-13.543158,0 -57.441749,-13.542978,0 -57.441582,-13.542797,0 -57.441341,-13.542526,0 -57.441249,-13.542418,0 -57.441045,-13.542183,0 -57.440897,-13.542003,0</coordinates></LineString></Placemark>
<Placemark><name>T-22A - 5,18 km</name><description>Maxima 5181 m | Minima 2621 m | Reta 2422 m | 131.93 ha</description><styleUrl>#rota</styleUrl><LineString><tessellate>1</tessellate><coordinates>-57.475369,-13.560747,0 -57.475147,-13.560494,0 -57.475091,-13.560332,0 -57.475127,-13.559916,0 -57.474904,-13.559554,0 -57.474959,-13.559301,0 -57.474811,-13.559084,0 -57.474644,-13.558886,0 -57.474348,-13.558543,0 -57.474126,-13.558398,0 -57.473811,-13.558236,0 -57.473608,-13.558110,0 -57.473423,-13.557984,0 -57.473219,-13.557858,0 -57.473034,-13.557731,0 -57.472849,-13.557605,0 -57.472645,-13.557497,0 -57.472460,-13.557371,0 -57.472257,-13.557245,0 -57.472071,-13.557118,0 -57.471868,-13.556992,0 -57.471683,-13.556866,0 -57.471479,-13.556740,0 -57.471294,-13.556632,0 -57.471091,-13.556505,0 -57.470906,-13.556379,0 -57.470702,-13.556253,0 -57.470517,-13.556127,0 -57.470313,-13.556000,0 -57.470128,-13.555874,0 -57.469925,-13.555766,0 -57.469740,-13.555640,0 -57.469536,-13.555514,0 -57.469351,-13.555387,0 -57.469073,-13.555171,0 -57.468852,-13.555352,0 -57.468612,-13.555533,0 -57.468446,-13.555715,0 -57.468280,-13.555896,0 -57.468114,-13.556077,0 -57.467948,-13.556240,0 -57.467782,-13.556403,0 -57.467634,-13.556566,0 -57.467468,-13.556729,0 -57.467302,-13.556892,0 -57.467154,-13.557055,0 -57.466988,-13.557218,0 -57.466822,-13.557381,0 -57.466656,-13.557563,0 -57.466509,-13.557726,0 -57.466343,-13.557889,0 -57.466195,-13.558052,0 -57.466029,-13.558215,0 -57.465863,-13.558396,0 -57.465716,-13.558559,0 -57.465550,-13.558722,0 -57.465402,-13.558885,0 -57.465236,-13.559066,0 -57.465088,-13.559229,0 -57.464922,-13.559428,0 -57.464756,-13.559591,0 -57.464590,-13.559755,0 -57.464424,-13.559918,0 -57.464277,-13.560081,0 -57.464111,-13.560262,0 -57.463945,-13.560425,0 -57.463778,-13.560262,0 -57.463611,-13.560118,0 -57.463426,-13.559956,0 -57.463260,-13.559811,0 -57.463093,-13.559649,0 -57.462908,-13.559486,0 -57.462741,-13.559342,0 -57.462574,-13.559180,0 -57.462389,-13.559035,0 -57.462223,-13.558873,0 -57.462056,-13.558728,0 -57.461871,-13.558566,0 -57.461704,-13.558404,0 -57.461537,-13.558259,0 -57.461352,-13.558097,0 -57.461186,-13.557952,0 -57.461019,-13.557790,0 -57.460834,-13.557628,0 -57.460667,-13.557483,0 -57.460500,-13.557321,0 -57.460315,-13.557176,0 -57.460149,-13.557014,0 -57.459982,-13.556852,0 -57.459797,-13.556689,0 -57.459630,-13.556527,0 -57.459464,-13.556382,0 -57.459297,-13.556220,0 -57.459112,-13.556057,0 -57.458945,-13.555895,0 -57.458778,-13.555733,0 -57.458612,-13.555570,0 -57.458427,-13.555426,0 -57.458260,-13.555263,0 -57.458093,-13.555101,0 -57.457927,-13.554938,0 -57.457741,-13.554776,0 -57.457575,-13.554614,0 -57.457408,-13.554469,0 -57.457241,-13.554307,0 -57.457056,-13.554144,0 -57.456890,-13.553982,0 -57.456723,-13.553819,0 -57.456556,-13.553657,0 -57.456371,-13.553513,0 -57.456204,-13.553350,0 -57.456038,-13.553188,0 -57.455853,-13.553025,0 -57.455686,-13.552863,0 -57.455519,-13.552700,0 -57.455353,-13.552556,0 -57.455167,-13.552394,0 -57.455001,-13.552231,0 -57.454834,-13.552069,0 -57.454667,-13.551906,0 -57.454482,-13.551744,0 -57.454316,-13.551599,0 -57.454149,-13.551437,0 -57.453982,-13.551274,0 -57.453797,-13.551112,0 -57.453631,-13.550950,0 -57.453445,-13.550787,0 -57.453260,-13.550625,0 -57.453094,-13.550444,0 -57.452908,-13.550282,0 -57.452723,-13.550119,0 -57.452557,-13.549957,0 -57.452390,-13.549794,0 -57.452205,-13.549632,0 -57.452038,-13.549488,0 -57.451871,-13.549325,0 -57.451705,-13.549163,0 -57.451538,-13.549018,0 -57.451372,-13.548856,0 -57.451205,-13.548712,0 -57.451038,-13.548549,0 -57.450853,-13.548387,0 -57.450686,-13.548242,0 -57.450520,-13.548080,0 -57.450353,-13.547917,0 -57.450186,-13.547773,0 -57.450020,-13.547611,0 -57.449853,-13.547448,0 -57.449687,-13.547304,0 -57.449501,-13.547141,0 -57.449335,-13.546997,0 -57.449168,-13.546834,0 -57.449001,-13.546672,0 -57.448835,-13.546528,0 -57.448668,-13.546365,0 -57.448502,-13.546203,0 -57.448316,-13.546058,0 -57.448150,-13.545896,0 -57.447983,-13.545733,0 -57.447816,-13.545589,0 -57.447650,-13.545427,0 -57.447483,-13.545264,0 -57.447317,-13.545120,0 -57.447131,-13.544957,0 -57.446965,-13.544795,0 -57.446798,-13.544651,0 -57.446631,-13.544488,0 -57.446446,-13.544326,0 -57.446280,-13.544181,0 -57.446113,-13.544019,0 -57.445946,-13.543856,0 -57.445761,-13.543694,0 -57.445595,-13.543550,0 -57.445428,-13.543387,0 -57.445261,-13.543225,0 -57.445095,-13.543080,0 -57.444910,-13.542918,0 -57.444743,-13.542755,0 -57.444576,-13.542593,0 -57.444410,-13.542449,0 -57.444224,-13.542286,0 -57.444058,-13.542124,0 -57.443891,-13.541979,0 -57.443725,-13.541817,0 -57.443558,-13.541654,0 -57.443373,-13.541510,0 -57.443206,-13.541348,0 -57.443039,-13.541185,0 -57.442873,-13.541023,0 -57.442688,-13.540878,0 -57.442521,-13.540716,0 -57.442354,-13.540553,0 -57.442188,-13.540409,0 -57.442021,-13.540247,0 -57.441836,-13.540084,0 -57.441669,-13.539922,0 -57.441503,-13.539777,0</coordinates></LineString></Placemark>
<Placemark><name>T-23 - 7,05 km</name><description>Maxima 7050 m | Minima 4082 m | Reta 2918 m | 201.87 ha</description><styleUrl>#rota</styleUrl><LineString><tessellate>1</tessellate><coordinates>-57.475369,-13.560747,0 -57.475147,-13.560494,0 -57.475091,-13.560332,0 -57.475127,-13.559916,0 -57.474904,-13.559554,0 -57.474959,-13.559301,0 -57.474811,-13.559084,0 -57.474644,-13.558886,0 -57.474348,-13.558543,0 -57.474126,-13.558398,0 -57.473811,-13.558236,0 -57.473608,-13.558110,0 -57.473423,-13.557984,0 -57.473219,-13.557858,0 -57.473034,-13.557731,0 -57.472849,-13.557605,0 -57.472645,-13.557497,0 -57.472460,-13.557371,0 -57.472257,-13.557245,0 -57.472071,-13.557118,0 -57.471868,-13.556992,0 -57.471683,-13.556866,0 -57.471479,-13.556740,0 -57.471294,-13.556632,0 -57.471091,-13.556505,0 -57.470906,-13.556379,0 -57.470702,-13.556253,0 -57.470517,-13.556127,0 -57.470313,-13.556000,0 -57.470128,-13.555874,0 -57.469925,-13.555766,0 -57.469740,-13.555640,0 -57.469536,-13.555514,0 -57.469351,-13.555387,0 -57.469073,-13.555171,0 -57.468814,-13.554918,0 -57.468647,-13.554720,0 -57.468480,-13.554539,0 -57.468314,-13.554340,0 -57.468128,-13.554070,0 -57.467924,-13.553781,0 -57.467795,-13.553564,0 -57.467683,-13.553437,0 -57.467516,-13.553148,0 -57.467313,-13.552968,0 -57.467109,-13.552787,0 -57.466813,-13.552553,0 -57.466591,-13.552481,0 -57.466369,-13.552409,0 -57.466147,-13.552337,0 -57.465870,-13.552247,0 -57.465648,-13.552175,0 -57.465407,-13.552103,0 -57.465167,-13.552013,0 -57.464926,-13.551942,0 -57.464704,-13.551870,0 -57.464445,-13.551798,0 -57.464205,-13.551744,0 -57.464001,-13.551545,0 -57.463798,-13.551365,0 -57.463649,-13.551112,0 -57.463482,-13.550859,0 -57.463297,-13.550570,0 -57.463204,-13.550317,0 -57.463093,-13.550064,0 -57.463000,-13.549829,0 -57.462851,-13.549504,0 -57.462666,-13.549161,0 -57.462517,-13.548854,0 -57.462351,-13.548655,0 -57.462184,-13.548456,0 -57.462036,-13.548294,0 -57.461869,-13.548095,0 -57.461628,-13.547734,0 -57.461498,-13.547463,0 -57.461350,-13.547174,0 -57.461127,-13.546777,0 -57.460997,-13.546596,0 -57.460849,-13.546415,0 -57.460701,-13.546235,0 -57.460553,-13.546054,0 -57.460423,-13.545874,0 -57.460275,-13.545693,0 -57.460127,-13.545513,0 -57.459978,-13.545332,0 -57.459737,-13.544989,0 -57.459645,-13.544772,0 -57.459552,-13.544573,0 -57.459440,-13.544356,0 -57.459348,-13.544158,0 -57.459255,-13.543941,0 -57.459143,-13.543724,0 -57.459051,-13.543525,0 -57.458958,-13.543308,0 -57.458865,-13.543110,0 -57.458754,-13.542893,0 -57.458642,-13.542549,0 -57.458624,-13.542477,0 -57.458549,-13.542351,0 -57.458161,-13.542225,0 -57.457754,-13.542207,0 -57.457477,-13.542190,0 -57.457200,-13.542172,0 -57.456978,-13.542173,0 -57.456738,-13.542155,0 -57.456516,-13.542137,0 -57.456275,-13.542138,0 -57.456054,-13.542120,0 -57.455813,-13.542121,0 -57.455592,-13.542103,0 -57.455259,-13.542067,0 -57.455018,-13.541995,0 -57.454796,-13.541942,0 -57.454575,-13.541888,0 -57.454297,-13.541744,0 -57.454019,-13.541599,0 -57.453779,-13.541473,0 -57.453538,-13.541365,0 -57.453224,-13.541239,0 -57.453002,-13.541131,0 -57.452780,-13.541023,0 -57.452558,-13.540933,0 -57.452354,-13.540825,0 -57.452132,-13.540717,0 -57.451929,-13.540609,0 -57.451707,-13.540500,0 -57.451448,-13.540392,0 -57.451189,-13.540284,0 -57.450930,-13.540176,0 -57.450671,-13.540068,0 -57.450394,-13.539978,0 -57.450098,-13.539889,0 -57.449820,-13.539799,0 -57.449598,-13.539727,0 -57.449376,-13.539655,0 -57.449155,-13.539601,0 -57.448933,-13.539529,0 -57.448711,-13.539457,0 -57.448489,-13.539403,0 -57.448267,-13.539331,0 -57.448045,-13.539259,0 -57.447823,-13.539205,0 -57.447601,-13.539133,0 -57.447379,-13.539080,0 -57.447139,-13.539008,0 -57.446917,-13.538936,0 -57.446695,-13.538882,0 -57.446473,-13.538810,0 -57.446251,-13.538738,0 -57.446029,-13.538684,0 -57.445807,-13.538612,0 -57.445585,-13.538558,0 -57.445363,-13.538486,0 -57.445141,-13.538414,0 -57.444901,-13.538361,0 -57.444679,-13.538289,0 -57.444439,-13.538217,0 -57.444198,-13.538145,0 -57.443976,-13.538091,0 -57.443736,-13.538019,0 -57.443496,-13.537947,0 -57.443255,-13.537875,0 -57.443015,-13.537785,0 -57.442774,-13.537713,0 -57.442534,-13.537641,0 -57.442293,-13.537570,0 -57.442053,-13.537498,0 -57.441813,-13.537426,0 -57.441684,-13.537625,0 -57.441536,-13.537806,0 -57.441389,-13.538005,0 -57.441241,-13.538186,0 -57.441094,-13.538385,0 -57.440964,-13.538567,0 -57.440817,-13.538766,0 -57.440651,-13.538983,0 -57.440504,-13.539182,0 -57.440374,-13.539363,0 -57.440227,-13.539544,0 -57.440079,-13.539725,0 -57.439895,-13.539961,0 -57.439748,-13.540160,0 -57.439526,-13.540468,0 -57.439323,-13.540721,0 -57.439176,-13.540921,0 -57.439047,-13.541102,0 -57.438899,-13.541283,0 -57.438770,-13.541464,0 -57.438641,-13.541645,0 -57.438494,-13.541844,0 -57.438365,-13.542025,0 -57.438236,-13.542206,0 -57.438070,-13.542405,0 -57.437922,-13.542605,0 -57.437775,-13.542822,0 -57.437609,-13.543021,0 -57.437461,-13.543220,0 -57.437314,-13.543438,0 -57.437148,-13.543637,0 -57.437000,-13.543836,0 -57.436871,-13.544017,0 -57.436724,-13.544198,0 -57.436595,-13.544379,0 -57.436447,-13.544560,0 -57.436318,-13.544759,0 -57.436189,-13.544941,0 -57.436078,-13.545104,0 -57.435949,-13.545285,0 -57.435802,-13.545484,0 -57.435673,-13.545665,0 -57.435525,-13.545846,0 -57.435396,-13.546027,0 -57.435249,-13.546208,0 -57.435119,-13.546389,0 -57.434990,-13.546570,0 -57.434843,-13.546751,0 -57.434714,-13.546932,0 -57.434566,-13.547113,0 -57.434437,-13.547295,0 -57.434290,-13.547476,0 -57.434161,-13.547657,0 -57.434013,-13.547838,0 -57.433884,-13.548019,0 -57.433755,-13.548218,0 -57.433607,-13.548399,0 -57.433478,-13.548580,0 -57.433331,-13.548761,0 -57.433183,-13.548960,0 -57.433054,-13.549123,0 -57.432907,-13.549323,0 -57.432778,-13.549486,0 -57.432649,-13.549667,0 -57.432520,-13.549848,0 -57.432354,-13.550065,0 -57.432206,-13.550264,0 -57.431966,-13.550572,0 -57.431800,-13.550807,0 -57.431653,-13.551007,0 -57.431524,-13.551188,0 -57.431376,-13.551369,0 -57.431136,-13.551677,0 -57.431007,-13.551858,0 -57.430860,-13.552039,0 -57.430731,-13.552220,0 -57.430583,-13.552401,0 -57.430362,-13.552727,0 -57.430215,-13.552926,0 -57.430067,-13.553125,0 -57.429919,-13.553324,0 -57.429772,-13.553524,0</coordinates></LineString></Placemark>
<Placemark><name>T-24 - 11,44 km</name><description>Maxima 11443 m | Minima 9772 m | Reta 7315 m | 83.32 ha</description><styleUrl>#rota</styleUrl><LineString><tessellate>1</tessellate><coordinates>-57.475369,-13.560747,0 -57.475518,-13.561108,0 -57.475666,-13.561470,0 -57.475575,-13.561850,0 -57.475704,-13.562066,0 -57.475853,-13.562265,0 -57.475982,-13.562464,0 -57.476131,-13.562681,0 -57.476242,-13.562915,0 -57.476372,-13.563150,0 -57.476483,-13.563385,0 -57.476613,-13.563638,0 -57.476688,-13.563927,0 -57.476762,-13.564216,0 -57.476818,-13.564433,0 -57.476874,-13.564650,0 -57.476930,-13.564885,0 -57.476986,-13.565102,0 -57.477023,-13.565319,0 -57.477079,-13.565536,0 -57.477135,-13.565825,0 -57.477191,-13.566024,0 -57.477265,-13.566259,0 -57.477099,-13.566440,0 -57.476933,-13.566603,0 -57.476767,-13.566784,0 -57.476601,-13.566947,0 -57.476454,-13.567129,0 -57.476288,-13.567292,0 -57.476122,-13.567473,0 -57.475956,-13.567636,0 -57.475808,-13.567817,0 -57.475642,-13.567980,0 -57.475476,-13.568161,0 -57.475310,-13.568324,0 -57.475144,-13.568487,0 -57.474997,-13.568669,0 -57.474830,-13.568832,0 -57.474664,-13.569013,0 -57.474498,-13.569176,0 -57.474332,-13.569357,0 -57.474185,-13.569520,0 -57.474019,-13.569701,0 -57.473853,-13.569882,0 -57.473705,-13.570045,0 -57.473539,-13.570208,0 -57.473373,-13.570371,0 -57.473226,-13.570553,0 -57.473060,-13.570716,0 -57.472894,-13.570879,0 -57.472728,-13.571042,0 -57.472580,-13.571223,0 -57.472414,-13.571386,0 -57.472248,-13.571549,0 -57.472100,-13.571712,0 -57.471934,-13.571875,0 -57.471768,-13.572056,0 -57.471602,-13.572219,0 -57.471436,-13.572401,0 -57.471289,-13.572546,0 -57.471141,-13.572727,0 -57.470975,-13.572908,0 -57.470754,-13.573125,0 -57.470588,-13.573288,0 -57.470422,-13.573469,0 -57.470256,-13.573651,0 -57.470090,-13.573814,0 -57.469923,-13.573995,0 -57.469776,-13.574158,0 -57.469610,-13.574339,0 -57.469444,-13.574502,0 -57.469278,-13.574683,0 -57.469112,-13.574846,0 -57.468816,-13.575100,0 -57.468650,-13.575263,0 -57.468503,-13.575426,0 -57.468337,-13.575589,0 -57.468189,-13.575752,0 -57.468023,-13.575933,0 -57.467857,-13.576096,0 -57.467710,-13.576259,0 -57.467544,-13.576423,0 -57.467377,-13.576586,0 -57.467230,-13.576749,0 -57.467064,-13.576912,0 -57.466898,-13.577075,0 -57.466750,-13.577238,0 -57.466584,-13.577419,0 -57.466418,-13.577582,0 -57.466271,-13.577745,0 -57.466105,-13.577908,0 -57.465938,-13.578071,0 -57.465791,-13.578234,0 -57.465625,-13.578397,0 -57.465477,-13.578560,0 -57.465311,-13.578723,0 -57.465145,-13.578905,0 -57.464998,-13.579068,0 -57.464832,-13.579231,0 -57.464665,-13.579394,0 -57.464518,-13.579557,0 -57.464352,-13.579720,0 -57.464186,-13.579883,0 -57.464038,-13.580046,0 -57.463872,-13.580209,0 -57.463706,-13.580390,0 -57.463559,-13.580553,0 -57.463392,-13.580716,0 -57.463245,-13.580879,0 -57.463079,-13.581042,0 -57.462913,-13.581205,0 -57.462765,-13.581368,0 -57.462599,-13.581531,0 -57.462433,-13.581695,0 -57.462286,-13.581858,0 -57.462119,-13.582039,0 -57.461953,-13.582202,0 -57.461806,-13.582365,0 -57.461640,-13.582528,0 -57.461474,-13.582691,0 -57.461326,-13.582854,0 -57.461068,-13.583126,0 -57.460902,-13.583289,0 -57.460736,-13.583452,0 -57.460588,-13.583615,0 -57.460422,-13.583778,0 -57.460256,-13.583959,0 -57.460108,-13.584122,0 -57.459942,-13.584285,0 -57.459776,-13.584448,0 -57.459629,-13.584611,0 -57.459463,-13.584774,0 -57.459297,-13.584937,0 -57.459149,-13.585100,0 -57.458983,-13.585263,0 -57.458817,-13.585427,0 -57.458669,-13.585608,0 -57.458503,-13.585771,0 -57.458337,-13.585934,0 -57.458171,-13.586097,0 -57.458024,-13.586260,0 -57.457857,-13.586423,0 -57.457691,-13.586586,0 -57.457544,-13.586749,0 -57.457378,-13.586912,0 -57.457230,-13.587075,0 -57.457064,-13.587238,0 -57.456898,-13.587419,0 -57.456750,-13.587582,0 -57.456584,-13.587745,0 -57.456418,-13.587908,0 -57.456271,-13.588072,0 -57.456105,-13.588235,0 -57.455957,-13.588398,0 -57.455791,-13.588561,0 -57.455625,-13.588724,0 -57.455477,-13.588887,0 -57.455311,-13.589050,0 -57.455145,-13.589213,0 -57.454998,-13.589376,0 -57.454832,-13.589557,0 -57.454684,-13.589720,0 -57.454518,-13.589883,0 -57.454352,-13.590046,0 -57.454204,-13.590209,0 -57.454038,-13.590372,0 -57.453872,-13.590535,0 -57.453725,-13.590698,0 -57.453558,-13.590861,0 -57.453411,-13.591024,0 -57.453245,-13.591187,0 -57.453079,-13.591351,0 -57.452931,-13.591532,0 -57.452765,-13.591695,0 -57.452599,-13.591858,0 -57.452451,-13.592021,0 -57.452285,-13.592184,0 -57.452138,-13.592347,0 -57.451972,-13.592510,0 -57.451806,-13.592691,0 -57.451658,-13.592854,0 -57.451492,-13.593017,0 -57.451344,-13.593180,0 -57.451178,-13.593343,0 -57.451012,-13.593506,0 -57.450865,-13.593687,0 -57.450699,-13.593850,0 -57.450532,-13.594014,0 -57.450385,-13.594177,0 -57.450219,-13.594340,0 -57.450071,-13.594503,0 -57.449905,-13.594684,0 -57.449739,-13.594847,0 -57.449591,-13.595010,0 -57.449425,-13.595173,0 -57.449259,-13.595336,0 -57.449112,-13.595499,0 -57.448946,-13.595680,0 -57.448798,-13.595843,0 -57.448632,-13.596006,0 -57.448447,-13.595862,0 -57.448280,-13.595699,0 -57.448113,-13.595537,0 -57.447947,-13.595374,0 -57.447762,-13.595212,0 -57.447595,-13.595050,0 -57.447428,-13.594887,0 -57.447243,-13.594743,0 -57.447076,-13.594580,0 -57.446910,-13.594418,0 -57.446724,-13.594255,0 -57.446558,-13.594093,0 -57.446391,-13.593931,0 -57.446224,-13.593786,0 -57.446039,-13.593624,0 -57.445873,-13.593461,0 -57.445706,-13.593299,0 -57.445521,-13.593136,0 -57.445354,-13.592974,0 -57.445187,-13.592830,0 -57.445021,-13.592667,0 -57.444835,-13.592505,0 -57.444669,-13.592342,0 -57.444502,-13.592180,0 -57.444317,-13.592017,0 -57.444150,-13.591873,0 -57.443984,-13.591711,0 -57.443817,-13.591548,0 -57.443632,-13.591386,0 -57.443465,-13.591223,0 -57.443298,-13.591061,0 -57.443113,-13.590916,0 -57.442947,-13.590754,0 -57.442780,-13.590591,0 -57.442613,-13.590429,0 -57.442428,-13.590267,0 -57.442261,-13.590104,0 -57.442095,-13.589960,0 -57.441781,-13.590159,0 -57.441559,-13.590304,0 -57.441356,-13.590431,0 -57.441005,-13.590595,0 -57.440802,-13.590722,0 -57.440580,-13.590867,0 -57.440377,-13.591012,0 -57.440137,-13.591157,0 -57.439916,-13.591302,0 -57.439676,-13.591447,0 -57.439454,-13.591592,0 -57.439214,-13.591737,0 -57.438918,-13.591828,0 -57.438604,-13.591919,0 -57.438364,-13.592028,0 -57.438105,-13.592119,0 -57.437847,-13.592210,0 -57.437588,-13.592301,0 -57.437348,-13.592373,0 -57.437108,-13.592446,0 -57.436867,-13.592519,0 -57.436627,-13.592592,0 -57.436368,-13.592646,0 -57.436128,-13.592719,0 -57.435869,-13.592719,0 -57.435518,-13.592612,0 -57.435240,-13.592377,0 -57.435074,-13.592269,0 -57.434925,-13.592088,0 -57.434629,-13.592016,0 -57.434204,-13.592089,0 -57.433872,-13.592072,0 -57.433650,-13.592108,0 -57.433373,-13.592109,0 -57.433095,-13.591911,0 -57.432891,-13.591658,0 -57.432761,-13.591441,0 -57.432631,-13.591242,0 -57.432502,-13.591043,0 -57.432372,-13.590845,0 -57.432242,-13.590628,0 -57.432112,-13.590429,0 -57.431983,-13.590213,0 -57.431871,-13.589996,0 -57.431760,-13.589761,0 -57.431630,-13.589526,0 -57.431519,-13.589291,0 -57.431389,-13.589056,0 -57.431185,-13.588840,0 -57.430944,-13.588623,0 -57.430611,-13.588551,0 -57.430334,-13.588570,0 -57.430075,-13.588570,0 -57.429817,-13.588589,0 -57.429558,-13.588589,0 -57.429299,-13.588590,0 -57.429022,-13.588608,0 -57.428763,-13.588609,0 -57.428522,-13.588591,0 -57.428264,-13.588591,0 -57.428023,-13.588574,0 -57.427764,-13.588556,0 -57.427506,-13.588557,0 -57.427265,-13.588539,0 -57.427006,-13.588521,0 -57.426766,-13.588522,0 -57.426526,-13.588522,0 -57.426267,-13.588541,0 -57.426027,-13.588541,0 -57.425768,-13.588559,0 -57.425527,-13.588560,0 -57.425139,-13.588542,0 -57.424917,-13.588543,0 -57.424677,-13.588525,0 -57.424437,-13.588526,0 -57.424159,-13.588508,0 -57.423882,-13.588508,0 -57.423586,-13.588509,0 -57.423309,-13.588491,0 -57.423032,-13.588492,0 -57.422754,-13.588492,0 -57.422477,-13.588493,0 -57.422200,-13.588493,0 -57.421941,-13.588421,0 -57.421793,-13.588349,0 -57.421515,-13.588187,0 -57.421311,-13.588043,0 -57.421108,-13.587898,0 -57.420886,-13.587754,0 -57.420682,-13.587610,0 -57.420497,-13.587538,0 -57.420257,-13.587574,0 -57.420017,-13.587611,0 -57.419776,-13.587629,0 -57.419536,-13.587666,0 -57.419296,-13.587702,0 -57.418926,-13.587703,0 -57.418686,-13.587740,0 -57.418427,-13.587776,0 -57.418187,-13.587813,0 -57.417946,-13.587849,0 -57.417706,-13.587886,0 -57.417447,-13.587923,0 -57.417207,-13.587959,0 -57.416948,-13.587996,0 -57.416690,-13.588032,0 -57.416431,-13.588069,0 -57.416172,-13.588105,0 -57.415895,-13.588142,0 -57.415636,-13.588179,0 -57.415377,-13.588215,0 -57.415026,-13.588198,0 -57.414749,-13.588198,0 -57.414471,-13.588199,0 -57.414194,-13.588199,0 -57.413898,-13.588109,0 -57.413602,-13.588001,0 -57.413325,-13.587929,0 -57.413158,-13.587893,0 -57.412899,-13.587804,0 -57.412603,-13.587732,0 -57.412363,-13.587660,0 -57.412141,-13.587588,0 -57.411938,-13.587516,0 -57.411679,-13.587426,0 -57.411420,-13.587336,0 -57.411161,-13.587210,0 -57.410920,-13.587065,0 -57.410698,-13.586939,0 -57.410494,-13.586831,0 -57.410291,-13.586705,0 -57.410032,-13.586579,0 -57.409754,-13.586434,0 -57.409477,-13.586308,0 -57.409273,-13.586200,0 -57.409051,-13.586092,0 -57.408829,-13.585984,0 -57.408552,-13.585839,0 -57.408403,-13.585749,0 -57.408163,-13.585605,0 -57.407941,-13.585461,0 -57.407700,-13.585298,0 -57.407460,-13.585154,0 -57.407238,-13.585028,0 -57.406997,-13.584884,0 -57.406775,-13.584739,0 -57.406609,-13.584812,0 -57.406516,-13.584902,0 -57.406258,-13.585246,0 -57.406129,-13.585428,0 -57.405908,-13.585663,0 -57.405705,-13.585916,0 -57.405502,-13.586170,0 -57.405354,-13.586369,0 -57.405207,-13.586568,0 -57.405078,-13.586767,0 -57.404930,-13.586967,0 -57.404746,-13.587256,0 -57.404598,-13.587455,0 -57.404450,-13.587655,0 -57.404303,-13.587854,0 -57.404155,-13.588053,0 -57.404008,-13.588252,0 -57.403860,-13.588451,0 -57.403713,-13.588650,0 -57.403584,-13.588850,0 -57.403455,-13.589049,0 -57.403325,-13.589248,0 -57.403529,-13.589519,0 -57.403696,-13.589645,0 -57.403863,-13.589789,0 -57.404029,-13.589952,0 -57.404214,-13.590096,0 -57.404381,-13.590277,0 -57.404548,-13.590457,0 -57.404714,-13.590620,0 -57.404900,-13.590801,0 -57.405103,-13.590963,0 -57.405325,-13.591125,0 -57.405547,-13.591270,0</coordinates></LineString></Placemark>
<Placemark><name>T-25 - 2,63 km</name><description>Maxima 2635 m | Minima 1629 m | Reta 1077 m | 19.78 ha</description><styleUrl>#rota</styleUrl><LineString><tessellate>1</tessellate><coordinates>-57.475369,-13.560747,0 -57.475147,-13.560494,0 -57.475091,-13.560332,0 -57.475127,-13.559916,0 -57.474904,-13.559554,0 -57.474959,-13.559301,0 -57.475218,-13.559138,0 -57.475458,-13.558993,0 -57.475698,-13.558848,0 -57.475919,-13.558702,0 -57.476123,-13.558575,0 -57.476344,-13.558430,0 -57.476566,-13.558285,0 -57.476769,-13.558140,0 -57.476972,-13.558013,0 -57.477175,-13.557886,0 -57.477378,-13.557759,0 -57.477581,-13.557614,0 -57.477784,-13.557505,0 -57.477987,-13.557415,0 -57.478209,-13.557306,0 -57.478430,-13.557215,0 -57.478652,-13.557142,0 -57.478892,-13.557051,0 -57.479114,-13.556978,0 -57.479336,-13.556887,0 -57.479576,-13.556815,0 -57.479797,-13.556742,0 -57.480037,-13.556651,0 -57.480278,-13.556578,0 -57.480536,-13.556505,0 -57.480776,-13.556451,0 -57.481035,-13.556378,0 -57.481275,-13.556305,0 -57.481515,-13.556232,0 -57.481756,-13.556178,0 -57.481996,-13.556105,0 -57.482236,-13.555905,0 -57.482290,-13.555580,0 -57.482327,-13.555236,0 -57.482345,-13.555001,0 -57.482344,-13.554766,0 -57.482362,-13.554513,0 -57.482362,-13.554278,0 -57.482343,-13.554042,0 -57.482324,-13.553826,0 -57.482305,-13.553590,0 -57.482249,-13.553337,0 -57.482193,-13.553084,0 -57.482174,-13.552795,0 -57.482136,-13.552524,0 -57.482099,-13.552253,0 -57.482061,-13.552018,0 -57.482024,-13.551783,0 -57.481912,-13.551475,0 -57.481672,-13.551187,0 -57.481394,-13.551151,0 -57.481117,-13.551133,0 -57.480821,-13.551098,0 -57.480544,-13.551080,0 -57.480303,-13.551026,0 -57.480063,-13.550991,0 -57.479841,-13.550937,0 -57.479527,-13.550919,0 -57.479231,-13.550920,0 -57.478972,-13.550902,0 -57.478714,-13.550885,0 -57.478529,-13.550831,0 -57.478196,-13.550705,0 -57.477826,-13.550597,0 -57.477382,-13.550526,0 -57.477049,-13.550400,0 -57.476772,-13.550310,0 -57.476476,-13.550220,0 -57.476217,-13.550112,0 -57.475939,-13.550022,0 -57.475699,-13.549968,0 -57.475440,-13.549896,0 -57.475310,-13.549770,0 -57.475347,-13.549481,0 -57.475383,-13.549191,0 -57.475419,-13.548884,0 -57.475474,-13.548667,0 -57.475511,-13.548431,0 -57.475566,-13.548214,0 -57.475602,-13.547979,0 -57.475657,-13.547762,0 -57.475731,-13.547545,0</coordinates></LineString></Placemark>
<Placemark><name>T-26 - 2,08 km</name><description>Maxima 2077 m | Minima 1126 m | Reta 836 m | 18.11 ha</description><styleUrl>#rota</styleUrl><LineString><tessellate>1</tessellate><coordinates>-57.475369,-13.560747,0 -57.475147,-13.560494,0 -57.475091,-13.560332,0 -57.475127,-13.559916,0 -57.474904,-13.559554,0 -57.474959,-13.559301,0 -57.475218,-13.559138,0 -57.475458,-13.558993,0 -57.475698,-13.558848,0 -57.475919,-13.558702,0 -57.476123,-13.558575,0 -57.476344,-13.558430,0 -57.476566,-13.558285,0 -57.476769,-13.558140,0 -57.476972,-13.558013,0 -57.477175,-13.557886,0 -57.477378,-13.557759,0 -57.477581,-13.557614,0 -57.477784,-13.557505,0 -57.477987,-13.557415,0 -57.478209,-13.557306,0 -57.478430,-13.557215,0 -57.478652,-13.557142,0 -57.478892,-13.557051,0 -57.479114,-13.556978,0 -57.479336,-13.556887,0 -57.479576,-13.556815,0 -57.479797,-13.556742,0 -57.480037,-13.556651,0 -57.480278,-13.556578,0 -57.480536,-13.556505,0 -57.480776,-13.556451,0 -57.481035,-13.556378,0 -57.481275,-13.556305,0 -57.481515,-13.556232,0 -57.481756,-13.556178,0 -57.481996,-13.556105,0 -57.482236,-13.556032,0 -57.482476,-13.555977,0 -57.482735,-13.555922,0 -57.482975,-13.555868,0 -57.483215,-13.555795,0 -57.483474,-13.555740,0 -57.483714,-13.555685,0 -57.483954,-13.555613,0 -57.484194,-13.555558,0 -57.484416,-13.555467,0 -57.484638,-13.555394,0 -57.484859,-13.555304,0 -57.485081,-13.555213,0 -57.485302,-13.555122,0 -57.485506,-13.555049,0 -57.485561,-13.555049,0 -57.485764,-13.554904,0 -57.485653,-13.554687,0 -57.485560,-13.554470,0 -57.485449,-13.554253,0 -57.485356,-13.554019,0 -57.485244,-13.553802,0 -57.485151,-13.553585,0 -57.485040,-13.553350,0 -57.484947,-13.553133,0 -57.484799,-13.552844,0 -57.484669,-13.552537,0 -57.484576,-13.552320,0 -57.484465,-13.552121,0 -57.484372,-13.551905,0 -57.484279,-13.551688,0 -57.484168,-13.551471,0 -57.484075,-13.551254,0 -57.483982,-13.551037,0 -57.483870,-13.550821,0 -57.483778,-13.550622,0 -57.483685,-13.550405,0</coordinates></LineString></Placemark>
<Placemark><name>T-27 - 2,48 km</name><description>Maxima 2481 m | Minima 1126 m | Reta 628 m | 70.98 ha</description><styleUrl>#rota</styleUrl><LineString><tessellate>1</tessellate><coordinates>-57.475369,-13.560747,0 -57.475518,-13.561108,0 -57.475666,-13.561470,0 -57.475575,-13.561850,0 -57.475704,-13.562066,0 -57.475853,-13.562265,0 -57.475982,-13.562464,0 -57.476131,-13.562681,0 -57.476242,-13.562915,0 -57.476372,-13.563150,0 -57.476483,-13.563385,0 -57.476613,-13.563638,0 -57.476688,-13.563927,0 -57.476762,-13.564216,0 -57.476818,-13.564433,0 -57.476874,-13.564650,0 -57.476930,-13.564885,0 -57.476986,-13.565102,0 -57.477023,-13.565319,0 -57.477079,-13.565536,0 -57.477135,-13.565825,0 -57.477191,-13.566024,0 -57.477265,-13.566259,0 -57.477469,-13.566458,0 -57.477784,-13.566547,0 -57.478080,-13.566691,0 -57.478357,-13.566836,0 -57.478746,-13.566998,0 -57.478986,-13.567088,0 -57.479208,-13.567196,0 -57.479523,-13.567322,0 -57.479763,-13.567484,0 -57.480059,-13.567610,0 -57.480318,-13.567591,0 -57.480558,-13.567555,0 -57.480817,-13.567500,0 -57.481076,-13.567427,0 -57.481334,-13.567372,0 -57.481630,-13.567299,0 -57.481926,-13.567227,0 -57.482184,-13.567172,0 -57.482425,-13.567135,0 -57.482683,-13.567080,0 -57.482924,-13.567044,0 -57.483164,-13.566989,0 -57.483552,-13.566970,0 -57.483866,-13.566879,0 -57.484236,-13.567023,0 -57.484273,-13.567258,0 -57.484329,-13.567547,0 -57.484533,-13.567420,0 -57.484736,-13.567312,0 -57.484939,-13.567203,0 -57.485142,-13.567094,0 -57.485345,-13.566985,0 -57.485567,-13.566876,0 -57.485770,-13.566767,0 -57.485973,-13.566640,0 -57.486176,-13.566531,0 -57.486379,-13.566422,0 -57.486582,-13.566313,0 -57.486785,-13.566204,0 -57.486988,-13.566096,0 -57.487192,-13.565987,0 -57.487413,-13.565860,0 -57.487616,-13.565751,0 -57.487819,-13.565642,0 -57.488022,-13.565533,0 -57.488226,-13.565424,0 -57.488429,-13.565315,0 -57.488632,-13.565206,0 -57.488835,-13.565079,0 -57.489038,-13.564970,0 -57.489260,-13.564861,0 -57.489463,-13.564752,0 -57.489666,-13.564644,0 -57.489869,-13.564535,0 -57.490072,-13.564426,0 -57.489942,-13.564137,0 -57.489831,-13.563902,0 -57.489738,-13.563667,0 -57.489626,-13.563432,0 -57.489515,-13.563197,0 -57.489422,-13.562962,0</coordinates></LineString></Placemark>
<Placemark><name>T-28 - 3,51 km</name><description>Maxima 3511 m | Minima 1594 m | Reta 1229 m | 88.51 ha</description><styleUrl>#rota</styleUrl><LineString><tessellate>1</tessellate><coordinates>-57.475369,-13.560747,0 -57.475518,-13.561108,0 -57.475666,-13.561470,0 -57.475575,-13.561850,0 -57.475704,-13.562066,0 -57.475853,-13.562265,0 -57.475982,-13.562464,0 -57.476131,-13.562681,0 -57.476242,-13.562915,0 -57.476372,-13.563150,0 -57.476483,-13.563385,0 -57.476613,-13.563638,0 -57.476688,-13.563927,0 -57.476762,-13.564216,0 -57.476818,-13.564433,0 -57.476874,-13.564650,0 -57.476930,-13.564885,0 -57.476986,-13.565102,0 -57.477023,-13.565319,0 -57.477079,-13.565536,0 -57.477135,-13.565825,0 -57.477191,-13.566024,0 -57.477265,-13.566259,0 -57.477469,-13.566458,0 -57.477784,-13.566547,0 -57.478080,-13.566691,0 -57.478357,-13.566836,0 -57.478746,-13.566998,0 -57.478986,-13.567088,0 -57.479208,-13.567196,0 -57.479523,-13.567322,0 -57.479763,-13.567484,0 -57.480059,-13.567610,0 -57.480318,-13.567591,0 -57.480558,-13.567555,0 -57.480817,-13.567500,0 -57.481076,-13.567427,0 -57.481334,-13.567372,0 -57.481630,-13.567299,0 -57.481926,-13.567227,0 -57.482184,-13.567172,0 -57.482425,-13.567135,0 -57.482683,-13.567080,0 -57.482924,-13.567044,0 -57.483164,-13.566989,0 -57.483552,-13.566970,0 -57.483866,-13.566879,0 -57.484236,-13.567023,0 -57.484273,-13.567258,0 -57.484311,-13.567493,0 -57.484385,-13.567710,0 -57.484441,-13.567927,0 -57.484516,-13.568162,0 -57.484590,-13.568379,0 -57.484664,-13.568614,0 -57.484739,-13.568849,0 -57.484813,-13.569084,0 -57.484888,-13.569337,0 -57.484962,-13.569572,0 -57.485037,-13.569825,0 -57.485111,-13.570060,0 -57.485204,-13.570403,0 -57.485223,-13.570674,0 -57.485242,-13.570945,0 -57.485261,-13.571217,0 -57.485262,-13.571488,0 -57.485281,-13.571741,0 -57.485300,-13.572012,0 -57.485300,-13.572265,0 -57.485319,-13.572501,0 -57.485320,-13.572736,0 -57.485339,-13.572971,0 -57.485339,-13.573206,0 -57.485358,-13.573423,0 -57.485377,-13.573658,0 -57.485378,-13.573911,0 -57.485378,-13.574164,0 -57.485397,-13.574435,0 -57.485398,-13.574707,0 -57.485454,-13.575086,0 -57.485492,-13.575538,0 -57.485492,-13.575629,0 -57.485604,-13.575936,0 -57.485715,-13.576225,0 -57.485808,-13.576478,0 -57.485938,-13.576803,0 -57.486105,-13.577110,0 -57.486161,-13.577183,0 -57.486420,-13.577399,0 -57.486531,-13.577489,0 -57.486734,-13.577362,0 -57.486937,-13.577253,0 -57.487140,-13.577127,0 -57.487343,-13.577000,0 -57.487547,-13.576891,0 -57.487731,-13.576764,0 -57.487934,-13.576637,0 -57.488137,-13.576510,0 -57.488340,-13.576401,0 -57.488544,-13.576274,0 -57.488747,-13.576147,0 -57.488950,-13.576038,0 -57.489153,-13.575911,0 -57.489337,-13.575784,0 -57.489541,-13.575675,0 -57.489744,-13.575548,0 -57.489947,-13.575421,0 -57.490150,-13.575312,0 -57.490353,-13.575185,0 -57.490556,-13.575058,0 -57.490759,-13.574931,0 -57.490962,-13.574822,0 -57.491147,-13.574695,0 -57.491350,-13.574568,0 -57.491553,-13.574460,0 -57.491756,-13.574333,0 -57.491959,-13.574206,0 -57.492162,-13.574097,0 -57.492365,-13.573970,0 -57.492568,-13.573843,0</coordinates></LineString></Placemark>
<Placemark><name>T-29 - 4,50 km</name><description>Maxima 4495 m | Minima 2743 m | Reta 2237 m | 75.31 ha</description><styleUrl>#rota</styleUrl><LineString><tessellate>1</tessellate><coordinates>-57.475369,-13.560747,0 -57.475518,-13.561108,0 -57.475666,-13.561470,0 -57.475575,-13.561850,0 -57.475704,-13.562066,0 -57.475853,-13.562265,0 -57.475982,-13.562464,0 -57.476131,-13.562681,0 -57.476242,-13.562915,0 -57.476372,-13.563150,0 -57.476483,-13.563385,0 -57.476613,-13.563638,0 -57.476688,-13.563927,0 -57.476762,-13.564216,0 -57.476818,-13.564433,0 -57.476874,-13.564650,0 -57.476930,-13.564885,0 -57.476986,-13.565102,0 -57.477023,-13.565319,0 -57.477079,-13.565536,0 -57.477135,-13.565825,0 -57.477191,-13.566024,0 -57.477265,-13.566259,0 -57.477469,-13.566458,0 -57.477784,-13.566547,0 -57.478080,-13.566691,0 -57.478357,-13.566836,0 -57.478746,-13.566998,0 -57.478986,-13.567088,0 -57.479208,-13.567196,0 -57.479523,-13.567322,0 -57.479763,-13.567484,0 -57.480059,-13.567610,0 -57.480318,-13.567591,0 -57.480558,-13.567555,0 -57.480817,-13.567500,0 -57.481076,-13.567427,0 -57.481334,-13.567372,0 -57.481630,-13.567299,0 -57.481926,-13.567227,0 -57.482184,-13.567172,0 -57.482425,-13.567135,0 -57.482683,-13.567080,0 -57.482924,-13.567044,0 -57.483164,-13.566989,0 -57.483552,-13.566970,0 -57.483866,-13.566879,0 -57.484236,-13.567023,0 -57.484273,-13.567258,0 -57.484329,-13.567547,0 -57.484533,-13.567420,0 -57.484736,-13.567312,0 -57.484939,-13.567203,0 -57.485142,-13.567094,0 -57.485345,-13.566985,0 -57.485567,-13.566876,0 -57.485770,-13.566767,0 -57.485973,-13.566640,0 -57.486176,-13.566531,0 -57.486379,-13.566422,0 -57.486582,-13.566313,0 -57.486785,-13.566204,0 -57.486988,-13.566096,0 -57.487192,-13.565987,0 -57.487413,-13.565860,0 -57.487616,-13.565751,0 -57.487819,-13.565642,0 -57.488022,-13.565533,0 -57.488226,-13.565424,0 -57.488429,-13.565315,0 -57.488632,-13.565206,0 -57.488835,-13.565079,0 -57.489038,-13.564970,0 -57.489260,-13.564861,0 -57.489463,-13.564752,0 -57.489666,-13.564644,0 -57.489869,-13.564535,0 -57.490072,-13.564426,0 -57.490183,-13.564643,0 -57.490295,-13.564877,0 -57.490388,-13.565112,0 -57.490499,-13.565347,0 -57.490610,-13.565582,0 -57.490722,-13.565817,0 -57.490815,-13.566052,0 -57.490926,-13.566269,0 -57.491019,-13.566485,0 -57.491112,-13.566702,0 -57.491205,-13.566919,0 -57.491316,-13.567136,0 -57.491409,-13.567353,0 -57.491502,-13.567570,0 -57.491613,-13.567786,0 -57.491706,-13.568003,0 -57.491799,-13.568220,0 -57.491892,-13.568437,0 -57.492003,-13.568654,0 -57.492096,-13.568870,0 -57.492189,-13.569087,0 -57.492282,-13.569304,0 -57.492393,-13.569521,0 -57.492486,-13.569738,0 -57.492579,-13.569955,0 -57.492690,-13.570171,0 -57.492783,-13.570388,0 -57.492876,-13.570605,0 -57.492987,-13.570822,0 -57.493080,-13.571039,0 -57.493173,-13.571255,0 -57.493285,-13.571472,0 -57.493377,-13.571689,0 -57.493470,-13.571906,0 -57.493582,-13.572123,0 -57.493675,-13.572339,0 -57.493767,-13.572556,0 -57.493879,-13.572773,0 -57.493972,-13.572990,0 -57.494065,-13.573225,0 -57.494176,-13.573442,0 -57.494269,-13.573677,0 -57.494380,-13.573893,0 -57.494473,-13.574110,0 -57.494566,-13.574309,0 -57.494659,-13.574526,0 -57.494770,-13.574724,0 -57.494863,-13.574941,0 -57.494956,-13.575140,0 -57.495049,-13.575357,0 -57.495142,-13.575556,0 -57.495234,-13.575772,0 -57.495346,-13.575989,0 -57.495439,-13.576188,0 -57.495532,-13.576405,0 -57.495624,-13.576622,0 -57.495717,-13.576838,0 -57.495829,-13.577055,0 -57.495922,-13.577254,0 -57.496033,-13.577507,0 -57.496126,-13.577742,0 -57.496237,-13.577977,0 -57.496349,-13.578211,0 -57.496460,-13.578464,0 -57.496553,-13.578681,0 -57.496664,-13.578880,0 -57.496757,-13.579097,0 -57.496850,-13.579314,0 -57.496943,-13.579530,0 -57.497054,-13.579747,0 -57.497147,-13.579964,0 -57.497259,-13.580163,0 -57.497351,-13.580380,0 -57.497463,-13.580596,0 -57.497556,-13.580813,0 -57.497649,-13.581012,0 -57.497760,-13.581229,0 -57.497853,-13.581446,0 -57.497946,-13.581662,0 -57.498039,-13.581861,0 -57.498131,-13.582078,0 -57.498224,-13.582277,0 -57.498336,-13.582493,0</coordinates></LineString></Placemark>
<Placemark><name>T30 - 7,32 km</name><description>Maxima 7323 m | Minima 5495 m | Reta 5086 m | 43.67 ha</description><styleUrl>#rota</styleUrl><LineString><tessellate>1</tessellate><coordinates>-57.475369,-13.560747,0 -57.475147,-13.560494,0 -57.475091,-13.560332,0 -57.475127,-13.559916,0 -57.474904,-13.559554,0 -57.474959,-13.559301,0 -57.474811,-13.559084,0 -57.474644,-13.558886,0 -57.474348,-13.558543,0 -57.474126,-13.558398,0 -57.473811,-13.558236,0 -57.473608,-13.558110,0 -57.473423,-13.557984,0 -57.473219,-13.557858,0 -57.473034,-13.557731,0 -57.472849,-13.557605,0 -57.472645,-13.557497,0 -57.472460,-13.557371,0 -57.472257,-13.557245,0 -57.472071,-13.557118,0 -57.471868,-13.556992,0 -57.471683,-13.556866,0 -57.471479,-13.556740,0 -57.471294,-13.556632,0 -57.471091,-13.556505,0 -57.470906,-13.556379,0 -57.470702,-13.556253,0 -57.470517,-13.556127,0 -57.470313,-13.556000,0 -57.470128,-13.555874,0 -57.469925,-13.555766,0 -57.469740,-13.555640,0 -57.469536,-13.555514,0 -57.469351,-13.555387,0 -57.469073,-13.555171,0 -57.468814,-13.554918,0 -57.468647,-13.554720,0 -57.468480,-13.554539,0 -57.468314,-13.554340,0 -57.468128,-13.554070,0 -57.467924,-13.553781,0 -57.467795,-13.553564,0 -57.467683,-13.553437,0 -57.467516,-13.553148,0 -57.467313,-13.552968,0 -57.467109,-13.552787,0 -57.466813,-13.552553,0 -57.466591,-13.552481,0 -57.466369,-13.552409,0 -57.466147,-13.552337,0 -57.465870,-13.552247,0 -57.465648,-13.552175,0 -57.465407,-13.552103,0 -57.465167,-13.552013,0 -57.464926,-13.551942,0 -57.464704,-13.551870,0 -57.464445,-13.551798,0 -57.464205,-13.551744,0 -57.464001,-13.551545,0 -57.463798,-13.551365,0 -57.463649,-13.551112,0 -57.463482,-13.550859,0 -57.463297,-13.550570,0 -57.463204,-13.550317,0 -57.463093,-13.550064,0 -57.463000,-13.549829,0 -57.462851,-13.549504,0 -57.462666,-13.549161,0 -57.462517,-13.548854,0 -57.462351,-13.548655,0 -57.462184,-13.548456,0 -57.462036,-13.548294,0 -57.461869,-13.548095,0 -57.461628,-13.547734,0 -57.461498,-13.547463,0 -57.461350,-13.547174,0 -57.461127,-13.546777,0 -57.460997,-13.546596,0 -57.460849,-13.546415,0 -57.460701,-13.546235,0 -57.460553,-13.546054,0 -57.460423,-13.545874,0 -57.460275,-13.545693,0 -57.460127,-13.545513,0 -57.459978,-13.545332,0 -57.459737,-13.544989,0 -57.459645,-13.544772,0 -57.459552,-13.544573,0 -57.459440,-13.544356,0 -57.459348,-13.544158,0 -57.459255,-13.543941,0 -57.459143,-13.543724,0 -57.459051,-13.543525,0 -57.458958,-13.543308,0 -57.458865,-13.543110,0 -57.458754,-13.542893,0 -57.458642,-13.542549,0 -57.458624,-13.542477,0 -57.458549,-13.542351,0 -57.458161,-13.542225,0 -57.457754,-13.542207,0 -57.457477,-13.542190,0 -57.457200,-13.542172,0 -57.456978,-13.542173,0 -57.456738,-13.542155,0 -57.456516,-13.542137,0 -57.456275,-13.542138,0 -57.456054,-13.542120,0 -57.455813,-13.542121,0 -57.455592,-13.542103,0 -57.455259,-13.542067,0 -57.455018,-13.541995,0 -57.454796,-13.541942,0 -57.454575,-13.541888,0 -57.454297,-13.541744,0 -57.454019,-13.541599,0 -57.453779,-13.541473,0 -57.453538,-13.541365,0 -57.453224,-13.541239,0 -57.453002,-13.541131,0 -57.452780,-13.541023,0 -57.452558,-13.540933,0 -57.452354,-13.540825,0 -57.452132,-13.540717,0 -57.451929,-13.540609,0 -57.451707,-13.540500,0 -57.451448,-13.540392,0 -57.451189,-13.540284,0 -57.450930,-13.540176,0 -57.450671,-13.540068,0 -57.450394,-13.539978,0 -57.450098,-13.539889,0 -57.449820,-13.539799,0 -57.449598,-13.539727,0 -57.449376,-13.539655,0 -57.449155,-13.539601,0 -57.448933,-13.539529,0 -57.448711,-13.539457,0 -57.448489,-13.539403,0 -57.448267,-13.539331,0 -57.448045,-13.539259,0 -57.447823,-13.539205,0 -57.447601,-13.539133,0 -57.447379,-13.539080,0 -57.447139,-13.539008,0 -57.446917,-13.538936,0 -57.446695,-13.538882,0 -57.446473,-13.538810,0 -57.446251,-13.538738,0 -57.446029,-13.538684,0 -57.445807,-13.538612,0 -57.445585,-13.538558,0 -57.445363,-13.538486,0 -57.445141,-13.538414,0 -57.444901,-13.538361,0 -57.444679,-13.538289,0 -57.444439,-13.538217,0 -57.444198,-13.538145,0 -57.443976,-13.538091,0 -57.443736,-13.538019,0 -57.443496,-13.537947,0 -57.443255,-13.537875,0 -57.443015,-13.537785,0 -57.442774,-13.537713,0 -57.442534,-13.537641,0 -57.442293,-13.537570,0 -57.442053,-13.537498,0 -57.441813,-13.537426,0 -57.441591,-13.537354,0 -57.441369,-13.537300,0 -57.441147,-13.537228,0 -57.440925,-13.537156,0 -57.440703,-13.537084,0 -57.440481,-13.537012,0 -57.440259,-13.536940,0 -57.440037,-13.536886,0 -57.439815,-13.536814,0 -57.439593,-13.536742,0 -57.439353,-13.536671,0 -57.439131,-13.536599,0 -57.438909,-13.536527,0 -57.438687,-13.536473,0 -57.438465,-13.536401,0 -57.438243,-13.536329,0 -57.438021,-13.536257,0 -57.437799,-13.536185,0 -57.437578,-13.536113,0 -57.437356,-13.536059,0 -57.437134,-13.535987,0 -57.436912,-13.535915,0 -57.436690,-13.535843,0 -57.436449,-13.535771,0 -57.436191,-13.535700,0 -57.436006,-13.535646,0 -57.435784,-13.535574,0 -57.435562,-13.535520,0 -57.435340,-13.535448,0 -57.435118,-13.535376,0 -57.434896,-13.535322,0 -57.434674,-13.535250,0 -57.434452,-13.535196,0 -57.434230,-13.535124,0 -57.434008,-13.535052,0 -57.433786,-13.534998,0 -57.433565,-13.534926,0 -57.433343,-13.534855,0 -57.433121,-13.534801,0 -57.432899,-13.534729,0 -57.432677,-13.534675,0 -57.432455,-13.534603,0 -57.432233,-13.534531,0 -57.432011,-13.534477,0 -57.431789,-13.534405,0 -57.431567,-13.534351,0 -57.431345,-13.534279,0 -57.431124,-13.534207,0 -57.430920,-13.534153,0 -57.430698,-13.534081,0 -57.430476,-13.534028,0 -57.430254,-13.533956,0 -57.430032,-13.533884,0 -57.429811,-13.533830,0 -57.429589,-13.533758,0 -57.429367,-13.533704,0 -57.429145,-13.533632,0 -57.428923,-13.533560,0 -57.428701,-13.533506,0 -57.428479,-13.533434,0 -57.428257,-13.533362,0 -57.428035,-13.533308,0 -57.427813,-13.533236,0 -57.427591,-13.533183,0 -57.427369,-13.533111,0 -57.427148,-13.533039,0 -57.426926,-13.532985,0 -57.426704,-13.532913,0 -57.426482,-13.532859,0 -57.426260,-13.532787,0 -57.426038,-13.532715,0 -57.425816,-13.532661,0 -57.425594,-13.532589,0 -57.425372,-13.532535,0 -57.425150,-13.532463,0 -57.424928,-13.532391,0 -57.424707,-13.532338,0 -57.424485,-13.532266,0 -57.424263,-13.532212,0 -57.424041,-13.532140,0 -57.423745,-13.531996,0 -57.423800,-13.531778,0 -57.423855,-13.531561,0 -57.423929,-13.531344,0 -57.424002,-13.531109,0 -57.424057,-13.530892,0 -57.424131,-13.530675,0 -57.424204,-13.530458,0 -57.424259,-13.530222,0 -57.424333,-13.530005,0 -57.424406,-13.529788,0 -57.424461,-13.529553,0 -57.424535,-13.529336,0 -57.424608,-13.529119,0 -57.424664,-13.528902,0 -57.424737,-13.528666,0 -57.424811,-13.528449,0 -57.424866,-13.528232,0</coordinates></LineString></Placemark>
<Placemark><name>T31 - 10,07 km</name><description>Maxima 10073 m | Minima 6907 m | Reta 6454 m | 239.17 ha</description><styleUrl>#rota</styleUrl><LineString><tessellate>1</tessellate><coordinates>-57.475369,-13.560747,0 -57.475147,-13.560494,0 -57.475091,-13.560332,0 -57.475127,-13.559916,0 -57.474904,-13.559554,0 -57.474959,-13.559301,0 -57.474811,-13.559084,0 -57.474644,-13.558886,0 -57.474348,-13.558543,0 -57.474126,-13.558398,0 -57.473811,-13.558236,0 -57.473608,-13.558110,0 -57.473423,-13.557984,0 -57.473219,-13.557858,0 -57.473034,-13.557731,0 -57.472849,-13.557605,0 -57.472645,-13.557497,0 -57.472460,-13.557371,0 -57.472257,-13.557245,0 -57.472071,-13.557118,0 -57.471868,-13.556992,0 -57.471683,-13.556866,0 -57.471479,-13.556740,0 -57.471294,-13.556632,0 -57.471091,-13.556505,0 -57.470906,-13.556379,0 -57.470702,-13.556253,0 -57.470517,-13.556127,0 -57.470313,-13.556000,0 -57.470128,-13.555874,0 -57.469925,-13.555766,0 -57.469740,-13.555640,0 -57.469536,-13.555514,0 -57.469351,-13.555387,0 -57.469073,-13.555171,0 -57.468814,-13.554918,0 -57.468647,-13.554720,0 -57.468480,-13.554539,0 -57.468314,-13.554340,0 -57.468128,-13.554070,0 -57.467924,-13.553781,0 -57.467795,-13.553564,0 -57.467683,-13.553437,0 -57.467516,-13.553148,0 -57.467313,-13.552968,0 -57.467109,-13.552787,0 -57.466813,-13.552553,0 -57.466591,-13.552481,0 -57.466369,-13.552409,0 -57.466147,-13.552337,0 -57.465870,-13.552247,0 -57.465648,-13.552175,0 -57.465407,-13.552103,0 -57.465167,-13.552013,0 -57.464926,-13.551942,0 -57.464704,-13.551870,0 -57.464445,-13.551798,0 -57.464205,-13.551744,0 -57.464001,-13.551545,0 -57.463798,-13.551365,0 -57.463649,-13.551112,0 -57.463482,-13.550859,0 -57.463297,-13.550570,0 -57.463204,-13.550317,0 -57.463093,-13.550064,0 -57.463000,-13.549829,0 -57.462851,-13.549504,0 -57.462666,-13.549161,0 -57.462517,-13.548854,0 -57.462351,-13.548655,0 -57.462184,-13.548456,0 -57.462036,-13.548294,0 -57.461869,-13.548095,0 -57.461628,-13.547734,0 -57.461498,-13.547463,0 -57.461350,-13.547174,0 -57.461127,-13.546777,0 -57.460997,-13.546596,0 -57.460849,-13.546415,0 -57.460701,-13.546235,0 -57.460553,-13.546054,0 -57.460423,-13.545874,0 -57.460275,-13.545693,0 -57.460127,-13.545513,0 -57.459978,-13.545332,0 -57.459737,-13.544989,0 -57.459645,-13.544772,0 -57.459552,-13.544573,0 -57.459440,-13.544356,0 -57.459348,-13.544158,0 -57.459255,-13.543941,0 -57.459143,-13.543724,0 -57.459051,-13.543525,0 -57.458958,-13.543308,0 -57.458865,-13.543110,0 -57.458754,-13.542893,0 -57.458642,-13.542549,0 -57.458624,-13.542477,0 -57.458549,-13.542351,0 -57.458161,-13.542225,0 -57.457754,-13.542207,0 -57.457477,-13.542190,0 -57.457200,-13.542172,0 -57.456978,-13.542173,0 -57.456738,-13.542155,0 -57.456516,-13.542137,0 -57.456275,-13.542138,0 -57.456054,-13.542120,0 -57.455813,-13.542121,0 -57.455592,-13.542103,0 -57.455259,-13.542067,0 -57.455018,-13.541995,0 -57.454796,-13.541942,0 -57.454575,-13.541888,0 -57.454297,-13.541744,0 -57.454019,-13.541599,0 -57.453779,-13.541473,0 -57.453538,-13.541365,0 -57.453224,-13.541239,0 -57.453002,-13.541131,0 -57.452780,-13.541023,0 -57.452558,-13.540933,0 -57.452354,-13.540825,0 -57.452132,-13.540717,0 -57.451929,-13.540609,0 -57.451707,-13.540500,0 -57.451448,-13.540392,0 -57.451189,-13.540284,0 -57.450930,-13.540176,0 -57.450671,-13.540068,0 -57.450394,-13.539978,0 -57.450098,-13.539889,0 -57.449820,-13.539799,0 -57.449598,-13.539727,0 -57.449376,-13.539655,0 -57.449155,-13.539601,0 -57.448933,-13.539529,0 -57.448711,-13.539457,0 -57.448489,-13.539403,0 -57.448267,-13.539331,0 -57.448045,-13.539259,0 -57.447823,-13.539205,0 -57.447601,-13.539133,0 -57.447379,-13.539080,0 -57.447139,-13.539008,0 -57.446917,-13.538936,0 -57.446695,-13.538882,0 -57.446473,-13.538810,0 -57.446251,-13.538738,0 -57.446029,-13.538684,0 -57.445807,-13.538612,0 -57.445585,-13.538558,0 -57.445363,-13.538486,0 -57.445141,-13.538414,0 -57.444901,-13.538361,0 -57.444679,-13.538289,0 -57.444439,-13.538217,0 -57.444198,-13.538145,0 -57.443976,-13.538091,0 -57.443736,-13.538019,0 -57.443496,-13.537947,0 -57.443255,-13.537875,0 -57.443015,-13.537785,0 -57.442774,-13.537713,0 -57.442534,-13.537641,0 -57.442293,-13.537570,0 -57.442053,-13.537498,0 -57.441813,-13.537426,0 -57.441591,-13.537354,0 -57.441369,-13.537300,0 -57.441147,-13.537228,0 -57.440925,-13.537156,0 -57.440703,-13.537084,0 -57.440481,-13.537012,0 -57.440259,-13.536940,0 -57.440037,-13.536886,0 -57.439815,-13.536814,0 -57.439593,-13.536742,0 -57.439353,-13.536671,0 -57.439131,-13.536599,0 -57.438909,-13.536527,0 -57.438687,-13.536473,0 -57.438465,-13.536401,0 -57.438243,-13.536329,0 -57.438021,-13.536257,0 -57.437799,-13.536185,0 -57.437578,-13.536113,0 -57.437356,-13.536059,0 -57.437134,-13.535987,0 -57.436912,-13.535915,0 -57.436690,-13.535843,0 -57.436449,-13.535771,0 -57.436191,-13.535700,0 -57.436006,-13.535646,0 -57.435784,-13.535574,0 -57.435562,-13.535520,0 -57.435340,-13.535448,0 -57.435118,-13.535376,0 -57.434896,-13.535322,0 -57.434674,-13.535250,0 -57.434452,-13.535196,0 -57.434230,-13.535124,0 -57.434008,-13.535052,0 -57.433786,-13.534998,0 -57.433565,-13.534926,0 -57.433343,-13.534855,0 -57.433121,-13.534801,0 -57.432899,-13.534729,0 -57.432677,-13.534675,0 -57.432455,-13.534603,0 -57.432233,-13.534531,0 -57.432011,-13.534477,0 -57.431789,-13.534405,0 -57.431567,-13.534351,0 -57.431345,-13.534279,0 -57.431124,-13.534207,0 -57.430920,-13.534153,0 -57.430698,-13.534081,0 -57.430476,-13.534028,0 -57.430254,-13.533956,0 -57.430032,-13.533884,0 -57.429811,-13.533830,0 -57.429589,-13.533758,0 -57.429367,-13.533704,0 -57.429145,-13.533632,0 -57.428923,-13.533560,0 -57.428701,-13.533506,0 -57.428479,-13.533434,0 -57.428257,-13.533362,0 -57.428035,-13.533308,0 -57.427813,-13.533236,0 -57.427591,-13.533183,0 -57.427369,-13.533111,0 -57.427148,-13.533039,0 -57.426926,-13.532985,0 -57.426704,-13.532913,0 -57.426482,-13.532859,0 -57.426260,-13.532787,0 -57.426038,-13.532715,0 -57.425816,-13.532661,0 -57.425594,-13.532589,0 -57.425372,-13.532535,0 -57.425150,-13.532463,0 -57.424928,-13.532391,0 -57.424707,-13.532338,0 -57.424485,-13.532266,0 -57.424263,-13.532212,0 -57.424041,-13.532140,0 -57.423745,-13.531996,0 -57.423375,-13.531870,0 -57.423153,-13.531816,0 -57.422931,-13.531744,0 -57.422709,-13.531672,0 -57.422487,-13.531618,0 -57.422265,-13.531546,0 -57.422044,-13.531474,0 -57.421822,-13.531420,0 -57.421600,-13.531348,0 -57.421378,-13.531276,0 -57.421156,-13.531222,0 -57.420934,-13.531150,0 -57.420712,-13.531078,0 -57.420490,-13.531025,0 -57.420268,-13.530953,0 -57.420046,-13.530881,0 -57.419824,-13.530827,0 -57.419603,-13.530755,0 -57.419381,-13.530683,0 -57.419159,-13.530629,0 -57.418937,-13.530557,0 -57.418715,-13.530485,0 -57.418493,-13.530431,0 -57.418271,-13.530359,0 -57.418049,-13.530287,0 -57.417827,-13.530233,0 -57.417605,-13.530161,0 -57.417383,-13.530089,0 -57.417162,-13.530035,0 -57.416940,-13.529963,0 -57.416718,-13.529892,0 -57.416496,-13.529838,0 -57.416274,-13.529766,0 -57.416052,-13.529694,0 -57.415830,-13.529640,0 -57.415608,-13.529568,0 -57.415386,-13.529496,0 -57.415164,-13.529442,0 -57.414942,-13.529370,0 -57.414721,-13.529298,0 -57.414499,-13.529244,0 -57.414277,-13.529172,0 -57.414055,-13.529100,0 -57.413833,-13.529046,0 -57.413611,-13.528974,0 -57.413389,-13.528902,0 -57.413167,-13.528849,0 -57.412945,-13.528777,0 -57.412723,-13.528705,0 -57.412502,-13.528651,0 -57.412280,-13.528579,0 -57.412058,-13.528507,0 -57.411836,-13.528453,0 -57.411614,-13.528381,0 -57.411392,-13.528309,0 -57.411170,-13.528255,0 -57.410948,-13.528183,0 -57.410726,-13.528111,0 -57.410504,-13.528057,0 -57.410282,-13.527985,0 -57.410061,-13.527913,0 -57.409839,-13.527859,0 -57.409912,-13.527642,0 -57.410004,-13.527425,0 -57.410096,-13.527226,0 -57.410188,-13.527009,0 -57.410280,-13.526810,0 -57.410373,-13.526593,0 -57.410465,-13.526393,0 -57.410557,-13.526176,0 -57.410649,-13.525959,0 -57.410722,-13.525760,0 -57.410814,-13.525543,0 -57.410906,-13.525344,0 -57.410998,-13.525127,0 -57.411090,-13.524928,0 -57.411183,-13.524710,0 -57.411275,-13.524493,0 -57.411367,-13.524294,0 -57.411440,-13.524077,0 -57.411532,-13.523878,0 -57.411624,-13.523661,0 -57.411716,-13.523462,0 -57.411808,-13.523245,0 -57.411900,-13.523027,0 -57.411992,-13.522828,0 -57.412085,-13.522611,0 -57.412177,-13.522412,0 -57.412250,-13.522195,0 -57.412342,-13.521996,0 -57.412434,-13.521779,0 -57.412526,-13.521562,0 -57.412618,-13.521363,0 -57.412710,-13.521145,0 -57.412802,-13.520946,0 -57.412895,-13.520729,0 -57.412987,-13.520530,0 -57.413060,-13.520313,0 -57.413152,-13.520096,0 -57.413244,-13.519897,0 -57.413336,-13.519679,0 -57.413428,-13.519480,0 -57.413520,-13.519263,0 -57.413612,-13.519064,0 -57.413704,-13.518847,0 -57.413796,-13.518630,0 -57.413870,-13.518431,0 -57.413962,-13.518214,0 -57.414054,-13.518015,0 -57.414146,-13.517797,0 -57.414238,-13.517598,0 -57.414330,-13.517381,0 -57.414422,-13.517164,0 -57.414514,-13.516965,0 -57.414736,-13.516928,0 -57.414976,-13.516910,0 -57.415198,-13.516873,0 -57.415438,-13.516855,0 -57.415660,-13.516818,0 -57.415900,-13.516800,0 -57.416122,-13.516781,0 -57.416362,-13.516745,0 -57.416602,-13.516726,0 -57.416824,-13.516690,0 -57.417064,-13.516671,0 -57.417286,-13.516635,0</coordinates></LineString></Placemark>
<Placemark><name>T33 - 11,74 km</name><description>Maxima 11744 m | Minima 9517 m | Reta 7372 m | 149.61 ha</description><styleUrl>#rota</styleUrl><LineString><tessellate>1</tessellate><coordinates>-57.475369,-13.560747,0 -57.475147,-13.560494,0 -57.475091,-13.560332,0 -57.475127,-13.559916,0 -57.474904,-13.559554,0 -57.474959,-13.559301,0 -57.474811,-13.559084,0 -57.474644,-13.558886,0 -57.474348,-13.558543,0 -57.474126,-13.558398,0 -57.473811,-13.558236,0 -57.473608,-13.558110,0 -57.473423,-13.557984,0 -57.473219,-13.557858,0 -57.473034,-13.557731,0 -57.472849,-13.557605,0 -57.472645,-13.557497,0 -57.472460,-13.557371,0 -57.472257,-13.557245,0 -57.472071,-13.557118,0 -57.471868,-13.556992,0 -57.471683,-13.556866,0 -57.471479,-13.556740,0 -57.471294,-13.556632,0 -57.471091,-13.556505,0 -57.470906,-13.556379,0 -57.470702,-13.556253,0 -57.470517,-13.556127,0 -57.470313,-13.556000,0 -57.470128,-13.555874,0 -57.469925,-13.555766,0 -57.469740,-13.555640,0 -57.469536,-13.555514,0 -57.469351,-13.555387,0 -57.469073,-13.555171,0 -57.468814,-13.554918,0 -57.468647,-13.554720,0 -57.468480,-13.554539,0 -57.468314,-13.554340,0 -57.468128,-13.554070,0 -57.467924,-13.553781,0 -57.467795,-13.553564,0 -57.467683,-13.553437,0 -57.467516,-13.553148,0 -57.467313,-13.552968,0 -57.467109,-13.552787,0 -57.466813,-13.552553,0 -57.466591,-13.552481,0 -57.466369,-13.552409,0 -57.466147,-13.552337,0 -57.465870,-13.552247,0 -57.465648,-13.552175,0 -57.465407,-13.552103,0 -57.465167,-13.552013,0 -57.464926,-13.551942,0 -57.464704,-13.551870,0 -57.464445,-13.551798,0 -57.464205,-13.551744,0 -57.464001,-13.551545,0 -57.463798,-13.551365,0 -57.463649,-13.551112,0 -57.463482,-13.550859,0 -57.463297,-13.550570,0 -57.463204,-13.550317,0 -57.463093,-13.550064,0 -57.463000,-13.549829,0 -57.462851,-13.549504,0 -57.462666,-13.549161,0 -57.462517,-13.548854,0 -57.462351,-13.548655,0 -57.462184,-13.548456,0 -57.462036,-13.548294,0 -57.461869,-13.548095,0 -57.461628,-13.547734,0 -57.461498,-13.547463,0 -57.461350,-13.547174,0 -57.461127,-13.546777,0 -57.460997,-13.546596,0 -57.460849,-13.546415,0 -57.460701,-13.546235,0 -57.460553,-13.546054,0 -57.460423,-13.545874,0 -57.460275,-13.545693,0 -57.460127,-13.545513,0 -57.459978,-13.545332,0 -57.459737,-13.544989,0 -57.459645,-13.544772,0 -57.459552,-13.544573,0 -57.459440,-13.544356,0 -57.459348,-13.544158,0 -57.459255,-13.543941,0 -57.459143,-13.543724,0 -57.459051,-13.543525,0 -57.458958,-13.543308,0 -57.458865,-13.543110,0 -57.458754,-13.542893,0 -57.458642,-13.542549,0 -57.458624,-13.542477,0 -57.458549,-13.542351,0 -57.458161,-13.542225,0 -57.457754,-13.542207,0 -57.457477,-13.542190,0 -57.457200,-13.542172,0 -57.456978,-13.542173,0 -57.456738,-13.542155,0 -57.456516,-13.542137,0 -57.456275,-13.542138,0 -57.456054,-13.542120,0 -57.455813,-13.542121,0 -57.455592,-13.542103,0 -57.455259,-13.542067,0 -57.455018,-13.541995,0 -57.454796,-13.541942,0 -57.454575,-13.541888,0 -57.454297,-13.541744,0 -57.454019,-13.541599,0 -57.453779,-13.541473,0 -57.453538,-13.541365,0 -57.453224,-13.541239,0 -57.453002,-13.541131,0 -57.452780,-13.541023,0 -57.452558,-13.540933,0 -57.452354,-13.540825,0 -57.452132,-13.540717,0 -57.451929,-13.540609,0 -57.451707,-13.540500,0 -57.451448,-13.540392,0 -57.451189,-13.540284,0 -57.450930,-13.540176,0 -57.450671,-13.540068,0 -57.450394,-13.539978,0 -57.450098,-13.539889,0 -57.449820,-13.539799,0 -57.449598,-13.539727,0 -57.449376,-13.539655,0 -57.449155,-13.539601,0 -57.448933,-13.539529,0 -57.448711,-13.539457,0 -57.448489,-13.539403,0 -57.448267,-13.539331,0 -57.448045,-13.539259,0 -57.447823,-13.539205,0 -57.447601,-13.539133,0 -57.447379,-13.539080,0 -57.447139,-13.539008,0 -57.446917,-13.538936,0 -57.446695,-13.538882,0 -57.446473,-13.538810,0 -57.446251,-13.538738,0 -57.446029,-13.538684,0 -57.445807,-13.538612,0 -57.445585,-13.538558,0 -57.445363,-13.538486,0 -57.445141,-13.538414,0 -57.444901,-13.538361,0 -57.444679,-13.538289,0 -57.444439,-13.538217,0 -57.444198,-13.538145,0 -57.443976,-13.538091,0 -57.443736,-13.538019,0 -57.443496,-13.537947,0 -57.443255,-13.537875,0 -57.443015,-13.537785,0 -57.442774,-13.537713,0 -57.442534,-13.537641,0 -57.442293,-13.537570,0 -57.442053,-13.537498,0 -57.441813,-13.537426,0 -57.441591,-13.537354,0 -57.441369,-13.537300,0 -57.441147,-13.537228,0 -57.440925,-13.537156,0 -57.440703,-13.537084,0 -57.440481,-13.537012,0 -57.440259,-13.536940,0 -57.440037,-13.536886,0 -57.439815,-13.536814,0 -57.439593,-13.536742,0 -57.439353,-13.536671,0 -57.439131,-13.536599,0 -57.438909,-13.536527,0 -57.438687,-13.536473,0 -57.438465,-13.536401,0 -57.438243,-13.536329,0 -57.438021,-13.536257,0 -57.437799,-13.536185,0 -57.437578,-13.536113,0 -57.437356,-13.536059,0 -57.437134,-13.535987,0 -57.436912,-13.535915,0 -57.436690,-13.535843,0 -57.436449,-13.535771,0 -57.436264,-13.535428,0 -57.436337,-13.535157,0 -57.436429,-13.534885,0 -57.436503,-13.534596,0 -57.436595,-13.534324,0 -57.436668,-13.534089,0 -57.436723,-13.533872,0 -57.436778,-13.533655,0 -57.436852,-13.533438,0 -57.436907,-13.533203,0 -57.436962,-13.532986,0 -57.437054,-13.532714,0 -57.437127,-13.532443,0 -57.437201,-13.532171,0 -57.437274,-13.531900,0 -57.437348,-13.531629,0 -57.437421,-13.531375,0 -57.437494,-13.531104,0 -57.437568,-13.530832,0 -57.437641,-13.530561,0 -57.437715,-13.530326,0 -57.437770,-13.530073,0 -57.437843,-13.529837,0 -57.437917,-13.529584,0 -57.437990,-13.529331,0 -57.438064,-13.529077,0 -57.438137,-13.528860,0 -57.438192,-13.528625,0 -57.438266,-13.528390,0 -57.438321,-13.528173,0 -57.438394,-13.527938,0 -57.438449,-13.527720,0 -57.438523,-13.527485,0 -57.438578,-13.527250,0 -57.438651,-13.527033,0 -57.438706,-13.526798,0 -57.438780,-13.526562,0 -57.438835,-13.526345,0 -57.438909,-13.526110,0 -57.438964,-13.525893,0 -57.439037,-13.525658,0 -57.439074,-13.525423,0 -57.439129,-13.525169,0 -57.439165,-13.524934,0 -57.439202,-13.524699,0 -57.439238,-13.524464,0 -57.439275,-13.524229,0 -57.439311,-13.523975,0 -57.439348,-13.523758,0 -57.439384,-13.523523,0 -57.439421,-13.523306,0 -57.439457,-13.523089,0 -57.439494,-13.522854,0 -57.439531,-13.522637,0 -57.439567,-13.522402,0 -57.439622,-13.522185,0 -57.439659,-13.521949,0 -57.439695,-13.521714,0 -57.439732,-13.521479,0 -57.439768,-13.521244,0 -57.439805,-13.521009,0 -57.439841,-13.520774,0 -57.439878,-13.520539,0 -57.439914,-13.520303,0 -57.439951,-13.520068,0 -57.439987,-13.519833,0 -57.440024,-13.519598,0 -57.440079,-13.519363,0 -57.440134,-13.519146,0 -57.440189,-13.518910,0 -57.440244,-13.518675,0 -57.440355,-13.518440,0 -57.440483,-13.518223,0 -57.440594,-13.517987,0 -57.440704,-13.517752,0 -57.440907,-13.517535,0 -57.441110,-13.517299,0 -57.441387,-13.517118,0 -57.441664,-13.516937,0 -57.441793,-13.516629,0 -57.441866,-13.516394,0 -57.441940,-13.516158,0 -57.442013,-13.515923,0 -57.442087,-13.515688,0 -57.442160,-13.515453,0 -57.442234,-13.515236,0 -57.442307,-13.515000,0 -57.442381,-13.514783,0 -57.442454,-13.514566,0 -57.442528,-13.514331,0 -57.442601,-13.514114,0 -57.442675,-13.513897,0 -57.442748,-13.513680,0 -57.442822,-13.513462,0 -57.442895,-13.513245,0 -57.442969,-13.513028,0 -57.443042,-13.512793,0 -57.443227,-13.512503,0 -57.443282,-13.512286,0 -57.443355,-13.512051,0 -57.443429,-13.511834,0 -57.443502,-13.511617,0 -57.443576,-13.511399,0 -57.443649,-13.511182,0 -57.443723,-13.510965,0 -57.443796,-13.510748,0 -57.443870,-13.510531,0 -57.443943,-13.510314,0 -57.444017,-13.510079,0 -57.444090,-13.509861,0 -57.444145,-13.509644,0 -57.444219,-13.509427,0 -57.444293,-13.509210,0 -57.444366,-13.508993,0 -57.444440,-13.508776,0 -57.444513,-13.508559,0 -57.444587,-13.508341,0 -57.444660,-13.508106,0 -57.444734,-13.507889,0 -57.444807,-13.507672,0 -57.444881,-13.507455,0 -57.444954,-13.507238,0 -57.445028,-13.507020,0 -57.445083,-13.506803,0 -57.445156,-13.506586,0 -57.445230,-13.506369,0 -57.445211,-13.506351,0 -57.445026,-13.506207,0 -57.444823,-13.506080,0 -57.444638,-13.505936,0 -57.444453,-13.505810,0 -57.444249,-13.505666,0 -57.444064,-13.505521,0 -57.443879,-13.505395,0 -57.443675,-13.505251,0 -57.443490,-13.505124,0 -57.443305,-13.504980,0 -57.443102,-13.504854,0 -57.442917,-13.504709,0 -57.442732,-13.504583,0 -57.442528,-13.504439,0 -57.442343,-13.504313,0 -57.442158,-13.504168,0 -57.441954,-13.504042,0 -57.441769,-13.503898,0 -57.441584,-13.503771,0 -57.441381,-13.503627,0 -57.441196,-13.503501,0 -57.441011,-13.503356,0 -57.440826,-13.503212,0 -57.440622,-13.503086,0 -57.440437,-13.502942,0 -57.440252,-13.502815,0 -57.440048,-13.502671,0 -57.439863,-13.502545,0 -57.439678,-13.502400,0 -57.439475,-13.502274,0 -57.439290,-13.502130,0 -57.439105,-13.502004,0 -57.438901,-13.501859,0 -57.438716,-13.501733,0 -57.438531,-13.501589,0 -57.438327,-13.501462,0 -57.438142,-13.501318,0 -57.437957,-13.501174,0 -57.437754,-13.501047,0 -57.437569,-13.500903,0 -57.437384,-13.500777,0 -57.437180,-13.500632,0 -57.436977,-13.500488,0 -57.436810,-13.500362,0 -57.436607,-13.500218,0 -57.436403,-13.500073,0 -57.436236,-13.499947,0 -57.436033,-13.499803,0 -57.435848,-13.499658,0 -57.435663,-13.499532,0 -57.435459,-13.499388,0 -57.435237,-13.499243,0 -57.435052,-13.499117,0 -57.434812,-13.498937,0 -57.434608,-13.498810,0 -57.434423,-13.498684,0 -57.434238,-13.498558,0 -57.434034,-13.498414,0 -57.433849,-13.498287,0 -57.433646,-13.498161,0 -57.433461,-13.498035,0 -57.433276,-13.497909,0 -57.433072,-13.497782,0 -57.432887,-13.497656,0 -57.432684,-13.497530,0 -57.432499,-13.497385,0 -57.432314,-13.497259,0 -57.432110,-13.497133,0 -57.431925,-13.497007,0 -57.431592,-13.496790,0 -57.431389,-13.496646,0 -57.431185,-13.496502,0 -57.430963,-13.496357,0 -57.430778,-13.496231,0 -57.430593,-13.496087,0 -57.430408,-13.495960,0 -57.430223,-13.495834,0 -57.430019,-13.495708,0 -57.429834,-13.495582,0 -57.429631,-13.495437,0 -57.429446,-13.495311,0 -57.429242,-13.495185,0 -57.429057,-13.495058,0 -57.428854,-13.494932,0 -57.428669,-13.494806,0 -57.428484,-13.494680,0 -57.428280,-13.494553,0 -57.428095,-13.494427,0 -57.427892,-13.494301,0 -57.427707,-13.494175,0 -57.427503,-13.494048,0 -57.427300,-13.493922,0 -57.427115,-13.493796,0 -57.426930,-13.493670,0 -57.426726,-13.493543,0 -57.426541,-13.493417,0 -57.426356,-13.493273,0 -57.426153,-13.493146,0 -57.425968,-13.493020,0 -57.425764,-13.492894,0 -57.425579,-13.492768,0 -57.425394,-13.492641,0 -57.425190,-13.492515,0 -57.425135,-13.492732,0 -57.425062,-13.492949,0 -57.424988,-13.493167,0 -57.424933,-13.493384,0 -57.424860,-13.493619,0 -57.424805,-13.493836,0 -57.424731,-13.494053,0 -57.424658,-13.494270,0</coordinates></LineString></Placemark>
<Placemark><name>T34 - 10,53 km</name><description>Maxima 10530 m | Minima 8172 m | Reta 6345 m | 131.51 ha</description><styleUrl>#rota</styleUrl><LineString><tessellate>1</tessellate><coordinates>-57.475369,-13.560747,0 -57.475147,-13.560494,0 -57.475091,-13.560332,0 -57.475127,-13.559916,0 -57.474904,-13.559554,0 -57.474959,-13.559301,0 -57.474811,-13.559084,0 -57.474644,-13.558886,0 -57.474348,-13.558543,0 -57.474126,-13.558398,0 -57.473811,-13.558236,0 -57.473608,-13.558110,0 -57.473423,-13.557984,0 -57.473219,-13.557858,0 -57.473034,-13.557731,0 -57.472849,-13.557605,0 -57.472645,-13.557497,0 -57.472460,-13.557371,0 -57.472257,-13.557245,0 -57.472071,-13.557118,0 -57.471868,-13.556992,0 -57.471683,-13.556866,0 -57.471479,-13.556740,0 -57.471294,-13.556632,0 -57.471091,-13.556505,0 -57.470906,-13.556379,0 -57.470702,-13.556253,0 -57.470517,-13.556127,0 -57.470313,-13.556000,0 -57.470128,-13.555874,0 -57.469925,-13.555766,0 -57.469740,-13.555640,0 -57.469536,-13.555514,0 -57.469351,-13.555387,0 -57.469073,-13.555171,0 -57.468814,-13.554918,0 -57.468647,-13.554720,0 -57.468480,-13.554539,0 -57.468314,-13.554340,0 -57.468128,-13.554070,0 -57.467924,-13.553781,0 -57.467795,-13.553564,0 -57.467683,-13.553437,0 -57.467516,-13.553148,0 -57.467313,-13.552968,0 -57.467109,-13.552787,0 -57.466813,-13.552553,0 -57.466591,-13.552481,0 -57.466369,-13.552409,0 -57.466147,-13.552337,0 -57.465870,-13.552247,0 -57.465648,-13.552175,0 -57.465407,-13.552103,0 -57.465167,-13.552013,0 -57.464926,-13.551942,0 -57.464704,-13.551870,0 -57.464445,-13.551798,0 -57.464205,-13.551744,0 -57.464001,-13.551545,0 -57.463798,-13.551365,0 -57.463649,-13.551112,0 -57.463482,-13.550859,0 -57.463297,-13.550570,0 -57.463204,-13.550317,0 -57.463093,-13.550064,0 -57.463000,-13.549829,0 -57.462851,-13.549504,0 -57.462666,-13.549161,0 -57.462517,-13.548854,0 -57.462351,-13.548655,0 -57.462184,-13.548456,0 -57.462036,-13.548294,0 -57.461869,-13.548095,0 -57.461628,-13.547734,0 -57.461498,-13.547463,0 -57.461350,-13.547174,0 -57.461127,-13.546777,0 -57.460997,-13.546596,0 -57.460849,-13.546415,0 -57.460701,-13.546235,0 -57.460553,-13.546054,0 -57.460423,-13.545874,0 -57.460275,-13.545693,0 -57.460127,-13.545513,0 -57.459978,-13.545332,0 -57.459737,-13.544989,0 -57.459645,-13.544772,0 -57.459552,-13.544573,0 -57.459440,-13.544356,0 -57.459348,-13.544158,0 -57.459255,-13.543941,0 -57.459143,-13.543724,0 -57.459051,-13.543525,0 -57.458958,-13.543308,0 -57.458865,-13.543110,0 -57.458754,-13.542893,0 -57.458642,-13.542549,0 -57.458624,-13.542477,0 -57.458549,-13.542351,0 -57.458161,-13.542225,0 -57.457754,-13.542207,0 -57.457477,-13.542190,0 -57.457200,-13.542172,0 -57.456978,-13.542173,0 -57.456738,-13.542155,0 -57.456516,-13.542137,0 -57.456275,-13.542138,0 -57.456054,-13.542120,0 -57.455813,-13.542121,0 -57.455592,-13.542103,0 -57.455259,-13.542067,0 -57.455018,-13.541995,0 -57.454796,-13.541942,0 -57.454575,-13.541888,0 -57.454297,-13.541744,0 -57.454019,-13.541599,0 -57.453779,-13.541473,0 -57.453538,-13.541365,0 -57.453224,-13.541239,0 -57.453002,-13.541131,0 -57.452780,-13.541023,0 -57.452558,-13.540933,0 -57.452354,-13.540825,0 -57.452132,-13.540717,0 -57.451929,-13.540609,0 -57.451707,-13.540500,0 -57.451448,-13.540392,0 -57.451189,-13.540284,0 -57.450930,-13.540176,0 -57.450671,-13.540068,0 -57.450394,-13.539978,0 -57.450098,-13.539889,0 -57.449820,-13.539799,0 -57.449598,-13.539727,0 -57.449376,-13.539655,0 -57.449155,-13.539601,0 -57.448933,-13.539529,0 -57.448711,-13.539457,0 -57.448489,-13.539403,0 -57.448267,-13.539331,0 -57.448045,-13.539259,0 -57.447823,-13.539205,0 -57.447601,-13.539133,0 -57.447379,-13.539080,0 -57.447139,-13.539008,0 -57.446917,-13.538936,0 -57.446695,-13.538882,0 -57.446473,-13.538810,0 -57.446251,-13.538738,0 -57.446029,-13.538684,0 -57.445807,-13.538612,0 -57.445585,-13.538558,0 -57.445363,-13.538486,0 -57.445141,-13.538414,0 -57.444901,-13.538361,0 -57.444679,-13.538289,0 -57.444439,-13.538217,0 -57.444198,-13.538145,0 -57.443976,-13.538091,0 -57.443736,-13.538019,0 -57.443496,-13.537947,0 -57.443255,-13.537875,0 -57.443015,-13.537785,0 -57.442774,-13.537713,0 -57.442534,-13.537641,0 -57.442293,-13.537570,0 -57.442053,-13.537498,0 -57.441813,-13.537426,0 -57.441591,-13.537354,0 -57.441369,-13.537300,0 -57.441147,-13.537228,0 -57.440925,-13.537156,0 -57.440703,-13.537084,0 -57.440481,-13.537012,0 -57.440259,-13.536940,0 -57.440037,-13.536886,0 -57.439815,-13.536814,0 -57.439593,-13.536742,0 -57.439353,-13.536671,0 -57.439131,-13.536599,0 -57.438909,-13.536527,0 -57.438687,-13.536473,0 -57.438465,-13.536401,0 -57.438243,-13.536329,0 -57.438021,-13.536257,0 -57.437799,-13.536185,0 -57.437578,-13.536113,0 -57.437356,-13.536059,0 -57.437134,-13.535987,0 -57.436912,-13.535915,0 -57.436690,-13.535843,0 -57.436449,-13.535771,0 -57.436264,-13.535428,0 -57.436337,-13.535157,0 -57.436429,-13.534885,0 -57.436503,-13.534596,0 -57.436595,-13.534324,0 -57.436668,-13.534089,0 -57.436723,-13.533872,0 -57.436778,-13.533655,0 -57.436852,-13.533438,0 -57.436907,-13.533203,0 -57.436962,-13.532986,0 -57.437054,-13.532714,0 -57.437127,-13.532443,0 -57.437201,-13.532171,0 -57.437274,-13.531900,0 -57.437348,-13.531629,0 -57.437421,-13.531375,0 -57.437494,-13.531104,0 -57.437568,-13.530832,0 -57.437641,-13.530561,0 -57.437715,-13.530326,0 -57.437770,-13.530073,0 -57.437843,-13.529837,0 -57.437917,-13.529584,0 -57.437990,-13.529331,0 -57.438064,-13.529077,0 -57.438137,-13.528860,0 -57.438192,-13.528625,0 -57.438266,-13.528390,0 -57.438321,-13.528173,0 -57.438394,-13.527938,0 -57.438449,-13.527720,0 -57.438523,-13.527485,0 -57.438578,-13.527250,0 -57.438651,-13.527033,0 -57.438706,-13.526798,0 -57.438780,-13.526562,0 -57.438835,-13.526345,0 -57.438909,-13.526110,0 -57.438964,-13.525893,0 -57.439037,-13.525658,0 -57.439074,-13.525423,0 -57.439129,-13.525169,0 -57.439165,-13.524934,0 -57.439202,-13.524699,0 -57.439238,-13.524464,0 -57.439275,-13.524229,0 -57.439311,-13.523975,0 -57.439348,-13.523758,0 -57.439384,-13.523523,0 -57.439421,-13.523306,0 -57.439457,-13.523089,0 -57.439494,-13.522854,0 -57.439531,-13.522637,0 -57.439567,-13.522402,0 -57.439622,-13.522185,0 -57.439659,-13.521949,0 -57.439695,-13.521714,0 -57.439732,-13.521479,0 -57.439768,-13.521244,0 -57.439805,-13.521009,0 -57.439841,-13.520774,0 -57.439878,-13.520539,0 -57.439914,-13.520303,0 -57.439951,-13.520068,0 -57.439987,-13.519833,0 -57.440024,-13.519598,0 -57.440079,-13.519363,0 -57.440134,-13.519146,0 -57.440189,-13.518910,0 -57.440244,-13.518675,0 -57.440355,-13.518440,0 -57.440483,-13.518223,0 -57.440594,-13.517987,0 -57.440704,-13.517752,0 -57.440907,-13.517535,0 -57.441110,-13.517299,0 -57.441387,-13.517118,0 -57.441664,-13.516937,0 -57.441793,-13.516629,0 -57.441866,-13.516394,0 -57.441940,-13.516158,0 -57.442013,-13.515923,0 -57.442087,-13.515688,0 -57.442160,-13.515453,0 -57.442234,-13.515236,0 -57.442307,-13.515000,0 -57.442381,-13.514783,0 -57.442454,-13.514566,0 -57.442528,-13.514331,0 -57.442601,-13.514114,0 -57.442675,-13.513897,0 -57.442748,-13.513680,0 -57.442822,-13.513462,0 -57.442895,-13.513245,0 -57.442969,-13.513028,0 -57.443042,-13.512793,0 -57.442986,-13.512504,0 -57.442746,-13.512450,0 -57.442506,-13.512396,0 -57.442265,-13.512342,0 -57.442044,-13.512288,0 -57.441803,-13.512234,0 -57.441581,-13.512181,0 -57.441341,-13.512127,0 -57.441119,-13.512073,0 -57.440879,-13.512019,0 -57.440657,-13.511965,0 -57.440416,-13.511893,0 -57.440195,-13.511839,0 -57.439954,-13.511804,0 -57.439732,-13.511750,0 -57.439492,-13.511696,0 -57.439252,-13.511642,0 -57.439030,-13.511588,0 -57.438789,-13.511534,0 -57.438568,-13.511481,0 -57.438327,-13.511427,0 -57.438105,-13.511373,0 -57.437865,-13.511319,0 -57.437625,-13.511265,0 -57.437403,-13.511211,0 -57.437162,-13.511158,0 -57.436941,-13.511104,0 -57.436682,-13.511032,0 -57.436349,-13.510942,0 -57.436108,-13.510888,0 -57.435887,-13.510834,0 -57.435665,-13.510780,0 -57.435424,-13.510727,0 -57.435202,-13.510673,0 -57.434962,-13.510619,0 -57.434740,-13.510583,0 -57.434518,-13.510529,0 -57.434278,-13.510475,0 -57.434056,-13.510421,0 -57.433816,-13.510368,0 -57.433594,-13.510314,0 -57.433372,-13.510260,0 -57.433132,-13.510206,0 -57.432910,-13.510152,0 -57.432670,-13.510098,0 -57.432448,-13.510063,0 -57.432226,-13.510009,0 -57.431985,-13.509955,0 -57.431764,-13.509901,0 -57.431523,-13.509847,0 -57.431301,-13.509793,0 -57.431080,-13.509739,0 -57.431153,-13.509522,0 -57.431375,-13.509667,0 -57.431449,-13.509431,0 -57.431522,-13.509214,0 -57.431596,-13.508979,0 -57.431669,-13.508762,0 -57.431743,-13.508545,0 -57.431816,-13.508309,0 -57.431890,-13.508092,0 -57.431963,-13.507857,0 -57.432018,-13.507640,0 -57.432092,-13.507405,0 -57.432165,-13.507188,0 -57.432239,-13.506971,0 -57.432312,-13.506735,0 -57.432386,-13.506518,0 -57.432459,-13.506301,0 -57.432533,-13.506066,0 -57.432606,-13.505849,0 -57.432680,-13.505632,0 -57.432735,-13.505414,0 -57.432809,-13.505179,0 -57.432882,-13.504962,0 -57.432956,-13.504745,0 -57.433029,-13.504510,0 -57.433103,-13.504293,0 -57.433176,-13.504075,0 -57.433231,-13.503858,0 -57.433305,-13.503623,0 -57.433378,-13.503406,0 -57.433452,-13.503189,0 -57.433525,-13.502972,0 -57.433599,-13.502736,0 -57.433672,-13.502519,0 -57.433727,-13.502302,0 -57.433801,-13.502085,0 -57.433874,-13.501850,0 -57.433948,-13.501633,0 -57.434021,-13.501416,0 -57.434095,-13.501180,0</coordinates></LineString></Placemark>
<Placemark><name>T37 - 12,07 km</name><description>Maxima 12072 m | Minima 10281 m | Reta 8100 m | 67.46 ha</description><styleUrl>#rota</styleUrl><LineString><tessellate>1</tessellate><coordinates>-57.475369,-13.560747,0 -57.475147,-13.560494,0 -57.475091,-13.560332,0 -57.475127,-13.559916,0 -57.474904,-13.559554,0 -57.474959,-13.559301,0 -57.474811,-13.559084,0 -57.474644,-13.558886,0 -57.474348,-13.558543,0 -57.474126,-13.558398,0 -57.473811,-13.558236,0 -57.473608,-13.558110,0 -57.473423,-13.557984,0 -57.473219,-13.557858,0 -57.473034,-13.557731,0 -57.472849,-13.557605,0 -57.472645,-13.557497,0 -57.472460,-13.557371,0 -57.472257,-13.557245,0 -57.472071,-13.557118,0 -57.471868,-13.556992,0 -57.471683,-13.556866,0 -57.471479,-13.556740,0 -57.471294,-13.556632,0 -57.471091,-13.556505,0 -57.470906,-13.556379,0 -57.470702,-13.556253,0 -57.470517,-13.556127,0 -57.470313,-13.556000,0 -57.470128,-13.555874,0 -57.469925,-13.555766,0 -57.469740,-13.555640,0 -57.469536,-13.555514,0 -57.469351,-13.555387,0 -57.469073,-13.555171,0 -57.468814,-13.554918,0 -57.468647,-13.554720,0 -57.468480,-13.554539,0 -57.468314,-13.554340,0 -57.468128,-13.554070,0 -57.467924,-13.553781,0 -57.467795,-13.553564,0 -57.467683,-13.553437,0 -57.467516,-13.553148,0 -57.467313,-13.552968,0 -57.467109,-13.552787,0 -57.466813,-13.552553,0 -57.466591,-13.552481,0 -57.466369,-13.552409,0 -57.466147,-13.552337,0 -57.465870,-13.552247,0 -57.465648,-13.552175,0 -57.465407,-13.552103,0 -57.465167,-13.552013,0 -57.464926,-13.551942,0 -57.464704,-13.551870,0 -57.464445,-13.551798,0 -57.464205,-13.551744,0 -57.464001,-13.551545,0 -57.463798,-13.551365,0 -57.463649,-13.551112,0 -57.463482,-13.550859,0 -57.463297,-13.550570,0 -57.463204,-13.550317,0 -57.463093,-13.550064,0 -57.463000,-13.549829,0 -57.462851,-13.549504,0 -57.462666,-13.549161,0 -57.462517,-13.548854,0 -57.462351,-13.548655,0 -57.462184,-13.548456,0 -57.462036,-13.548294,0 -57.461869,-13.548095,0 -57.461628,-13.547734,0 -57.461498,-13.547463,0 -57.461350,-13.547174,0 -57.461127,-13.546777,0 -57.460997,-13.546596,0 -57.460849,-13.546415,0 -57.460701,-13.546235,0 -57.460553,-13.546054,0 -57.460423,-13.545874,0 -57.460275,-13.545693,0 -57.460127,-13.545513,0 -57.459978,-13.545332,0 -57.459737,-13.544989,0 -57.459645,-13.544772,0 -57.459552,-13.544573,0 -57.459440,-13.544356,0 -57.459348,-13.544158,0 -57.459255,-13.543941,0 -57.459143,-13.543724,0 -57.459051,-13.543525,0 -57.458958,-13.543308,0 -57.458865,-13.543110,0 -57.458754,-13.542893,0 -57.458642,-13.542549,0 -57.458624,-13.542477,0 -57.458549,-13.542351,0 -57.458161,-13.542225,0 -57.457754,-13.542207,0 -57.457477,-13.542190,0 -57.457200,-13.542172,0 -57.456978,-13.542173,0 -57.456738,-13.542155,0 -57.456516,-13.542137,0 -57.456275,-13.542138,0 -57.456054,-13.542120,0 -57.455813,-13.542121,0 -57.455592,-13.542103,0 -57.455259,-13.542067,0 -57.455018,-13.541995,0 -57.454796,-13.541942,0 -57.454575,-13.541888,0 -57.454297,-13.541744,0 -57.454019,-13.541599,0 -57.453779,-13.541473,0 -57.453538,-13.541365,0 -57.453224,-13.541239,0 -57.453002,-13.541131,0 -57.452780,-13.541023,0 -57.452558,-13.540933,0 -57.452354,-13.540825,0 -57.452132,-13.540717,0 -57.451929,-13.540609,0 -57.451707,-13.540500,0 -57.451448,-13.540392,0 -57.451189,-13.540284,0 -57.450930,-13.540176,0 -57.450671,-13.540068,0 -57.450394,-13.539978,0 -57.450098,-13.539889,0 -57.449820,-13.539799,0 -57.449598,-13.539727,0 -57.449376,-13.539655,0 -57.449155,-13.539601,0 -57.448933,-13.539529,0 -57.448711,-13.539457,0 -57.448489,-13.539403,0 -57.448267,-13.539331,0 -57.448045,-13.539259,0 -57.447823,-13.539205,0 -57.447601,-13.539133,0 -57.447379,-13.539080,0 -57.447139,-13.539008,0 -57.446917,-13.538936,0 -57.446695,-13.538882,0 -57.446473,-13.538810,0 -57.446251,-13.538738,0 -57.446029,-13.538684,0 -57.445807,-13.538612,0 -57.445585,-13.538558,0 -57.445363,-13.538486,0 -57.445141,-13.538414,0 -57.444901,-13.538361,0 -57.444679,-13.538289,0 -57.444439,-13.538217,0 -57.444198,-13.538145,0 -57.443976,-13.538091,0 -57.443736,-13.538019,0 -57.443496,-13.537947,0 -57.443255,-13.537875,0 -57.443015,-13.537785,0 -57.442774,-13.537713,0 -57.442534,-13.537641,0 -57.442293,-13.537570,0 -57.442053,-13.537498,0 -57.441813,-13.537426,0 -57.441591,-13.537354,0 -57.441369,-13.537300,0 -57.441147,-13.537228,0 -57.440925,-13.537156,0 -57.440703,-13.537084,0 -57.440481,-13.537012,0 -57.440259,-13.536940,0 -57.440037,-13.536886,0 -57.439815,-13.536814,0 -57.439593,-13.536742,0 -57.439353,-13.536671,0 -57.439131,-13.536599,0 -57.438909,-13.536527,0 -57.438687,-13.536473,0 -57.438465,-13.536401,0 -57.438243,-13.536329,0 -57.438021,-13.536257,0 -57.437799,-13.536185,0 -57.437578,-13.536113,0 -57.437356,-13.536059,0 -57.437134,-13.535987,0 -57.436912,-13.535915,0 -57.436690,-13.535843,0 -57.436449,-13.535771,0 -57.436264,-13.535428,0 -57.436337,-13.535157,0 -57.436429,-13.534885,0 -57.436503,-13.534596,0 -57.436595,-13.534324,0 -57.436668,-13.534089,0 -57.436723,-13.533872,0 -57.436778,-13.533655,0 -57.436852,-13.533438,0 -57.436907,-13.533203,0 -57.436962,-13.532986,0 -57.437054,-13.532714,0 -57.437127,-13.532443,0 -57.437201,-13.532171,0 -57.437274,-13.531900,0 -57.437348,-13.531629,0 -57.437421,-13.531375,0 -57.437494,-13.531104,0 -57.437568,-13.530832,0 -57.437641,-13.530561,0 -57.437715,-13.530326,0 -57.437770,-13.530073,0 -57.437843,-13.529837,0 -57.437917,-13.529584,0 -57.437990,-13.529331,0 -57.438064,-13.529077,0 -57.438137,-13.528860,0 -57.438192,-13.528625,0 -57.438266,-13.528390,0 -57.438321,-13.528173,0 -57.438394,-13.527938,0 -57.438449,-13.527720,0 -57.438523,-13.527485,0 -57.438578,-13.527250,0 -57.438651,-13.527033,0 -57.438706,-13.526798,0 -57.438780,-13.526562,0 -57.438835,-13.526345,0 -57.438909,-13.526110,0 -57.438964,-13.525893,0 -57.439037,-13.525658,0 -57.439074,-13.525423,0 -57.439129,-13.525169,0 -57.439165,-13.524934,0 -57.439202,-13.524699,0 -57.439238,-13.524464,0 -57.439275,-13.524229,0 -57.439311,-13.523975,0 -57.439348,-13.523758,0 -57.439384,-13.523523,0 -57.439421,-13.523306,0 -57.439457,-13.523089,0 -57.439494,-13.522854,0 -57.439531,-13.522637,0 -57.439567,-13.522402,0 -57.439622,-13.522185,0 -57.439659,-13.521949,0 -57.439695,-13.521714,0 -57.439732,-13.521479,0 -57.439768,-13.521244,0 -57.439805,-13.521009,0 -57.439841,-13.520774,0 -57.439878,-13.520539,0 -57.439914,-13.520303,0 -57.439951,-13.520068,0 -57.439987,-13.519833,0 -57.440024,-13.519598,0 -57.440079,-13.519363,0 -57.440134,-13.519146,0 -57.440189,-13.518910,0 -57.440244,-13.518675,0 -57.440355,-13.518440,0 -57.440483,-13.518223,0 -57.440594,-13.517987,0 -57.440704,-13.517752,0 -57.440907,-13.517535,0 -57.441110,-13.517299,0 -57.441387,-13.517118,0 -57.441664,-13.516937,0 -57.441793,-13.516629,0 -57.441866,-13.516394,0 -57.441940,-13.516158,0 -57.442013,-13.515923,0 -57.442087,-13.515688,0 -57.442160,-13.515453,0 -57.442234,-13.515236,0 -57.442307,-13.515000,0 -57.442381,-13.514783,0 -57.442454,-13.514566,0 -57.442528,-13.514331,0 -57.442601,-13.514114,0 -57.442675,-13.513897,0 -57.442748,-13.513680,0 -57.442822,-13.513462,0 -57.442895,-13.513245,0 -57.442969,-13.513028,0 -57.443042,-13.512793,0 -57.443227,-13.512503,0 -57.443282,-13.512286,0 -57.443355,-13.512051,0 -57.443429,-13.511834,0 -57.443502,-13.511617,0 -57.443576,-13.511399,0 -57.443649,-13.511182,0 -57.443723,-13.510965,0 -57.443796,-13.510748,0 -57.443870,-13.510531,0 -57.443943,-13.510314,0 -57.444017,-13.510079,0 -57.444090,-13.509861,0 -57.444145,-13.509644,0 -57.444219,-13.509427,0 -57.444293,-13.509210,0 -57.444366,-13.508993,0 -57.444440,-13.508776,0 -57.444513,-13.508559,0 -57.444587,-13.508341,0 -57.444660,-13.508106,0 -57.444734,-13.507889,0 -57.444807,-13.507672,0 -57.444881,-13.507455,0 -57.444954,-13.507238,0 -57.445028,-13.507020,0 -57.445083,-13.506803,0 -57.445156,-13.506586,0 -57.445230,-13.506369,0 -57.445211,-13.506351,0 -57.445026,-13.506207,0 -57.444823,-13.506080,0 -57.444638,-13.505936,0 -57.444453,-13.505810,0 -57.444249,-13.505666,0 -57.444064,-13.505521,0 -57.443879,-13.505395,0 -57.443675,-13.505251,0 -57.443490,-13.505124,0 -57.443305,-13.504980,0 -57.443102,-13.504854,0 -57.442917,-13.504709,0 -57.442732,-13.504583,0 -57.442528,-13.504439,0 -57.442343,-13.504313,0 -57.442158,-13.504168,0 -57.441954,-13.504042,0 -57.441769,-13.503898,0 -57.441584,-13.503771,0 -57.441381,-13.503627,0 -57.441196,-13.503501,0 -57.441011,-13.503356,0 -57.440826,-13.503212,0 -57.440622,-13.503086,0 -57.440437,-13.502942,0 -57.440252,-13.502815,0 -57.440048,-13.502671,0 -57.439863,-13.502545,0 -57.439678,-13.502400,0 -57.439475,-13.502274,0 -57.439290,-13.502130,0 -57.439105,-13.502004,0 -57.438901,-13.501859,0 -57.438716,-13.501733,0 -57.438531,-13.501589,0 -57.438327,-13.501462,0 -57.438142,-13.501318,0 -57.437957,-13.501174,0 -57.437754,-13.501047,0 -57.437569,-13.500903,0 -57.437384,-13.500777,0 -57.437180,-13.500632,0 -57.436977,-13.500488,0 -57.436810,-13.500362,0 -57.436607,-13.500218,0 -57.436403,-13.500073,0 -57.436236,-13.499947,0 -57.436033,-13.499803,0 -57.435848,-13.499658,0 -57.435663,-13.499532,0 -57.435459,-13.499388,0 -57.435274,-13.499243,0 -57.435089,-13.499117,0 -57.434886,-13.498973,0 -57.434978,-13.498756,0 -57.435051,-13.498538,0 -57.435070,-13.498484,0 -57.435125,-13.498321,0 -57.435217,-13.498050,0 -57.435345,-13.497688,0 -57.435419,-13.497471,0 -57.435529,-13.497163,0 -57.435658,-13.496819,0 -57.435731,-13.496602,0 -57.435805,-13.496385,0 -57.435878,-13.496168,0 -57.435952,-13.495951,0 -57.436062,-13.495607,0 -57.436136,-13.495372,0 -57.436209,-13.495155,0 -57.436320,-13.494829,0 -57.436448,-13.494467,0 -57.436540,-13.494232,0 -57.436614,-13.494015,0 -57.436706,-13.493761,0 -57.436779,-13.493544,0 -57.436576,-13.493454,0 -57.436372,-13.493346,0 -57.436150,-13.493238,0 -57.435947,-13.493130,0 -57.435743,-13.493022,0 -57.435521,-13.492931,0 -57.435318,-13.492823,0 -57.435115,-13.492715,0 -57.434911,-13.492607,0 -57.434689,-13.492499,0 -57.434486,-13.492391,0 -57.434282,-13.492301,0 -57.434079,-13.492193,0 -57.433857,-13.492084,0 -57.433653,-13.491976,0 -57.433450,-13.491868,0 -57.433246,-13.491778,0 -57.433024,-13.491670,0 -57.432821,-13.491562,0 -57.432617,-13.491454,0 -57.432396,-13.491345,0 -57.432192,-13.491255,0 -57.431989,-13.491147,0 -57.431785,-13.491039,0 -57.431563,-13.490931,0 -57.431360,-13.490823,0 -57.431156,-13.490715,0 -57.430953,-13.490625,0 -57.430731,-13.490516,0 -57.430527,-13.490408,0 -57.430324,-13.490300,0 -57.430102,-13.490192,0 -57.429899,-13.490102,0 -57.429695,-13.489994,0 -57.429492,-13.489886,0 -57.429270,-13.489777,0 -57.429066,-13.489669,0 -57.428863,-13.489579,0 -57.428659,-13.489471,0 -57.428437,-13.489363,0 -57.428234,-13.489255,0 -57.428030,-13.489147,0 -57.427827,-13.489039,0 -57.427605,-13.488948,0 -57.427402,-13.488840,0 -57.427198,-13.488732,0</coordinates></LineString></Placemark>
<Placemark><name>T38 - 11,36 km</name><description>Maxima 11356 m | Minima 8884 m | Reta 6809 m | 140.69 ha</description><styleUrl>#rota</styleUrl><LineString><tessellate>1</tessellate><coordinates>-57.475369,-13.560747,0 -57.475147,-13.560494,0 -57.475091,-13.560332,0 -57.475127,-13.559916,0 -57.474904,-13.559554,0 -57.474959,-13.559301,0 -57.474811,-13.559084,0 -57.474644,-13.558886,0 -57.474348,-13.558543,0 -57.474126,-13.558398,0 -57.473811,-13.558236,0 -57.473608,-13.558110,0 -57.473423,-13.557984,0 -57.473219,-13.557858,0 -57.473034,-13.557731,0 -57.472849,-13.557605,0 -57.472645,-13.557497,0 -57.472460,-13.557371,0 -57.472257,-13.557245,0 -57.472071,-13.557118,0 -57.471868,-13.556992,0 -57.471683,-13.556866,0 -57.471479,-13.556740,0 -57.471294,-13.556632,0 -57.471091,-13.556505,0 -57.470906,-13.556379,0 -57.470702,-13.556253,0 -57.470517,-13.556127,0 -57.470313,-13.556000,0 -57.470128,-13.555874,0 -57.469925,-13.555766,0 -57.469740,-13.555640,0 -57.469536,-13.555514,0 -57.469351,-13.555387,0 -57.469073,-13.555171,0 -57.468814,-13.554918,0 -57.468647,-13.554720,0 -57.468480,-13.554539,0 -57.468314,-13.554340,0 -57.468128,-13.554070,0 -57.467924,-13.553781,0 -57.467795,-13.553564,0 -57.467683,-13.553437,0 -57.467516,-13.553148,0 -57.467313,-13.552968,0 -57.467109,-13.552787,0 -57.466813,-13.552553,0 -57.466591,-13.552481,0 -57.466369,-13.552409,0 -57.466147,-13.552337,0 -57.465870,-13.552247,0 -57.465648,-13.552175,0 -57.465407,-13.552103,0 -57.465167,-13.552013,0 -57.464926,-13.551942,0 -57.464704,-13.551870,0 -57.464445,-13.551798,0 -57.464205,-13.551744,0 -57.464001,-13.551545,0 -57.463798,-13.551365,0 -57.463649,-13.551112,0 -57.463482,-13.550859,0 -57.463297,-13.550570,0 -57.463204,-13.550317,0 -57.463093,-13.550064,0 -57.463000,-13.549829,0 -57.462851,-13.549504,0 -57.462666,-13.549161,0 -57.462517,-13.548854,0 -57.462351,-13.548655,0 -57.462184,-13.548456,0 -57.462036,-13.548294,0 -57.461869,-13.548095,0 -57.461628,-13.547734,0 -57.461498,-13.547463,0 -57.461350,-13.547174,0 -57.461127,-13.546777,0 -57.460997,-13.546596,0 -57.460849,-13.546415,0 -57.460701,-13.546235,0 -57.460553,-13.546054,0 -57.460423,-13.545874,0 -57.460275,-13.545693,0 -57.460127,-13.545513,0 -57.459978,-13.545332,0 -57.459737,-13.544989,0 -57.459645,-13.544772,0 -57.459552,-13.544573,0 -57.459440,-13.544356,0 -57.459348,-13.544158,0 -57.459255,-13.543941,0 -57.459143,-13.543724,0 -57.459051,-13.543525,0 -57.458958,-13.543308,0 -57.458865,-13.543110,0 -57.458754,-13.542893,0 -57.458642,-13.542549,0 -57.458624,-13.542477,0 -57.458549,-13.542351,0 -57.458161,-13.542225,0 -57.457754,-13.542207,0 -57.457477,-13.542190,0 -57.457200,-13.542172,0 -57.456978,-13.542173,0 -57.456738,-13.542155,0 -57.456516,-13.542137,0 -57.456275,-13.542138,0 -57.456054,-13.542120,0 -57.455813,-13.542121,0 -57.455592,-13.542103,0 -57.455259,-13.542067,0 -57.455018,-13.541995,0 -57.454796,-13.541942,0 -57.454575,-13.541888,0 -57.454297,-13.541744,0 -57.454019,-13.541599,0 -57.453779,-13.541473,0 -57.453538,-13.541365,0 -57.453224,-13.541239,0 -57.453002,-13.541131,0 -57.452780,-13.541023,0 -57.452558,-13.540933,0 -57.452354,-13.540825,0 -57.452132,-13.540717,0 -57.451929,-13.540609,0 -57.451707,-13.540500,0 -57.451448,-13.540392,0 -57.451189,-13.540284,0 -57.450930,-13.540176,0 -57.450671,-13.540068,0 -57.450394,-13.539978,0 -57.450098,-13.539889,0 -57.449820,-13.539799,0 -57.449598,-13.539727,0 -57.449376,-13.539655,0 -57.449155,-13.539601,0 -57.448933,-13.539529,0 -57.448711,-13.539457,0 -57.448489,-13.539403,0 -57.448267,-13.539331,0 -57.448045,-13.539259,0 -57.447823,-13.539205,0 -57.447601,-13.539133,0 -57.447379,-13.539080,0 -57.447139,-13.539008,0 -57.446917,-13.538936,0 -57.446695,-13.538882,0 -57.446473,-13.538810,0 -57.446251,-13.538738,0 -57.446029,-13.538684,0 -57.445807,-13.538612,0 -57.445585,-13.538558,0 -57.445363,-13.538486,0 -57.445141,-13.538414,0 -57.444901,-13.538361,0 -57.444679,-13.538289,0 -57.444439,-13.538217,0 -57.444198,-13.538145,0 -57.443976,-13.538091,0 -57.443736,-13.538019,0 -57.443496,-13.537947,0 -57.443255,-13.537875,0 -57.443015,-13.537785,0 -57.442774,-13.537713,0 -57.442534,-13.537641,0 -57.442293,-13.537570,0 -57.442053,-13.537498,0 -57.441813,-13.537426,0 -57.441591,-13.537354,0 -57.441369,-13.537300,0 -57.441147,-13.537228,0 -57.440925,-13.537156,0 -57.440703,-13.537084,0 -57.440481,-13.537012,0 -57.440259,-13.536940,0 -57.440037,-13.536886,0 -57.439815,-13.536814,0 -57.439593,-13.536742,0 -57.439353,-13.536671,0 -57.439131,-13.536599,0 -57.438909,-13.536527,0 -57.438687,-13.536473,0 -57.438465,-13.536401,0 -57.438243,-13.536329,0 -57.438021,-13.536257,0 -57.437799,-13.536185,0 -57.437578,-13.536113,0 -57.437356,-13.536059,0 -57.437134,-13.535987,0 -57.436912,-13.535915,0 -57.436690,-13.535843,0 -57.436449,-13.535771,0 -57.436264,-13.535428,0 -57.436337,-13.535157,0 -57.436429,-13.534885,0 -57.436503,-13.534596,0 -57.436595,-13.534324,0 -57.436668,-13.534089,0 -57.436723,-13.533872,0 -57.436778,-13.533655,0 -57.436852,-13.533438,0 -57.436907,-13.533203,0 -57.436962,-13.532986,0 -57.437054,-13.532714,0 -57.437127,-13.532443,0 -57.437201,-13.532171,0 -57.437274,-13.531900,0 -57.437348,-13.531629,0 -57.437421,-13.531375,0 -57.437494,-13.531104,0 -57.437568,-13.530832,0 -57.437641,-13.530561,0 -57.437715,-13.530326,0 -57.437770,-13.530073,0 -57.437843,-13.529837,0 -57.437917,-13.529584,0 -57.437990,-13.529331,0 -57.438064,-13.529077,0 -57.438137,-13.528860,0 -57.438192,-13.528625,0 -57.438266,-13.528390,0 -57.438321,-13.528173,0 -57.438394,-13.527938,0 -57.438449,-13.527720,0 -57.438523,-13.527485,0 -57.438578,-13.527250,0 -57.438651,-13.527033,0 -57.438706,-13.526798,0 -57.438780,-13.526562,0 -57.438835,-13.526345,0 -57.438909,-13.526110,0 -57.438964,-13.525893,0 -57.439037,-13.525658,0 -57.439074,-13.525423,0 -57.439129,-13.525169,0 -57.439165,-13.524934,0 -57.439202,-13.524699,0 -57.439238,-13.524464,0 -57.439275,-13.524229,0 -57.439311,-13.523975,0 -57.439348,-13.523758,0 -57.439384,-13.523523,0 -57.439421,-13.523306,0 -57.439457,-13.523089,0 -57.439494,-13.522854,0 -57.439531,-13.522637,0 -57.439567,-13.522402,0 -57.439622,-13.522185,0 -57.439659,-13.521949,0 -57.439695,-13.521714,0 -57.439732,-13.521479,0 -57.439768,-13.521244,0 -57.439805,-13.521009,0 -57.439841,-13.520774,0 -57.439878,-13.520539,0 -57.439914,-13.520303,0 -57.439951,-13.520068,0 -57.439987,-13.519833,0 -57.440024,-13.519598,0 -57.440079,-13.519363,0 -57.440134,-13.519146,0 -57.440189,-13.518910,0 -57.440244,-13.518675,0 -57.440355,-13.518440,0 -57.440483,-13.518223,0 -57.440594,-13.517987,0 -57.440704,-13.517752,0 -57.440907,-13.517535,0 -57.441110,-13.517299,0 -57.441387,-13.517118,0 -57.441664,-13.516937,0 -57.441793,-13.516629,0 -57.441866,-13.516394,0 -57.441940,-13.516158,0 -57.442013,-13.515923,0 -57.442087,-13.515688,0 -57.442160,-13.515453,0 -57.442234,-13.515236,0 -57.442307,-13.515000,0 -57.442381,-13.514783,0 -57.442454,-13.514566,0 -57.442528,-13.514331,0 -57.442601,-13.514114,0 -57.442675,-13.513897,0 -57.442748,-13.513680,0 -57.442822,-13.513462,0 -57.442895,-13.513245,0 -57.442969,-13.513028,0 -57.443042,-13.512793,0 -57.443227,-13.512503,0 -57.443282,-13.512286,0 -57.443355,-13.512051,0 -57.443429,-13.511834,0 -57.443502,-13.511617,0 -57.443576,-13.511399,0 -57.443649,-13.511182,0 -57.443723,-13.510965,0 -57.443796,-13.510748,0 -57.443870,-13.510531,0 -57.443943,-13.510314,0 -57.444017,-13.510079,0 -57.444090,-13.509861,0 -57.444145,-13.509644,0 -57.444219,-13.509427,0 -57.444293,-13.509210,0 -57.444366,-13.508993,0 -57.444440,-13.508776,0 -57.444513,-13.508559,0 -57.444587,-13.508341,0 -57.444660,-13.508106,0 -57.444734,-13.507889,0 -57.444807,-13.507672,0 -57.444881,-13.507455,0 -57.444954,-13.507238,0 -57.445028,-13.507020,0 -57.445083,-13.506803,0 -57.445156,-13.506586,0 -57.445230,-13.506369,0 -57.445211,-13.506351,0 -57.445026,-13.506207,0 -57.444823,-13.506080,0 -57.444638,-13.505936,0 -57.444453,-13.505810,0 -57.444249,-13.505666,0 -57.444064,-13.505521,0 -57.443879,-13.505395,0 -57.443675,-13.505251,0 -57.443490,-13.505124,0 -57.443305,-13.504980,0 -57.443102,-13.504854,0 -57.442917,-13.504709,0 -57.442732,-13.504583,0 -57.442528,-13.504439,0 -57.442343,-13.504313,0 -57.442158,-13.504168,0 -57.441954,-13.504042,0 -57.441769,-13.503898,0 -57.441584,-13.503771,0 -57.441381,-13.503627,0 -57.441196,-13.503501,0 -57.441011,-13.503356,0 -57.440826,-13.503212,0 -57.440622,-13.503086,0 -57.440437,-13.502942,0 -57.440252,-13.502815,0 -57.440048,-13.502671,0 -57.439863,-13.502545,0 -57.439678,-13.502400,0 -57.439475,-13.502274,0 -57.439290,-13.502130,0 -57.439105,-13.502004,0 -57.438901,-13.501859,0 -57.438716,-13.501733,0 -57.438531,-13.501589,0 -57.438327,-13.501462,0 -57.438142,-13.501318,0 -57.437957,-13.501174,0 -57.437754,-13.501047,0 -57.437569,-13.500903,0 -57.437384,-13.500777,0 -57.437180,-13.500632,0 -57.436977,-13.500488,0 -57.436810,-13.500362,0 -57.436607,-13.500218,0 -57.436403,-13.500073,0 -57.436236,-13.499947,0 -57.436033,-13.499803,0 -57.435848,-13.499658,0 -57.435663,-13.499532,0 -57.435459,-13.499388,0 -57.435274,-13.499243,0 -57.435089,-13.499117,0 -57.434886,-13.498973,0 -57.434978,-13.498756,0 -57.435051,-13.498538,0 -57.435070,-13.498484,0 -57.435125,-13.498321,0 -57.435217,-13.498050,0 -57.435345,-13.497688,0 -57.435419,-13.497471,0 -57.435529,-13.497163,0 -57.435658,-13.496819,0 -57.435731,-13.496602,0 -57.435805,-13.496385,0 -57.435878,-13.496168,0 -57.435952,-13.495951,0 -57.436062,-13.495607,0 -57.436136,-13.495372,0 -57.436209,-13.495155,0 -57.436320,-13.494829,0 -57.436448,-13.494467,0 -57.436540,-13.494232,0 -57.436632,-13.493978,0 -57.436706,-13.493779,0 -57.436779,-13.493580,0 -57.436871,-13.493363,0 -57.436945,-13.493146,0 -57.437018,-13.492929,0 -57.437092,-13.492712,0 -57.437165,-13.492513,0 -57.437239,-13.492296,0 -57.437312,-13.492078,0 -57.437386,-13.491861,0 -57.437478,-13.491644,0 -57.437551,-13.491427,0 -57.437625,-13.491210,0 -57.437699,-13.490993,0 -57.437772,-13.490776,0 -57.437846,-13.490558,0 -57.437919,-13.490341,0 -57.437993,-13.490124,0 -57.438085,-13.489907,0 -57.438158,-13.489708,0</coordinates></LineString></Placemark>
</Folder><Folder><name>Malha usada no calculo</name>
<Placemark><name>divisa 0</name><styleUrl>#malha</styleUrl><LineString><tessellate>1</tessellate><coordinates>-57.490070,-13.564420,0 -57.493970,-13.572990,0</coordinates></LineString></Placemark>
<Placemark><name>divisa 1</name><styleUrl>#malha</styleUrl><LineString><tessellate>1</tessellate><coordinates>-57.493970,-13.572990,0 -57.498800,-13.583550,0 -57.497550,-13.584840,0 -57.497280,-13.584960,0 -57.497170,-13.584900,0 -57.495270,-13.583470,0 -57.491200,-13.580710,0 -57.490290,-13.579780,0 -57.489350,-13.579410,0 -57.486530,-13.577490,0</coordinates></LineString></Placemark>
<Placemark><name>divisa 2</name><styleUrl>#malha</styleUrl><LineString><tessellate>1</tessellate><coordinates>-57.493970,-13.572990,0 -57.486530,-13.577490,0</coordinates></LineString></Placemark>
<Placemark><name>divisa 3</name><styleUrl>#malha</styleUrl><LineString><tessellate>1</tessellate><coordinates>-57.493610,-13.588780,0 -57.493610,-13.588780,0</coordinates></LineString></Placemark>
<Placemark><name>divisa 4</name><styleUrl>#malha</styleUrl><LineString><tessellate>1</tessellate><coordinates>-57.493610,-13.588780,0 -57.493610,-13.588780,0</coordinates></LineString></Placemark>
<Placemark><name>divisa 5</name><styleUrl>#malha</styleUrl><LineString><tessellate>1</tessellate><coordinates>-57.493610,-13.588780,0 -57.493690,-13.588970,0 -57.481490,-13.601430,0 -57.471420,-13.592150,0</coordinates></LineString></Placemark>
<Placemark><name>divisa 6</name><styleUrl>#malha</styleUrl><LineString><tessellate>1</tessellate><coordinates>-57.493610,-13.588780,0 -57.493590,-13.588970,0 -57.491840,-13.590690,0</coordinates></LineString></Placemark>
<Placemark><name>divisa 7</name><styleUrl>#malha</styleUrl><LineString><tessellate>1</tessellate><coordinates>-57.492760,-13.587580,0 -57.493610,-13.588780,0</coordinates></LineString></Placemark>
<Placemark><name>divisa 8</name><styleUrl>#malha</styleUrl><LineString><tessellate>1</tessellate><coordinates>-57.492760,-13.587580,0 -57.493470,-13.588410,0 -57.493610,-13.588780,0</coordinates></LineString></Placemark>
<Placemark><name>divisa 9</name><styleUrl>#malha</styleUrl><LineString><tessellate>1</tessellate><coordinates>-57.492060,-13.586540,0 -57.492760,-13.587580,0</coordinates></LineString></Placemark>
<Placemark><name>divisa 10</name><styleUrl>#malha</styleUrl><LineString><tessellate>1</tessellate><coordinates>-57.492060,-13.586540,0 -57.492760,-13.587580,0</coordinates></LineString></Placemark>
<Placemark><name>divisa 11</name><styleUrl>#malha</styleUrl><LineString><tessellate>1</tessellate><coordinates>-57.491960,-13.586360,0 -57.492060,-13.586540,0</coordinates></LineString></Placemark>
<Placemark><name>divisa 12</name><styleUrl>#malha</styleUrl><LineString><tessellate>1</tessellate><coordinates>-57.491960,-13.586360,0 -57.492060,-13.586540,0</coordinates></LineString></Placemark>
<Placemark><name>divisa 13</name><styleUrl>#malha</styleUrl><LineString><tessellate>1</tessellate><coordinates>-57.491540,-13.585500,0 -57.491960,-13.586360,0</coordinates></LineString></Placemark>
<Placemark><name>divisa 14</name><styleUrl>#malha</styleUrl><LineString><tessellate>1</tessellate><coordinates>-57.491540,-13.585500,0 -57.491960,-13.586360,0</coordinates></LineString></Placemark>
<Placemark><name>divisa 15</name><styleUrl>#malha</styleUrl><LineString><tessellate>1</tessellate><coordinates>-57.491840,-13.590690,0 -57.484720,-13.584490,0</coordinates></LineString></Placemark>
<Placemark><name>divisa 16</name><styleUrl>#malha</styleUrl><LineString><tessellate>1</tessellate><coordinates>-57.484720,-13.584490,0 -57.491840,-13.590690,0</coordinates></LineString></Placemark>
<Placemark><name>divisa 17</name><styleUrl>#malha</styleUrl><LineString><tessellate>1</tessellate><coordinates>-57.491840,-13.590690,0 -57.489040,-13.593550,0 -57.478780,-13.584610,0 -57.481600,-13.581780,0 -57.484720,-13.584490,0</coordinates></LineString></Placemark>
<Placemark><name>divisa 18</name><styleUrl>#malha</styleUrl><LineString><tessellate>1</tessellate><coordinates>-57.488880,-13.582510,0 -57.490750,-13.584220,0 -57.491240,-13.584820,0 -57.491540,-13.585500,0</coordinates></LineString></Placemark>
<Placemark><name>divisa 19</name><styleUrl>#malha</styleUrl><LineString><tessellate>1</tessellate><coordinates>-57.488880,-13.582510,0 -57.490830,-13.584260,0 -57.491280,-13.584800,0 -57.491540,-13.585500,0</coordinates></LineString></Placemark>
<Placemark><name>divisa 20</name><styleUrl>#malha</styleUrl><LineString><tessellate>1</tessellate><coordinates>-57.485760,-13.554910,0 -57.490070,-13.564420,0</coordinates></LineString></Placemark>
<Placemark><name>divisa 21</name><styleUrl>#malha</styleUrl><LineString><tessellate>1</tessellate><coordinates>-57.490070,-13.564420,0 -57.484330,-13.567540,0</coordinates></LineString></Placemark>
<Placemark><name>divisa 22</name><styleUrl>#malha</styleUrl><LineString><tessellate>1</tessellate><coordinates>-57.488390,-13.582070,0 -57.488880,-13.582510,0</coordinates></LineString></Placemark>
<Placemark><name>divisa 23</name><styleUrl>#malha</styleUrl><LineString><tessellate>1</tessellate><coordinates>-57.488390,-13.582070,0 -57.488880,-13.582510,0</coordinates></LineString></Placemark>
<Placemark><name>divisa 24</name><styleUrl>#malha</styleUrl><LineString><tessellate>1</tessellate><coordinates>-57.487960,-13.581770,0 -57.488390,-13.582070,0</coordinates></LineString></Placemark>
<Placemark><name>divisa 25</name><styleUrl>#malha</styleUrl><LineString><tessellate>1</tessellate><coordinates>-57.487960,-13.581770,0 -57.488390,-13.582070,0</coordinates></LineString></Placemark>
<Placemark><name>divisa 26</name><styleUrl>#malha</styleUrl><LineString><tessellate>1</tessellate><coordinates>-57.486960,-13.581390,0 -57.487960,-13.581770,0</coordinates></LineString></Placemark>
<Placemark><name>divisa 27</name><styleUrl>#malha</styleUrl><LineString><tessellate>1</tessellate><coordinates>-57.486960,-13.581390,0 -57.487960,-13.581770,0</coordinates></LineString></Placemark>
<Placemark><name>divisa 28</name><styleUrl>#malha</styleUrl><LineString><tessellate>1</tessellate><coordinates>-57.486330,-13.581150,0 -57.486960,-13.581390,0</coordinates></LineString></Placemark>
<Placemark><name>divisa 29</name><styleUrl>#malha</styleUrl><LineString><tessellate>1</tessellate><coordinates>-57.486330,-13.581150,0 -57.486960,-13.581390,0</coordinates></LineString></Placemark>
<Placemark><name>divisa 30</name><styleUrl>#malha</styleUrl><LineString><tessellate>1</tessellate><coordinates>-57.486530,-13.577490,0 -57.486150,-13.577190,0 -57.485570,-13.575980,0 -57.485250,-13.570430,0 -57.484330,-13.567540,0</coordinates></LineString></Placemark>
<Placemark><name>divisa 31</name><styleUrl>#malha</styleUrl><LineString><tessellate>1</tessellate><coordinates>-57.484370,-13.579520,0 -57.486330,-13.581150,0</coordinates></LineString></Placemark>
<Placemark><name>divisa 32</name><styleUrl>#malha</styleUrl><LineString><tessellate>1</tessellate><coordinates>-57.484370,-13.579520,0 -57.486330,-13.581150,0</coordinates></LineString></Placemark>
<Placemark><name>divisa 33</name><styleUrl>#malha</styleUrl><LineString><tessellate>1</tessellate><coordinates>-57.482440,-13.549300,0 -57.483290,-13.549540,0 -57.485760,-13.554910,0</coordinates></LineString></Placemark>
<Placemark><name>divisa 34</name><styleUrl>#malha</styleUrl><LineString><tessellate>1</tessellate><coordinates>-57.485760,-13.554910,0 -57.484140,-13.555630,0 -57.482240,-13.556040,0</coordinates></LineString></Placemark>
<Placemark><name>divisa 35</name><styleUrl>#malha</styleUrl><LineString><tessellate>1</tessellate><coordinates>-57.484720,-13.584490,0 -57.481540,-13.581720,0</coordinates></LineString></Placemark>
<Placemark><name>divisa 36</name><styleUrl>#malha</styleUrl><LineString><tessellate>1</tessellate><coordinates>-57.483570,-13.579610,0 -57.483850,-13.579180,0 -57.484370,-13.579520,0</coordinates></LineString></Placemark>
<Placemark><name>divisa 37</name><styleUrl>#malha</styleUrl><LineString><tessellate>1</tessellate><coordinates>-57.483830,-13.579160,0 -57.483860,-13.579080,0 -57.484370,-13.579520,0</coordinates></LineString></Placemark>
<Placemark><name>divisa 38</name><styleUrl>#malha</styleUrl><LineString><tessellate>1</tessellate><coordinates>-57.484330,-13.567540,0 -57.484200,-13.566930,0 -57.484270,-13.565840,0 -57.484120,-13.565330,0 -57.483200,-13.563160,0 -57.482490,-13.561940,0 -57.481550,-13.559470,0 -57.481620,-13.559320,0 -57.482310,-13.559020,0 -57.482240,-13.556040,0</coordinates></LineString></Placemark>
<Placemark><name>divisa 39</name><styleUrl>#malha</styleUrl><LineString><tessellate>1</tessellate><coordinates>-57.471450,-13.572380,0 -57.477270,-13.566410,0 -57.477440,-13.567080,0 -57.478510,-13.568890,0 -57.478800,-13.569770,0 -57.478940,-13.572320,0 -57.479250,-13.574450,0 -57.479610,-13.575420,0 -57.480730,-13.576950,0 -57.483830,-13.579160,0</coordinates></LineString></Placemark>
<Placemark><name>divisa 40</name><styleUrl>#malha</styleUrl><LineString><tessellate>1</tessellate><coordinates>-57.483830,-13.579160,0 -57.483570,-13.579610,0</coordinates></LineString></Placemark>
<Placemark><name>divisa 41</name><styleUrl>#malha</styleUrl><LineString><tessellate>1</tessellate><coordinates>-57.483570,-13.579610,0 -57.483830,-13.579160,0</coordinates></LineString></Placemark>
<Placemark><name>divisa 42</name><styleUrl>#malha</styleUrl><LineString><tessellate>1</tessellate><coordinates>-57.483570,-13.579610,0 -57.483570,-13.579610,0</coordinates></LineString></Placemark>
<Placemark><name>divisa 43</name><styleUrl>#malha</styleUrl><LineString><tessellate>1</tessellate><coordinates>-57.483570,-13.579610,0 -57.481520,-13.581700,0</coordinates></LineString></Placemark>
<Placemark><name>divisa 44</name><styleUrl>#malha</styleUrl><LineString><tessellate>1</tessellate><coordinates>-57.481530,-13.581710,0 -57.483570,-13.579610,0</coordinates></LineString></Placemark>
<Placemark><name>divisa 45</name><styleUrl>#malha</styleUrl><LineString><tessellate>1</tessellate><coordinates>-57.481520,-13.581700,0 -57.483570,-13.579610,0</coordinates></LineString></Placemark>
<Placemark><name>divisa 46</name><styleUrl>#malha</styleUrl><LineString><tessellate>1</tessellate><coordinates>-57.481900,-13.551250,0 -57.481920,-13.551480,0 -57.481670,-13.551180,0 -57.478710,-13.550890,0 -57.475430,-13.549900,0 -57.475310,-13.549780,0 -57.475340,-13.549490,0 -57.475650,-13.547760,0 -57.475730,-13.547540,0 -57.475950,-13.547390,0 -57.482440,-13.549300,0</coordinates></LineString></Placemark>
<Placemark><name>divisa 47</name><styleUrl>#malha</styleUrl><LineString><tessellate>1</tessellate><coordinates>-57.481900,-13.551250,0 -57.482440,-13.549300,0</coordinates></LineString></Placemark>
<Placemark><name>divisa 48</name><styleUrl>#malha</styleUrl><LineString><tessellate>1</tessellate><coordinates>-57.482440,-13.549300,0 -57.481900,-13.551250,0</coordinates></LineString></Placemark>
<Placemark><name>divisa 49</name><styleUrl>#malha</styleUrl><LineString><tessellate>1</tessellate><coordinates>-57.482240,-13.556040,0 -57.482360,-13.554280,0 -57.481900,-13.551250,0</coordinates></LineString></Placemark>
<Placemark><name>divisa 50</name><styleUrl>#malha</styleUrl><LineString><tessellate>1</tessellate><coordinates>-57.481540,-13.581720,0 -57.481530,-13.581710,0</coordinates></LineString></Placemark>
<Placemark><name>divisa 51</name><styleUrl>#malha</styleUrl><LineString><tessellate>1</tessellate><coordinates>-57.481530,-13.581710,0 -57.481540,-13.581720,0</coordinates></LineString></Placemark>
<Placemark><name>divisa 52</name><styleUrl>#malha</styleUrl><LineString><tessellate>1</tessellate><coordinates>-57.481540,-13.581720,0 -57.479340,-13.583970,0</coordinates></LineString></Placemark>
<Placemark><name>divisa 53</name><styleUrl>#malha</styleUrl><LineString><tessellate>1</tessellate><coordinates>-57.481520,-13.581700,0 -57.481530,-13.581710,0</coordinates></LineString></Placemark>
<Placemark><name>divisa 54</name><styleUrl>#malha</styleUrl><LineString><tessellate>1</tessellate><coordinates>-57.481530,-13.581710,0 -57.481530,-13.581710,0</coordinates></LineString></Placemark>
<Placemark><name>divisa 55</name><styleUrl>#malha</styleUrl><LineString><tessellate>1</tessellate><coordinates>-57.481530,-13.581710,0 -57.481520,-13.581700,0</coordinates></LineString></Placemark>
<Placemark><name>divisa 56</name><styleUrl>#malha</styleUrl><LineString><tessellate>1</tessellate><coordinates>-57.479340,-13.583970,0 -57.481530,-13.581710,0</coordinates></LineString></Placemark>
<Placemark><name>divisa 57</name><styleUrl>#malha</styleUrl><LineString><tessellate>1</tessellate><coordinates>-57.481520,-13.581700,0 -57.481520,-13.581700,0</coordinates></LineString></Placemark>
<Placemark><name>divisa 58</name><styleUrl>#malha</styleUrl><LineString><tessellate>1</tessellate><coordinates>-57.471450,-13.572380,0 -57.481520,-13.581700,0</coordinates></LineString></Placemark>
<Placemark><name>divisa 59</name><styleUrl>#malha</styleUrl><LineString><tessellate>1</tessellate><coordinates>-57.481520,-13.581700,0 -57.471450,-13.572380,0</coordinates></LineString></Placemark>
<Placemark><name>divisa 60</name><styleUrl>#malha</styleUrl><LineString><tessellate>1</tessellate><coordinates>-57.471420,-13.592150,0 -57.479340,-13.583970,0</coordinates></LineString></Placemark>
<Placemark><name>divisa 61</name><styleUrl>#malha</styleUrl><LineString><tessellate>1</tessellate><coordinates>-57.479340,-13.583970,0 -57.478940,-13.584340,0</coordinates></LineString></Placemark>
<Placemark><name>divisa 62</name><styleUrl>#malha</styleUrl><LineString><tessellate>1</tessellate><coordinates>-57.478940,-13.584340,0 -57.475480,-13.581180,0</coordinates></LineString></Placemark>
<Placemark><name>divisa 63</name><styleUrl>#malha</styleUrl><LineString><tessellate>1</tessellate><coordinates>-57.475480,-13.581180,0 -57.478940,-13.584340,0</coordinates></LineString></Placemark>
<Placemark><name>divisa 64</name><styleUrl>#malha</styleUrl><LineString><tessellate>1</tessellate><coordinates>-57.478940,-13.584340,0 -57.471350,-13.592160,0 -57.461320,-13.582860,0</coordinates></LineString></Placemark>
<Placemark><name>divisa 65</name><styleUrl>#malha</styleUrl><LineString><tessellate>1</tessellate><coordinates>-57.468820,-13.575100,0 -57.475480,-13.581180,0</coordinates></LineString></Placemark>
<Placemark><name>divisa 66</name><styleUrl>#malha</styleUrl><LineString><tessellate>1</tessellate><coordinates>-57.475480,-13.581180,0 -57.468970,-13.575160,0 -57.471450,-13.572380,0</coordinates></LineString></Placemark>
<Placemark><name>divisa 67</name><styleUrl>#malha</styleUrl><LineString><tessellate>1</tessellate><coordinates>-57.473940,-13.569630,0 -57.469010,-13.565060,0</coordinates></LineString></Placemark>
<Placemark><name>divisa 68</name><styleUrl>#malha</styleUrl><LineString><tessellate>1</tessellate><coordinates>-57.469010,-13.565060,0 -57.473940,-13.569630,0</coordinates></LineString></Placemark>
<Placemark><name>divisa 69</name><styleUrl>#malha</styleUrl><LineString><tessellate>1</tessellate><coordinates>-57.468940,-13.555160,0 -57.474780,-13.558850,0 -57.473540,-13.559870,0 -57.476590,-13.563900,0 -57.477260,-13.566270,0 -57.474020,-13.569700,0 -57.473940,-13.569630,0</coordinates></LineString></Placemark>
<Placemark><name>divisa 70</name><styleUrl>#malha</styleUrl><LineString><tessellate>1</tessellate><coordinates>-57.473940,-13.569630,0 -57.471490,-13.572290,0 -57.464930,-13.566340,0</coordinates></LineString></Placemark>
<Placemark><name>divisa 71</name><styleUrl>#malha</styleUrl><LineString><tessellate>1</tessellate><coordinates>-57.471420,-13.592150,0 -57.481490,-13.601430,0 -57.468730,-13.614600,0</coordinates></LineString></Placemark>
<Placemark><name>divisa 72</name><styleUrl>#malha</styleUrl><LineString><tessellate>1</tessellate><coordinates>-57.471160,-13.592420,0 -57.471420,-13.592150,0</coordinates></LineString></Placemark>
<Placemark><name>divisa 73</name><styleUrl>#malha</styleUrl><LineString><tessellate>1</tessellate><coordinates>-57.461320,-13.582860,0 -57.471360,-13.592210,0 -57.471160,-13.592420,0</coordinates></LineString></Placemark>
<Placemark><name>divisa 74</name><styleUrl>#malha</styleUrl><LineString><tessellate>1</tessellate><coordinates>-57.458690,-13.605350,0 -57.471160,-13.592420,0</coordinates></LineString></Placemark>
<Placemark><name>divisa 75</name><styleUrl>#malha</styleUrl><LineString><tessellate>1</tessellate><coordinates>-57.461380,-13.563120,0 -57.464050,-13.560520,0 -57.469010,-13.565060,0</coordinates></LineString></Placemark>
<Placemark><name>divisa 76</name><styleUrl>#malha</styleUrl><LineString><tessellate>1</tessellate><coordinates>-57.469010,-13.565060,0 -57.464000,-13.560430,0 -57.466040,-13.558260,0</coordinates></LineString></Placemark>
<Placemark><name>divisa 77</name><styleUrl>#malha</styleUrl><LineString><tessellate>1</tessellate><coordinates>-57.459710,-13.544960,0 -57.461000,-13.546540,0 -57.461390,-13.547410,0 -57.462520,-13.548850,0 -57.463150,-13.550330,0 -57.463820,-13.551480,0 -57.464060,-13.551730,0 -57.466820,-13.552560,0 -57.467510,-13.553150,0 -57.468040,-13.554130,0 -57.468940,-13.555160,0</coordinates></LineString></Placemark>
<Placemark><name>divisa 78</name><styleUrl>#malha</styleUrl><LineString><tessellate>1</tessellate><coordinates>-57.468940,-13.555160,0 -57.466040,-13.558260,0</coordinates></LineString></Placemark>
<Placemark><name>divisa 79</name><styleUrl>#malha</styleUrl><LineString><tessellate>1</tessellate><coordinates>-57.466040,-13.558260,0 -57.468940,-13.555160,0</coordinates></LineString></Placemark>
<Placemark><name>divisa 80</name><styleUrl>#malha</styleUrl><LineString><tessellate>1</tessellate><coordinates>-57.461320,-13.582860,0 -57.468820,-13.575100,0</coordinates></LineString></Placemark>
<Placemark><name>divisa 81</name><styleUrl>#malha</styleUrl><LineString><tessellate>1</tessellate><coordinates>-57.452170,-13.572660,0 -57.458840,-13.565710,0 -57.468820,-13.575100,0</coordinates></LineString></Placemark>
<Placemark><name>divisa 82</name><styleUrl>#malha</styleUrl><LineString><tessellate>1</tessellate><coordinates>-57.468820,-13.575100,0 -57.461320,-13.582860,0</coordinates></LineString></Placemark>
<Placemark><name>divisa 83</name><styleUrl>#malha</styleUrl><LineString><tessellate>1</tessellate><coordinates>-57.468730,-13.614600,0 -57.458690,-13.605350,0</coordinates></LineString></Placemark>
<Placemark><name>divisa 84</name><styleUrl>#malha</styleUrl><LineString><tessellate>1</tessellate><coordinates>-57.468730,-13.614600,0 -57.456230,-13.627400,0</coordinates></LineString></Placemark>
<Placemark><name>divisa 85</name><styleUrl>#malha</styleUrl><LineString><tessellate>1</tessellate><coordinates>-57.466040,-13.558260,0 -57.463950,-13.560420,0</coordinates></LineString></Placemark>
<Placemark><name>divisa 86</name><styleUrl>#malha</styleUrl><LineString><tessellate>1</tessellate><coordinates>-57.464930,-13.566340,0 -57.461380,-13.563120,0</coordinates></LineString></Placemark>
<Placemark><name>divisa 87</name><styleUrl>#malha</styleUrl><LineString><tessellate>1</tessellate><coordinates>-57.461380,-13.563120,0 -57.461440,-13.563060,0 -57.464930,-13.566340,0</coordinates></LineString></Placemark>
<Placemark><name>divisa 88</name><styleUrl>#malha</styleUrl><LineString><tessellate>1</tessellate><coordinates>-57.464930,-13.566340,0 -57.471410,-13.572410,0 -57.468860,-13.574980,0 -57.458860,-13.565690,0 -57.461380,-13.563120,0</coordinates></LineString></Placemark>
<Placemark><name>divisa 89</name><styleUrl>#malha</styleUrl><LineString><tessellate>1</tessellate><coordinates>-57.453800,-13.551110,0 -57.463950,-13.560420,0</coordinates></LineString></Placemark>
<Placemark><name>divisa 90</name><styleUrl>#malha</styleUrl><LineString><tessellate>1</tessellate><coordinates>-57.463950,-13.560420,0 -57.461380,-13.563080,0 -57.454390,-13.556670,0</coordinates></LineString></Placemark>
<Placemark><name>divisa 91</name><styleUrl>#malha</styleUrl><LineString><tessellate>1</tessellate><coordinates>-57.461320,-13.582860,0 -57.453570,-13.575750,0</coordinates></LineString></Placemark>
<Placemark><name>divisa 92</name><styleUrl>#malha</styleUrl><LineString><tessellate>1</tessellate><coordinates>-57.448630,-13.596010,0 -57.461320,-13.582860,0</coordinates></LineString></Placemark>
<Placemark><name>divisa 93</name><styleUrl>#malha</styleUrl><LineString><tessellate>1</tessellate><coordinates>-57.440650,-13.538990,0 -57.441820,-13.537430,0 -57.450670,-13.540070,0 -57.454530,-13.541920,0 -57.455260,-13.542130,0 -57.458170,-13.542230,0 -57.458550,-13.542350,0 -57.459710,-13.544960,0</coordinates></LineString></Placemark>
<Placemark><name>divisa 94</name><styleUrl>#malha</styleUrl><LineString><tessellate>1</tessellate><coordinates>-57.453800,-13.551110,0 -57.459710,-13.544960,0</coordinates></LineString></Placemark>
<Placemark><name>divisa 95</name><styleUrl>#malha</styleUrl><LineString><tessellate>1</tessellate><coordinates>-57.448630,-13.596010,0 -57.458690,-13.605350,0</coordinates></LineString></Placemark>
<Placemark><name>divisa 96</name><styleUrl>#malha</styleUrl><LineString><tessellate>1</tessellate><coordinates>-57.446000,-13.618520,0 -57.458690,-13.605350,0</coordinates></LineString></Placemark>
<Placemark><name>divisa 97</name><styleUrl>#malha</styleUrl><LineString><tessellate>1</tessellate><coordinates>-57.456230,-13.627400,0 -57.454270,-13.625630,0</coordinates></LineString></Placemark>
<Placemark><name>divisa 98</name><styleUrl>#malha</styleUrl><LineString><tessellate>1</tessellate><coordinates>-57.456230,-13.627400,0 -57.442720,-13.641440,0</coordinates></LineString></Placemark>
<Placemark><name>divisa 99</name><styleUrl>#malha</styleUrl><LineString><tessellate>1</tessellate><coordinates>-57.454390,-13.556670,0 -57.451940,-13.554400,0</coordinates></LineString></Placemark>
<Placemark><name>divisa 100</name><styleUrl>#malha</styleUrl><LineString><tessellate>1</tessellate><coordinates>-57.451940,-13.554400,0 -57.454390,-13.556670,0</coordinates></LineString></Placemark>
<Placemark><name>divisa 101</name><styleUrl>#malha</styleUrl><LineString><tessellate>1</tessellate><coordinates>-57.454390,-13.556670,0 -57.461310,-13.563060,0 -57.458800,-13.565650,0 -57.448800,-13.556430,0 -57.451260,-13.553780,0 -57.451940,-13.554400,0</coordinates></LineString></Placemark>
<Placemark><name>divisa 102</name><styleUrl>#malha</styleUrl><LineString><tessellate>1</tessellate><coordinates>-57.454270,-13.625630,0 -57.454700,-13.625580,0 -57.455020,-13.625340,0 -57.455130,-13.624950,0 -57.454980,-13.624350,0 -57.454820,-13.624020,0 -57.453780,-13.622810,0 -57.453490,-13.622020,0 -57.452790,-13.620800,0 -57.452410,-13.620630,0 -57.450920,-13.620660,0 -57.450050,-13.621070,0 -57.449530,-13.621780,0</coordinates></LineString></Placemark>
<Placemark><name>divisa 103</name><styleUrl>#malha</styleUrl><LineString><tessellate>1</tessellate><coordinates>-57.449530,-13.621780,0 -57.449020,-13.623270,0 -57.450040,-13.624570,0 -57.450320,-13.624780,0 -57.452310,-13.625610,0 -57.453900,-13.625770,0 -57.454270,-13.625630,0</coordinates></LineString></Placemark>
<Placemark><name>divisa 104</name><styleUrl>#malha</styleUrl><LineString><tessellate>1</tessellate><coordinates>-57.440650,-13.538990,0 -57.453800,-13.551110,0</coordinates></LineString></Placemark>
<Placemark><name>divisa 105</name><styleUrl>#malha</styleUrl><LineString><tessellate>1</tessellate><coordinates>-57.451310,-13.553780,0 -57.453800,-13.551110,0</coordinates></LineString></Placemark>
<Placemark><name>divisa 106</name><styleUrl>#malha</styleUrl><LineString><tessellate>1</tessellate><coordinates>-57.453570,-13.575750,0 -57.453600,-13.574670,0 -57.453220,-13.573990,0 -57.452170,-13.572660,0</coordinates></LineString></Placemark>
<Placemark><name>divisa 107</name><styleUrl>#malha</styleUrl><LineString><tessellate>1</tessellate><coordinates>-57.442090,-13.589950,0 -57.443180,-13.589530,0 -57.443890,-13.589000,0 -57.444240,-13.588240,0 -57.444280,-13.587230,0 -57.444530,-13.586170,0 -57.445520,-13.584750,0 -57.445970,-13.583880,0 -57.448960,-13.582460,0 -57.449750,-13.582370,0 -57.451120,-13.581990,0 -57.451600,-13.581720,0 -57.452810,-13.580530,0 -57.453550,-13.578640,0 -57.453570,-13.575750,0</coordinates></LineString></Placemark>
<Placemark><name>divisa 108</name><styleUrl>#malha</styleUrl><LineString><tessellate>1</tessellate><coordinates>-57.452170,-13.572660,0 -57.451090,-13.571340,0 -57.451160,-13.571410,0 -57.447400,-13.566180,0 -57.445620,-13.564540,0 -57.443930,-13.563270,0 -57.443500,-13.562770,0 -57.443240,-13.562170,0</coordinates></LineString></Placemark>
<Placemark><name>divisa 109</name><styleUrl>#malha</styleUrl><LineString><tessellate>1</tessellate><coordinates>-57.448720,-13.556400,0 -57.458780,-13.565730,0 -57.452170,-13.572660,0</coordinates></LineString></Placemark>
<Placemark><name>divisa 110</name><styleUrl>#malha</styleUrl><LineString><tessellate>1</tessellate><coordinates>-57.451940,-13.554400,0 -57.451310,-13.553780,0</coordinates></LineString></Placemark>
<Placemark><name>divisa 111</name><styleUrl>#malha</styleUrl><LineString><tessellate>1</tessellate><coordinates>-57.451310,-13.553780,0 -57.439530,-13.540480,0 -57.440650,-13.538990,0</coordinates></LineString></Placemark>
<Placemark><name>divisa 112</name><styleUrl>#malha</styleUrl><LineString><tessellate>1</tessellate><coordinates>-57.449530,-13.621780,0 -57.446000,-13.618520,0</coordinates></LineString></Placemark>
<Placemark><name>divisa 113</name><styleUrl>#malha</styleUrl><LineString><tessellate>1</tessellate><coordinates>-57.443240,-13.562170,0 -57.448720,-13.556400,0</coordinates></LineString></Placemark>
<Placemark><name>divisa 114</name><styleUrl>#malha</styleUrl><LineString><tessellate>1</tessellate><coordinates>-57.443240,-13.562170,0 -57.443130,-13.561720,0 -57.441160,-13.559550,0 -57.440960,-13.558610,0 -57.440300,-13.557490,0 -57.438840,-13.556940,0 -57.436350,-13.555330,0 -57.435630,-13.555080,0 -57.434410,-13.554990,0 -57.433070,-13.555710,0 -57.432660,-13.555800,0 -57.429640,-13.554700,0 -57.429310,-13.554450,0 -57.429350,-13.554040,0 -57.438000,-13.542560,0 -57.449180,-13.555910,0 -57.448720,-13.556400,0</coordinates></LineString></Placemark>
<Placemark><name>divisa 115</name><styleUrl>#malha</styleUrl><LineString><tessellate>1</tessellate><coordinates>-57.448720,-13.556400,0 -57.443240,-13.562170,0</coordinates></LineString></Placemark>
<Placemark><name>divisa 116</name><styleUrl>#malha</styleUrl><LineString><tessellate>1</tessellate><coordinates>-57.448630,-13.596010,0 -57.442090,-13.589950,0</coordinates></LineString></Placemark>
<Placemark><name>divisa 117</name><styleUrl>#malha</styleUrl><LineString><tessellate>1</tessellate><coordinates>-57.441810,-13.603090,0 -57.448630,-13.596010,0</coordinates></LineString></Placemark>
<Placemark><name>divisa 118</name><styleUrl>#malha</styleUrl><LineString><tessellate>1</tessellate><coordinates>-57.435920,-13.609190,0 -57.446000,-13.618520,0</coordinates></LineString></Placemark>
<Placemark><name>divisa 119</name><styleUrl>#malha</styleUrl><LineString><tessellate>1</tessellate><coordinates>-57.436530,-13.628270,0 -57.446000,-13.618520,0</coordinates></LineString></Placemark>
<Placemark><name>divisa 120</name><styleUrl>#malha</styleUrl><LineString><tessellate>1</tessellate><coordinates>-57.446000,-13.618520,0 -57.436530,-13.628270,0</coordinates></LineString></Placemark>
<Placemark><name>divisa 121</name><styleUrl>#malha</styleUrl><LineString><tessellate>1</tessellate><coordinates>-57.437950,-13.501180,0 -57.445210,-13.506340,0</coordinates></LineString></Placemark>
<Placemark><name>divisa 122</name><styleUrl>#malha</styleUrl><LineString><tessellate>1</tessellate><coordinates>-57.437950,-13.501180,0 -57.434890,-13.498980,0 -57.438450,-13.488840,0 -57.447810,-13.497770,0 -57.445210,-13.506340,0</coordinates></LineString></Placemark>
<Placemark><name>divisa 123</name><styleUrl>#malha</styleUrl><LineString><tessellate>1</tessellate><coordinates>-57.445210,-13.506340,0 -57.443220,-13.512500,0 -57.431070,-13.509740,0 -57.431150,-13.509520,0</coordinates></LineString></Placemark>
<Placemark><name>divisa 124</name><styleUrl>#malha</styleUrl><LineString><tessellate>1</tessellate><coordinates>-57.445210,-13.506340,0 -57.437950,-13.501180,0</coordinates></LineString></Placemark>
<Placemark><name>divisa 125</name><styleUrl>#malha</styleUrl><LineString><tessellate>1</tessellate><coordinates>-57.442720,-13.641440,0 -57.432680,-13.632180,0</coordinates></LineString></Placemark>
<Placemark><name>divisa 126</name><styleUrl>#malha</styleUrl><LineString><tessellate>1</tessellate><coordinates>-57.442720,-13.641440,0 -57.437800,-13.646480,0</coordinates></LineString></Placemark>
<Placemark><name>divisa 127</name><styleUrl>#malha</styleUrl><LineString><tessellate>1</tessellate><coordinates>-57.433260,-13.592160,0 -57.433330,-13.592240,0 -57.434630,-13.592010,0 -57.434930,-13.592090,0 -57.435510,-13.592750,0 -57.436090,-13.592800,0 -57.439210,-13.591820,0 -57.442090,-13.589950,0</coordinates></LineString></Placemark>
<Placemark><name>divisa 128</name><styleUrl>#malha</styleUrl><LineString><tessellate>1</tessellate><coordinates>-57.441810,-13.603090,0 -57.435920,-13.609190,0</coordinates></LineString></Placemark>
<Placemark><name>divisa 129</name><styleUrl>#malha</styleUrl><LineString><tessellate>1</tessellate><coordinates>-57.435920,-13.609190,0 -57.441810,-13.603090,0</coordinates></LineString></Placemark>
<Placemark><name>divisa 130</name><styleUrl>#malha</styleUrl><LineString><tessellate>1</tessellate><coordinates>-57.434230,-13.500740,0 -57.434850,-13.498980,0 -57.437950,-13.501180,0</coordinates></LineString></Placemark>
<Placemark><name>divisa 131</name><styleUrl>#malha</styleUrl><LineString><tessellate>1</tessellate><coordinates>-57.427310,-13.637920,0 -57.428930,-13.636100,0 -57.437800,-13.646480,0</coordinates></LineString></Placemark>
<Placemark><name>divisa 132</name><styleUrl>#malha</styleUrl><LineString><tessellate>1</tessellate><coordinates>-57.437800,-13.646480,0 -57.436870,-13.647430,0</coordinates></LineString></Placemark>
<Placemark><name>divisa 133</name><styleUrl>#malha</styleUrl><LineString><tessellate>1</tessellate><coordinates>-57.437800,-13.646480,0 -57.436870,-13.647430,0</coordinates></LineString></Placemark>
<Placemark><name>divisa 134</name><styleUrl>#malha</styleUrl><LineString><tessellate>1</tessellate><coordinates>-57.436870,-13.647430,0 -57.433310,-13.651030,0</coordinates></LineString></Placemark>
<Placemark><name>divisa 135</name><styleUrl>#malha</styleUrl><LineString><tessellate>1</tessellate><coordinates>-57.436870,-13.647430,0 -57.433310,-13.651030,0</coordinates></LineString></Placemark>
<Placemark><name>divisa 136</name><styleUrl>#malha</styleUrl><LineString><tessellate>1</tessellate><coordinates>-57.436530,-13.628270,0 -57.435160,-13.629660,0</coordinates></LineString></Placemark>
<Placemark><name>divisa 137</name><styleUrl>#malha</styleUrl><LineString><tessellate>1</tessellate><coordinates>-57.435160,-13.629660,0 -57.436530,-13.628270,0</coordinates></LineString></Placemark>
<Placemark><name>divisa 138</name><styleUrl>#malha</styleUrl><LineString><tessellate>1</tessellate><coordinates>-57.435920,-13.609190,0 -57.435920,-13.609190,0</coordinates></LineString></Placemark>
<Placemark><name>divisa 139</name><styleUrl>#malha</styleUrl><LineString><tessellate>1</tessellate><coordinates>-57.435920,-13.609190,0 -57.435920,-13.609190,0</coordinates></LineString></Placemark>
<Placemark><name>divisa 140</name><styleUrl>#malha</styleUrl><LineString><tessellate>1</tessellate><coordinates>-57.435920,-13.609190,0 -57.435920,-13.609190,0</coordinates></LineString></Placemark>
<Placemark><name>divisa 141</name><styleUrl>#malha</styleUrl><LineString><tessellate>1</tessellate><coordinates>-57.435920,-13.609190,0 -57.428410,-13.617210,0 -57.428310,-13.617090,0</coordinates></LineString></Placemark>
<Placemark><name>divisa 142</name><styleUrl>#malha</styleUrl><LineString><tessellate>1</tessellate><coordinates>-57.435920,-13.609190,0 -57.425830,-13.599870,0</coordinates></LineString></Placemark>
<Placemark><name>divisa 143</name><styleUrl>#malha</styleUrl><LineString><tessellate>1</tessellate><coordinates>-57.435920,-13.609190,0 -57.435920,-13.609190,0</coordinates></LineString></Placemark>
<Placemark><name>divisa 144</name><styleUrl>#malha</styleUrl><LineString><tessellate>1</tessellate><coordinates>-57.428310,-13.617090,0 -57.435920,-13.609190,0</coordinates></LineString></Placemark>
<Placemark><name>divisa 145</name><styleUrl>#malha</styleUrl><LineString><tessellate>1</tessellate><coordinates>-57.435160,-13.629660,0 -57.425190,-13.620480,0 -57.423810,-13.621780,0 -57.425470,-13.620200,0 -57.426760,-13.618720,0</coordinates></LineString></Placemark>
<Placemark><name>divisa 146</name><styleUrl>#malha</styleUrl><LineString><tessellate>1</tessellate><coordinates>-57.432680,-13.632180,0 -57.435160,-13.629660,0</coordinates></LineString></Placemark>
<Placemark><name>divisa 147</name><styleUrl>#malha</styleUrl><LineString><tessellate>1</tessellate><coordinates>-57.425190,-13.492510,0 -57.434810,-13.498930,0 -57.434230,-13.500740,0</coordinates></LineString></Placemark>
<Placemark><name>divisa 148</name><styleUrl>#malha</styleUrl><LineString><tessellate>1</tessellate><coordinates>-57.434230,-13.500740,0 -57.431370,-13.509660,0 -57.431150,-13.509520,0</coordinates></LineString></Placemark>
<Placemark><name>divisa 149</name><styleUrl>#malha</styleUrl><LineString><tessellate>1</tessellate><coordinates>-57.431150,-13.509520,0 -57.434230,-13.500740,0</coordinates></LineString></Placemark>
<Placemark><name>divisa 150</name><styleUrl>#malha</styleUrl><LineString><tessellate>1</tessellate><coordinates>-57.412590,-13.587730,0 -57.414140,-13.588260,0 -57.415370,-13.588260,0 -57.420490,-13.587540,0 -57.422130,-13.588540,0 -57.430610,-13.588560,0 -57.430980,-13.588640,0 -57.431400,-13.589050,0 -57.431990,-13.590220,0 -57.433260,-13.592160,0</coordinates></LineString></Placemark>
<Placemark><name>divisa 151</name><styleUrl>#malha</styleUrl><LineString><tessellate>1</tessellate><coordinates>-57.425830,-13.599870,0 -57.433260,-13.592160,0</coordinates></LineString></Placemark>
<Placemark><name>divisa 152</name><styleUrl>#malha</styleUrl><LineString><tessellate>1</tessellate><coordinates>-57.433310,-13.651030,0 -57.433300,-13.651030,0</coordinates></LineString></Placemark>
<Placemark><name>divisa 153</name><styleUrl>#malha</styleUrl><LineString><tessellate>1</tessellate><coordinates>-57.433310,-13.651030,0 -57.433300,-13.651030,0</coordinates></LineString></Placemark>
<Placemark><name>divisa 154</name><styleUrl>#malha</styleUrl><LineString><tessellate>1</tessellate><coordinates>-57.433300,-13.651030,0 -57.427350,-13.638050,0</coordinates></LineString></Placemark>
<Placemark><name>divisa 155</name><styleUrl>#malha</styleUrl><LineString><tessellate>1</tessellate><coordinates>-57.433300,-13.651030,0 -57.433250,-13.651070,0</coordinates></LineString></Placemark>
<Placemark><name>divisa 156</name><styleUrl>#malha</styleUrl><LineString><tessellate>1</tessellate><coordinates>-57.432690,-13.649880,0 -57.433250,-13.651070,0</coordinates></LineString></Placemark>
<Placemark><name>divisa 157</name><styleUrl>#malha</styleUrl><LineString><tessellate>1</tessellate><coordinates>-57.433250,-13.651070,0 -57.433170,-13.651220,0</coordinates></LineString></Placemark>
<Placemark><name>divisa 158</name><styleUrl>#malha</styleUrl><LineString><tessellate>1</tessellate><coordinates>-57.433250,-13.651070,0 -57.433170,-13.651220,0</coordinates></LineString></Placemark>
<Placemark><name>divisa 159</name><styleUrl>#malha</styleUrl><LineString><tessellate>1</tessellate><coordinates>-57.433170,-13.651220,0 -57.433170,-13.651300,0 -57.433170,-13.651220,0</coordinates></LineString></Placemark>
<Placemark><name>divisa 160</name><styleUrl>#malha</styleUrl><LineString><tessellate>1</tessellate><coordinates>-57.433170,-13.651220,0 -57.433170,-13.651220,0</coordinates></LineString></Placemark>
<Placemark><name>divisa 161</name><styleUrl>#malha</styleUrl><LineString><tessellate>1</tessellate><coordinates>-57.433170,-13.651220,0 -57.433170,-13.650930,0 -57.432690,-13.649880,0</coordinates></LineString></Placemark>
<Placemark><name>divisa 162</name><styleUrl>#malha</styleUrl><LineString><tessellate>1</tessellate><coordinates>-57.433170,-13.651220,0 -57.429450,-13.655200,0 -57.420260,-13.645030,0 -57.427160,-13.638140,0 -57.432690,-13.649880,0</coordinates></LineString></Placemark>
<Placemark><name>divisa 163</name><styleUrl>#malha</styleUrl><LineString><tessellate>1</tessellate><coordinates>-57.427310,-13.637920,0 -57.427260,-13.637770,0 -57.432680,-13.632180,0</coordinates></LineString></Placemark>
<Placemark><name>divisa 164</name><styleUrl>#malha</styleUrl><LineString><tessellate>1</tessellate><coordinates>-57.432690,-13.649880,0 -57.427640,-13.638980,0 -57.427350,-13.638050,0</coordinates></LineString></Placemark>
<Placemark><name>divisa 165</name><styleUrl>#malha</styleUrl><LineString><tessellate>1</tessellate><coordinates>-57.431150,-13.509520,0 -57.421890,-13.503530,0 -57.425190,-13.492510,0</coordinates></LineString></Placemark>
<Placemark><name>divisa 166</name><styleUrl>#malha</styleUrl><LineString><tessellate>1</tessellate><coordinates>-57.428310,-13.617090,0 -57.428280,-13.617060,0</coordinates></LineString></Placemark>
<Placemark><name>divisa 167</name><styleUrl>#malha</styleUrl><LineString><tessellate>1</tessellate><coordinates>-57.427260,-13.618170,0 -57.428310,-13.617090,0</coordinates></LineString></Placemark>
<Placemark><name>divisa 168</name><styleUrl>#malha</styleUrl><LineString><tessellate>1</tessellate><coordinates>-57.428280,-13.617060,0 -57.422320,-13.610260,0</coordinates></LineString></Placemark>
<Placemark><name>divisa 169</name><styleUrl>#malha</styleUrl><LineString><tessellate>1</tessellate><coordinates>-57.422320,-13.610260,0 -57.428280,-13.617060,0</coordinates></LineString></Placemark>
<Placemark><name>divisa 170</name><styleUrl>#malha</styleUrl><LineString><tessellate>1</tessellate><coordinates>-57.428280,-13.617060,0 -57.427260,-13.618170,0</coordinates></LineString></Placemark>
<Placemark><name>divisa 171</name><styleUrl>#malha</styleUrl><LineString><tessellate>1</tessellate><coordinates>-57.427350,-13.638050,0 -57.427310,-13.637920,0</coordinates></LineString></Placemark>
<Placemark><name>divisa 172</name><styleUrl>#malha</styleUrl><LineString><tessellate>1</tessellate><coordinates>-57.427350,-13.638050,0 -57.427310,-13.637920,0</coordinates></LineString></Placemark>
<Placemark><name>divisa 173</name><styleUrl>#malha</styleUrl><LineString><tessellate>1</tessellate><coordinates>-57.427260,-13.618170,0 -57.426760,-13.618720,0</coordinates></LineString></Placemark>
<Placemark><name>divisa 174</name><styleUrl>#malha</styleUrl><LineString><tessellate>1</tessellate><coordinates>-57.426760,-13.618720,0 -57.427260,-13.618170,0</coordinates></LineString></Placemark>
<Placemark><name>divisa 175</name><styleUrl>#malha</styleUrl><LineString><tessellate>1</tessellate><coordinates>-57.426760,-13.618720,0 -57.425170,-13.620460,0 -57.415690,-13.610390,0 -57.419080,-13.606640,0 -57.422320,-13.610260,0</coordinates></LineString></Placemark>
<Placemark><name>divisa 176</name><styleUrl>#malha</styleUrl><LineString><tessellate>1</tessellate><coordinates>-57.425830,-13.599870,0 -57.415750,-13.590620,0</coordinates></LineString></Placemark>
<Placemark><name>divisa 177</name><styleUrl>#malha</styleUrl><LineString><tessellate>1</tessellate><coordinates>-57.415750,-13.590620,0 -57.425830,-13.599870,0</coordinates></LineString></Placemark>
<Placemark><name>divisa 178</name><styleUrl>#malha</styleUrl><LineString><tessellate>1</tessellate><coordinates>-57.425830,-13.599870,0 -57.421120,-13.604900,0 -57.421020,-13.604820,0</coordinates></LineString></Placemark>
<Placemark><name>divisa 179</name><styleUrl>#malha</styleUrl><LineString><tessellate>1</tessellate><coordinates>-57.421020,-13.604820,0 -57.425830,-13.599870,0</coordinates></LineString></Placemark>
<Placemark><name>divisa 180</name><styleUrl>#malha</styleUrl><LineString><tessellate>1</tessellate><coordinates>-57.425190,-13.492510,0 -57.426570,-13.488420,0 -57.436780,-13.493550,0 -57.434850,-13.498890,0 -57.425190,-13.492510,0</coordinates></LineString></Placemark>
<Placemark><name>divisa 181</name><styleUrl>#malha</styleUrl><LineString><tessellate>1</tessellate><coordinates>-57.424570,-13.528890,0 -57.424780,-13.528230,0</coordinates></LineString></Placemark>
<Placemark><name>divisa 182</name><styleUrl>#malha</styleUrl><LineString><tessellate>1</tessellate><coordinates>-57.424570,-13.528890,0 -57.423610,-13.531940,0 -57.409830,-13.527850,0 -57.414510,-13.516960,0 -57.428880,-13.515290,0 -57.424780,-13.528230,0</coordinates></LineString></Placemark>
<Placemark><name>divisa 183</name><styleUrl>#malha</styleUrl><LineString><tessellate>1</tessellate><coordinates>-57.424780,-13.528230,0 -57.425240,-13.528310,0 -57.425110,-13.528980,0 -57.428200,-13.530150,0 -57.428500,-13.530860,0 -57.434510,-13.532360,0 -57.437170,-13.532570,0 -57.436090,-13.535570,0 -57.423690,-13.531940,0 -57.424570,-13.528890,0</coordinates></LineString></Placemark>
<Placemark><name>divisa 184</name><styleUrl>#malha</styleUrl><LineString><tessellate>1</tessellate><coordinates>-57.424780,-13.528230,0 -57.424570,-13.528890,0</coordinates></LineString></Placemark>
<Placemark><name>divisa 185</name><styleUrl>#malha</styleUrl><LineString><tessellate>1</tessellate><coordinates>-57.422320,-13.610260,0 -57.419190,-13.606700,0 -57.421020,-13.604820,0</coordinates></LineString></Placemark>
<Placemark><name>divisa 186</name><styleUrl>#malha</styleUrl><LineString><tessellate>1</tessellate><coordinates>-57.421020,-13.604820,0 -57.418670,-13.602820,0 -57.410900,-13.595730,0</coordinates></LineString></Placemark>
<Placemark><name>divisa 187</name><styleUrl>#malha</styleUrl><LineString><tessellate>1</tessellate><coordinates>-57.412590,-13.587730,0 -57.415750,-13.590620,0</coordinates></LineString></Placemark>
<Placemark><name>divisa 188</name><styleUrl>#malha</styleUrl><LineString><tessellate>1</tessellate><coordinates>-57.415750,-13.590620,0 -57.415750,-13.590620,0</coordinates></LineString></Placemark>
<Placemark><name>divisa 189</name><styleUrl>#malha</styleUrl><LineString><tessellate>1</tessellate><coordinates>-57.415750,-13.590620,0 -57.415750,-13.590620,0</coordinates></LineString></Placemark>
<Placemark><name>divisa 190</name><styleUrl>#malha</styleUrl><LineString><tessellate>1</tessellate><coordinates>-57.415750,-13.590620,0 -57.415750,-13.590620,0</coordinates></LineString></Placemark>
<Placemark><name>divisa 191</name><styleUrl>#malha</styleUrl><LineString><tessellate>1</tessellate><coordinates>-57.415750,-13.590620,0 -57.410900,-13.595730,0</coordinates></LineString></Placemark>
<Placemark><name>divisa 192</name><styleUrl>#malha</styleUrl><LineString><tessellate>1</tessellate><coordinates>-57.415750,-13.590620,0 -57.412590,-13.587730,0</coordinates></LineString></Placemark>
<Placemark><name>divisa 193</name><styleUrl>#malha</styleUrl><LineString><tessellate>1</tessellate><coordinates>-57.410900,-13.595730,0 -57.415750,-13.590620,0</coordinates></LineString></Placemark>
<Placemark><name>divisa 194</name><styleUrl>#malha</styleUrl><LineString><tessellate>1</tessellate><coordinates>-57.410900,-13.595730,0 -57.406530,-13.592220,0 -57.403320,-13.589250,0 -57.406510,-13.584910,0 -57.406770,-13.584740,0 -57.408840,-13.585990,0 -57.411410,-13.587340,0 -57.412590,-13.587730,0</coordinates></LineString></Placemark>
<Placemark><name>divisa 195</name><styleUrl>#malha</styleUrl><LineString><tessellate>1</tessellate><coordinates>-57.402700,-13.623770,0 -57.404770,-13.621640,0</coordinates></LineString></Placemark>
<Placemark><name>divisa 196</name><styleUrl>#malha</styleUrl><LineString><tessellate>1</tessellate><coordinates>-57.402700,-13.623770,0 -57.400870,-13.621060,0 -57.400300,-13.619720,0 -57.400240,-13.618700,0 -57.400650,-13.615740,0 -57.401800,-13.612130,0 -57.403180,-13.604800,0 -57.412620,-13.613600,0 -57.404770,-13.621640,0</coordinates></LineString></Placemark>
<Placemark><name>divisa 197</name><styleUrl>#malha</styleUrl><LineString><tessellate>1</tessellate><coordinates>-57.404770,-13.621640,0 -57.413990,-13.631810,0 -57.413990,-13.631930,0 -57.410820,-13.635200,0 -57.409210,-13.634220,0 -57.408230,-13.631890,0 -57.406850,-13.630410,0 -57.406470,-13.629200,0 -57.402700,-13.623770,0</coordinates></LineString></Placemark>
<Placemark><name>divisa 198</name><styleUrl>#malha</styleUrl><LineString><tessellate>1</tessellate><coordinates>-57.404770,-13.621640,0 -57.402700,-13.623770,0</coordinates></LineString></Placemark>
<Placemark><name>divisa 199</name><styleUrl>#malha</styleUrl><LineString><tessellate>1</tessellate><coordinates>-57.435110,-13.629660,0 -57.432770,-13.632020,0 -57.422850,-13.622940,0 -57.425240,-13.620530,0 -57.435110,-13.629660,0</coordinates></LineString></Placemark>
<Placemark><name>divisa 200</name><styleUrl>#malha</styleUrl><LineString><tessellate>1</tessellate><coordinates>-57.429230,-13.635620,0 -57.427180,-13.637800,0 -57.416740,-13.629120,0 -57.422780,-13.623000,0 -57.432670,-13.632140,0 -57.429230,-13.635620,0</coordinates></LineString></Placemark>
<Placemark><name>divisa 201</name><styleUrl>#malha</styleUrl><LineString><tessellate>1</tessellate><coordinates>-57.418550,-13.643080,0 -57.411640,-13.635750,0 -57.410940,-13.635170,0 -57.416690,-13.629170,0 -57.427120,-13.638000,0 -57.420120,-13.644900,0 -57.418550,-13.643080,0</coordinates></LineString></Placemark>
<Placemark><name>divisa 202</name><styleUrl>#malha</styleUrl><LineString><tessellate>1</tessellate><coordinates>-57.407040,-13.619360,0 -57.412660,-13.613600,0 -57.422680,-13.623040,0 -57.416650,-13.629100,0 -57.407040,-13.619360,0</coordinates></LineString></Placemark>
<Placemark><name>divisa 203</name><styleUrl>#malha</styleUrl><LineString><tessellate>1</tessellate><coordinates>-57.404810,-13.621630,0 -57.407040,-13.619420,0 -57.416610,-13.629140,0 -57.414040,-13.631810,0 -57.404810,-13.621630,0</coordinates></LineString></Placemark>
</Folder><Folder><name>Estradas extras</name>
<Placemark><name>estrada 1 (desenhada na bancada)</name><styleUrl>#extra</styleUrl><LineString><tessellate>1</tessellate><coordinates>-57.475096,-13.560327,0 -57.475134,-13.559923,0 -57.474906,-13.559553,0 -57.474968,-13.559292,0 -57.475702,-13.558849,0 -57.476770,-13.558147,0 -57.477580,-13.557621,0 -57.478202,-13.557300,0 -57.480029,-13.556653,0 -57.481029,-13.556374,0 -57.482240,-13.556040,0 -57.484200,-13.555561,0 -57.485734,-13.554956,0 -57.486822,-13.557173,0 -57.489803,-13.563659,0 -57.498769,-13.583329,0 -57.498800,-13.583550,0 -57.498716,-13.583704,0 -57.498448,-13.583975,0 -57.498246,-13.584218,0 -57.497385,-13.584833,0 -57.497275,-13.584849,0 -57.497085,-13.584700,0 -57.495840,-13.583848,0 -57.495580,-13.583655,0 -57.494108,-13.582625,0 -57.492241,-13.581418,0 -57.491265,-13.580706,0 -57.491104,-13.580539,0 -57.490087,-13.579624,0 -57.489851,-13.579535,0 -57.489586,-13.579496,0 -57.489350,-13.579410,0 -57.488703,-13.579043,0 -57.488228,-13.578740,0 -57.486530,-13.577490,0 -57.486005,-13.577017,0 -57.485715,-13.576219,0 -57.485605,-13.575935,0 -57.485501,-13.575627,0 -57.485407,-13.575233,0 -57.485393,-13.574430,0 -57.485372,-13.573659,0 -57.485299,-13.572274,0 -57.485286,-13.571750,0 -57.485203,-13.570410,0 -57.485109,-13.570063,0 -57.484658,-13.568606,0 -57.484307,-13.567487,0 -57.484189,-13.566804,0 -57.483543,-13.566968,0 -57.483170,-13.566989,0 -57.481933,-13.567226,0 -57.481335,-13.567372,0 -57.480555,-13.567563,0 -57.480064,-13.567602,0 -57.479761,-13.567492,0 -57.479514,-13.567325,0 -57.479213,-13.567187,0 -57.478755,-13.567005,0 -57.478366,-13.566830,0 -57.477792,-13.566554,0 -57.477470,-13.566454,0 -57.477270,-13.566410,0 -57.476451,-13.567273,0 -57.475834,-13.567907,0 -57.474064,-13.569761,0 -57.472017,-13.571849,0 -57.471513,-13.572347,0 -57.471725,-13.572663,0 -57.476711,-13.577215,0 -57.478935,-13.579259,0 -57.480791,-13.580967,0 -57.481504,-13.581652,0 -57.491840,-13.590690,0 -57.491891,-13.590724,0 -57.493703,-13.588872,0 -57.488751,-13.593966,0 -57.442907,-13.641295,0 -57.437745,-13.646644,0 -57.436604,-13.647817,0 -57.436502,-13.647942,0 -57.435603,-13.648883,0 -57.433404,-13.651145,0 -57.430794,-13.653858,0 -57.429737,-13.655029,0 -57.429684,-13.655094,0</coordinates></LineString></Placemark>
<Placemark><name>estrada 2 (desenhada na bancada)</name><styleUrl>#extra</styleUrl><LineString><tessellate>1</tessellate><coordinates>-57.428880,-13.515290,0 -57.428552,-13.515950,0 -57.425945,-13.524681,0 -57.423796,-13.531780,0 -57.423737,-13.531999,0</coordinates></LineString></Placemark>
<Placemark><name>estrada 3 (desenhada na bancada)</name><styleUrl>#extra</styleUrl><LineString><tessellate>1</tessellate><coordinates>-57.414387,-13.517092,0 -57.409830,-13.527850,0 -57.409841,-13.527987,0 -57.436234,-13.535706,0 -57.441820,-13.537430,0 -57.443859,-13.537996,0 -57.445898,-13.538587,0 -57.448820,-13.539458,0 -57.450873,-13.540082,0 -57.451461,-13.540338,0 -57.452585,-13.540879,0 -57.454021,-13.541600,0 -57.454567,-13.541879,0 -57.455255,-13.542066,0 -57.455583,-13.542102,0 -57.457201,-13.542176,0 -57.458316,-13.542246,0 -57.458640,-13.542377,0 -57.458638,-13.542541,0 -57.458727,-13.542716,0 -57.458759,-13.542893,0 -57.459739,-13.544986,0 -57.459987,-13.545326,0 -57.461135,-13.546784,0 -57.461350,-13.547180,0 -57.461634,-13.547738,0 -57.461865,-13.548103,0 -57.462364,-13.548656,0 -57.462444,-13.548656,0 -57.462520,-13.548850,0 -57.462670,-13.549167,0 -57.462852,-13.549501,0 -57.463002,-13.549824,0 -57.463297,-13.550570,0 -57.463490,-13.550867,0 -57.463802,-13.551368,0 -57.464198,-13.551738,0 -57.464697,-13.551868,0 -57.466820,-13.552560,0 -57.467047,-13.552656,0 -57.467347,-13.552937,0 -57.467510,-13.553150,0 -57.467675,-13.553344,0 -57.467927,-13.553788,0 -57.468318,-13.554343,0 -57.468989,-13.555102,0 -57.469466,-13.555522,0 -57.469651,-13.555654,0 -57.470767,-13.556421,0 -57.471443,-13.556870,0 -57.472554,-13.557521,0 -57.473439,-13.557931,0 -57.474353,-13.558544,0 -57.474646,-13.558890,0 -57.474968,-13.559292,0</coordinates></LineString></Placemark>
<Placemark><name>estrada 4 (desenhada na bancada)</name><styleUrl>#extra</styleUrl><LineString><tessellate>1</tessellate><coordinates>-57.441705,-13.537422,0 -57.440472,-13.539190,0 -57.439452,-13.540546,0 -57.438229,-13.542205,0 -57.437001,-13.543837,0 -57.432901,-13.549323,0 -57.430969,-13.551935,0 -57.429469,-13.553926,0 -57.429362,-13.554108,0 -57.429343,-13.554279,0 -57.429382,-13.554412,0 -57.429496,-13.554546,0 -57.429697,-13.554687,0 -57.430002,-13.554807,0 -57.430368,-13.554958,0 -57.430974,-13.555248,0 -57.431417,-13.555407,0 -57.432055,-13.555610,0 -57.432508,-13.555725,0 -57.432948,-13.555759,0 -57.433568,-13.555459,0 -57.434380,-13.555034,0 -57.434791,-13.554964,0 -57.435137,-13.554977,0 -57.435528,-13.555052,0 -57.435783,-13.555117,0 -57.436350,-13.555330,0 -57.437207,-13.555923,0 -57.437615,-13.556160,0 -57.438101,-13.556439,0 -57.438599,-13.556786,0 -57.439018,-13.556969,0 -57.439544,-13.557196,0 -57.440018,-13.557323,0 -57.440300,-13.557490,0 -57.440507,-13.557754,0 -57.440893,-13.558431,0 -57.440965,-13.558737,0 -57.441160,-13.559550,0 -57.441595,-13.559965,0 -57.442183,-13.560606,0 -57.442454,-13.560877,0 -57.442698,-13.561146,0 -57.443057,-13.561623,0 -57.443272,-13.561829,0 -57.443430,-13.561871,0 -57.443425,-13.562210,0 -57.443430,-13.562450,0 -57.443500,-13.562770,0 -57.443631,-13.562945,0 -57.444224,-13.563508,0 -57.444688,-13.563863,0 -57.445620,-13.564540,0 -57.446386,-13.565151,0 -57.447276,-13.565993,0 -57.447400,-13.566180,0 -57.447555,-13.566319,0 -57.447633,-13.566548,0 -57.447901,-13.566955,0 -57.448145,-13.567297,0 -57.449385,-13.568984,0 -57.450087,-13.569904,0 -57.450492,-13.570509,0 -57.451160,-13.571410,0 -57.452170,-13.572660,0 -57.452799,-13.573580,0 -57.453008,-13.573776,0 -57.453153,-13.574024,0 -57.453424,-13.574443,0 -57.453537,-13.574767,0 -57.453542,-13.575249,0 -57.453526,-13.575564,0 -57.453491,-13.575802,0 -57.453494,-13.578508,0 -57.452880,-13.580239,0 -57.452700,-13.580557,0 -57.451587,-13.581668,0 -57.450972,-13.581970,0 -57.449647,-13.582296,0 -57.448870,-13.582416,0 -57.447896,-13.582886,0 -57.445919,-13.583863,0 -57.445627,-13.584426,0 -57.444460,-13.586228,0 -57.444235,-13.587065,0 -57.444187,-13.588079,0 -57.444157,-13.588277,0 -57.443967,-13.588726,0 -57.443851,-13.588958,0 -57.443540,-13.589203,0 -57.442743,-13.589630,0 -57.442135,-13.589865,0 -57.441848,-13.590034,0 -57.440375,-13.591004,0 -57.439222,-13.591745,0 -57.438610,-13.591927,0 -57.437591,-13.592305,0 -57.436132,-13.592725,0 -57.435864,-13.592722,0 -57.435646,-13.592696,0 -57.435515,-13.592605,0 -57.435241,-13.592378,0 -57.435046,-13.592130,0 -57.434850,-13.591961,0 -57.434329,-13.591982,0 -57.433417,-13.592144,0 -57.433214,-13.592039,0 -57.433086,-13.591915,0 -57.433027,-13.591833,0 -57.432826,-13.591567,0 -57.432763,-13.591441,0 -57.432633,-13.591230,0 -57.432463,-13.590957,0 -57.432367,-13.590800,0 -57.432263,-13.590659,0 -57.432196,-13.590532,0 -57.431990,-13.590220,0 -57.431893,-13.590015,0 -57.431764,-13.589775,0 -57.431665,-13.589570,0 -57.431537,-13.589300,0 -57.431447,-13.589117,0 -57.431374,-13.588971,0 -57.431170,-13.588758,0 -57.430942,-13.588617,0 -57.430624,-13.588535,0 -57.430330,-13.588513,0 -57.430187,-13.588524,0 -57.429941,-13.588524,0 -57.429623,-13.588538,0 -57.429402,-13.588542,0 -57.426682,-13.588475,0 -57.425838,-13.588486,0 -57.425148,-13.588546,0 -57.424440,-13.588520,0 -57.423311,-13.588499,0 -57.422200,-13.588488,0 -57.421940,-13.588423,0 -57.421795,-13.588348,0 -57.420736,-13.587571,0 -57.420444,-13.587485,0 -57.419658,-13.587581,0 -57.417209,-13.587967,0 -57.415382,-13.588209,0 -57.415028,-13.588202,0 -57.414199,-13.588204,0 -57.413596,-13.587998,0 -57.413065,-13.587847,0 -57.412759,-13.587737,0 -57.412590,-13.587730,0 -57.411930,-13.587513,0 -57.411410,-13.587340,0 -57.410804,-13.586932,0 -57.410342,-13.586697,0 -57.410058,-13.586538,0 -57.409441,-13.586225,0 -57.408494,-13.585727,0 -57.407204,-13.584930,0 -57.406829,-13.584713,0 -57.406628,-13.584708,0 -57.406560,-13.584765,0 -57.405903,-13.585654,0 -57.405506,-13.586178,0 -57.404924,-13.586958,0 -57.404087,-13.588113,0 -57.403363,-13.589075,0</coordinates></LineString></Placemark>
<Placemark><name>estrada 5 (desenhada na bancada)</name><styleUrl>#extra</styleUrl><LineString><tessellate>1</tessellate><coordinates>-57.412740,-13.587826,0 -57.413344,-13.588348,0 -57.413717,-13.588668,0 -57.415828,-13.590592,0 -57.416565,-13.591283,0 -57.417933,-13.592566,0 -57.418925,-13.593460,0 -57.420178,-13.594599,0 -57.421299,-13.595660,0 -57.422520,-13.596763,0 -57.423877,-13.598035,0 -57.425910,-13.599913,0 -57.427374,-13.601266,0 -57.428659,-13.602457,0 -57.429724,-13.603414,0 -57.431229,-13.604816,0 -57.433042,-13.606490,0 -57.434970,-13.608268,0 -57.435920,-13.609190,0 -57.443851,-13.616487,0 -57.446359,-13.618818,0 -57.449484,-13.621719,0 -57.449213,-13.622600,0 -57.449047,-13.623051,0 -57.449505,-13.624042,0 -57.449736,-13.624284,0 -57.450106,-13.624660,0 -57.450320,-13.624780,0 -57.450538,-13.624868,0 -57.451697,-13.625337,0 -57.452104,-13.625530,0 -57.452485,-13.625640,0 -57.452933,-13.625684,0 -57.453416,-13.625726,0 -57.454003,-13.625757,0 -57.454328,-13.625681,0 -57.456230,-13.627400,0 -57.456230,-13.627400,0</coordinates></LineString></Placemark>
<Placemark><name>estrada 6 (desenhada na bancada)</name><styleUrl>#extra</styleUrl><LineString><tessellate>1</tessellate><coordinates>-57.427159,-13.637939,0 -57.428184,-13.636873,0 -57.429004,-13.636025,0 -57.432758,-13.632180,0 -57.435383,-13.629521,0 -57.437092,-13.627780,0 -57.439383,-13.625405,0 -57.441475,-13.623247,0 -57.444492,-13.620126,0 -57.446195,-13.618390,0 -57.447985,-13.616495,0 -57.449841,-13.614589,0 -57.451592,-13.612754,0 -57.453295,-13.610989,0 -57.455049,-13.609183,0 -57.456881,-13.607241,0 -57.458690,-13.605350,0 -57.460054,-13.603912,0 -57.461680,-13.602233,0 -57.463909,-13.599928,0 -57.465628,-13.598174,0 -57.467718,-13.595994,0 -57.469558,-13.594081,0 -57.471160,-13.592420,0 -57.472441,-13.591085,0 -57.474099,-13.589372,0 -57.478940,-13.584340,0 -57.480622,-13.582604,0 -57.481520,-13.581700,0 -57.481543,-13.581673,0</coordinates></LineString></Placemark>
<Placemark><name>estrada 7 (desenhada na bancada)</name><styleUrl>#extra</styleUrl><LineString><tessellate>1</tessellate><coordinates>-57.471450,-13.572380,0 -57.471513,-13.572347,0 -57.471140,-13.572728,0 -57.470925,-13.572952,0 -57.468774,-13.575194,0 -57.466425,-13.577666,0 -57.465851,-13.578240,0 -57.461983,-13.582255,0 -57.461227,-13.583021,0 -57.460218,-13.584069,0 -57.455782,-13.588653,0 -57.452252,-13.592308,0 -57.448540,-13.596182,0 -57.435810,-13.609363,0 -57.430054,-13.615343,0 -57.427769,-13.617710,0 -57.425226,-13.620348,0 -57.424861,-13.620708,0 -57.424349,-13.621339,0 -57.423497,-13.622270,0 -57.423268,-13.622500,0 -57.422805,-13.622985,0 -57.422758,-13.622944,0 -57.422536,-13.623119,0 -57.421948,-13.623724,0 -57.416740,-13.629120,0 -57.411203,-13.634857,0 -57.410820,-13.635200,0</coordinates></LineString></Placemark>
<Placemark><name>estrada 8 (desenhada na bancada)</name><styleUrl>#extra</styleUrl><LineString><tessellate>1</tessellate><coordinates>-57.442074,-13.589871,0 -57.442258,-13.590066,0 -57.442832,-13.590621,0 -57.443654,-13.591356,0 -57.444113,-13.591790,0 -57.446373,-13.593901,0 -57.447106,-13.594571,0 -57.448498,-13.595891,0 -57.448768,-13.596128,0 -57.449241,-13.596549,0 -57.450124,-13.597368,0 -57.450808,-13.598026,0 -57.451805,-13.598947,0 -57.452601,-13.599695,0 -57.453892,-13.600897,0 -57.455173,-13.602075,0 -57.456470,-13.603296,0 -57.457632,-13.604356,0 -57.458845,-13.605495,0 -57.459431,-13.606018,0 -57.460146,-13.606695,0 -57.461532,-13.607969,0 -57.462962,-13.609301,0 -57.464404,-13.610611,0 -57.466391,-13.612469,0 -57.468714,-13.614580,0</coordinates></LineString></Placemark>
<Placemark><name>estrada 9 (desenhada na bancada)</name><styleUrl>#extra</styleUrl><LineString><tessellate>1</tessellate><coordinates>-57.439530,-13.540480,0 -57.440555,-13.541602,0 -57.441424,-13.542614,0 -57.442561,-13.543887,0 -57.443336,-13.544810,0 -57.444323,-13.545910,0 -57.445318,-13.547005,0 -57.445396,-13.547159,0 -57.446397,-13.548286,0 -57.447290,-13.549297,0 -57.447590,-13.549621,0 -57.447955,-13.550086,0 -57.448486,-13.550656,0 -57.448609,-13.550791,0 -57.449236,-13.551514,0 -57.449386,-13.551696,0 -57.449932,-13.552296,0 -57.450110,-13.552563,0 -57.450271,-13.552735,0 -57.450365,-13.552825,0 -57.450523,-13.552979,0 -57.451027,-13.553563,0 -57.451187,-13.553768,0 -57.451345,-13.553885,0 -57.451601,-13.554100,0 -57.451823,-13.554291,0 -57.452351,-13.554804,0 -57.452725,-13.555146,0 -57.452932,-13.555342,0 -57.453488,-13.555860,0 -57.454030,-13.556343,0 -57.454274,-13.556576,0 -57.454783,-13.557036,0 -57.455434,-13.557630,0 -57.456061,-13.558202,0 -57.456586,-13.558697,0 -57.457198,-13.559249,0 -57.457417,-13.559451,0 -57.458111,-13.560083,0 -57.458882,-13.560816,0 -57.459128,-13.561042,0 -57.460209,-13.562032,0 -57.460869,-13.562632,0 -57.461380,-13.563080,0 -57.461491,-13.563211,0 -57.461755,-13.563433,0 -57.462460,-13.564095,0 -57.463384,-13.564964,0 -57.464174,-13.565689,0 -57.465043,-13.566481,0 -57.465916,-13.567278,0 -57.466767,-13.568087,0 -57.467925,-13.569150,0 -57.468864,-13.570007,0 -57.469812,-13.570852,0 -57.470472,-13.571519,0 -57.471450,-13.572380,0</coordinates></LineString></Placemark>
<Placemark><name>estrada 10 (desenhada na bancada)</name><styleUrl>#extra</styleUrl><LineString><tessellate>1</tessellate><coordinates>-57.469072,-13.555177,0 -57.468613,-13.555537,0 -57.468112,-13.556069,0 -57.466502,-13.557720,0 -57.465084,-13.559229,0 -57.463708,-13.560643,0 -57.461728,-13.562700,0 -57.461347,-13.563097,0 -57.460679,-13.563775,0 -57.458672,-13.565870,0 -57.456163,-13.568487,0 -57.454006,-13.570744,0 -57.452170,-13.572660,0</coordinates></LineString></Placemark>
<Placemark><name>estrada 11 (desenhada na bancada)</name><styleUrl>#extra</styleUrl><LineString><tessellate>1</tessellate><coordinates>-57.474101,-13.569721,0 -57.473726,-13.569407,0 -57.473486,-13.569174,0 -57.470250,-13.566203,0 -57.468820,-13.564878,0 -57.467327,-13.563506,0 -57.465368,-13.561695,0 -57.464000,-13.560430,0 -57.463957,-13.560387,0</coordinates></LineString></Placemark>
<Placemark><name>estrada 12 (desenhada na bancada)</name><styleUrl>#extra</styleUrl><LineString><tessellate>1</tessellate><coordinates>-57.475767,-13.547235,0 -57.479683,-13.548387,0 -57.483288,-13.549438,0 -57.483725,-13.549595,0</coordinates></LineString></Placemark>
<Placemark><name>estrada 13 (desenhada na bancada)</name><styleUrl>#extra</styleUrl><LineString><tessellate>1</tessellate><coordinates>-57.483430,-13.549563,0 -57.484100,-13.551232,0 -57.485480,-13.554232,0 -57.485788,-13.554924,0 -57.485734,-13.554956,0</coordinates></LineString></Placemark>
<Placemark><name>estrada 14 (desenhada na bancada)</name><styleUrl>#extra</styleUrl><LineString><tessellate>1</tessellate><coordinates>-57.403363,-13.589075,0 -57.402384,-13.590394,0 -57.402620,-13.590986,0 -57.402996,-13.591870,0 -57.403428,-13.592764,0 -57.404031,-13.594120,0 -57.404444,-13.595017,0 -57.404928,-13.596208,0 -57.404896,-13.596530,0 -57.404749,-13.597105,0 -57.404597,-13.597771,0 -57.404387,-13.598612,0 -57.404212,-13.599385,0 -57.404066,-13.600044,0 -57.403869,-13.600841,0 -57.403721,-13.601620,0 -57.403582,-13.602444,0 -57.403331,-13.603641,0 -57.403228,-13.604310,0 -57.403102,-13.604936,0 -57.402403,-13.608828,0 -57.402124,-13.610288,0 -57.401775,-13.612090,0 -57.401612,-13.612585,0 -57.401502,-13.612905,0 -57.401022,-13.614506,0 -57.400650,-13.615740,0 -57.400507,-13.616146,0 -57.400515,-13.616318,0 -57.400433,-13.617340,0 -57.400390,-13.617676,0 -57.400292,-13.618300,0 -57.400257,-13.618665,0 -57.400269,-13.619161,0 -57.400300,-13.619720,0 -57.400453,-13.620047,0 -57.400749,-13.620759,0 -57.401058,-13.621406,0 -57.401393,-13.621886,0 -57.401750,-13.622401,0 -57.402057,-13.622817,0 -57.402414,-13.623351,0 -57.402745,-13.623815,0 -57.403167,-13.624420,0 -57.403705,-13.625172,0 -57.404429,-13.626214,0 -57.405171,-13.627275,0 -57.405754,-13.628109,0 -57.406154,-13.628692,0 -57.406531,-13.629342,0 -57.406669,-13.629808,0 -57.406759,-13.630230,0 -57.407066,-13.630635,0 -57.407580,-13.631158,0 -57.408100,-13.631734,0 -57.408202,-13.631969,0 -57.408438,-13.632495,0 -57.408649,-13.632979,0 -57.409007,-13.633759,0 -57.409236,-13.634197,0 -57.409362,-13.634260,0 -57.409768,-13.634523,0 -57.410647,-13.635065,0 -57.410820,-13.635200,0</coordinates></LineString></Placemark>
<Placemark><name>estrada 15 (desenhada na bancada)</name><styleUrl>#extra</styleUrl><LineString><tessellate>1</tessellate><coordinates>-57.407204,-13.608551,0 -57.408669,-13.604975,0 -57.409653,-13.602504,0</coordinates></LineString></Placemark>
<Placemark><name>estrada 16 (desenhada na bancada)</name><styleUrl>#extra</styleUrl><LineString><tessellate>1</tessellate><coordinates>-57.403139,-13.604745,0 -57.403383,-13.605012,0 -57.404763,-13.606288,0 -57.405639,-13.607103,0 -57.406328,-13.607744,0 -57.407204,-13.608551,0 -57.408470,-13.609720,0 -57.409172,-13.610360,0 -57.409932,-13.611068,0 -57.410758,-13.611826,0 -57.411328,-13.612350,0 -57.412637,-13.613564,0 -57.413359,-13.614217,0 -57.414413,-13.615194,0 -57.415131,-13.615875,0 -57.417784,-13.618319,0 -57.421836,-13.622063,0 -57.422805,-13.622985,0 -57.423779,-13.623906,0 -57.424086,-13.624181,0 -57.424722,-13.624777,0 -57.425910,-13.625860,0 -57.426517,-13.626439,0 -57.427838,-13.627675,0 -57.428990,-13.628742,0 -57.430671,-13.630299,0 -57.432740,-13.632199,0 -57.437374,-13.636489,0 -57.442762,-13.641444,0</coordinates></LineString></Placemark>
<Placemark><name>estrada 17 (desenhada na bancada)</name><styleUrl>#extra</styleUrl><LineString><tessellate>1</tessellate><coordinates>-57.412637,-13.613564,0 -57.413703,-13.612503,0 -57.414674,-13.611495,0 -57.416367,-13.609732,0 -57.416903,-13.609182,0 -57.417862,-13.608175,0 -57.419399,-13.606616,0 -57.420245,-13.605725,0 -57.420972,-13.604988,0 -57.424553,-13.601267,0 -57.425898,-13.599881,0 -57.427482,-13.598252,0 -57.430633,-13.594944,0 -57.431949,-13.593583,0 -57.433354,-13.592120,0 -57.433365,-13.592111,0</coordinates></LineString></Placemark>
<Placemark><name>estrada 18 (desenhada na bancada)</name><styleUrl>#extra</styleUrl><LineString><tessellate>1</tessellate><coordinates>-57.453510,-13.575662,0 -57.453715,-13.575832,0 -57.454332,-13.576411,0 -57.455147,-13.577155,0 -57.455779,-13.577717,0 -57.456647,-13.578522,0 -57.457391,-13.579211,0 -57.458056,-13.579856,0 -57.459083,-13.580804,0 -57.460012,-13.581668,0 -57.461359,-13.582891,0 -57.462113,-13.583596,0 -57.463155,-13.584559,0 -57.463793,-13.585151,0 -57.464811,-13.586096,0 -57.465825,-13.587032,0 -57.466743,-13.587873,0 -57.467471,-13.588559,0 -57.469004,-13.589967,0 -57.471420,-13.592150,0 -57.471580,-13.592347,0 -57.471811,-13.592535,0 -57.471923,-13.592657,0 -57.474096,-13.594646,0 -57.476926,-13.597256,0 -57.479728,-13.599842,0 -57.480166,-13.600249,0 -57.481490,-13.601430,0</coordinates></LineString></Placemark>
<Placemark><name>estrada 19 (desenhada na bancada)</name><styleUrl>#extra</styleUrl><LineString><tessellate>1</tessellate><coordinates>-57.425258,-13.620311,0 -57.425516,-13.620596,0 -57.426138,-13.621207,0 -57.426876,-13.621916,0 -57.428176,-13.623170,0 -57.428901,-13.623863,0 -57.430105,-13.625014,0 -57.430970,-13.625867,0 -57.432115,-13.626985,0 -57.433179,-13.628013,0 -57.434246,-13.629044,0 -57.435079,-13.629830,0</coordinates></LineString></Placemark>
<Placemark><name>estrada 20 (desenhada na bancada)</name><styleUrl>#extra</styleUrl><LineString><tessellate>1</tessellate><coordinates>-57.427159,-13.637939,0 -57.426460,-13.638627,0 -57.425249,-13.639850,0 -57.423532,-13.641624,0</coordinates></LineString></Placemark>
<Placemark><name>estrada 21 (desenhada na bancada)</name><styleUrl>#extra</styleUrl><LineString><tessellate>1</tessellate><coordinates>-57.482240,-13.556040,0 -57.482145,-13.556246,0 -57.482159,-13.556752,0 -57.482263,-13.558468,0 -57.482287,-13.558953,0 -57.481748,-13.559813,0 -57.481703,-13.560001,0 -57.481788,-13.560251,0 -57.482490,-13.561940,0 -57.482826,-13.562483,0 -57.483200,-13.563160,0 -57.483787,-13.564507,0 -57.484120,-13.565330,0 -57.484229,-13.565868,0 -57.484189,-13.566804,0</coordinates></LineString></Placemark>
<Placemark><name>estrada 22 (desenhada na bancada)</name><styleUrl>#extra</styleUrl><LineString><tessellate>1</tessellate><coordinates>-57.477270,-13.566410,0 -57.477080,-13.565545,0 -57.476771,-13.564210,0 -57.476530,-13.563349,0 -57.476824,-13.562747,0 -57.476289,-13.562091,0 -57.476000,-13.561822,0 -57.475661,-13.561470,0 -57.475525,-13.561109,0 -57.475470,-13.560961,0 -57.475367,-13.560755,0 -57.475141,-13.560486,0 -57.475096,-13.560327,0</coordinates></LineString></Placemark>
<Placemark><name>estrada 23 (desenhada na bancada)</name><styleUrl>#extra</styleUrl><LineString><tessellate>1</tessellate><coordinates>-57.474906,-13.559553,0 -57.474694,-13.559571,0 -57.474721,-13.559876,0 -57.474922,-13.560270,0 -57.474992,-13.560598,0 -57.474954,-13.561044,0 -57.475311,-13.561516,0 -57.475568,-13.561858,0 -57.476129,-13.562676,0 -57.476491,-13.563380,0 -57.476569,-13.563537,0 -57.476590,-13.563550,0</coordinates></LineString></Placemark>
<Placemark><name>estrada 24 (desenhada na bancada)</name><styleUrl>#extra</styleUrl><LineString><tessellate>1</tessellate><coordinates>-57.436184,-13.535691,0 -57.436334,-13.535163,0 -57.436597,-13.534318,0 -57.436971,-13.532985,0 -57.437193,-13.532164,0 -57.437419,-13.531370,0 -57.437642,-13.530568,0 -57.437838,-13.529829,0 -57.438064,-13.529083,0 -57.439034,-13.525656,0 -57.439131,-13.525176,0 -57.439318,-13.523982,0 -57.439613,-13.522182,0 -57.440032,-13.519601,0 -57.440252,-13.518677,0 -57.440697,-13.517759,0 -57.441105,-13.517300,0 -57.441663,-13.516935,0 -57.441786,-13.516633,0 -57.442156,-13.515454,0 -57.442526,-13.514338,0 -57.443111,-13.512580,0 -57.442993,-13.512497,0 -57.442274,-13.512351,0 -57.440423,-13.511902,0 -57.436936,-13.511099,0 -57.435150,-13.510681,0 -57.433552,-13.510316,0 -57.431411,-13.509769,0 -57.431213,-13.509701,0 -57.430708,-13.509414,0 -57.429512,-13.508637,0 -57.428707,-13.508152,0 -57.427463,-13.507312,0 -57.426637,-13.506764,0 -57.425231,-13.505831,0 -57.423043,-13.504417,0 -57.421927,-13.503687,0 -57.422136,-13.502878,0 -57.422571,-13.501517,0 -57.423102,-13.499764,0 -57.423998,-13.496838,0 -57.424427,-13.495482,0 -57.424346,-13.495257,0 -57.424352,-13.495049,0 -57.424475,-13.494548,0 -57.424582,-13.494078,0 -57.424850,-13.493974,0 -57.425038,-13.493447,0 -57.425199,-13.492988,0 -57.425376,-13.492378,0 -57.426535,-13.488680,0 -57.426707,-13.488643,0 -57.427045,-13.488763,0 -57.427415,-13.488956,0 -57.431760,-13.491079,0 -57.436780,-13.493550,0 -57.438326,-13.489060,0 -57.438524,-13.489128,0 -57.438766,-13.489316,0 -57.447810,-13.497770,0 -57.447783,-13.497985,0 -57.445689,-13.504699,0 -57.445115,-13.506519,0 -57.443116,-13.512591,0</coordinates></LineString></Placemark>
<Placemark><name>estrada 25 (desenhada na bancada)</name><styleUrl>#extra</styleUrl><LineString><tessellate>1</tessellate><coordinates>-57.436780,-13.493550,0 -57.436129,-13.495377,0 -57.434842,-13.499157,0 -57.433718,-13.502456,0 -57.432857,-13.505069,0 -57.431312,-13.509735,0</coordinates></LineString></Placemark>
<Placemark><name>estrada 26 (desenhada na bancada)</name><styleUrl>#extra</styleUrl><LineString><tessellate>1</tessellate><coordinates>-57.445121,-13.506492,0 -57.444807,-13.506243,0 -57.444237,-13.505836,0 -57.443323,-13.505182,0 -57.442336,-13.504484,0 -57.441303,-13.503734,0 -57.440368,-13.503070,0 -57.439436,-13.502406,0 -57.437991,-13.501371,0 -57.434854,-13.499124,0 -57.434697,-13.499010,0 -57.434439,-13.498833,0 -57.434201,-13.498656,0 -57.433090,-13.497858,0 -57.431805,-13.496947,0 -57.430140,-13.495742,0</coordinates></LineString></Placemark>
</Folder></Document></kml>