<?xml version="1.0" encoding="UTF-8"?>
<kml xmlns="http://www.opengis.net/kml/2.2"><Document>
<name>FAZENDA GALHEIRO - rotas ate a sede</name>
<Style id="rota"><LineStyle><color>ff2d2dff</color><width>4</width></LineStyle></Style>
<Style id="malha"><LineStyle><color>ff00e5ff</color><width>1</width></LineStyle></Style>
<Style id="extra"><LineStyle><color>ff008aff</color><width>3</width></LineStyle></Style>
<Style id="sede"><IconStyle><color>ff2d2dff</color><scale>1.3</scale></IconStyle></Style>
<Placemark><name>SEDE</name><styleUrl>#sede</styleUrl><Point><coordinates>-54.597033,-15.308293,0</coordinates></Point></Placemark>
<Folder><name>Rotas por talhao (ponto mais extremo)</name>
<Placemark><name>G-01 - 12,76 km</name><description>Maxima 12762 m | Minima 10699 m | Reta 5525 m | 74.46 ha</description><styleUrl>#rota</styleUrl><LineString><tessellate>1</tessellate><coordinates>-54.597239,-15.307065,0 -54.597334,-15.306849,0 -54.597430,-15.306652,0 -54.597525,-15.306436,0 -54.597602,-15.306220,0 -54.597976,-15.306097,0 -54.598254,-15.306191,0 -54.598438,-15.306355,0 -54.598622,-15.306538,0 -54.598825,-15.306703,0 -54.598841,-15.306938,0 -54.598857,-15.307155,0 -54.598873,-15.307390,0 -54.599096,-15.307483,0 -54.599318,-15.307557,0 -54.599540,-15.307650,0 -54.599781,-15.307743,0 -54.599722,-15.308031,0 -54.599982,-15.308124,0 -54.600260,-15.308218,0 -54.600300,-15.307983,0 -54.600340,-15.307767,0 -54.600398,-15.307533,0 -54.600438,-15.307298,0 -54.600496,-15.307082,0 -54.600536,-15.306848,0 -54.600595,-15.306613,0 -54.600635,-15.306379,0 -54.600693,-15.306163,0 -54.600733,-15.305928,0 -54.600791,-15.305694,0 -54.600831,-15.305478,0 -54.600890,-15.305243,0 -54.600929,-15.305009,0 -54.600988,-15.304775,0 -54.601028,-15.304558,0 -54.601086,-15.304324,0 -54.601348,-15.304200,0 -54.601552,-15.304329,0 -54.601755,-15.304440,0 -54.601977,-15.304568,0 -54.602180,-15.304697,0 -54.602421,-15.304826,0 -54.602643,-15.304955,0 -54.602883,-15.305084,0 -54.603124,-15.305213,0 -54.603346,-15.305360,0 -54.603548,-15.305525,0 -54.603770,-15.305672,0 -54.603973,-15.305800,0 -54.604177,-15.305929,0 -54.604380,-15.306058,0 -54.604583,-15.306186,0 -54.604768,-15.306315,0 -54.604953,-15.306461,0 -54.605137,-15.306590,0 -54.605341,-15.306718,0 -54.605562,-15.306865,0 -54.605765,-15.307012,0 -54.605987,-15.307159,0 -54.606209,-15.307306,0 -54.606412,-15.307416,0 -54.606616,-15.307545,0 -54.606819,-15.307656,0 -54.607023,-15.307766,0 -54.607226,-15.307895,0 -54.607430,-15.308006,0 -54.607652,-15.308134,0 -54.607873,-15.308281,0 -54.608077,-15.308410,0 -54.608298,-15.308539,0 -54.608502,-15.308668,0 -54.608801,-15.308508,0 -54.609082,-15.308367,0 -54.609326,-15.308243,0 -54.609551,-15.308119,0 -54.609775,-15.307995,0 -54.610000,-15.307870,0 -54.610225,-15.307746,0 -54.610468,-15.307623,0 -54.610693,-15.307498,0 -54.610918,-15.307392,0 -54.611161,-15.307287,0 -54.611666,-15.308683,0 -54.611459,-15.308898,0 -54.611252,-15.309094,0 -54.611045,-15.309291,0 -54.610633,-15.309485,0 -54.610222,-15.309607,0 -54.609923,-15.309731,0 -54.609605,-15.309854,0 -54.609399,-15.309978,0 -54.609212,-15.310103,0 -54.609005,-15.310227,0 -54.608818,-15.310369,0 -54.608611,-15.310512,0 -54.608423,-15.310654,0 -54.608236,-15.310797,0 -54.608103,-15.311030,0 -54.607970,-15.311246,0 -54.607837,-15.311461,0 -54.607686,-15.311694,0 -54.607645,-15.311947,0 -54.607587,-15.312217,0 -54.607546,-15.312470,0 -54.607450,-15.312794,0 -54.607353,-15.313118,0 -54.607164,-15.313333,0 -54.606994,-15.313530,0 -54.606769,-15.313672,0 -54.606563,-15.313814,0 -54.606357,-15.313957,0 -54.606113,-15.314117,0 -54.605850,-15.314294,0 -54.605679,-15.314654,0 -54.605767,-15.315089,0 -54.605876,-15.315289,0 -54.605985,-15.315488,0 -54.606114,-15.315689,0 -54.606260,-15.315871,0 -54.606407,-15.316053,0 -54.606628,-15.316290,0 -54.606662,-15.316598,0 -54.606325,-15.316703,0 -54.606064,-15.316754,0 -54.605821,-15.316824,0 -54.605560,-15.316893,0 -54.605317,-15.316945,0 -54.605056,-15.317014,0 -54.604778,-15.316867,0 -54.604556,-15.316756,0 -54.604353,-15.316645,0 -54.604151,-15.316372,0 -54.603968,-15.316117,0 -54.603877,-15.315899,0 -54.603787,-15.315664,0 -54.603603,-15.315481,0 -54.603400,-15.315316,0 -54.603158,-15.315259,0 -54.602898,-15.315220,0 -54.602657,-15.315164,0 -54.602415,-15.315161,0 -54.602173,-15.315140,0 -54.601931,-15.315120,0 -54.601689,-15.315099,0 -54.601448,-15.315078,0 -54.601168,-15.315093,0 -54.600889,-15.315090,0 -54.600701,-15.315233,0 -54.600532,-15.315394,0 -54.600417,-15.315664,0 -54.600302,-15.315933,0 -54.600188,-15.316203,0 -54.600485,-15.316261,0 -54.600932,-15.316229,0 -54.601323,-15.316215,0 -54.601732,-15.316292,0 -54.601972,-15.316475,0 -54.601913,-15.316691,0 -54.601873,-15.316926,0 -54.601834,-15.317142,0 -54.601775,-15.317359,0 -54.601735,-15.317593,0 -54.601696,-15.317809,0 -54.601637,-15.318044,0 -54.601598,-15.318260,0 -54.601558,-15.318476,0 -54.601518,-15.318711,0 -54.601460,-15.318927,0 -54.601420,-15.319162,0 -54.601380,-15.319378,0 -54.601322,-15.319594,0 -54.601282,-15.319829,0 -54.601242,-15.320045,0 -54.601184,-15.320261,0 -54.601144,-15.320496,0 -54.601104,-15.320712,0 -54.601046,-15.320946,0 -54.601006,-15.321163,0 -54.600966,-15.321379,0 -54.600908,-15.321613,0 -54.600904,-15.321920,0 -54.600865,-15.322137,0 -54.600825,-15.322353,0 -54.600785,-15.322588,0 -54.600745,-15.322804,0 -54.600705,-15.323020,0 -54.600647,-15.323255,0 -54.600607,-15.323471,0 -54.600568,-15.323687,0 -54.600528,-15.323922,0 -54.600488,-15.324138,0 -54.600430,-15.324355,0 -54.600390,-15.324589,0 -54.600350,-15.324805,0 -54.600310,-15.325022,0 -54.600271,-15.325238,0 -54.600212,-15.325472,0 -54.600172,-15.325689,0 -54.600133,-15.325905,0 -54.600093,-15.326140,0 -54.600053,-15.326356,0 -54.599995,-15.326572,0 -54.599955,-15.326807,0 -54.599915,-15.327023,0 -54.599875,-15.327239,0 -54.599835,-15.327474,0 -54.599777,-15.327690,0 -54.599737,-15.327907,0 -54.599698,-15.328141,0 -54.599658,-15.328357,0 -54.599618,-15.328574,0 -54.599560,-15.328808,0 -54.599520,-15.329024,0 -54.599480,-15.329241,0 -54.599440,-15.329475,0 -54.599401,-15.329692,0 -54.599342,-15.329908,0 -54.599303,-15.330124,0 -54.599263,-15.330359,0 -54.599223,-15.330575,0 -54.599183,-15.330791,0 -54.599124,-15.331080,0 -54.599084,-15.331296,0 -54.599026,-15.331513,0 -54.598986,-15.331747,0 -54.598946,-15.331963,0 -54.598888,-15.332198,0 -54.598848,-15.332414,0 -54.598808,-15.332630,0 -54.598769,-15.332865,0 -54.598710,-15.333081,0 -54.598670,-15.333315,0 -54.598631,-15.333532,0 -54.598572,-15.333748,0 -54.598532,-15.333983,0 -54.598493,-15.334199,0 -54.598453,-15.334433,0 -54.598394,-15.334650,0 -54.598355,-15.334866,0 -54.598315,-15.335100,0 -54.598256,-15.335317,0 -54.598217,-15.335551,0 -54.598158,-15.335821,0 -54.598099,-15.336056,0 -54.598040,-15.336308,0 -54.597982,-15.336542,0 -54.597923,-15.336777,0 -54.597883,-15.337029,0 -54.597843,-15.337264,0 -54.597785,-15.337498,0 -54.597745,-15.337750,0 -54.597705,-15.337985,0 -54.597646,-15.338219,0 -54.597606,-15.338472,0 -54.597547,-15.338706,0 -54.597507,-15.338958,0 -54.597467,-15.339193,0 -54.597409,-15.339427,0 -54.597350,-15.339715,0 -54.597310,-15.339950,0 -54.597251,-15.340166,0 -54.597211,-15.340401,0 -54.597172,-15.340635,0 -54.597113,-15.340851,0 -54.597073,-15.341086,0 -54.597015,-15.341320,0 -54.596975,-15.341536,0 -54.596935,-15.341771,0 -54.596877,-15.342005,0 -54.596837,-15.342221,0 -54.596797,-15.342456,0 -54.596738,-15.342690,0 -54.596699,-15.342907,0 -54.596659,-15.343141,0 -54.596600,-15.343375,0 -54.596560,-15.343610,0 -54.596521,-15.343826,0 -54.596056,-15.343731,0 -54.595759,-15.343709,0 -54.595608,-15.343834,0 -54.595289,-15.344084,0 -54.595138,-15.344281,0 -54.594986,-15.344478,0 -54.594817,-15.344675,0 -54.594665,-15.344890,0 -54.594439,-15.345159,0 -54.594288,-15.345338,0 -54.594136,-15.345535,0 -54.593985,-15.345732,0 -54.593797,-15.345893,0 -54.593572,-15.346017,0 -54.593347,-15.346177,0 -54.592936,-15.346335,0 -54.592656,-15.346386,0 -54.592376,-15.346437,0 -54.592133,-15.346489,0 -54.591872,-15.346540,0 -54.591629,-15.346592,0 -54.591313,-15.346570,0 -54.591034,-15.346531,0 -54.590755,-15.346510,0 -54.590476,-15.346471,0 -54.590179,-15.346432,0 -54.589881,-15.346392,0 -54.589584,-15.346353,0 -54.589287,-15.346296,0 -54.588990,-15.346220,0 -54.588692,-15.346163,0 -54.588395,-15.346087,0 -54.588098,-15.346012,0 -54.587783,-15.345918,0 -54.587467,-15.345878,0 -54.587132,-15.345839,0 -54.586872,-15.345800,0 -54.586593,-15.345742,0 -54.586333,-15.345704,0 -54.586073,-15.345647,0 -54.585757,-15.345607,0 -54.585403,-15.345585,0 -54.585031,-15.345563,0 -54.584752,-15.345542,0 -54.584473,-15.345539,0 -54.584193,-15.345554,0 -54.583933,-15.345551,0 -54.583672,-15.345566,0 -54.583411,-15.345582,0 -54.583150,-15.345597,0 -54.582889,-15.345648,0 -54.582628,-15.345700,0 -54.582329,-15.345750,0 -54.582031,-15.345801,0 -54.581972,-15.346018,0 -54.581933,-15.346234,0 -54.581874,-15.346450,0 -54.581834,-15.346685,0 -54.581776,-15.346901,0 -54.581718,-15.347117,0 -54.581678,-15.347333,0 -54.581619,-15.347568,0 -54.581580,-15.347784,0 -54.581521,-15.348000,0 -54.581463,-15.348216,0 -54.581423,-15.348433,0 -54.581365,-15.348667,0 -54.581325,-15.348883,0 -54.581267,-15.349100,0 -54.581208,-15.349316,0 -54.581168,-15.349550,0 -54.581110,-15.349766,0 -54.581070,-15.349983,0 -54.581012,-15.350199,0 -54.580953,-15.350433,0 -54.580914,-15.350650,0 -54.580855,-15.350866,0 -54.580816,-15.351082,0 -54.580757,-15.351298,0 -54.580699,-15.351533,0 -54.580659,-15.351749,0 -54.580601,-15.351965,0 -54.580561,-15.352182,0 -54.580502,-15.352416,0 -54.580444,-15.352632,0 -54.580404,-15.352848,0 -54.580346,-15.353065,0 -54.580306,-15.353281,0 -54.580248,-15.353515,0 -54.580189,-15.353731,0 -54.580149,-15.353948,0 -54.580091,-15.354164,0 -54.580051,-15.354398,0 -54.579993,-15.354615,0 -54.579953,-15.354831,0 -54.579895,-15.355047,0 -54.579818,-15.355263,0 -54.579721,-15.355533,0 -54.579663,-15.355749,0 -54.579586,-15.355965,0 -54.579528,-15.356181,0 -54.579451,-15.356397,0 -54.579392,-15.356614,0 -54.579316,-15.356830,0 -54.579257,-15.357046,0 -54.579180,-15.357262,0 -54.579103,-15.357496,0 -54.579045,-15.357712,0 -54.578968,-15.357928,0 -54.578909,-15.358144,0 -54.578832,-15.358360,0 -54.578774,-15.358576,0 -54.578697,-15.358792,0 -54.578639,-15.359008,0 -54.578562,-15.359224,0 -54.578485,-15.359440,0 -54.578426,-15.359657,0 -54.578349,-15.359873,0 -54.578291,-15.360089,0 -54.578214,-15.360305,0 -54.578156,-15.360521,0 -54.578078,-15.360755,0 -54.578002,-15.360971,0 -54.577943,-15.361187,0 -54.577866,-15.361403,0 -54.577808,-15.361619,0 -54.577567,-15.361490,0 -54.577345,-15.361379,0 -54.577123,-15.361269,0 -54.576882,-15.361139,0 -54.576660,-15.361029,0 -54.576419,-15.360918,0 -54.576197,-15.360807,0 -54.575956,-15.360714,0 -54.575715,-15.360639,0 -54.575474,-15.360564,0 -54.575233,-15.360489,0 -54.574974,-15.360324,0 -54.574715,-15.360176,0 -54.574436,-15.360101,0 -54.574158,-15.360026,0 -54.573898,-15.359951,0 -54.573620,-15.359875,0 -54.573322,-15.359836,0 -54.573025,-15.359815,0 -54.572727,-15.359775,0 -54.572410,-15.359790,0 -54.572094,-15.359804,0 -54.571796,-15.359801,0 -54.571516,-15.359852,0 -54.571255,-15.359886,0 -54.570975,-15.359937,0 -54.570564,-15.360059,0 -54.570284,-15.360074,0 -54.569986,-15.360089,0 -54.569688,-15.360122,0 -54.569446,-15.360119,0 -54.569204,-15.360098,0 -54.568962,-15.360096,0 -54.568720,-15.360093,0 -54.568478,-15.360090,0 -54.568236,-15.360088,0 -54.567994,-15.360085,0 -54.567771,-15.360083,0 -54.567529,-15.360080,0 -54.567286,-15.360077,0 -54.567044,-15.360075,0 -54.566802,-15.360072,0 -54.566560,-15.360069,0 -54.566319,-15.360049,0 -54.566077,-15.360046,0 -54.565834,-15.360043,0</coordinates></LineString></Placemark>
<Placemark><name>G-02 - 12,27 km</name><description>Maxima 12268 m | Minima 9724 m | Reta 4557 m | 171.84 ha</description><styleUrl>#rota</styleUrl><LineString><tessellate>1</tessellate><coordinates>-54.597239,-15.307065,0 -54.597334,-15.306849,0 -54.597430,-15.306652,0 -54.597525,-15.306436,0 -54.597602,-15.306220,0 -54.597976,-15.306097,0 -54.598254,-15.306191,0 -54.598438,-15.306355,0 -54.598622,-15.306538,0 -54.598825,-15.306703,0 -54.598841,-15.306938,0 -54.598857,-15.307155,0 -54.598873,-15.307390,0 -54.599096,-15.307483,0 -54.599318,-15.307557,0 -54.599540,-15.307650,0 -54.599781,-15.307743,0 -54.599722,-15.308031,0 -54.599982,-15.308124,0 -54.600260,-15.308218,0 -54.600300,-15.307983,0 -54.600340,-15.307767,0 -54.600398,-15.307533,0 -54.600438,-15.307298,0 -54.600496,-15.307082,0 -54.600536,-15.306848,0 -54.600595,-15.306613,0 -54.600635,-15.306379,0 -54.600693,-15.306163,0 -54.600733,-15.305928,0 -54.600791,-15.305694,0 -54.600831,-15.305478,0 -54.600890,-15.305243,0 -54.600929,-15.305009,0 -54.600988,-15.304775,0 -54.601028,-15.304558,0 -54.601086,-15.304324,0 -54.601348,-15.304200,0 -54.601552,-15.304329,0 -54.601755,-15.304440,0 -54.601977,-15.304568,0 -54.602180,-15.304697,0 -54.602421,-15.304826,0 -54.602643,-15.304955,0 -54.602883,-15.305084,0 -54.603124,-15.305213,0 -54.603346,-15.305360,0 -54.603548,-15.305525,0 -54.603770,-15.305672,0 -54.603973,-15.305800,0 -54.604177,-15.305929,0 -54.604380,-15.306058,0 -54.604583,-15.306186,0 -54.604768,-15.306315,0 -54.604953,-15.306461,0 -54.605137,-15.306590,0 -54.605341,-15.306718,0 -54.605562,-15.306865,0 -54.605765,-15.307012,0 -54.605987,-15.307159,0 -54.606209,-15.307306,0 -54.606412,-15.307416,0 -54.606616,-15.307545,0 -54.606819,-15.307656,0 -54.607023,-15.307766,0 -54.607226,-15.307895,0 -54.607430,-15.308006,0 -54.607652,-15.308134,0 -54.607873,-15.308281,0 -54.608077,-15.308410,0 -54.608298,-15.308539,0 -54.608502,-15.308668,0 -54.608801,-15.308508,0 -54.609082,-15.308367,0 -54.609326,-15.308243,0 -54.609551,-15.308119,0 -54.609775,-15.307995,0 -54.610000,-15.307870,0 -54.610225,-15.307746,0 -54.610468,-15.307623,0 -54.610693,-15.307498,0 -54.610918,-15.307392,0 -54.611161,-15.307287,0 -54.611666,-15.308683,0 -54.611459,-15.308898,0 -54.611252,-15.309094,0 -54.611045,-15.309291,0 -54.610633,-15.309485,0 -54.610222,-15.309607,0 -54.609923,-15.309731,0 -54.609605,-15.309854,0 -54.609399,-15.309978,0 -54.609212,-15.310103,0 -54.609005,-15.310227,0 -54.608818,-15.310369,0 -54.608611,-15.310512,0 -54.608423,-15.310654,0 -54.608236,-15.310797,0 -54.608103,-15.311030,0 -54.607970,-15.311246,0 -54.607837,-15.311461,0 -54.607686,-15.311694,0 -54.607645,-15.311947,0 -54.607587,-15.312217,0 -54.607546,-15.312470,0 -54.607450,-15.312794,0 -54.607353,-15.313118,0 -54.607164,-15.313333,0 -54.606994,-15.313530,0 -54.606769,-15.313672,0 -54.606563,-15.313814,0 -54.606357,-15.313957,0 -54.606113,-15.314117,0 -54.605850,-15.314294,0 -54.605679,-15.314654,0 -54.605767,-15.315089,0 -54.605876,-15.315289,0 -54.605985,-15.315488,0 -54.606114,-15.315689,0 -54.606260,-15.315871,0 -54.606407,-15.316053,0 -54.606628,-15.316290,0 -54.606662,-15.316598,0 -54.606325,-15.316703,0 -54.606064,-15.316754,0 -54.605821,-15.316824,0 -54.605560,-15.316893,0 -54.605317,-15.316945,0 -54.605056,-15.317014,0 -54.604778,-15.316867,0 -54.604556,-15.316756,0 -54.604353,-15.316645,0 -54.604151,-15.316372,0 -54.603968,-15.316117,0 -54.603877,-15.315899,0 -54.603787,-15.315664,0 -54.603603,-15.315481,0 -54.603400,-15.315316,0 -54.603158,-15.315259,0 -54.602898,-15.315220,0 -54.602657,-15.315164,0 -54.602415,-15.315161,0 -54.602173,-15.315140,0 -54.601931,-15.315120,0 -54.601689,-15.315099,0 -54.601448,-15.315078,0 -54.601168,-15.315093,0 -54.600889,-15.315090,0 -54.600701,-15.315233,0 -54.600532,-15.315394,0 -54.600417,-15.315664,0 -54.600302,-15.315933,0 -54.600188,-15.316203,0 -54.600485,-15.316261,0 -54.600932,-15.316229,0 -54.601323,-15.316215,0 -54.601732,-15.316292,0 -54.601972,-15.316475,0 -54.601913,-15.316691,0 -54.601873,-15.316926,0 -54.601834,-15.317142,0 -54.601775,-15.317359,0 -54.601735,-15.317593,0 -54.601696,-15.317809,0 -54.601637,-15.318044,0 -54.601598,-15.318260,0 -54.601558,-15.318476,0 -54.601518,-15.318711,0 -54.601460,-15.318927,0 -54.601420,-15.319162,0 -54.601380,-15.319378,0 -54.601322,-15.319594,0 -54.601282,-15.319829,0 -54.601242,-15.320045,0 -54.601184,-15.320261,0 -54.601144,-15.320496,0 -54.601104,-15.320712,0 -54.601046,-15.320946,0 -54.601006,-15.321163,0 -54.600966,-15.321379,0 -54.600908,-15.321613,0 -54.600868,-15.321830,0 -54.600645,-15.321791,0 -54.600403,-15.321752,0 -54.600181,-15.321696,0 -54.599939,-15.321657,0 -54.599716,-15.321619,0 -54.599475,-15.321580,0 -54.599252,-15.321523,0 -54.599010,-15.321484,0 -54.598787,-15.321446,0 -54.598546,-15.321389,0 -54.598323,-15.321351,0 -54.598081,-15.321312,0 -54.597840,-15.321273,0 -54.597617,-15.321217,0 -54.597375,-15.321178,0 -54.597152,-15.321139,0 -54.596911,-15.321101,0 -54.596688,-15.321044,0 -54.596447,-15.321005,0 -54.596224,-15.320967,0 -54.595982,-15.320928,0 -54.595759,-15.320871,0 -54.595518,-15.320833,0 -54.595295,-15.320794,0 -54.595053,-15.320737,0 -54.594830,-15.320699,0 -54.594589,-15.320660,0 -54.594366,-15.320621,0 -54.594124,-15.320565,0 -54.593901,-15.320526,0 -54.593604,-15.320469,0 -54.593363,-15.320430,0 -54.593121,-15.320391,0 -54.592898,-15.320353,0 -54.592656,-15.320314,0 -54.592415,-15.320275,0 -54.592173,-15.320236,0 -54.591950,-15.320198,0 -54.591709,-15.320141,0 -54.591467,-15.320102,0 -54.591226,-15.320064,0 -54.591003,-15.320025,0 -54.590761,-15.319986,0 -54.590520,-15.319948,0 -54.590297,-15.319909,0 -54.590055,-15.319870,0 -54.589814,-15.319813,0 -54.589572,-15.319775,0 -54.589349,-15.319736,0 -54.589108,-15.319697,0 -54.588866,-15.319659,0 -54.588625,-15.319620,0 -54.588402,-15.319581,0 -54.588160,-15.319579,0 -54.587918,-15.319540,0 -54.587676,-15.319501,0 -54.587453,-15.319463,0 -54.587212,-15.319406,0 -54.587172,-15.319640,0 -54.587132,-15.319857,0 -54.587093,-15.320073,0 -54.587034,-15.320307,0 -54.586994,-15.320524,0 -54.586955,-15.320740,0 -54.586915,-15.320975,0 -54.586875,-15.321191,0 -54.586835,-15.321407,0 -54.586795,-15.321642,0 -54.586737,-15.321858,0 -54.586697,-15.322093,0 -54.586658,-15.322309,0 -54.586618,-15.322525,0 -54.586578,-15.322760,0 -54.586538,-15.322976,0 -54.586480,-15.323192,0 -54.586440,-15.323427,0 -54.586400,-15.323643,0 -54.586360,-15.323860,0 -54.586321,-15.324094,0 -54.586281,-15.324310,0 -54.586241,-15.324527,0 -54.586183,-15.324761,0 -54.586143,-15.324977,0 -54.586103,-15.325194,0 -54.586063,-15.325428,0 -54.586023,-15.325645,0 -54.585984,-15.325879,0 -54.585925,-15.326095,0 -54.585885,-15.326312,0 -54.585846,-15.326546,0 -54.585806,-15.326763,0 -54.585766,-15.326979,0 -54.585726,-15.327213,0 -54.585686,-15.327430,0 -54.585628,-15.327646,0 -54.585477,-15.327861,0 -54.585437,-15.328078,0 -54.585378,-15.328312,0 -54.585155,-15.328273,0 -54.584914,-15.328234,0 -54.584672,-15.328196,0 -54.584431,-15.328157,0 -54.584208,-15.328118,0 -54.583966,-15.328080,0 -54.583725,-15.328041,0 -54.583483,-15.328002,0 -54.583260,-15.327964,0 -54.583018,-15.327925,0 -54.582777,-15.327886,0 -54.582535,-15.327847,0 -54.582312,-15.327809,0 -54.582051,-15.327860,0 -54.581918,-15.328094,0 -54.581804,-15.328327,0 -54.581671,-15.328561,0 -54.581574,-15.328849,0 -54.581459,-15.329119,0 -54.581363,-15.329407,0 -54.581267,-15.329658,0 -54.581190,-15.329911,0 -54.581094,-15.330163,0 -54.580998,-15.330414,0 -54.580865,-15.330648,0 -54.580713,-15.330863,0 -54.580580,-15.331078,0 -54.580429,-15.331330,0 -54.580295,-15.331581,0 -54.580162,-15.331833,0 -54.580048,-15.332030,0 -54.579916,-15.332228,0 -54.579802,-15.332425,0 -54.579706,-15.332659,0 -54.579610,-15.332875,0 -54.579366,-15.333053,0 -54.579141,-15.333213,0 -54.578916,-15.333337,0 -54.578691,-15.333461,0 -54.578466,-15.333585,0 -54.578205,-15.333691,0 -54.577961,-15.333814,0 -54.577699,-15.333920,0 -54.577511,-15.334062,0 -54.577305,-15.334205,0 -54.577117,-15.334347,0 -54.576966,-15.334526,0 -54.576815,-15.334687,0 -54.576664,-15.334866,0 -54.576513,-15.335027,0 -54.576270,-15.335169,0 -54.576045,-15.335293,0 -54.575801,-15.335417,0 -54.575540,-15.335523,0 -54.575278,-15.335628,0 -54.575016,-15.335734,0 -54.574698,-15.335875,0 -54.574380,-15.335998,0 -54.574100,-15.336013,0 -54.573821,-15.336028,0 -54.573560,-15.336043,0 -54.573281,-15.336058,0 -54.573038,-15.336092,0 -54.572796,-15.336143,0 -54.572553,-15.336177,0 -54.572329,-15.336210,0 -54.571995,-15.336153,0 -54.571679,-15.336077,0 -54.571437,-15.336092,0 -54.571195,-15.336108,0 -54.570971,-15.336105,0 -54.570729,-15.336121,0 -54.570487,-15.336136,0 -54.570245,-15.336152,0 -54.570021,-15.336149,0 -54.569779,-15.336165,0 -54.569739,-15.336399,0 -54.569718,-15.336634,0 -54.569678,-15.336868,0 -54.569582,-15.337138,0 -54.569523,-15.337390,0 -54.569483,-15.337625,0 -54.569424,-15.337859,0 -54.569366,-15.338093,0 -54.569326,-15.338328,0 -54.569267,-15.338580,0 -54.569209,-15.338814,0 -54.569150,-15.339049,0 -54.569110,-15.339283,0 -54.569051,-15.339517,0 -54.568993,-15.339770,0 -54.568934,-15.340004,0 -54.568894,-15.340238,0 -54.568854,-15.340473,0 -54.568796,-15.340707,0 -54.568756,-15.340923,0 -54.568697,-15.341158,0 -54.568657,-15.341392,0 -54.568599,-15.341626,0 -54.568559,-15.341861,0 -54.568519,-15.342095,0 -54.568460,-15.342329,0 -54.568420,-15.342564,0 -54.568362,-15.342798,0 -54.568322,-15.343033,0 -54.568264,-15.343249,0 -54.568224,-15.343483,0 -54.568165,-15.343717,0 -54.568125,-15.343952,0 -54.568085,-15.344222,0 -54.568026,-15.344439,0 -54.567986,-15.344673,0 -54.567947,-15.344889,0 -54.567888,-15.345124,0 -54.567848,-15.345340,0 -54.567790,-15.345574,0 -54.567750,-15.345791,0 -54.567710,-15.346025,0 -54.567651,-15.346259,0 -54.567612,-15.346476,0 -54.567572,-15.346710,0 -54.567513,-15.346926,0 -54.567473,-15.347161,0 -54.567434,-15.347377,0 -54.567375,-15.347611,0 -54.567335,-15.347828,0 -54.567277,-15.348062,0 -54.567237,-15.348278,0 -54.567197,-15.348513,0 -54.567139,-15.348729,0 -54.567099,-15.348964,0 -54.567059,-15.349180,0 -54.567000,-15.349414,0 -54.566961,-15.349631,0 -54.566902,-15.349865,0 -54.566862,-15.350081,0 -54.566822,-15.350316,0 -54.566764,-15.350532,0 -54.566724,-15.350766,0 -54.566684,-15.350983,0 -54.566626,-15.351217,0 -54.566586,-15.351433,0 -54.566527,-15.351667,0 -54.566488,-15.351884,0 -54.566448,-15.352118,0 -54.566389,-15.352334,0 -54.566349,-15.352569,0 -54.566310,-15.352785,0 -54.566251,-15.353020,0 -54.566211,-15.353236,0 -54.566171,-15.353470,0 -54.566113,-15.353687,0 -54.566073,-15.353921,0 -54.566015,-15.354137,0 -54.565975,-15.354372,0 -54.565935,-15.354588,0 -54.565876,-15.354822,0 -54.565837,-15.355039,0 -54.565797,-15.355273,0 -54.565738,-15.355489,0</coordinates></LineString></Placemark>
<Placemark><name>G-03 - 11,08 km</name><description>Maxima 11084 m | Minima 9286 m | Reta 3884 m | 108.02 ha</description><styleUrl>#rota</styleUrl><LineString><tessellate>1</tessellate><coordinates>-54.597239,-15.307065,0 -54.597334,-15.306849,0 -54.597430,-15.306652,0 -54.597525,-15.306436,0 -54.597602,-15.306220,0 -54.597976,-15.306097,0 -54.598254,-15.306191,0 -54.598438,-15.306355,0 -54.598622,-15.306538,0 -54.598825,-15.306703,0 -54.598841,-15.306938,0 -54.598857,-15.307155,0 -54.598873,-15.307390,0 -54.599096,-15.307483,0 -54.599318,-15.307557,0 -54.599540,-15.307650,0 -54.599781,-15.307743,0 -54.599722,-15.308031,0 -54.599982,-15.308124,0 -54.600260,-15.308218,0 -54.600300,-15.307983,0 -54.600340,-15.307767,0 -54.600398,-15.307533,0 -54.600438,-15.307298,0 -54.600496,-15.307082,0 -54.600536,-15.306848,0 -54.600595,-15.306613,0 -54.600635,-15.306379,0 -54.600693,-15.306163,0 -54.600733,-15.305928,0 -54.600791,-15.305694,0 -54.600831,-15.305478,0 -54.600890,-15.305243,0 -54.600929,-15.305009,0 -54.600988,-15.304775,0 -54.601028,-15.304558,0 -54.601086,-15.304324,0 -54.601348,-15.304200,0 -54.601552,-15.304329,0 -54.601755,-15.304440,0 -54.601977,-15.304568,0 -54.602180,-15.304697,0 -54.602421,-15.304826,0 -54.602643,-15.304955,0 -54.602883,-15.305084,0 -54.603124,-15.305213,0 -54.603346,-15.305360,0 -54.603548,-15.305525,0 -54.603770,-15.305672,0 -54.603973,-15.305800,0 -54.604177,-15.305929,0 -54.604380,-15.306058,0 -54.604583,-15.306186,0 -54.604768,-15.306315,0 -54.604953,-15.306461,0 -54.605137,-15.306590,0 -54.605341,-15.306718,0 -54.605562,-15.306865,0 -54.605765,-15.307012,0 -54.605987,-15.307159,0 -54.606209,-15.307306,0 -54.606412,-15.307416,0 -54.606616,-15.307545,0 -54.606819,-15.307656,0 -54.607023,-15.307766,0 -54.607226,-15.307895,0 -54.607430,-15.308006,0 -54.607652,-15.308134,0 -54.607873,-15.308281,0 -54.608077,-15.308410,0 -54.608298,-15.308539,0 -54.608502,-15.308668,0 -54.608801,-15.308508,0 -54.609082,-15.308367,0 -54.609326,-15.308243,0 -54.609551,-15.308119,0 -54.609775,-15.307995,0 -54.610000,-15.307870,0 -54.610225,-15.307746,0 -54.610468,-15.307623,0 -54.610693,-15.307498,0 -54.610918,-15.307392,0 -54.611161,-15.307287,0 -54.611666,-15.308683,0 -54.611459,-15.308898,0 -54.611252,-15.309094,0 -54.611045,-15.309291,0 -54.610633,-15.309485,0 -54.610222,-15.309607,0 -54.609923,-15.309731,0 -54.609605,-15.309854,0 -54.609399,-15.309978,0 -54.609212,-15.310103,0 -54.609005,-15.310227,0 -54.608818,-15.310369,0 -54.608611,-15.310512,0 -54.608423,-15.310654,0 -54.608236,-15.310797,0 -54.608103,-15.311030,0 -54.607970,-15.311246,0 -54.607837,-15.311461,0 -54.607686,-15.311694,0 -54.607645,-15.311947,0 -54.607587,-15.312217,0 -54.607546,-15.312470,0 -54.607450,-15.312794,0 -54.607353,-15.313118,0 -54.607164,-15.313333,0 -54.606994,-15.313530,0 -54.606769,-15.313672,0 -54.606563,-15.313814,0 -54.606357,-15.313957,0 -54.606113,-15.314117,0 -54.605850,-15.314294,0 -54.605679,-15.314654,0 -54.605767,-15.315089,0 -54.605876,-15.315289,0 -54.605985,-15.315488,0 -54.606114,-15.315689,0 -54.606260,-15.315871,0 -54.606407,-15.316053,0 -54.606628,-15.316290,0 -54.606662,-15.316598,0 -54.606325,-15.316703,0 -54.606064,-15.316754,0 -54.605821,-15.316824,0 -54.605560,-15.316893,0 -54.605317,-15.316945,0 -54.605056,-15.317014,0 -54.604778,-15.316867,0 -54.604556,-15.316756,0 -54.604353,-15.316645,0 -54.604151,-15.316372,0 -54.603968,-15.316117,0 -54.603877,-15.315899,0 -54.603787,-15.315664,0 -54.603603,-15.315481,0 -54.603400,-15.315316,0 -54.603158,-15.315259,0 -54.602898,-15.315220,0 -54.602657,-15.315164,0 -54.602415,-15.315161,0 -54.602173,-15.315140,0 -54.601931,-15.315120,0 -54.601689,-15.315099,0 -54.601448,-15.315078,0 -54.601168,-15.315093,0 -54.600889,-15.315090,0 -54.600701,-15.315233,0 -54.600532,-15.315394,0 -54.600417,-15.315664,0 -54.600302,-15.315933,0 -54.600188,-15.316203,0 -54.600485,-15.316261,0 -54.600932,-15.316229,0 -54.601323,-15.316215,0 -54.601732,-15.316292,0 -54.601972,-15.316475,0 -54.601913,-15.316691,0 -54.601873,-15.316926,0 -54.601834,-15.317142,0 -54.601775,-15.317359,0 -54.601735,-15.317593,0 -54.601696,-15.317809,0 -54.601637,-15.318044,0 -54.601598,-15.318260,0 -54.601558,-15.318476,0 -54.601518,-15.318711,0 -54.601460,-15.318927,0 -54.601420,-15.319162,0 -54.601380,-15.319378,0 -54.601322,-15.319594,0 -54.601282,-15.319829,0 -54.601242,-15.320045,0 -54.601184,-15.320261,0 -54.601144,-15.320496,0 -54.601104,-15.320712,0 -54.601046,-15.320946,0 -54.601006,-15.321163,0 -54.600966,-15.321379,0 -54.600908,-15.321613,0 -54.600904,-15.321920,0 -54.600865,-15.322137,0 -54.600825,-15.322353,0 -54.600785,-15.322588,0 -54.600745,-15.322804,0 -54.600705,-15.323020,0 -54.600647,-15.323255,0 -54.600607,-15.323471,0 -54.600568,-15.323687,0 -54.600528,-15.323922,0 -54.600488,-15.324138,0 -54.600430,-15.324355,0 -54.600390,-15.324589,0 -54.600350,-15.324805,0 -54.600310,-15.325022,0 -54.600271,-15.325238,0 -54.600212,-15.325472,0 -54.600172,-15.325689,0 -54.600133,-15.325905,0 -54.600093,-15.326140,0 -54.600053,-15.326356,0 -54.599995,-15.326572,0 -54.599955,-15.326807,0 -54.599915,-15.327023,0 -54.599875,-15.327239,0 -54.599835,-15.327474,0 -54.599777,-15.327690,0 -54.599737,-15.327907,0 -54.599698,-15.328141,0 -54.599658,-15.328357,0 -54.599618,-15.328574,0 -54.599560,-15.328808,0 -54.599520,-15.329024,0 -54.599480,-15.329241,0 -54.599440,-15.329475,0 -54.599401,-15.329692,0 -54.599342,-15.329908,0 -54.599303,-15.330124,0 -54.599263,-15.330359,0 -54.599223,-15.330575,0 -54.599183,-15.330791,0 -54.599124,-15.331080,0 -54.599084,-15.331296,0 -54.599026,-15.331513,0 -54.598986,-15.331747,0 -54.598946,-15.331963,0 -54.598888,-15.332198,0 -54.598848,-15.332414,0 -54.598808,-15.332630,0 -54.598769,-15.332865,0 -54.598710,-15.333081,0 -54.598670,-15.333315,0 -54.598631,-15.333532,0 -54.598572,-15.333748,0 -54.598532,-15.333983,0 -54.598493,-15.334199,0 -54.598453,-15.334433,0 -54.598394,-15.334650,0 -54.598355,-15.334866,0 -54.598315,-15.335100,0 -54.598256,-15.335317,0 -54.598217,-15.335551,0 -54.598158,-15.335821,0 -54.598099,-15.336056,0 -54.598040,-15.336308,0 -54.597982,-15.336542,0 -54.597923,-15.336777,0 -54.597883,-15.337029,0 -54.597843,-15.337264,0 -54.597785,-15.337498,0 -54.597745,-15.337750,0 -54.597705,-15.337985,0 -54.597646,-15.338219,0 -54.597606,-15.338472,0 -54.597547,-15.338706,0 -54.597507,-15.338958,0 -54.597467,-15.339193,0 -54.597409,-15.339427,0 -54.597350,-15.339715,0 -54.597310,-15.339950,0 -54.597251,-15.340166,0 -54.597211,-15.340401,0 -54.597172,-15.340635,0 -54.597113,-15.340851,0 -54.597073,-15.341086,0 -54.597015,-15.341320,0 -54.596975,-15.341536,0 -54.596935,-15.341771,0 -54.596877,-15.342005,0 -54.596837,-15.342221,0 -54.596797,-15.342456,0 -54.596738,-15.342690,0 -54.596699,-15.342907,0 -54.596659,-15.343141,0 -54.596600,-15.343375,0 -54.596560,-15.343610,0 -54.596521,-15.343826,0 -54.596056,-15.343731,0 -54.595759,-15.343709,0 -54.595608,-15.343834,0 -54.595289,-15.344084,0 -54.595138,-15.344281,0 -54.594986,-15.344478,0 -54.594817,-15.344675,0 -54.594665,-15.344890,0 -54.594439,-15.345159,0 -54.594288,-15.345338,0 -54.594136,-15.345535,0 -54.593985,-15.345732,0 -54.593797,-15.345893,0 -54.593572,-15.346017,0 -54.593347,-15.346177,0 -54.592936,-15.346335,0 -54.592656,-15.346386,0 -54.592376,-15.346437,0 -54.592133,-15.346489,0 -54.591872,-15.346540,0 -54.591629,-15.346592,0 -54.591313,-15.346570,0 -54.591034,-15.346531,0 -54.590755,-15.346510,0 -54.590476,-15.346471,0 -54.590179,-15.346432,0 -54.589881,-15.346392,0 -54.589584,-15.346353,0 -54.589287,-15.346296,0 -54.588990,-15.346220,0 -54.588692,-15.346163,0 -54.588395,-15.346087,0 -54.588098,-15.346012,0 -54.587783,-15.345918,0 -54.587467,-15.345878,0 -54.587132,-15.345839,0 -54.586872,-15.345800,0 -54.586593,-15.345742,0 -54.586333,-15.345704,0 -54.586073,-15.345647,0 -54.585757,-15.345607,0 -54.585403,-15.345585,0 -54.585031,-15.345563,0 -54.584752,-15.345542,0 -54.584473,-15.345539,0 -54.584193,-15.345554,0 -54.583933,-15.345551,0 -54.583672,-15.345566,0 -54.583411,-15.345582,0 -54.583150,-15.345597,0 -54.582889,-15.345648,0 -54.582628,-15.345700,0 -54.582329,-15.345750,0 -54.582031,-15.345801,0 -54.581972,-15.346018,0 -54.581933,-15.346234,0 -54.581874,-15.346450,0 -54.581667,-15.346665,0 -54.581481,-15.346627,0 -54.581203,-15.346569,0 -54.580980,-15.346531,0 -54.580757,-15.346492,0 -54.580515,-15.346435,0 -54.580330,-15.346397,0 -54.580051,-15.346340,0 -54.579828,-15.346302,0 -54.579605,-15.346263,0 -54.579364,-15.346206,0 -54.579141,-15.346168,0 -54.578918,-15.346129,0 -54.578676,-15.346072,0 -54.578453,-15.346034,0 -54.578230,-15.345995,0 -54.577989,-15.345938,0 -54.577766,-15.345900,0 -54.577543,-15.345843,0 -54.577301,-15.345804,0 -54.577078,-15.345766,0 -54.576856,-15.345709,0 -54.576614,-15.345670,0 -54.576391,-15.345632,0 -54.576150,-15.345575,0 -54.575927,-15.345536,0 -54.575704,-15.345498,0 -54.575462,-15.345441,0 -54.575239,-15.345402,0 -54.575017,-15.345346,0 -54.574794,-15.345289,0 -54.574571,-15.345233,0 -54.574348,-15.345194,0 -54.574106,-15.345155,0 -54.573884,-15.345099,0 -54.573642,-15.345060,0 -54.573419,-15.345003,0 -54.573196,-15.344965,0 -54.572955,-15.344926,0 -54.572732,-15.344869,0 -54.572509,-15.344831,0 -54.572268,-15.344774,0 -54.572045,-15.344735,0 -54.571803,-15.344697,0 -54.571580,-15.344640,0 -54.571357,-15.344601,0 -54.571116,-15.344545,0 -54.570893,-15.344506,0 -54.570651,-15.344467,0 -54.570428,-15.344411,0 -54.570206,-15.344372,0 -54.569964,-15.344315,0 -54.569741,-15.344277,0 -54.569500,-15.344238,0 -54.569277,-15.344181,0</coordinates></LineString></Placemark>
<Placemark><name>G-04 - 10,45 km</name><description>Maxima 10449 m | Minima 7946 m | Reta 2553 m | 95.56 ha</description><styleUrl>#rota</styleUrl><LineString><tessellate>1</tessellate><coordinates>-54.597239,-15.307065,0 -54.597334,-15.306849,0 -54.597430,-15.306652,0 -54.597525,-15.306436,0 -54.597602,-15.306220,0 -54.597976,-15.306097,0 -54.598254,-15.306191,0 -54.598438,-15.306355,0 -54.598622,-15.306538,0 -54.598825,-15.306703,0 -54.598841,-15.306938,0 -54.598857,-15.307155,0 -54.598873,-15.307390,0 -54.599096,-15.307483,0 -54.599318,-15.307557,0 -54.599540,-15.307650,0 -54.599781,-15.307743,0 -54.599722,-15.308031,0 -54.599982,-15.308124,0 -54.600260,-15.308218,0 -54.600300,-15.307983,0 -54.600340,-15.307767,0 -54.600398,-15.307533,0 -54.600438,-15.307298,0 -54.600496,-15.307082,0 -54.600536,-15.306848,0 -54.600595,-15.306613,0 -54.600635,-15.306379,0 -54.600693,-15.306163,0 -54.600733,-15.305928,0 -54.600791,-15.305694,0 -54.600831,-15.305478,0 -54.600890,-15.305243,0 -54.600929,-15.305009,0 -54.600988,-15.304775,0 -54.601028,-15.304558,0 -54.601086,-15.304324,0 -54.601348,-15.304200,0 -54.601552,-15.304329,0 -54.601755,-15.304440,0 -54.601977,-15.304568,0 -54.602180,-15.304697,0 -54.602421,-15.304826,0 -54.602643,-15.304955,0 -54.602883,-15.305084,0 -54.603124,-15.305213,0 -54.603346,-15.305360,0 -54.603548,-15.305525,0 -54.603770,-15.305672,0 -54.603973,-15.305800,0 -54.604177,-15.305929,0 -54.604380,-15.306058,0 -54.604583,-15.306186,0 -54.604768,-15.306315,0 -54.604953,-15.306461,0 -54.605137,-15.306590,0 -54.605341,-15.306718,0 -54.605562,-15.306865,0 -54.605765,-15.307012,0 -54.605987,-15.307159,0 -54.606209,-15.307306,0 -54.606412,-15.307416,0 -54.606616,-15.307545,0 -54.606819,-15.307656,0 -54.607023,-15.307766,0 -54.607226,-15.307895,0 -54.607430,-15.308006,0 -54.607652,-15.308134,0 -54.607873,-15.308281,0 -54.608077,-15.308410,0 -54.608298,-15.308539,0 -54.608502,-15.308668,0 -54.608801,-15.308508,0 -54.609082,-15.308367,0 -54.609326,-15.308243,0 -54.609551,-15.308119,0 -54.609775,-15.307995,0 -54.610000,-15.307870,0 -54.610225,-15.307746,0 -54.610468,-15.307623,0 -54.610693,-15.307498,0 -54.610918,-15.307392,0 -54.611161,-15.307287,0 -54.611666,-15.308683,0 -54.611459,-15.308898,0 -54.611252,-15.309094,0 -54.611045,-15.309291,0 -54.610633,-15.309485,0 -54.610222,-15.309607,0 -54.609923,-15.309731,0 -54.609605,-15.309854,0 -54.609399,-15.309978,0 -54.609212,-15.310103,0 -54.609005,-15.310227,0 -54.608818,-15.310369,0 -54.608611,-15.310512,0 -54.608423,-15.310654,0 -54.608236,-15.310797,0 -54.608103,-15.311030,0 -54.607970,-15.311246,0 -54.607837,-15.311461,0 -54.607686,-15.311694,0 -54.607645,-15.311947,0 -54.607587,-15.312217,0 -54.607546,-15.312470,0 -54.607450,-15.312794,0 -54.607353,-15.313118,0 -54.607164,-15.313333,0 -54.606994,-15.313530,0 -54.606769,-15.313672,0 -54.606563,-15.313814,0 -54.606357,-15.313957,0 -54.606113,-15.314117,0 -54.605850,-15.314294,0 -54.605679,-15.314654,0 -54.605767,-15.315089,0 -54.605876,-15.315289,0 -54.605985,-15.315488,0 -54.606114,-15.315689,0 -54.606260,-15.315871,0 -54.606407,-15.316053,0 -54.606628,-15.316290,0 -54.606662,-15.316598,0 -54.606325,-15.316703,0 -54.606064,-15.316754,0 -54.605821,-15.316824,0 -54.605560,-15.316893,0 -54.605317,-15.316945,0 -54.605056,-15.317014,0 -54.604778,-15.316867,0 -54.604556,-15.316756,0 -54.604353,-15.316645,0 -54.604151,-15.316372,0 -54.603968,-15.316117,0 -54.603877,-15.315899,0 -54.603787,-15.315664,0 -54.603603,-15.315481,0 -54.603400,-15.315316,0 -54.603158,-15.315259,0 -54.602898,-15.315220,0 -54.602657,-15.315164,0 -54.602415,-15.315161,0 -54.602173,-15.315140,0 -54.601931,-15.315120,0 -54.601689,-15.315099,0 -54.601448,-15.315078,0 -54.601168,-15.315093,0 -54.600889,-15.315090,0 -54.600701,-15.315233,0 -54.600532,-15.315394,0 -54.600417,-15.315664,0 -54.600302,-15.315933,0 -54.600188,-15.316203,0 -54.600485,-15.316261,0 -54.600932,-15.316229,0 -54.601323,-15.316215,0 -54.601732,-15.316292,0 -54.601972,-15.316475,0 -54.601913,-15.316691,0 -54.601873,-15.316926,0 -54.601834,-15.317142,0 -54.601775,-15.317359,0 -54.601735,-15.317593,0 -54.601696,-15.317809,0 -54.601637,-15.318044,0 -54.601598,-15.318260,0 -54.601558,-15.318476,0 -54.601518,-15.318711,0 -54.601460,-15.318927,0 -54.601420,-15.319162,0 -54.601380,-15.319378,0 -54.601322,-15.319594,0 -54.601282,-15.319829,0 -54.601242,-15.320045,0 -54.601184,-15.320261,0 -54.601144,-15.320496,0 -54.601104,-15.320712,0 -54.601046,-15.320946,0 -54.601006,-15.321163,0 -54.600966,-15.321379,0 -54.600908,-15.321613,0 -54.600904,-15.321920,0 -54.600865,-15.322137,0 -54.600825,-15.322353,0 -54.600785,-15.322588,0 -54.600745,-15.322804,0 -54.600705,-15.323020,0 -54.600647,-15.323255,0 -54.600607,-15.323471,0 -54.600568,-15.323687,0 -54.600528,-15.323922,0 -54.600488,-15.324138,0 -54.600430,-15.324355,0 -54.600390,-15.324589,0 -54.600350,-15.324805,0 -54.600310,-15.325022,0 -54.600271,-15.325238,0 -54.600212,-15.325472,0 -54.600172,-15.325689,0 -54.600133,-15.325905,0 -54.600093,-15.326140,0 -54.600053,-15.326356,0 -54.599995,-15.326572,0 -54.599955,-15.326807,0 -54.599915,-15.327023,0 -54.599875,-15.327239,0 -54.599835,-15.327474,0 -54.599777,-15.327690,0 -54.599737,-15.327907,0 -54.599698,-15.328141,0 -54.599658,-15.328357,0 -54.599618,-15.328574,0 -54.599560,-15.328808,0 -54.599520,-15.329024,0 -54.599480,-15.329241,0 -54.599440,-15.329475,0 -54.599401,-15.329692,0 -54.599342,-15.329908,0 -54.599303,-15.330124,0 -54.599263,-15.330359,0 -54.599223,-15.330575,0 -54.599183,-15.330791,0 -54.599124,-15.331080,0 -54.599084,-15.331296,0 -54.599026,-15.331513,0 -54.598986,-15.331747,0 -54.598946,-15.331963,0 -54.598888,-15.332198,0 -54.598848,-15.332414,0 -54.598808,-15.332630,0 -54.598769,-15.332865,0 -54.598710,-15.333081,0 -54.598670,-15.333315,0 -54.598631,-15.333532,0 -54.598572,-15.333748,0 -54.598532,-15.333983,0 -54.598493,-15.334199,0 -54.598453,-15.334433,0 -54.598394,-15.334650,0 -54.598355,-15.334866,0 -54.598315,-15.335100,0 -54.598256,-15.335317,0 -54.598217,-15.335551,0 -54.598158,-15.335821,0 -54.598099,-15.336056,0 -54.598040,-15.336308,0 -54.597982,-15.336542,0 -54.597923,-15.336777,0 -54.597883,-15.337029,0 -54.597843,-15.337264,0 -54.597785,-15.337498,0 -54.597745,-15.337750,0 -54.597705,-15.337985,0 -54.597646,-15.338219,0 -54.597606,-15.338472,0 -54.597547,-15.338706,0 -54.597507,-15.338958,0 -54.597467,-15.339193,0 -54.597409,-15.339427,0 -54.597334,-15.339444,0 -54.597111,-15.339442,0 -54.596664,-15.339419,0 -54.596404,-15.339416,0 -54.596143,-15.339395,0 -54.595882,-15.339393,0 -54.595622,-15.339372,0 -54.595361,-15.339369,0 -54.595120,-15.339348,0 -54.594878,-15.339346,0 -54.594636,-15.339325,0 -54.594394,-15.339322,0 -54.594152,-15.339320,0 -54.593910,-15.339299,0 -54.593668,-15.339296,0 -54.593426,-15.339276,0 -54.593184,-15.339273,0 -54.592942,-15.339252,0 -54.592700,-15.339250,0 -54.592458,-15.339229,0 -54.592216,-15.339226,0 -54.591975,-15.339206,0 -54.591733,-15.339203,0 -54.591491,-15.339201,0 -54.591249,-15.339180,0 -54.591007,-15.339177,0 -54.590765,-15.339157,0 -54.590523,-15.339154,0 -54.590281,-15.339133,0 -54.590039,-15.339131,0 -54.589797,-15.339110,0 -54.589555,-15.339107,0 -54.589295,-15.339105,0 -54.589053,-15.339084,0 -54.588792,-15.339081,0 -54.588550,-15.339078,0 -54.588308,-15.339058,0 -54.588048,-15.339055,0 -54.587806,-15.339052,0 -54.587454,-15.338922,0 -54.587231,-15.338829,0 -54.587027,-15.338755,0 -54.586805,-15.338680,0 -54.586582,-15.338587,0 -54.586360,-15.338513,0 -54.586137,-15.338438,0 -54.585766,-15.338362,0 -54.585543,-15.338287,0 -54.585321,-15.338212,0 -54.585098,-15.338120,0 -54.584876,-15.338045,0 -54.584653,-15.337952,0 -54.584431,-15.337878,0 -54.584208,-15.337785,0 -54.583986,-15.337710,0 -54.583763,-15.337635,0 -54.583541,-15.337543,0 -54.583481,-15.337849,0 -54.583423,-15.338083,0 -54.583364,-15.338318,0 -54.583306,-15.338552,0 -54.583247,-15.338786,0 -54.583189,-15.339020,0 -54.583130,-15.339237,0 -54.583072,-15.339471,0 -54.583013,-15.339705,0 -54.582955,-15.339939,0 -54.582896,-15.340174,0 -54.582838,-15.340408,0 -54.582615,-15.340351,0 -54.582392,-15.340295,0 -54.582169,-15.340238,0 -54.581947,-15.340181,0 -54.581724,-15.340143,0 -54.581482,-15.340086,0 -54.581259,-15.340029,0 -54.581037,-15.339973,0 -54.580814,-15.339916,0 -54.580591,-15.339860,0 -54.580368,-15.339803,0 -54.580127,-15.339746,0 -54.579904,-15.339708,0 -54.579681,-15.339651,0 -54.579458,-15.339594,0 -54.579236,-15.339538,0 -54.578994,-15.339481,0 -54.578771,-15.339424,0 -54.578549,-15.339368,0 -54.578326,-15.339311,0 -54.578103,-15.339272,0 -54.577880,-15.339216,0 -54.577639,-15.339159,0 -54.577416,-15.339102,0 -54.577193,-15.339046,0 -54.576970,-15.338989,0 -54.576748,-15.338933,0 -54.576525,-15.338876,0 -54.576283,-15.338837,0 -54.576061,-15.338780,0 -54.575838,-15.338724,0 -54.575615,-15.338667,0 -54.575392,-15.338611,0 -54.575169,-15.338554,0 -54.574928,-15.338497,0 -54.574705,-15.338441,0 -54.574482,-15.338402,0 -54.574260,-15.338345,0 -54.574037,-15.338289,0 -54.573795,-15.338232,0 -54.573573,-15.338175,0 -54.573350,-15.338119,0 -54.573127,-15.338062,0 -54.572886,-15.338005,0 -54.572663,-15.337930,0 -54.572422,-15.337874,0 -54.572199,-15.337817,0</coordinates></LineString></Placemark>
<Placemark><name>G-05 - 9,93 km</name><description>Maxima 9928 m | Minima 7447 m | Reta 1928 m | 134.35 ha</description><styleUrl>#rota</styleUrl><LineString><tessellate>1</tessellate><coordinates>-54.597239,-15.307065,0 -54.597334,-15.306849,0 -54.597430,-15.306652,0 -54.597525,-15.306436,0 -54.597602,-15.306220,0 -54.597976,-15.306097,0 -54.598254,-15.306191,0 -54.598438,-15.306355,0 -54.598622,-15.306538,0 -54.598825,-15.306703,0 -54.598841,-15.306938,0 -54.598857,-15.307155,0 -54.598873,-15.307390,0 -54.599096,-15.307483,0 -54.599318,-15.307557,0 -54.599540,-15.307650,0 -54.599781,-15.307743,0 -54.599722,-15.308031,0 -54.599982,-15.308124,0 -54.600260,-15.308218,0 -54.600300,-15.307983,0 -54.600340,-15.307767,0 -54.600398,-15.307533,0 -54.600438,-15.307298,0 -54.600496,-15.307082,0 -54.600536,-15.306848,0 -54.600595,-15.306613,0 -54.600635,-15.306379,0 -54.600693,-15.306163,0 -54.600733,-15.305928,0 -54.600791,-15.305694,0 -54.600831,-15.305478,0 -54.600890,-15.305243,0 -54.600929,-15.305009,0 -54.600988,-15.304775,0 -54.601028,-15.304558,0 -54.601086,-15.304324,0 -54.601348,-15.304200,0 -54.601552,-15.304329,0 -54.601755,-15.304440,0 -54.601977,-15.304568,0 -54.602180,-15.304697,0 -54.602421,-15.304826,0 -54.602643,-15.304955,0 -54.602883,-15.305084,0 -54.603124,-15.305213,0 -54.603346,-15.305360,0 -54.603548,-15.305525,0 -54.603770,-15.305672,0 -54.603973,-15.305800,0 -54.604177,-15.305929,0 -54.604380,-15.306058,0 -54.604583,-15.306186,0 -54.604768,-15.306315,0 -54.604953,-15.306461,0 -54.605137,-15.306590,0 -54.605341,-15.306718,0 -54.605562,-15.306865,0 -54.605765,-15.307012,0 -54.605987,-15.307159,0 -54.606209,-15.307306,0 -54.606412,-15.307416,0 -54.606616,-15.307545,0 -54.606819,-15.307656,0 -54.607023,-15.307766,0 -54.607226,-15.307895,0 -54.607430,-15.308006,0 -54.607652,-15.308134,0 -54.607873,-15.308281,0 -54.608077,-15.308410,0 -54.608298,-15.308539,0 -54.608502,-15.308668,0 -54.608801,-15.308508,0 -54.609082,-15.308367,0 -54.609326,-15.308243,0 -54.609551,-15.308119,0 -54.609775,-15.307995,0 -54.610000,-15.307870,0 -54.610225,-15.307746,0 -54.610468,-15.307623,0 -54.610693,-15.307498,0 -54.610918,-15.307392,0 -54.611161,-15.307287,0 -54.611666,-15.308683,0 -54.611459,-15.308898,0 -54.611252,-15.309094,0 -54.611045,-15.309291,0 -54.610633,-15.309485,0 -54.610222,-15.309607,0 -54.609923,-15.309731,0 -54.609605,-15.309854,0 -54.609399,-15.309978,0 -54.609212,-15.310103,0 -54.609005,-15.310227,0 -54.608818,-15.310369,0 -54.608611,-15.310512,0 -54.608423,-15.310654,0 -54.608236,-15.310797,0 -54.608103,-15.311030,0 -54.607970,-15.311246,0 -54.607837,-15.311461,0 -54.607686,-15.311694,0 -54.607645,-15.311947,0 -54.607587,-15.312217,0 -54.607546,-15.312470,0 -54.607450,-15.312794,0 -54.607353,-15.313118,0 -54.607164,-15.313333,0 -54.606994,-15.313530,0 -54.606769,-15.313672,0 -54.606563,-15.313814,0 -54.606357,-15.313957,0 -54.606113,-15.314117,0 -54.605850,-15.314294,0 -54.605679,-15.314654,0 -54.605767,-15.315089,0 -54.605876,-15.315289,0 -54.605985,-15.315488,0 -54.606114,-15.315689,0 -54.606260,-15.315871,0 -54.606407,-15.316053,0 -54.606628,-15.316290,0 -54.606662,-15.316598,0 -54.606325,-15.316703,0 -54.606064,-15.316754,0 -54.605821,-15.316824,0 -54.605560,-15.316893,0 -54.605317,-15.316945,0 -54.605056,-15.317014,0 -54.604778,-15.316867,0 -54.604556,-15.316756,0 -54.604353,-15.316645,0 -54.604151,-15.316372,0 -54.603968,-15.316117,0 -54.603877,-15.315899,0 -54.603787,-15.315664,0 -54.603603,-15.315481,0 -54.603400,-15.315316,0 -54.603158,-15.315259,0 -54.602898,-15.315220,0 -54.602657,-15.315164,0 -54.602415,-15.315161,0 -54.602173,-15.315140,0 -54.601931,-15.315120,0 -54.601689,-15.315099,0 -54.601448,-15.315078,0 -54.601168,-15.315093,0 -54.600889,-15.315090,0 -54.600701,-15.315233,0 -54.600532,-15.315394,0 -54.600417,-15.315664,0 -54.600302,-15.315933,0 -54.600188,-15.316203,0 -54.600485,-15.316261,0 -54.600932,-15.316229,0 -54.601323,-15.316215,0 -54.601732,-15.316292,0 -54.601972,-15.316475,0 -54.601913,-15.316691,0 -54.601873,-15.316926,0 -54.601834,-15.317142,0 -54.601775,-15.317359,0 -54.601735,-15.317593,0 -54.601696,-15.317809,0 -54.601637,-15.318044,0 -54.601598,-15.318260,0 -54.601558,-15.318476,0 -54.601518,-15.318711,0 -54.601460,-15.318927,0 -54.601420,-15.319162,0 -54.601380,-15.319378,0 -54.601322,-15.319594,0 -54.601282,-15.319829,0 -54.601242,-15.320045,0 -54.601184,-15.320261,0 -54.601144,-15.320496,0 -54.601104,-15.320712,0 -54.601046,-15.320946,0 -54.601006,-15.321163,0 -54.600966,-15.321379,0 -54.600908,-15.321613,0 -54.600868,-15.321830,0 -54.600645,-15.321791,0 -54.600403,-15.321752,0 -54.600181,-15.321696,0 -54.599939,-15.321657,0 -54.599716,-15.321619,0 -54.599475,-15.321580,0 -54.599252,-15.321523,0 -54.599010,-15.321484,0 -54.598787,-15.321446,0 -54.598546,-15.321389,0 -54.598323,-15.321351,0 -54.598081,-15.321312,0 -54.597840,-15.321273,0 -54.597617,-15.321217,0 -54.597375,-15.321178,0 -54.597152,-15.321139,0 -54.596911,-15.321101,0 -54.596688,-15.321044,0 -54.596447,-15.321005,0 -54.596224,-15.320967,0 -54.595982,-15.320928,0 -54.595759,-15.320871,0 -54.595518,-15.320833,0 -54.595295,-15.320794,0 -54.595053,-15.320737,0 -54.594830,-15.320699,0 -54.594589,-15.320660,0 -54.594366,-15.320621,0 -54.594124,-15.320565,0 -54.593901,-15.320526,0 -54.593604,-15.320469,0 -54.593363,-15.320430,0 -54.593121,-15.320391,0 -54.592898,-15.320353,0 -54.592656,-15.320314,0 -54.592415,-15.320275,0 -54.592173,-15.320236,0 -54.591950,-15.320198,0 -54.591709,-15.320141,0 -54.591467,-15.320102,0 -54.591226,-15.320064,0 -54.591003,-15.320025,0 -54.590761,-15.319986,0 -54.590520,-15.319948,0 -54.590297,-15.319909,0 -54.590055,-15.319870,0 -54.589814,-15.319813,0 -54.589572,-15.319775,0 -54.589349,-15.319736,0 -54.589108,-15.319697,0 -54.588866,-15.319659,0 -54.588625,-15.319620,0 -54.588402,-15.319581,0 -54.588160,-15.319543,0 -54.587919,-15.319486,0 -54.587677,-15.319447,0 -54.587454,-15.319409,0 -54.587213,-15.319370,0 -54.586841,-15.319312,0 -54.586618,-15.319255,0 -54.586377,-15.319216,0 -54.586135,-15.319178,0 -54.585893,-15.319139,0 -54.585652,-15.319082,0 -54.585429,-15.319043,0 -54.585187,-15.319005,0 -54.584946,-15.318948,0 -54.584705,-15.318909,0 -54.584482,-15.318871,0 -54.584240,-15.318814,0 -54.583999,-15.318775,0 -54.583757,-15.318736,0 -54.583534,-15.318680,0 -54.583293,-15.318641,0 -54.583051,-15.318602,0 -54.582810,-15.318545,0 -54.582587,-15.318507,0 -54.582271,-15.318485,0 -54.582029,-15.318428,0 -54.581806,-15.318390,0 -54.581565,-15.318351,0 -54.581342,-15.318295,0 -54.581100,-15.318256,0 -54.580877,-15.318217,0 -54.580636,-15.318160,0 -54.580413,-15.318122,0 -54.580171,-15.318083,0 -54.579930,-15.318044,0 -54.579707,-15.317988,0 -54.579466,-15.317949,0 -54.579243,-15.317910,0 -54.579001,-15.317854,0 -54.578778,-15.317815,0 -54.578537,-15.317776,0 -54.578314,-15.317720,0 -54.578072,-15.317681,0 -54.577831,-15.317642,0 -54.577608,-15.317604,0 -54.577367,-15.317547,0 -54.577144,-15.317508,0 -54.576902,-15.317469,0 -54.576679,-15.317413,0 -54.576438,-15.317374,0 -54.576215,-15.317336,0 -54.575973,-15.317279,0 -54.575732,-15.317240,0 -54.575509,-15.317201,0 -54.575267,-15.317163,0 -54.575045,-15.317106,0 -54.574803,-15.317067,0 -54.574580,-15.317029,0 -54.574339,-15.316972,0 -54.574116,-15.316933,0 -54.573874,-15.316895,0 -54.573633,-15.316838,0 -54.573593,-15.317072,0 -54.573553,-15.317307,0 -54.573513,-15.317523,0 -54.573455,-15.317757,0 -54.573415,-15.317974,0 -54.573375,-15.318208,0 -54.573317,-15.318424,0 -54.573277,-15.318659,0 -54.573237,-15.318893,0 -54.573178,-15.319109,0 -54.573138,-15.319344,0 -54.573099,-15.319560,0 -54.573040,-15.319794,0 -54.573000,-15.320029,0 -54.572960,-15.320245,0 -54.572902,-15.320480,0 -54.572862,-15.320696,0 -54.572822,-15.320930,0 -54.572783,-15.321147,0 -54.572724,-15.321381,0 -54.572684,-15.321615,0 -54.572644,-15.321832,0 -54.572586,-15.322066,0 -54.572546,-15.322282,0 -54.572487,-15.322553,0 -54.572447,-15.322805,0 -54.572388,-15.323058,0 -54.572329,-15.323328,0 -54.572270,-15.323580,0 -54.572210,-15.323995,0 -54.572150,-15.324320,0 -54.572091,-15.324608,0 -54.572050,-15.324897,0 -54.571973,-15.325185,0 -54.571895,-15.325491,0 -54.571873,-15.325726,0 -54.571834,-15.325942,0 -54.571776,-15.326123,0 -54.571736,-15.326357,0 -54.571696,-15.326573,0 -54.571637,-15.326808,0 -54.571597,-15.327042,0 -54.571539,-15.327258,0 -54.571499,-15.327493,0 -54.571459,-15.327709,0 -54.571401,-15.327943,0 -54.571361,-15.328178,0 -54.571321,-15.328394,0 -54.571263,-15.328628,0 -54.571223,-15.328845,0 -54.571164,-15.329079,0 -54.571125,-15.329295,0 -54.571085,-15.329530,0 -54.571026,-15.329764,0 -54.570986,-15.329980,0 -54.570928,-15.330215,0</coordinates></LineString></Placemark>
<Placemark><name>G-06A - 8,57 km</name><description>Maxima 8573 m | Minima 6945 m | Reta 1625 m | 58.11 ha</description><styleUrl>#rota</styleUrl><LineString><tessellate>1</tessellate><coordinates>-54.597239,-15.307065,0 -54.597334,-15.306849,0 -54.597430,-15.306652,0 -54.597525,-15.306436,0 -54.597602,-15.306220,0 -54.597976,-15.306097,0 -54.598254,-15.306191,0 -54.598438,-15.306355,0 -54.598622,-15.306538,0 -54.598825,-15.306703,0 -54.598841,-15.306938,0 -54.598857,-15.307155,0 -54.598873,-15.307390,0 -54.599096,-15.307483,0 -54.599318,-15.307557,0 -54.599540,-15.307650,0 -54.599781,-15.307743,0 -54.599722,-15.308031,0 -54.599982,-15.308124,0 -54.600260,-15.308218,0 -54.600300,-15.307983,0 -54.600340,-15.307767,0 -54.600398,-15.307533,0 -54.600438,-15.307298,0 -54.600496,-15.307082,0 -54.600536,-15.306848,0 -54.600595,-15.306613,0 -54.600635,-15.306379,0 -54.600693,-15.306163,0 -54.600733,-15.305928,0 -54.600791,-15.305694,0 -54.600831,-15.305478,0 -54.600890,-15.305243,0 -54.600929,-15.305009,0 -54.600988,-15.304775,0 -54.601028,-15.304558,0 -54.601086,-15.304324,0 -54.601348,-15.304200,0 -54.601552,-15.304329,0 -54.601755,-15.304440,0 -54.601977,-15.304568,0 -54.602180,-15.304697,0 -54.602421,-15.304826,0 -54.602643,-15.304955,0 -54.602883,-15.305084,0 -54.603124,-15.305213,0 -54.603346,-15.305360,0 -54.603548,-15.305525,0 -54.603770,-15.305672,0 -54.603973,-15.305800,0 -54.604177,-15.305929,0 -54.604380,-15.306058,0 -54.604583,-15.306186,0 -54.604768,-15.306315,0 -54.604953,-15.306461,0 -54.605137,-15.306590,0 -54.605341,-15.306718,0 -54.605562,-15.306865,0 -54.605765,-15.307012,0 -54.605987,-15.307159,0 -54.606209,-15.307306,0 -54.606412,-15.307416,0 -54.606616,-15.307545,0 -54.606819,-15.307656,0 -54.607023,-15.307766,0 -54.607226,-15.307895,0 -54.607430,-15.308006,0 -54.607652,-15.308134,0 -54.607873,-15.308281,0 -54.608077,-15.308410,0 -54.608298,-15.308539,0 -54.608502,-15.308668,0 -54.608801,-15.308508,0 -54.609082,-15.308367,0 -54.609326,-15.308243,0 -54.609551,-15.308119,0 -54.609775,-15.307995,0 -54.610000,-15.307870,0 -54.610225,-15.307746,0 -54.610468,-15.307623,0 -54.610693,-15.307498,0 -54.610918,-15.307392,0 -54.611161,-15.307287,0 -54.611666,-15.308683,0 -54.611459,-15.308898,0 -54.611252,-15.309094,0 -54.611045,-15.309291,0 -54.610633,-15.309485,0 -54.610222,-15.309607,0 -54.609923,-15.309731,0 -54.609605,-15.309854,0 -54.609399,-15.309978,0 -54.609212,-15.310103,0 -54.609005,-15.310227,0 -54.608818,-15.310369,0 -54.608611,-15.310512,0 -54.608423,-15.310654,0 -54.608236,-15.310797,0 -54.608103,-15.311030,0 -54.607970,-15.311246,0 -54.607837,-15.311461,0 -54.607686,-15.311694,0 -54.607645,-15.311947,0 -54.607587,-15.312217,0 -54.607546,-15.312470,0 -54.607450,-15.312794,0 -54.607353,-15.313118,0 -54.607164,-15.313333,0 -54.606994,-15.313530,0 -54.606769,-15.313672,0 -54.606563,-15.313814,0 -54.606357,-15.313957,0 -54.606113,-15.314117,0 -54.605850,-15.314294,0 -54.605679,-15.314654,0 -54.605767,-15.315089,0 -54.605876,-15.315289,0 -54.605985,-15.315488,0 -54.606114,-15.315689,0 -54.606260,-15.315871,0 -54.606407,-15.316053,0 -54.606628,-15.316290,0 -54.606662,-15.316598,0 -54.606325,-15.316703,0 -54.606064,-15.316754,0 -54.605821,-15.316824,0 -54.605560,-15.316893,0 -54.605317,-15.316945,0 -54.605056,-15.317014,0 -54.604778,-15.316867,0 -54.604556,-15.316756,0 -54.604353,-15.316645,0 -54.604151,-15.316372,0 -54.603968,-15.316117,0 -54.603877,-15.315899,0 -54.603787,-15.315664,0 -54.603603,-15.315481,0 -54.603400,-15.315316,0 -54.603158,-15.315259,0 -54.602898,-15.315220,0 -54.602657,-15.315164,0 -54.602415,-15.315161,0 -54.602173,-15.315140,0 -54.601931,-15.315120,0 -54.601689,-15.315099,0 -54.601448,-15.315078,0 -54.601168,-15.315093,0 -54.600889,-15.315090,0 -54.600701,-15.315233,0 -54.600532,-15.315394,0 -54.600417,-15.315664,0 -54.600302,-15.315933,0 -54.600188,-15.316203,0 -54.600485,-15.316261,0 -54.600932,-15.316229,0 -54.601323,-15.316215,0 -54.601732,-15.316292,0 -54.601972,-15.316475,0 -54.601913,-15.316691,0 -54.601873,-15.316926,0 -54.601834,-15.317142,0 -54.601775,-15.317359,0 -54.601735,-15.317593,0 -54.601696,-15.317809,0 -54.601637,-15.318044,0 -54.601598,-15.318260,0 -54.601558,-15.318476,0 -54.601518,-15.318711,0 -54.601460,-15.318927,0 -54.601420,-15.319162,0 -54.601380,-15.319378,0 -54.601322,-15.319594,0 -54.601282,-15.319829,0 -54.601242,-15.320045,0 -54.601184,-15.320261,0 -54.601144,-15.320496,0 -54.601104,-15.320712,0 -54.601046,-15.320946,0 -54.601006,-15.321163,0 -54.600966,-15.321379,0 -54.600908,-15.321613,0 -54.600868,-15.321830,0 -54.600645,-15.321791,0 -54.600403,-15.321752,0 -54.600181,-15.321696,0 -54.599939,-15.321657,0 -54.599716,-15.321619,0 -54.599475,-15.321580,0 -54.599252,-15.321523,0 -54.599010,-15.321484,0 -54.598787,-15.321446,0 -54.598546,-15.321389,0 -54.598323,-15.321351,0 -54.598081,-15.321312,0 -54.597840,-15.321273,0 -54.597617,-15.321217,0 -54.597375,-15.321178,0 -54.597152,-15.321139,0 -54.596911,-15.321101,0 -54.596688,-15.321044,0 -54.596447,-15.321005,0 -54.596224,-15.320967,0 -54.595982,-15.320928,0 -54.595759,-15.320871,0 -54.595518,-15.320833,0 -54.595295,-15.320794,0 -54.595053,-15.320737,0 -54.594830,-15.320699,0 -54.594589,-15.320660,0 -54.594366,-15.320621,0 -54.594124,-15.320565,0 -54.593901,-15.320526,0 -54.593604,-15.320469,0 -54.593363,-15.320430,0 -54.593121,-15.320391,0 -54.592898,-15.320353,0 -54.592656,-15.320314,0 -54.592415,-15.320275,0 -54.592173,-15.320236,0 -54.591950,-15.320198,0 -54.591709,-15.320141,0 -54.591467,-15.320102,0 -54.591226,-15.320064,0 -54.591003,-15.320025,0 -54.590761,-15.319986,0 -54.590520,-15.319948,0 -54.590297,-15.319909,0 -54.590055,-15.319870,0 -54.589814,-15.319813,0 -54.589572,-15.319775,0 -54.589349,-15.319736,0 -54.589108,-15.319697,0 -54.588866,-15.319659,0 -54.588625,-15.319620,0 -54.588402,-15.319581,0 -54.588160,-15.319579,0 -54.587918,-15.319540,0 -54.587676,-15.319501,0 -54.587453,-15.319463,0 -54.587212,-15.319406,0 -54.587172,-15.319640,0 -54.587132,-15.319857,0 -54.587093,-15.320073,0 -54.587034,-15.320307,0 -54.586994,-15.320524,0 -54.586955,-15.320740,0 -54.586915,-15.320975,0 -54.586875,-15.321191,0 -54.586835,-15.321407,0 -54.586795,-15.321642,0 -54.586737,-15.321858,0 -54.586697,-15.322093,0 -54.586658,-15.322309,0 -54.586618,-15.322525,0 -54.586578,-15.322760,0 -54.586538,-15.322976,0 -54.586480,-15.323192,0 -54.586440,-15.323427,0 -54.586400,-15.323643,0 -54.586360,-15.323860,0 -54.586321,-15.324094,0 -54.586281,-15.324310,0 -54.586241,-15.324527,0 -54.586183,-15.324761,0 -54.586143,-15.324977,0 -54.586103,-15.325194,0 -54.586063,-15.325428,0 -54.586023,-15.325645,0 -54.585984,-15.325879,0 -54.585925,-15.326095,0 -54.585885,-15.326312,0 -54.585846,-15.326546,0 -54.585806,-15.326763,0 -54.585766,-15.326979,0 -54.585726,-15.327213,0 -54.585686,-15.327430,0 -54.585628,-15.327646,0 -54.585477,-15.327861,0 -54.585437,-15.328078,0 -54.585378,-15.328312,0 -54.585155,-15.328273,0 -54.584914,-15.328234,0 -54.584672,-15.328196,0 -54.584431,-15.328157,0 -54.584208,-15.328118,0 -54.583966,-15.328080,0 -54.583725,-15.328041,0 -54.583483,-15.328002,0 -54.583260,-15.327964,0 -54.583018,-15.327925,0 -54.582777,-15.327886,0 -54.582535,-15.327847,0 -54.582312,-15.327809,0 -54.582071,-15.327770,0 -54.581924,-15.327588,0 -54.581777,-15.327406,0 -54.581630,-15.327241,0 -54.581351,-15.327202,0 -54.580997,-15.327234,0 -54.580773,-15.327304,0 -54.580530,-15.327374,0 -54.580306,-15.327426,0 -54.580063,-15.327495,0 -54.579821,-15.327493,0</coordinates></LineString></Placemark>
<Placemark><name>G-06B - 2,36 km</name><description>Maxima 2358 m | Minima 1149 m | Reta 607 m | 53.79 ha</description><styleUrl>#rota</styleUrl><LineString><tessellate>1</tessellate><coordinates>-54.597239,-15.307065,0 -54.597016,-15.306990,0 -54.596794,-15.306916,0 -54.596571,-15.306841,0 -54.596349,-15.306748,0 -54.596126,-15.306674,0 -54.595904,-15.306599,0 -54.595681,-15.306524,0 -54.595459,-15.306450,0 -54.595236,-15.306357,0 -54.595014,-15.306282,0 -54.594791,-15.306208,0 -54.594569,-15.306133,0 -54.594346,-15.306058,0 -54.594124,-15.305966,0 -54.593883,-15.305891,0 -54.593660,-15.305816,0 -54.593438,-15.305741,0 -54.593215,-15.305667,0 -54.592993,-15.305574,0 -54.592770,-15.305499,0 -54.592548,-15.305425,0 -54.592325,-15.305350,0 -54.592103,-15.305275,0 -54.591880,-15.305201,0 -54.591658,-15.305108,0 -54.591435,-15.305033,0 -54.591213,-15.304959,0 -54.590990,-15.304884,0 -54.590768,-15.304809,0 -54.590545,-15.304716,0 -54.590304,-15.304642,0 -54.590081,-15.304567,0 -54.589859,-15.304492,0 -54.589636,-15.304418,0 -54.589414,-15.304325,0 -54.589192,-15.304250,0 -54.588969,-15.304175,0 -54.588747,-15.304101,0 -54.588805,-15.303867,0 -54.588882,-15.303632,0 -54.588941,-15.303398,0 -54.588999,-15.303146,0 -54.589077,-15.302912,0 -54.589135,-15.302678,0 -54.589194,-15.302443,0 -54.589271,-15.302209,0 -54.589329,-15.301975,0 -54.589388,-15.301741,0 -54.589465,-15.301507,0 -54.589653,-15.301382,0 -54.589840,-15.301240,0 -54.590047,-15.301116,0 -54.590234,-15.300991,0 -54.590422,-15.300849,0 -54.590609,-15.300724,0 -54.590816,-15.300600,0 -54.591003,-15.300457,0 -54.591191,-15.300333,0 -54.591379,-15.300208,0 -54.591567,-15.299976,0 -54.591700,-15.299778,0 -54.591833,-15.299581,0 -54.591965,-15.299402,0 -54.592116,-15.299205,0 -54.592267,-15.298989,0 -54.592419,-15.298792,0 -54.592570,-15.298595,0 -54.592758,-15.298398,0 -54.592946,-15.298220,0 -54.593153,-15.298023,0 -54.593342,-15.297845,0 -54.593585,-15.297721,0 -54.593828,-15.297597,0 -54.594072,-15.297473,0 -54.594278,-15.297367,0 -54.594484,-15.297279,0 -54.594708,-15.297173,0 -54.594914,-15.297085,0 -54.595120,-15.296978,0 -54.595399,-15.296981,0 -54.595679,-15.296966,0 -54.595958,-15.296969,0 -54.596237,-15.296954,0 -54.596516,-15.296957,0</coordinates></LineString></Placemark>
<Placemark><name>G-07 - 8,98 km</name><description>Maxima 8982 m | Minima 6541 m | Reta 814 m | 216.06 ha</description><styleUrl>#rota</styleUrl><LineString><tessellate>1</tessellate><coordinates>-54.597239,-15.307065,0 -54.597334,-15.306849,0 -54.597430,-15.306652,0 -54.597525,-15.306436,0 -54.597602,-15.306220,0 -54.597976,-15.306097,0 -54.598254,-15.306191,0 -54.598438,-15.306355,0 -54.598622,-15.306538,0 -54.598825,-15.306703,0 -54.598841,-15.306938,0 -54.598857,-15.307155,0 -54.598873,-15.307390,0 -54.599096,-15.307483,0 -54.599318,-15.307557,0 -54.599540,-15.307650,0 -54.599781,-15.307743,0 -54.599722,-15.308031,0 -54.599982,-15.308124,0 -54.600260,-15.308218,0 -54.600300,-15.307983,0 -54.600340,-15.307767,0 -54.600398,-15.307533,0 -54.600438,-15.307298,0 -54.600496,-15.307082,0 -54.600536,-15.306848,0 -54.600595,-15.306613,0 -54.600635,-15.306379,0 -54.600693,-15.306163,0 -54.600733,-15.305928,0 -54.600791,-15.305694,0 -54.600831,-15.305478,0 -54.600890,-15.305243,0 -54.600929,-15.305009,0 -54.600988,-15.304775,0 -54.601028,-15.304558,0 -54.601086,-15.304324,0 -54.601348,-15.304200,0 -54.601552,-15.304329,0 -54.601755,-15.304440,0 -54.601977,-15.304568,0 -54.602180,-15.304697,0 -54.602421,-15.304826,0 -54.602643,-15.304955,0 -54.602883,-15.305084,0 -54.603124,-15.305213,0 -54.603346,-15.305360,0 -54.603548,-15.305525,0 -54.603770,-15.305672,0 -54.603973,-15.305800,0 -54.604177,-15.305929,0 -54.604380,-15.306058,0 -54.604583,-15.306186,0 -54.604768,-15.306315,0 -54.604953,-15.306461,0 -54.605137,-15.306590,0 -54.605341,-15.306718,0 -54.605562,-15.306865,0 -54.605765,-15.307012,0 -54.605987,-15.307159,0 -54.606209,-15.307306,0 -54.606412,-15.307416,0 -54.606616,-15.307545,0 -54.606819,-15.307656,0 -54.607023,-15.307766,0 -54.607226,-15.307895,0 -54.607430,-15.308006,0 -54.607652,-15.308134,0 -54.607873,-15.308281,0 -54.608077,-15.308410,0 -54.608298,-15.308539,0 -54.608502,-15.308668,0 -54.608801,-15.308508,0 -54.609082,-15.308367,0 -54.609326,-15.308243,0 -54.609551,-15.308119,0 -54.609775,-15.307995,0 -54.610000,-15.307870,0 -54.610225,-15.307746,0 -54.610468,-15.307623,0 -54.610693,-15.307498,0 -54.610918,-15.307392,0 -54.611161,-15.307287,0 -54.611666,-15.308683,0 -54.611459,-15.308898,0 -54.611252,-15.309094,0 -54.611045,-15.309291,0 -54.610633,-15.309485,0 -54.610222,-15.309607,0 -54.609923,-15.309731,0 -54.609605,-15.309854,0 -54.609399,-15.309978,0 -54.609212,-15.310103,0 -54.609005,-15.310227,0 -54.608818,-15.310369,0 -54.608611,-15.310512,0 -54.608423,-15.310654,0 -54.608236,-15.310797,0 -54.608103,-15.311030,0 -54.607970,-15.311246,0 -54.607837,-15.311461,0 -54.607686,-15.311694,0 -54.607645,-15.311947,0 -54.607587,-15.312217,0 -54.607546,-15.312470,0 -54.607450,-15.312794,0 -54.607353,-15.313118,0 -54.607164,-15.313333,0 -54.606994,-15.313530,0 -54.606769,-15.313672,0 -54.606563,-15.313814,0 -54.606357,-15.313957,0 -54.606113,-15.314117,0 -54.605850,-15.314294,0 -54.605679,-15.314654,0 -54.605767,-15.315089,0 -54.605876,-15.315289,0 -54.605985,-15.315488,0 -54.606114,-15.315689,0 -54.606260,-15.315871,0 -54.606407,-15.316053,0 -54.606628,-15.316290,0 -54.606662,-15.316598,0 -54.606325,-15.316703,0 -54.606064,-15.316754,0 -54.605821,-15.316824,0 -54.605560,-15.316893,0 -54.605317,-15.316945,0 -54.605056,-15.317014,0 -54.604778,-15.316867,0 -54.604556,-15.316756,0 -54.604353,-15.316645,0 -54.604151,-15.316372,0 -54.603968,-15.316117,0 -54.603877,-15.315899,0 -54.603787,-15.315664,0 -54.603603,-15.315481,0 -54.603400,-15.315316,0 -54.603158,-15.315259,0 -54.602898,-15.315220,0 -54.602657,-15.315164,0 -54.602415,-15.315161,0 -54.602173,-15.315140,0 -54.601931,-15.315120,0 -54.601689,-15.315099,0 -54.601448,-15.315078,0 -54.601168,-15.315093,0 -54.600889,-15.315090,0 -54.600701,-15.315233,0 -54.600532,-15.315394,0 -54.600417,-15.315664,0 -54.600302,-15.315933,0 -54.600188,-15.316203,0 -54.600017,-15.316418,0 -54.599570,-15.316449,0 -54.599310,-15.316392,0 -54.599069,-15.316354,0 -54.598849,-15.316062,0 -54.598815,-15.315755,0 -54.598763,-15.315429,0 -54.598804,-15.315122,0 -54.598826,-15.314797,0 -54.598866,-15.314563,0 -54.598887,-15.314346,0 -54.598927,-15.314112,0 -54.598948,-15.313877,0 -54.598988,-15.313661,0 -54.598990,-15.313426,0 -54.599012,-15.313191,0 -54.599033,-15.312957,0 -54.599054,-15.312722,0 -54.599057,-15.312469,0 -54.599079,-15.312234,0 -54.599100,-15.312000,0 -54.599103,-15.311765,0 -54.599124,-15.311530,0 -54.599145,-15.311295,0 -54.599166,-15.311061,0 -54.599169,-15.310826,0 -54.599304,-15.310448,0 -54.599081,-15.310373,0 -54.598859,-15.310299,0 -54.598636,-15.310224,0 -54.598414,-15.310149,0 -54.598191,-15.310075,0 -54.597968,-15.310000,0 -54.597746,-15.309925,0 -54.597523,-15.309851,0 -54.597301,-15.309776,0 -54.597060,-15.309701,0 -54.596837,-15.309626,0 -54.596615,-15.309552,0 -54.596392,-15.309477,0 -54.596169,-15.309402,0 -54.595947,-15.309328,0 -54.595724,-15.309253,0 -54.595502,-15.309178,0 -54.595279,-15.309104,0 -54.595057,-15.309029,0 -54.594834,-15.308954,0 -54.594612,-15.308880,0 -54.594389,-15.308805,0 -54.594167,-15.308730,0 -54.593944,-15.308656,0 -54.593722,-15.308581,0 -54.593499,-15.308506,0 -54.593258,-15.308432,0 -54.593035,-15.308357,0 -54.592813,-15.308282,0 -54.592590,-15.308208,0 -54.592368,-15.308133,0 -54.592145,-15.308058,0 -54.591923,-15.307984,0 -54.591700,-15.307909,0 -54.591478,-15.307834,0 -54.591255,-15.307760,0 -54.591032,-15.307685,0 -54.590810,-15.307610,0 -54.590587,-15.307536,0 -54.590365,-15.307461,0 -54.590142,-15.307386,0 -54.589920,-15.307312,0 -54.589697,-15.307237,0 -54.589326,-15.307106,0 -54.589104,-15.307032,0 -54.588881,-15.306957,0 -54.588659,-15.306882,0 -54.588436,-15.306808,0 -54.588214,-15.306733,0 -54.587991,-15.306658,0 -54.587750,-15.306583,0 -54.587528,-15.306509,0 -54.587305,-15.306434,0 -54.587082,-15.306359,0 -54.586860,-15.306285,0 -54.586637,-15.306210,0 -54.586415,-15.306135,0 -54.586192,-15.306061,0 -54.585970,-15.305986,0 -54.585747,-15.305911,0 -54.585525,-15.305819,0 -54.585302,-15.305744,0 -54.585080,-15.305669,0 -54.584857,-15.305595,0 -54.584635,-15.305520,0 -54.584412,-15.305445,0 -54.584190,-15.305371,0 -54.583967,-15.305296,0 -54.583745,-15.305221,0 -54.583522,-15.305147,0 -54.583300,-15.305072,0 -54.583058,-15.304997,0 -54.582836,-15.304922,0 -54.582613,-15.304848,0 -54.582391,-15.304773,0 -54.582168,-15.304698,0 -54.581946,-15.304624,0 -54.581723,-15.304549,0 -54.581501,-15.304474,0 -54.581278,-15.304400,0 -54.581056,-15.304325,0 -54.580833,-15.304250,0 -54.580611,-15.304176,0 -54.580388,-15.304101,0 -54.580166,-15.304026,0 -54.579943,-15.303951,0 -54.579721,-15.303877,0 -54.579498,-15.303784,0 -54.579276,-15.303709,0 -54.579053,-15.303635,0 -54.578831,-15.303560,0 -54.578608,-15.303485,0 -54.578367,-15.303410,0 -54.578144,-15.303336,0 -54.577922,-15.303261,0 -54.577699,-15.303186,0 -54.577477,-15.303112,0 -54.577455,-15.303419,0 -54.577359,-15.303671,0 -54.577080,-15.303667,0 -54.576781,-15.303737,0 -54.576482,-15.303824,0 -54.576202,-15.303893,0 -54.576144,-15.304109,0 -54.576104,-15.304343,0 -54.576064,-15.304560,0 -54.576024,-15.304776,0 -54.575984,-15.305011,0 -54.575926,-15.305227,0 -54.575886,-15.305443,0 -54.575846,-15.305678,0 -54.575807,-15.305894,0 -54.575767,-15.306110,0 -54.575708,-15.306345,0 -54.575669,-15.306561,0 -54.575629,-15.306778,0 -54.575589,-15.307012,0 -54.575549,-15.307228,0 -54.575491,-15.307445,0 -54.575451,-15.307679,0 -54.575411,-15.307895,0 -54.575372,-15.308112,0 -54.575332,-15.308328,0 -54.575273,-15.308562,0 -54.575234,-15.308779,0 -54.575194,-15.308995,0 -54.575154,-15.309230,0 -54.575114,-15.309446,0 -54.575056,-15.309662,0 -54.575016,-15.309897,0 -54.574976,-15.310113,0 -54.574936,-15.310329,0 -54.574897,-15.310564,0 -54.574838,-15.310780,0 -54.574798,-15.310996,0 -54.574759,-15.311231,0 -54.574719,-15.311447,0 -54.574660,-15.311663,0</coordinates></LineString></Placemark>
<Placemark><name>G-08 - 2,62 km</name><description>Maxima 2620 m | Minima 1112 m | Reta 1009 m | 41.91 ha</description><styleUrl>#rota</styleUrl><LineString><tessellate>1</tessellate><coordinates>-54.597239,-15.307065,0 -54.597016,-15.306990,0 -54.596794,-15.306916,0 -54.596571,-15.306841,0 -54.596349,-15.306748,0 -54.596126,-15.306674,0 -54.595904,-15.306599,0 -54.595681,-15.306524,0 -54.595459,-15.306450,0 -54.595236,-15.306357,0 -54.595014,-15.306282,0 -54.594791,-15.306208,0 -54.594569,-15.306133,0 -54.594346,-15.306058,0 -54.594124,-15.305966,0 -54.593883,-15.305891,0 -54.593660,-15.305816,0 -54.593438,-15.305741,0 -54.593215,-15.305667,0 -54.592993,-15.305574,0 -54.592770,-15.305499,0 -54.592548,-15.305425,0 -54.592325,-15.305350,0 -54.592103,-15.305275,0 -54.591880,-15.305201,0 -54.591658,-15.305108,0 -54.591435,-15.305033,0 -54.591213,-15.304959,0 -54.590990,-15.304884,0 -54.590768,-15.304809,0 -54.590545,-15.304716,0 -54.590304,-15.304642,0 -54.590081,-15.304567,0 -54.589859,-15.304492,0 -54.589636,-15.304418,0 -54.589414,-15.304325,0 -54.589192,-15.304250,0 -54.588969,-15.304175,0 -54.588747,-15.304101,0 -54.588468,-15.304007,0 -54.588246,-15.303933,0 -54.588023,-15.303840,0 -54.587801,-15.303765,0 -54.587579,-15.303673,0 -54.587356,-15.303598,0 -54.587134,-15.303523,0 -54.586911,-15.303431,0 -54.586689,-15.303356,0 -54.586466,-15.303263,0 -54.586244,-15.303188,0 -54.586003,-15.303114,0 -54.585780,-15.303021,0 -54.585558,-15.302946,0 -54.585336,-15.302853,0 -54.585113,-15.302779,0 -54.584890,-15.302704,0 -54.584668,-15.302611,0 -54.584446,-15.302537,0 -54.584223,-15.302444,0 -54.584001,-15.302369,0 -54.583778,-15.302295,0 -54.583537,-15.302202,0 -54.583315,-15.302127,0 -54.583092,-15.302034,0 -54.582870,-15.301960,0 -54.582647,-15.301885,0 -54.582425,-15.301792,0 -54.582203,-15.301717,0 -54.581980,-15.301625,0 -54.581758,-15.301550,0 -54.581816,-15.301316,0 -54.581875,-15.301081,0 -54.581952,-15.300847,0 -54.582010,-15.300613,0 -54.582088,-15.300379,0 -54.582165,-15.300145,0 -54.582242,-15.299875,0 -54.582320,-15.299623,0 -54.582397,-15.299353,0 -54.582475,-15.299100,0 -54.582552,-15.298848,0 -54.582630,-15.298560,0 -54.582726,-15.298272,0 -54.582785,-15.297966,0 -54.582864,-15.297641,0 -54.582941,-15.297407,0 -54.583018,-15.297173,0 -54.583315,-15.297212,0 -54.583724,-15.297289,0 -54.584133,-15.297330,0 -54.584412,-15.297369,0 -54.584653,-15.297408,0 -54.584914,-15.297447,0</coordinates></LineString></Placemark>
<Placemark><name>G-08A - 3,68 km</name><description>Maxima 3680 m | Minima 2411 m | Reta 1951 m | 40.79 ha</description><styleUrl>#rota</styleUrl><LineString><tessellate>1</tessellate><coordinates>-54.597239,-15.307065,0 -54.597016,-15.306990,0 -54.596794,-15.306916,0 -54.596571,-15.306841,0 -54.596349,-15.306748,0 -54.596126,-15.306674,0 -54.595904,-15.306599,0 -54.595681,-15.306524,0 -54.595459,-15.306450,0 -54.595236,-15.306357,0 -54.595014,-15.306282,0 -54.594791,-15.306208,0 -54.594569,-15.306133,0 -54.594346,-15.306058,0 -54.594124,-15.305966,0 -54.593883,-15.305891,0 -54.593660,-15.305816,0 -54.593438,-15.305741,0 -54.593215,-15.305667,0 -54.592993,-15.305574,0 -54.592770,-15.305499,0 -54.592548,-15.305425,0 -54.592325,-15.305350,0 -54.592103,-15.305275,0 -54.591880,-15.305201,0 -54.591658,-15.305108,0 -54.591435,-15.305033,0 -54.591213,-15.304959,0 -54.590990,-15.304884,0 -54.590768,-15.304809,0 -54.590545,-15.304716,0 -54.590304,-15.304642,0 -54.590081,-15.304567,0 -54.589859,-15.304492,0 -54.589636,-15.304418,0 -54.589414,-15.304325,0 -54.589192,-15.304250,0 -54.588969,-15.304175,0 -54.588747,-15.304101,0 -54.588468,-15.304007,0 -54.588246,-15.303933,0 -54.588023,-15.303840,0 -54.587801,-15.303765,0 -54.587579,-15.303673,0 -54.587356,-15.303598,0 -54.587134,-15.303523,0 -54.586911,-15.303431,0 -54.586689,-15.303356,0 -54.586466,-15.303263,0 -54.586244,-15.303188,0 -54.586003,-15.303114,0 -54.585780,-15.303021,0 -54.585558,-15.302946,0 -54.585336,-15.302853,0 -54.585113,-15.302779,0 -54.584890,-15.302704,0 -54.584668,-15.302611,0 -54.584446,-15.302537,0 -54.584223,-15.302444,0 -54.584001,-15.302369,0 -54.583778,-15.302295,0 -54.583537,-15.302202,0 -54.583315,-15.302127,0 -54.583092,-15.302034,0 -54.582870,-15.301960,0 -54.582647,-15.301885,0 -54.582425,-15.301792,0 -54.582203,-15.301717,0 -54.581980,-15.301625,0 -54.581758,-15.301550,0 -54.581816,-15.301316,0 -54.581875,-15.301081,0 -54.581952,-15.300847,0 -54.582010,-15.300613,0 -54.582088,-15.300379,0 -54.582165,-15.300145,0 -54.582242,-15.299875,0 -54.582320,-15.299623,0 -54.582397,-15.299353,0 -54.582475,-15.299100,0 -54.582552,-15.298848,0 -54.582630,-15.298560,0 -54.582726,-15.298272,0 -54.582785,-15.297966,0 -54.582864,-15.297641,0 -54.582941,-15.297407,0 -54.582981,-15.297118,0 -54.583058,-15.296902,0 -54.583135,-15.296687,0 -54.583212,-15.296452,0 -54.583289,-15.296236,0 -54.583366,-15.296020,0 -54.583462,-15.295787,0 -54.583539,-15.295571,0 -54.583616,-15.295319,0 -54.583694,-15.295066,0 -54.583771,-15.294796,0 -54.583868,-15.294490,0 -54.583945,-15.294256,0 -54.584022,-15.294022,0 -54.584061,-15.293914,0 -54.584045,-15.293679,0 -54.584010,-15.293444,0 -54.583994,-15.293227,0 -54.583959,-15.292991,0 -54.583943,-15.292756,0 -54.583890,-15.292539,0 -54.583818,-15.292303,0 -54.583765,-15.292086,0 -54.583712,-15.291869,0 -54.583658,-15.291651,0 -54.583605,-15.291416,0 -54.583477,-15.291216,0 -54.583368,-15.291016,0 -54.583240,-15.290816,0 -54.583112,-15.290615,0 -54.583002,-15.290415,0 -54.582818,-15.290233,0 -54.582634,-15.290050,0 -54.582450,-15.289867,0 -54.582248,-15.289667,0 -54.582064,-15.289484,0 -54.581880,-15.289301,0 -54.581658,-15.289172,0 -54.581436,-15.289043,0 -54.581195,-15.288914,0 -54.580974,-15.288785,0 -54.580752,-15.288657,0 -54.580510,-15.288582,0 -54.580269,-15.288525,0 -54.580009,-15.288450,0 -54.579768,-15.288375,0 -54.579527,-15.288300,0 -54.579286,-15.288225,0</coordinates></LineString></Placemark>
<Placemark><name>G-08B - 3,35 km</name><description>Maxima 3354 m | Minima 2012 m | Reta 1296 m | 47.16 ha</description><styleUrl>#rota</styleUrl><LineString><tessellate>1</tessellate><coordinates>-54.597239,-15.307065,0 -54.597016,-15.306990,0 -54.596794,-15.306916,0 -54.596571,-15.306841,0 -54.596349,-15.306748,0 -54.596126,-15.306674,0 -54.595904,-15.306599,0 -54.595681,-15.306524,0 -54.595459,-15.306450,0 -54.595236,-15.306357,0 -54.595014,-15.306282,0 -54.594791,-15.306208,0 -54.594569,-15.306133,0 -54.594346,-15.306058,0 -54.594124,-15.305966,0 -54.593883,-15.305891,0 -54.593660,-15.305816,0 -54.593438,-15.305741,0 -54.593215,-15.305667,0 -54.592993,-15.305574,0 -54.592770,-15.305499,0 -54.592548,-15.305425,0 -54.592325,-15.305350,0 -54.592103,-15.305275,0 -54.591880,-15.305201,0 -54.591658,-15.305108,0 -54.591435,-15.305033,0 -54.591213,-15.304959,0 -54.590990,-15.304884,0 -54.590768,-15.304809,0 -54.590545,-15.304716,0 -54.590304,-15.304642,0 -54.590081,-15.304567,0 -54.589859,-15.304492,0 -54.589636,-15.304418,0 -54.589414,-15.304325,0 -54.589192,-15.304250,0 -54.588969,-15.304175,0 -54.588747,-15.304101,0 -54.588468,-15.304007,0 -54.588246,-15.303933,0 -54.588023,-15.303840,0 -54.587801,-15.303765,0 -54.587579,-15.303673,0 -54.587356,-15.303598,0 -54.587134,-15.303523,0 -54.586911,-15.303431,0 -54.586689,-15.303356,0 -54.586466,-15.303263,0 -54.586244,-15.303188,0 -54.586003,-15.303114,0 -54.585780,-15.303021,0 -54.585558,-15.302946,0 -54.585336,-15.302853,0 -54.585113,-15.302779,0 -54.584890,-15.302704,0 -54.584668,-15.302611,0 -54.584446,-15.302537,0 -54.584223,-15.302444,0 -54.584001,-15.302369,0 -54.583778,-15.302295,0 -54.583537,-15.302202,0 -54.583315,-15.302127,0 -54.583092,-15.302034,0 -54.582870,-15.301960,0 -54.582647,-15.301885,0 -54.582425,-15.301792,0 -54.582203,-15.301717,0 -54.581980,-15.301625,0 -54.581758,-15.301550,0 -54.581816,-15.301316,0 -54.581875,-15.301081,0 -54.581952,-15.300847,0 -54.582010,-15.300613,0 -54.582088,-15.300379,0 -54.582165,-15.300145,0 -54.582242,-15.299875,0 -54.582320,-15.299623,0 -54.582397,-15.299353,0 -54.582475,-15.299100,0 -54.582552,-15.298848,0 -54.582630,-15.298560,0 -54.582726,-15.298272,0 -54.582785,-15.297966,0 -54.582864,-15.297641,0 -54.582941,-15.297407,0 -54.582981,-15.297118,0 -54.583058,-15.296902,0 -54.583135,-15.296687,0 -54.583212,-15.296452,0 -54.583289,-15.296236,0 -54.583366,-15.296020,0 -54.583462,-15.295787,0 -54.583539,-15.295571,0 -54.583616,-15.295319,0 -54.583694,-15.295066,0 -54.583771,-15.294796,0 -54.583868,-15.294490,0 -54.583945,-15.294256,0 -54.584022,-15.294022,0 -54.584075,-15.294312,0 -54.584127,-15.294601,0 -54.584198,-15.294909,0 -54.584288,-15.295163,0 -54.584378,-15.295417,0 -54.584619,-15.295492,0 -54.584879,-15.295549,0 -54.585121,-15.295606,0 -54.585327,-15.295445,0 -54.585516,-15.295267,0 -54.585722,-15.295106,0 -54.585910,-15.294928,0 -54.585950,-15.294675,0 -54.585972,-15.294423,0 -54.585994,-15.294170,0 -54.586034,-15.293917,0 -54.586055,-15.293665,0 -54.586095,-15.293412,0 -54.586264,-15.293269,0 -54.586434,-15.293109,0</coordinates></LineString></Placemark>
<Placemark><name>G-0910 - 11,60 km</name><description>Maxima 11599 m | Minima 9260 m | Reta 4316 m | 89.46 ha</description><styleUrl>#rota</styleUrl><LineString><tessellate>1</tessellate><coordinates>-54.597239,-15.307065,0 -54.597334,-15.306849,0 -54.597430,-15.306652,0 -54.597525,-15.306436,0 -54.597602,-15.306220,0 -54.597976,-15.306097,0 -54.598254,-15.306191,0 -54.598438,-15.306355,0 -54.598622,-15.306538,0 -54.598825,-15.306703,0 -54.598841,-15.306938,0 -54.598857,-15.307155,0 -54.598873,-15.307390,0 -54.599096,-15.307483,0 -54.599318,-15.307557,0 -54.599540,-15.307650,0 -54.599781,-15.307743,0 -54.599722,-15.308031,0 -54.599982,-15.308124,0 -54.600260,-15.308218,0 -54.600300,-15.307983,0 -54.600340,-15.307767,0 -54.600398,-15.307533,0 -54.600438,-15.307298,0 -54.600496,-15.307082,0 -54.600536,-15.306848,0 -54.600595,-15.306613,0 -54.600635,-15.306379,0 -54.600693,-15.306163,0 -54.600733,-15.305928,0 -54.600791,-15.305694,0 -54.600831,-15.305478,0 -54.600890,-15.305243,0 -54.600929,-15.305009,0 -54.600988,-15.304775,0 -54.601028,-15.304558,0 -54.601086,-15.304324,0 -54.601348,-15.304200,0 -54.601552,-15.304329,0 -54.601755,-15.304440,0 -54.601977,-15.304568,0 -54.602180,-15.304697,0 -54.602421,-15.304826,0 -54.602643,-15.304955,0 -54.602883,-15.305084,0 -54.603124,-15.305213,0 -54.603346,-15.305360,0 -54.603548,-15.305525,0 -54.603770,-15.305672,0 -54.603973,-15.305800,0 -54.604177,-15.305929,0 -54.604380,-15.306058,0 -54.604583,-15.306186,0 -54.604768,-15.306315,0 -54.604953,-15.306461,0 -54.605137,-15.306590,0 -54.605341,-15.306718,0 -54.605562,-15.306865,0 -54.605765,-15.307012,0 -54.605987,-15.307159,0 -54.606209,-15.307306,0 -54.606412,-15.307416,0 -54.606616,-15.307545,0 -54.606819,-15.307656,0 -54.607023,-15.307766,0 -54.607226,-15.307895,0 -54.607430,-15.308006,0 -54.607652,-15.308134,0 -54.607873,-15.308281,0 -54.608077,-15.308410,0 -54.608298,-15.308539,0 -54.608502,-15.308668,0 -54.608801,-15.308508,0 -54.609082,-15.308367,0 -54.609326,-15.308243,0 -54.609551,-15.308119,0 -54.609775,-15.307995,0 -54.610000,-15.307870,0 -54.610225,-15.307746,0 -54.610468,-15.307623,0 -54.610693,-15.307498,0 -54.610918,-15.307392,0 -54.611161,-15.307287,0 -54.611666,-15.308683,0 -54.611459,-15.308898,0 -54.611252,-15.309094,0 -54.611045,-15.309291,0 -54.610633,-15.309485,0 -54.610222,-15.309607,0 -54.609923,-15.309731,0 -54.609605,-15.309854,0 -54.609399,-15.309978,0 -54.609212,-15.310103,0 -54.609005,-15.310227,0 -54.608818,-15.310369,0 -54.608611,-15.310512,0 -54.608423,-15.310654,0 -54.608236,-15.310797,0 -54.608103,-15.311030,0 -54.607970,-15.311246,0 -54.607837,-15.311461,0 -54.607686,-15.311694,0 -54.607645,-15.311947,0 -54.607587,-15.312217,0 -54.607546,-15.312470,0 -54.607450,-15.312794,0 -54.607353,-15.313118,0 -54.607164,-15.313333,0 -54.606994,-15.313530,0 -54.606769,-15.313672,0 -54.606563,-15.313814,0 -54.606357,-15.313957,0 -54.606113,-15.314117,0 -54.605850,-15.314294,0 -54.605679,-15.314654,0 -54.605767,-15.315089,0 -54.605876,-15.315289,0 -54.605985,-15.315488,0 -54.606114,-15.315689,0 -54.606260,-15.315871,0 -54.606407,-15.316053,0 -54.606628,-15.316290,0 -54.606662,-15.316598,0 -54.606325,-15.316703,0 -54.606064,-15.316754,0 -54.605821,-15.316824,0 -54.605560,-15.316893,0 -54.605317,-15.316945,0 -54.605056,-15.317014,0 -54.604778,-15.316867,0 -54.604556,-15.316756,0 -54.604353,-15.316645,0 -54.604151,-15.316372,0 -54.603968,-15.316117,0 -54.603877,-15.315899,0 -54.603787,-15.315664,0 -54.603603,-15.315481,0 -54.603400,-15.315316,0 -54.603158,-15.315259,0 -54.602898,-15.315220,0 -54.602657,-15.315164,0 -54.602415,-15.315161,0 -54.602173,-15.315140,0 -54.601931,-15.315120,0 -54.601689,-15.315099,0 -54.601448,-15.315078,0 -54.601168,-15.315093,0 -54.600889,-15.315090,0 -54.600701,-15.315233,0 -54.600532,-15.315394,0 -54.600417,-15.315664,0 -54.600302,-15.315933,0 -54.600188,-15.316203,0 -54.600485,-15.316261,0 -54.600932,-15.316229,0 -54.601323,-15.316215,0 -54.601732,-15.316292,0 -54.601972,-15.316475,0 -54.601913,-15.316691,0 -54.601873,-15.316926,0 -54.601834,-15.317142,0 -54.601775,-15.317359,0 -54.601735,-15.317593,0 -54.601696,-15.317809,0 -54.601637,-15.318044,0 -54.601598,-15.318260,0 -54.601558,-15.318476,0 -54.601518,-15.318711,0 -54.601460,-15.318927,0 -54.601420,-15.319162,0 -54.601380,-15.319378,0 -54.601322,-15.319594,0 -54.601282,-15.319829,0 -54.601242,-15.320045,0 -54.601184,-15.320261,0 -54.601144,-15.320496,0 -54.601104,-15.320712,0 -54.601046,-15.320946,0 -54.601006,-15.321163,0 -54.600966,-15.321379,0 -54.600908,-15.321613,0 -54.600904,-15.321920,0 -54.600865,-15.322137,0 -54.600825,-15.322353,0 -54.600785,-15.322588,0 -54.600745,-15.322804,0 -54.600705,-15.323020,0 -54.600647,-15.323255,0 -54.600607,-15.323471,0 -54.600568,-15.323687,0 -54.600528,-15.323922,0 -54.600488,-15.324138,0 -54.600430,-15.324355,0 -54.600390,-15.324589,0 -54.600350,-15.324805,0 -54.600310,-15.325022,0 -54.600271,-15.325238,0 -54.600212,-15.325472,0 -54.600172,-15.325689,0 -54.600133,-15.325905,0 -54.600093,-15.326140,0 -54.600053,-15.326356,0 -54.599995,-15.326572,0 -54.599955,-15.326807,0 -54.599915,-15.327023,0 -54.599875,-15.327239,0 -54.599835,-15.327474,0 -54.599777,-15.327690,0 -54.599737,-15.327907,0 -54.599698,-15.328141,0 -54.599658,-15.328357,0 -54.599618,-15.328574,0 -54.599560,-15.328808,0 -54.599520,-15.329024,0 -54.599480,-15.329241,0 -54.599440,-15.329475,0 -54.599401,-15.329692,0 -54.599342,-15.329908,0 -54.599303,-15.330124,0 -54.599263,-15.330359,0 -54.599223,-15.330575,0 -54.599183,-15.330791,0 -54.599124,-15.331080,0 -54.599084,-15.331296,0 -54.599026,-15.331513,0 -54.598986,-15.331747,0 -54.598946,-15.331963,0 -54.598888,-15.332198,0 -54.598848,-15.332414,0 -54.598808,-15.332630,0 -54.598769,-15.332865,0 -54.598710,-15.333081,0 -54.598670,-15.333315,0 -54.598631,-15.333532,0 -54.598572,-15.333748,0 -54.598532,-15.333983,0 -54.598493,-15.334199,0 -54.598453,-15.334433,0 -54.598394,-15.334650,0 -54.598355,-15.334866,0 -54.598315,-15.335100,0 -54.598256,-15.335317,0 -54.598217,-15.335551,0 -54.598158,-15.335821,0 -54.598099,-15.336056,0 -54.598040,-15.336308,0 -54.597982,-15.336542,0 -54.597923,-15.336777,0 -54.597883,-15.337029,0 -54.597843,-15.337264,0 -54.597785,-15.337498,0 -54.597745,-15.337750,0 -54.597705,-15.337985,0 -54.597646,-15.338219,0 -54.597606,-15.338472,0 -54.597547,-15.338706,0 -54.597507,-15.338958,0 -54.597467,-15.339193,0 -54.597409,-15.339427,0 -54.597350,-15.339715,0 -54.597310,-15.339950,0 -54.597251,-15.340166,0 -54.597211,-15.340401,0 -54.597172,-15.340635,0 -54.597113,-15.340851,0 -54.597073,-15.341086,0 -54.597015,-15.341320,0 -54.596975,-15.341536,0 -54.596935,-15.341771,0 -54.596877,-15.342005,0 -54.596837,-15.342221,0 -54.596797,-15.342456,0 -54.596738,-15.342690,0 -54.596699,-15.342907,0 -54.596659,-15.343141,0 -54.596600,-15.343375,0 -54.596560,-15.343610,0 -54.596521,-15.343826,0 -54.596056,-15.343731,0 -54.595759,-15.343709,0 -54.595608,-15.343834,0 -54.595289,-15.344084,0 -54.595138,-15.344281,0 -54.594986,-15.344478,0 -54.594817,-15.344675,0 -54.594665,-15.344890,0 -54.594439,-15.345159,0 -54.594288,-15.345338,0 -54.594136,-15.345535,0 -54.593985,-15.345732,0 -54.593797,-15.345893,0 -54.593572,-15.346017,0 -54.593347,-15.346177,0 -54.592936,-15.346335,0 -54.592656,-15.346386,0 -54.592376,-15.346437,0 -54.592133,-15.346489,0 -54.591872,-15.346540,0 -54.591629,-15.346592,0 -54.591313,-15.346570,0 -54.591034,-15.346531,0 -54.590755,-15.346510,0 -54.590476,-15.346471,0 -54.590179,-15.346432,0 -54.589881,-15.346392,0 -54.589584,-15.346353,0 -54.589287,-15.346296,0 -54.588990,-15.346220,0 -54.588692,-15.346163,0 -54.588395,-15.346087,0 -54.588098,-15.346012,0 -54.587783,-15.345918,0 -54.587467,-15.345878,0 -54.587132,-15.345839,0 -54.586872,-15.345800,0 -54.586593,-15.345742,0 -54.586333,-15.345704,0 -54.586073,-15.345647,0 -54.585757,-15.345607,0 -54.585403,-15.345585,0 -54.585031,-15.345563,0 -54.584752,-15.345542,0 -54.584473,-15.345539,0 -54.584193,-15.345554,0 -54.583933,-15.345551,0 -54.583672,-15.345566,0 -54.583411,-15.345582,0 -54.583150,-15.345597,0 -54.582889,-15.345648,0 -54.582628,-15.345700,0 -54.582329,-15.345750,0 -54.582031,-15.345801,0 -54.581972,-15.346018,0 -54.581933,-15.346234,0 -54.581874,-15.346450,0 -54.581834,-15.346685,0 -54.581776,-15.346901,0 -54.581718,-15.347117,0 -54.581678,-15.347333,0 -54.581619,-15.347568,0 -54.581580,-15.347784,0 -54.581521,-15.348000,0 -54.581463,-15.348216,0 -54.581423,-15.348433,0 -54.581365,-15.348667,0 -54.581325,-15.348883,0 -54.581267,-15.349100,0 -54.581208,-15.349316,0 -54.581168,-15.349550,0 -54.581110,-15.349766,0 -54.581070,-15.349983,0 -54.581012,-15.350199,0 -54.580953,-15.350433,0 -54.580914,-15.350650,0 -54.580855,-15.350866,0 -54.580816,-15.351082,0 -54.580757,-15.351298,0 -54.580699,-15.351533,0 -54.580659,-15.351749,0 -54.580601,-15.351965,0 -54.580561,-15.352182,0 -54.580502,-15.352416,0 -54.580444,-15.352632,0 -54.580404,-15.352848,0 -54.580346,-15.353065,0 -54.580306,-15.353281,0 -54.580248,-15.353515,0 -54.580189,-15.353731,0 -54.580149,-15.353948,0 -54.580091,-15.354164,0 -54.580051,-15.354398,0 -54.579993,-15.354615,0 -54.579953,-15.354831,0 -54.579895,-15.355047,0 -54.579836,-15.355281,0 -54.579778,-15.355498,0 -54.579701,-15.355714,0 -54.579642,-15.355930,0 -54.579565,-15.356146,0 -54.579507,-15.356380,0 -54.579430,-15.356596,0 -54.579353,-15.356812,0 -54.579295,-15.357028,0 -54.579218,-15.357244,0 -54.579159,-15.357478,0 -54.579082,-15.357694,0 -54.579024,-15.357910,0 -54.578947,-15.358126,0 -54.578870,-15.358342,0 -54.578811,-15.358577,0 -54.578734,-15.358793,0 -54.578676,-15.359009,0 -54.578599,-15.359225,0 -54.578541,-15.359441,0 -54.578463,-15.359675,0 -54.578405,-15.359891,0 -54.578328,-15.360107,0 -54.578251,-15.360323,0 -54.578193,-15.360539,0 -54.578116,-15.360773,0 -54.578057,-15.360990,0 -54.577980,-15.361206,0 -54.577922,-15.361422,0 -54.577845,-15.361638,0 -54.578086,-15.361749,0 -54.578326,-15.361860,0 -54.578549,-15.361971,0 -54.578790,-15.362064,0 -54.579030,-15.362175,0 -54.579271,-15.362286,0</coordinates></LineString></Placemark>
<Placemark><name>G-11 - 10,75 km</name><description>Maxima 10747 m | Minima 8023 m | Reta 3937 m | 132.13 ha</description><styleUrl>#rota</styleUrl><LineString><tessellate>1</tessellate><coordinates>-54.597239,-15.307065,0 -54.597334,-15.306849,0 -54.597430,-15.306652,0 -54.597525,-15.306436,0 -54.597602,-15.306220,0 -54.597976,-15.306097,0 -54.598254,-15.306191,0 -54.598438,-15.306355,0 -54.598622,-15.306538,0 -54.598825,-15.306703,0 -54.598841,-15.306938,0 -54.598857,-15.307155,0 -54.598873,-15.307390,0 -54.599096,-15.307483,0 -54.599318,-15.307557,0 -54.599540,-15.307650,0 -54.599781,-15.307743,0 -54.599722,-15.308031,0 -54.599982,-15.308124,0 -54.600260,-15.308218,0 -54.600300,-15.307983,0 -54.600340,-15.307767,0 -54.600398,-15.307533,0 -54.600438,-15.307298,0 -54.600496,-15.307082,0 -54.600536,-15.306848,0 -54.600595,-15.306613,0 -54.600635,-15.306379,0 -54.600693,-15.306163,0 -54.600733,-15.305928,0 -54.600791,-15.305694,0 -54.600831,-15.305478,0 -54.600890,-15.305243,0 -54.600929,-15.305009,0 -54.600988,-15.304775,0 -54.601028,-15.304558,0 -54.601086,-15.304324,0 -54.601348,-15.304200,0 -54.601552,-15.304329,0 -54.601755,-15.304440,0 -54.601977,-15.304568,0 -54.602180,-15.304697,0 -54.602421,-15.304826,0 -54.602643,-15.304955,0 -54.602883,-15.305084,0 -54.603124,-15.305213,0 -54.603346,-15.305360,0 -54.603548,-15.305525,0 -54.603770,-15.305672,0 -54.603973,-15.305800,0 -54.604177,-15.305929,0 -54.604380,-15.306058,0 -54.604583,-15.306186,0 -54.604768,-15.306315,0 -54.604953,-15.306461,0 -54.605137,-15.306590,0 -54.605341,-15.306718,0 -54.605562,-15.306865,0 -54.605765,-15.307012,0 -54.605987,-15.307159,0 -54.606209,-15.307306,0 -54.606412,-15.307416,0 -54.606616,-15.307545,0 -54.606819,-15.307656,0 -54.607023,-15.307766,0 -54.607226,-15.307895,0 -54.607430,-15.308006,0 -54.607652,-15.308134,0 -54.607873,-15.308281,0 -54.608077,-15.308410,0 -54.608298,-15.308539,0 -54.608502,-15.308668,0 -54.608801,-15.308508,0 -54.609082,-15.308367,0 -54.609326,-15.308243,0 -54.609551,-15.308119,0 -54.609775,-15.307995,0 -54.610000,-15.307870,0 -54.610225,-15.307746,0 -54.610468,-15.307623,0 -54.610693,-15.307498,0 -54.610918,-15.307392,0 -54.611161,-15.307287,0 -54.611666,-15.308683,0 -54.611459,-15.308898,0 -54.611252,-15.309094,0 -54.611045,-15.309291,0 -54.610633,-15.309485,0 -54.610222,-15.309607,0 -54.609923,-15.309731,0 -54.609605,-15.309854,0 -54.609399,-15.309978,0 -54.609212,-15.310103,0 -54.609005,-15.310227,0 -54.608818,-15.310369,0 -54.608611,-15.310512,0 -54.608423,-15.310654,0 -54.608236,-15.310797,0 -54.608103,-15.311030,0 -54.607970,-15.311246,0 -54.607837,-15.311461,0 -54.607686,-15.311694,0 -54.607645,-15.311947,0 -54.607587,-15.312217,0 -54.607546,-15.312470,0 -54.607450,-15.312794,0 -54.607353,-15.313118,0 -54.607164,-15.313333,0 -54.606994,-15.313530,0 -54.606769,-15.313672,0 -54.606563,-15.313814,0 -54.606357,-15.313957,0 -54.606113,-15.314117,0 -54.605850,-15.314294,0 -54.605679,-15.314654,0 -54.605767,-15.315089,0 -54.605876,-15.315289,0 -54.605985,-15.315488,0 -54.606114,-15.315689,0 -54.606260,-15.315871,0 -54.606407,-15.316053,0 -54.606628,-15.316290,0 -54.606662,-15.316598,0 -54.606325,-15.316703,0 -54.606064,-15.316754,0 -54.605821,-15.316824,0 -54.605560,-15.316893,0 -54.605317,-15.316945,0 -54.605056,-15.317014,0 -54.604778,-15.316867,0 -54.604556,-15.316756,0 -54.604353,-15.316645,0 -54.604151,-15.316372,0 -54.603968,-15.316117,0 -54.603877,-15.315899,0 -54.603787,-15.315664,0 -54.603603,-15.315481,0 -54.603400,-15.315316,0 -54.603158,-15.315259,0 -54.602898,-15.315220,0 -54.602657,-15.315164,0 -54.602415,-15.315161,0 -54.602173,-15.315140,0 -54.601931,-15.315120,0 -54.601689,-15.315099,0 -54.601448,-15.315078,0 -54.601168,-15.315093,0 -54.600889,-15.315090,0 -54.600701,-15.315233,0 -54.600532,-15.315394,0 -54.600417,-15.315664,0 -54.600302,-15.315933,0 -54.600188,-15.316203,0 -54.600485,-15.316261,0 -54.600932,-15.316229,0 -54.601323,-15.316215,0 -54.601732,-15.316292,0 -54.601972,-15.316475,0 -54.601913,-15.316691,0 -54.601873,-15.316926,0 -54.601834,-15.317142,0 -54.601775,-15.317359,0 -54.601735,-15.317593,0 -54.601696,-15.317809,0 -54.601637,-15.318044,0 -54.601598,-15.318260,0 -54.601558,-15.318476,0 -54.601518,-15.318711,0 -54.601460,-15.318927,0 -54.601420,-15.319162,0 -54.601380,-15.319378,0 -54.601322,-15.319594,0 -54.601282,-15.319829,0 -54.601242,-15.320045,0 -54.601184,-15.320261,0 -54.601144,-15.320496,0 -54.601104,-15.320712,0 -54.601046,-15.320946,0 -54.601006,-15.321163,0 -54.600966,-15.321379,0 -54.600908,-15.321613,0 -54.600904,-15.321920,0 -54.600865,-15.322137,0 -54.600825,-15.322353,0 -54.600785,-15.322588,0 -54.600745,-15.322804,0 -54.600705,-15.323020,0 -54.600647,-15.323255,0 -54.600607,-15.323471,0 -54.600568,-15.323687,0 -54.600528,-15.323922,0 -54.600488,-15.324138,0 -54.600430,-15.324355,0 -54.600390,-15.324589,0 -54.600350,-15.324805,0 -54.600310,-15.325022,0 -54.600271,-15.325238,0 -54.600212,-15.325472,0 -54.600172,-15.325689,0 -54.600133,-15.325905,0 -54.600093,-15.326140,0 -54.600053,-15.326356,0 -54.599995,-15.326572,0 -54.599955,-15.326807,0 -54.599915,-15.327023,0 -54.599875,-15.327239,0 -54.599835,-15.327474,0 -54.599777,-15.327690,0 -54.599737,-15.327907,0 -54.599698,-15.328141,0 -54.599658,-15.328357,0 -54.599618,-15.328574,0 -54.599560,-15.328808,0 -54.599520,-15.329024,0 -54.599480,-15.329241,0 -54.599440,-15.329475,0 -54.599401,-15.329692,0 -54.599342,-15.329908,0 -54.599303,-15.330124,0 -54.599263,-15.330359,0 -54.599223,-15.330575,0 -54.599183,-15.330791,0 -54.599124,-15.331080,0 -54.599084,-15.331296,0 -54.599026,-15.331513,0 -54.598986,-15.331747,0 -54.598946,-15.331963,0 -54.598888,-15.332198,0 -54.598848,-15.332414,0 -54.598808,-15.332630,0 -54.598769,-15.332865,0 -54.598710,-15.333081,0 -54.598670,-15.333315,0 -54.598631,-15.333532,0 -54.598572,-15.333748,0 -54.598532,-15.333983,0 -54.598493,-15.334199,0 -54.598453,-15.334433,0 -54.598394,-15.334650,0 -54.598355,-15.334866,0 -54.598315,-15.335100,0 -54.598256,-15.335317,0 -54.598217,-15.335551,0 -54.598158,-15.335821,0 -54.598099,-15.336056,0 -54.598040,-15.336308,0 -54.597982,-15.336542,0 -54.597923,-15.336777,0 -54.597883,-15.337029,0 -54.597843,-15.337264,0 -54.597785,-15.337498,0 -54.597745,-15.337750,0 -54.597705,-15.337985,0 -54.597646,-15.338219,0 -54.597606,-15.338472,0 -54.597547,-15.338706,0 -54.597507,-15.338958,0 -54.597467,-15.339193,0 -54.597409,-15.339427,0 -54.597350,-15.339715,0 -54.597310,-15.339950,0 -54.597251,-15.340166,0 -54.597211,-15.340401,0 -54.597172,-15.340635,0 -54.597113,-15.340851,0 -54.597073,-15.341086,0 -54.597015,-15.341320,0 -54.596975,-15.341536,0 -54.596935,-15.341771,0 -54.596877,-15.342005,0 -54.596837,-15.342221,0 -54.596797,-15.342456,0 -54.596738,-15.342690,0 -54.596699,-15.342907,0 -54.596659,-15.343141,0 -54.596600,-15.343375,0 -54.596560,-15.343610,0 -54.596521,-15.343826,0 -54.596056,-15.343731,0 -54.595759,-15.343709,0 -54.595608,-15.343834,0 -54.595289,-15.344084,0 -54.595138,-15.344281,0 -54.594986,-15.344478,0 -54.594817,-15.344675,0 -54.594665,-15.344890,0 -54.594439,-15.345159,0 -54.594288,-15.345338,0 -54.594136,-15.345535,0 -54.593985,-15.345732,0 -54.593797,-15.345893,0 -54.593572,-15.346017,0 -54.593347,-15.346177,0 -54.592936,-15.346335,0 -54.592656,-15.346386,0 -54.592376,-15.346437,0 -54.592133,-15.346489,0 -54.591872,-15.346540,0 -54.591629,-15.346592,0 -54.591313,-15.346570,0 -54.591034,-15.346531,0 -54.590755,-15.346510,0 -54.590476,-15.346471,0 -54.590179,-15.346432,0 -54.589881,-15.346392,0 -54.589584,-15.346353,0 -54.589287,-15.346296,0 -54.588990,-15.346220,0 -54.588692,-15.346163,0 -54.588395,-15.346087,0 -54.588098,-15.346012,0 -54.587783,-15.345918,0 -54.587467,-15.345878,0 -54.587132,-15.345839,0 -54.586872,-15.345800,0 -54.586593,-15.345742,0 -54.586333,-15.345704,0 -54.586073,-15.345647,0 -54.585757,-15.345607,0 -54.585403,-15.345585,0 -54.585382,-15.345820,0 -54.585361,-15.346036,0 -54.585340,-15.346271,0 -54.585318,-15.346506,0 -54.585316,-15.346722,0 -54.585294,-15.346957,0 -54.585273,-15.347174,0 -54.585477,-15.347284,0 -54.585699,-15.347395,0 -54.585921,-15.347506,0 -54.586067,-15.347778,0 -54.586232,-15.348033,0 -54.586285,-15.348269,0 -54.586338,-15.348504,0 -54.586373,-15.348721,0 -54.586426,-15.348957,0 -54.586423,-15.349192,0 -54.586421,-15.349408,0 -54.586399,-15.349643,0 -54.586397,-15.349878,0 -54.586394,-15.350095,0 -54.586354,-15.350347,0 -54.586333,-15.350600,0 -54.586311,-15.350853,0 -54.586271,-15.351087,0 -54.586287,-15.351340,0 -54.586284,-15.351593,0 -54.586300,-15.351846,0 -54.586297,-15.352099,0 -54.586294,-15.352352,0 -54.586310,-15.352587,0 -54.586307,-15.352804,0 -54.586304,-15.353039,0 -54.586320,-15.353274,0 -54.586318,-15.353491,0 -54.586277,-15.353779,0 -54.586255,-15.354068,0 -54.586215,-15.354339,0 -54.586174,-15.354627,0 -54.586134,-15.354916,0 -54.586093,-15.355205,0 -54.586202,-15.355441,0 -54.586330,-15.355695,0 -54.586514,-15.355896,0 -54.586679,-15.356096,0 -54.586825,-15.356351,0 -54.586971,-15.356624,0 -54.587062,-15.356823,0 -54.587171,-15.357041,0 -54.587261,-15.357259,0 -54.587314,-15.357513,0 -54.587368,-15.357748,0 -54.587420,-15.358002,0 -54.587418,-15.358254,0</coordinates></LineString></Placemark>
<Placemark><name>G-12 - 9,73 km</name><description>Maxima 9732 m | Minima 7429 m | Reta 3449 m | 113.56 ha</description><styleUrl>#rota</styleUrl><LineString><tessellate>1</tessellate><coordinates>-54.597239,-15.307065,0 -54.597334,-15.306849,0 -54.597430,-15.306652,0 -54.597525,-15.306436,0 -54.597602,-15.306220,0 -54.597976,-15.306097,0 -54.598254,-15.306191,0 -54.598438,-15.306355,0 -54.598622,-15.306538,0 -54.598825,-15.306703,0 -54.598841,-15.306938,0 -54.598857,-15.307155,0 -54.598873,-15.307390,0 -54.599096,-15.307483,0 -54.599318,-15.307557,0 -54.599540,-15.307650,0 -54.599781,-15.307743,0 -54.599722,-15.308031,0 -54.599982,-15.308124,0 -54.600260,-15.308218,0 -54.600300,-15.307983,0 -54.600340,-15.307767,0 -54.600398,-15.307533,0 -54.600438,-15.307298,0 -54.600496,-15.307082,0 -54.600536,-15.306848,0 -54.600595,-15.306613,0 -54.600635,-15.306379,0 -54.600693,-15.306163,0 -54.600733,-15.305928,0 -54.600791,-15.305694,0 -54.600831,-15.305478,0 -54.600890,-15.305243,0 -54.600929,-15.305009,0 -54.600988,-15.304775,0 -54.601028,-15.304558,0 -54.601086,-15.304324,0 -54.601348,-15.304200,0 -54.601552,-15.304329,0 -54.601755,-15.304440,0 -54.601977,-15.304568,0 -54.602180,-15.304697,0 -54.602421,-15.304826,0 -54.602643,-15.304955,0 -54.602883,-15.305084,0 -54.603124,-15.305213,0 -54.603346,-15.305360,0 -54.603548,-15.305525,0 -54.603770,-15.305672,0 -54.603973,-15.305800,0 -54.604177,-15.305929,0 -54.604380,-15.306058,0 -54.604583,-15.306186,0 -54.604768,-15.306315,0 -54.604953,-15.306461,0 -54.605137,-15.306590,0 -54.605341,-15.306718,0 -54.605562,-15.306865,0 -54.605765,-15.307012,0 -54.605987,-15.307159,0 -54.606209,-15.307306,0 -54.606412,-15.307416,0 -54.606616,-15.307545,0 -54.606819,-15.307656,0 -54.607023,-15.307766,0 -54.607226,-15.307895,0 -54.607430,-15.308006,0 -54.607652,-15.308134,0 -54.607873,-15.308281,0 -54.608077,-15.308410,0 -54.608298,-15.308539,0 -54.608502,-15.308668,0 -54.608801,-15.308508,0 -54.609082,-15.308367,0 -54.609326,-15.308243,0 -54.609551,-15.308119,0 -54.609775,-15.307995,0 -54.610000,-15.307870,0 -54.610225,-15.307746,0 -54.610468,-15.307623,0 -54.610693,-15.307498,0 -54.610918,-15.307392,0 -54.611161,-15.307287,0 -54.611666,-15.308683,0 -54.611459,-15.308898,0 -54.611252,-15.309094,0 -54.611045,-15.309291,0 -54.610633,-15.309485,0 -54.610222,-15.309607,0 -54.609923,-15.309731,0 -54.609605,-15.309854,0 -54.609399,-15.309978,0 -54.609212,-15.310103,0 -54.609005,-15.310227,0 -54.608818,-15.310369,0 -54.608611,-15.310512,0 -54.608423,-15.310654,0 -54.608236,-15.310797,0 -54.608103,-15.311030,0 -54.607970,-15.311246,0 -54.607837,-15.311461,0 -54.607686,-15.311694,0 -54.607645,-15.311947,0 -54.607587,-15.312217,0 -54.607546,-15.312470,0 -54.607450,-15.312794,0 -54.607353,-15.313118,0 -54.607164,-15.313333,0 -54.606994,-15.313530,0 -54.606769,-15.313672,0 -54.606563,-15.313814,0 -54.606357,-15.313957,0 -54.606113,-15.314117,0 -54.605850,-15.314294,0 -54.605679,-15.314654,0 -54.605767,-15.315089,0 -54.605876,-15.315289,0 -54.605985,-15.315488,0 -54.606114,-15.315689,0 -54.606260,-15.315871,0 -54.606407,-15.316053,0 -54.606628,-15.316290,0 -54.606662,-15.316598,0 -54.606325,-15.316703,0 -54.606064,-15.316754,0 -54.605821,-15.316824,0 -54.605560,-15.316893,0 -54.605317,-15.316945,0 -54.605056,-15.317014,0 -54.604778,-15.316867,0 -54.604556,-15.316756,0 -54.604353,-15.316645,0 -54.604151,-15.316372,0 -54.603968,-15.316117,0 -54.603877,-15.315899,0 -54.603787,-15.315664,0 -54.603603,-15.315481,0 -54.603400,-15.315316,0 -54.603158,-15.315259,0 -54.602898,-15.315220,0 -54.602657,-15.315164,0 -54.602415,-15.315161,0 -54.602173,-15.315140,0 -54.601931,-15.315120,0 -54.601689,-15.315099,0 -54.601448,-15.315078,0 -54.601168,-15.315093,0 -54.600889,-15.315090,0 -54.600701,-15.315233,0 -54.600532,-15.315394,0 -54.600417,-15.315664,0 -54.600302,-15.315933,0 -54.600188,-15.316203,0 -54.600485,-15.316261,0 -54.600932,-15.316229,0 -54.601323,-15.316215,0 -54.601732,-15.316292,0 -54.601972,-15.316475,0 -54.601913,-15.316691,0 -54.601873,-15.316926,0 -54.601834,-15.317142,0 -54.601775,-15.317359,0 -54.601735,-15.317593,0 -54.601696,-15.317809,0 -54.601637,-15.318044,0 -54.601598,-15.318260,0 -54.601558,-15.318476,0 -54.601518,-15.318711,0 -54.601460,-15.318927,0 -54.601420,-15.319162,0 -54.601380,-15.319378,0 -54.601322,-15.319594,0 -54.601282,-15.319829,0 -54.601242,-15.320045,0 -54.601184,-15.320261,0 -54.601144,-15.320496,0 -54.601104,-15.320712,0 -54.601046,-15.320946,0 -54.601006,-15.321163,0 -54.600966,-15.321379,0 -54.600908,-15.321613,0 -54.600904,-15.321920,0 -54.600865,-15.322137,0 -54.600825,-15.322353,0 -54.600785,-15.322588,0 -54.600745,-15.322804,0 -54.600705,-15.323020,0 -54.600647,-15.323255,0 -54.600607,-15.323471,0 -54.600568,-15.323687,0 -54.600528,-15.323922,0 -54.600488,-15.324138,0 -54.600430,-15.324355,0 -54.600390,-15.324589,0 -54.600350,-15.324805,0 -54.600310,-15.325022,0 -54.600271,-15.325238,0 -54.600212,-15.325472,0 -54.600172,-15.325689,0 -54.600133,-15.325905,0 -54.600093,-15.326140,0 -54.600053,-15.326356,0 -54.599995,-15.326572,0 -54.599955,-15.326807,0 -54.599915,-15.327023,0 -54.599875,-15.327239,0 -54.599835,-15.327474,0 -54.599777,-15.327690,0 -54.599737,-15.327907,0 -54.599698,-15.328141,0 -54.599658,-15.328357,0 -54.599618,-15.328574,0 -54.599560,-15.328808,0 -54.599520,-15.329024,0 -54.599480,-15.329241,0 -54.599440,-15.329475,0 -54.599401,-15.329692,0 -54.599342,-15.329908,0 -54.599303,-15.330124,0 -54.599263,-15.330359,0 -54.599223,-15.330575,0 -54.599183,-15.330791,0 -54.599124,-15.331080,0 -54.599084,-15.331296,0 -54.599026,-15.331513,0 -54.598986,-15.331747,0 -54.598946,-15.331963,0 -54.598888,-15.332198,0 -54.598848,-15.332414,0 -54.598808,-15.332630,0 -54.598769,-15.332865,0 -54.598710,-15.333081,0 -54.598670,-15.333315,0 -54.598631,-15.333532,0 -54.598572,-15.333748,0 -54.598532,-15.333983,0 -54.598493,-15.334199,0 -54.598453,-15.334433,0 -54.598394,-15.334650,0 -54.598355,-15.334866,0 -54.598315,-15.335100,0 -54.598256,-15.335317,0 -54.598217,-15.335551,0 -54.598158,-15.335821,0 -54.598099,-15.336056,0 -54.598040,-15.336308,0 -54.597982,-15.336542,0 -54.597923,-15.336777,0 -54.597883,-15.337029,0 -54.597843,-15.337264,0 -54.597785,-15.337498,0 -54.597745,-15.337750,0 -54.597705,-15.337985,0 -54.597646,-15.338219,0 -54.597606,-15.338472,0 -54.597547,-15.338706,0 -54.597507,-15.338958,0 -54.597467,-15.339193,0 -54.597409,-15.339427,0 -54.597334,-15.339444,0 -54.597111,-15.339442,0 -54.596664,-15.339419,0 -54.596404,-15.339416,0 -54.596143,-15.339395,0 -54.595882,-15.339393,0 -54.595622,-15.339372,0 -54.595361,-15.339369,0 -54.595120,-15.339348,0 -54.594878,-15.339346,0 -54.594636,-15.339325,0 -54.594394,-15.339322,0 -54.594152,-15.339320,0 -54.593910,-15.339299,0 -54.593668,-15.339296,0 -54.593426,-15.339276,0 -54.593184,-15.339273,0 -54.592942,-15.339252,0 -54.592700,-15.339250,0 -54.592458,-15.339229,0 -54.592216,-15.339226,0 -54.591975,-15.339206,0 -54.591733,-15.339203,0 -54.591491,-15.339201,0 -54.591249,-15.339180,0 -54.591007,-15.339177,0 -54.590765,-15.339157,0 -54.590523,-15.339154,0 -54.590281,-15.339133,0 -54.590039,-15.339131,0 -54.589797,-15.339110,0 -54.589555,-15.339107,0 -54.589295,-15.339105,0 -54.589053,-15.339084,0 -54.588792,-15.339081,0 -54.588550,-15.339078,0 -54.588308,-15.339058,0 -54.588048,-15.339055,0 -54.587806,-15.339052,0 -54.587454,-15.338922,0 -54.587231,-15.338829,0 -54.587027,-15.338755,0 -54.586805,-15.338680,0 -54.586582,-15.338587,0 -54.586360,-15.338513,0 -54.586137,-15.338438,0 -54.585766,-15.338362,0 -54.585543,-15.338287,0 -54.585321,-15.338212,0 -54.585098,-15.338120,0 -54.584876,-15.338045,0 -54.584653,-15.337952,0 -54.584431,-15.337878,0 -54.584208,-15.337785,0 -54.583986,-15.337710,0 -54.583763,-15.337635,0 -54.583541,-15.337543,0 -54.583481,-15.337849,0 -54.583423,-15.338083,0 -54.583383,-15.338300,0 -54.583343,-15.338516,0 -54.583304,-15.338751,0 -54.583264,-15.338967,0 -54.583224,-15.339183,0 -54.583184,-15.339418,0 -54.583144,-15.339634,0 -54.583105,-15.339851,0 -54.583065,-15.340085,0 -54.583006,-15.340301,0 -54.582967,-15.340518,0 -54.582927,-15.340752,0 -54.582887,-15.340969,0 -54.582847,-15.341203,0 -54.582807,-15.341419,0 -54.582768,-15.341636,0 -54.582728,-15.341870,0 -54.582688,-15.342087,0 -54.582630,-15.342303,0 -54.582590,-15.342537,0 -54.582550,-15.342754,0 -54.582510,-15.342970,0 -54.582470,-15.343204,0 -54.582431,-15.343421,0 -54.582391,-15.343637,0 -54.582351,-15.343872,0 -54.582311,-15.344088,0 -54.582253,-15.344322,0 -54.582213,-15.344539,0</coordinates></LineString></Placemark>
<Placemark><name>G-13A - 8,47 km</name><description>Maxima 8469 m | Minima 6480 m | Reta 2427 m | 77.14 ha</description><styleUrl>#rota</styleUrl><LineString><tessellate>1</tessellate><coordinates>-54.597239,-15.307065,0 -54.597334,-15.306849,0 -54.597430,-15.306652,0 -54.597525,-15.306436,0 -54.597602,-15.306220,0 -54.597976,-15.306097,0 -54.598254,-15.306191,0 -54.598438,-15.306355,0 -54.598622,-15.306538,0 -54.598825,-15.306703,0 -54.598841,-15.306938,0 -54.598857,-15.307155,0 -54.598873,-15.307390,0 -54.599096,-15.307483,0 -54.599318,-15.307557,0 -54.599540,-15.307650,0 -54.599781,-15.307743,0 -54.599722,-15.308031,0 -54.599982,-15.308124,0 -54.600260,-15.308218,0 -54.600300,-15.307983,0 -54.600340,-15.307767,0 -54.600398,-15.307533,0 -54.600438,-15.307298,0 -54.600496,-15.307082,0 -54.600536,-15.306848,0 -54.600595,-15.306613,0 -54.600635,-15.306379,0 -54.600693,-15.306163,0 -54.600733,-15.305928,0 -54.600791,-15.305694,0 -54.600831,-15.305478,0 -54.600890,-15.305243,0 -54.600929,-15.305009,0 -54.600988,-15.304775,0 -54.601028,-15.304558,0 -54.601086,-15.304324,0 -54.601348,-15.304200,0 -54.601552,-15.304329,0 -54.601755,-15.304440,0 -54.601977,-15.304568,0 -54.602180,-15.304697,0 -54.602421,-15.304826,0 -54.602643,-15.304955,0 -54.602883,-15.305084,0 -54.603124,-15.305213,0 -54.603346,-15.305360,0 -54.603548,-15.305525,0 -54.603770,-15.305672,0 -54.603973,-15.305800,0 -54.604177,-15.305929,0 -54.604380,-15.306058,0 -54.604583,-15.306186,0 -54.604768,-15.306315,0 -54.604953,-15.306461,0 -54.605137,-15.306590,0 -54.605341,-15.306718,0 -54.605562,-15.306865,0 -54.605765,-15.307012,0 -54.605987,-15.307159,0 -54.606209,-15.307306,0 -54.606412,-15.307416,0 -54.606616,-15.307545,0 -54.606819,-15.307656,0 -54.607023,-15.307766,0 -54.607226,-15.307895,0 -54.607430,-15.308006,0 -54.607652,-15.308134,0 -54.607873,-15.308281,0 -54.608077,-15.308410,0 -54.608298,-15.308539,0 -54.608502,-15.308668,0 -54.608801,-15.308508,0 -54.609082,-15.308367,0 -54.609326,-15.308243,0 -54.609551,-15.308119,0 -54.609775,-15.307995,0 -54.610000,-15.307870,0 -54.610225,-15.307746,0 -54.610468,-15.307623,0 -54.610693,-15.307498,0 -54.610918,-15.307392,0 -54.611161,-15.307287,0 -54.611666,-15.308683,0 -54.611459,-15.308898,0 -54.611252,-15.309094,0 -54.611045,-15.309291,0 -54.610633,-15.309485,0 -54.610222,-15.309607,0 -54.609923,-15.309731,0 -54.609605,-15.309854,0 -54.609399,-15.309978,0 -54.609212,-15.310103,0 -54.609005,-15.310227,0 -54.608818,-15.310369,0 -54.608611,-15.310512,0 -54.608423,-15.310654,0 -54.608236,-15.310797,0 -54.608103,-15.311030,0 -54.607970,-15.311246,0 -54.607837,-15.311461,0 -54.607686,-15.311694,0 -54.607645,-15.311947,0 -54.607587,-15.312217,0 -54.607546,-15.312470,0 -54.607450,-15.312794,0 -54.607353,-15.313118,0 -54.607164,-15.313333,0 -54.606994,-15.313530,0 -54.606769,-15.313672,0 -54.606563,-15.313814,0 -54.606357,-15.313957,0 -54.606113,-15.314117,0 -54.605850,-15.314294,0 -54.605679,-15.314654,0 -54.605767,-15.315089,0 -54.605876,-15.315289,0 -54.605985,-15.315488,0 -54.606114,-15.315689,0 -54.606260,-15.315871,0 -54.606407,-15.316053,0 -54.606628,-15.316290,0 -54.606662,-15.316598,0 -54.606325,-15.316703,0 -54.606064,-15.316754,0 -54.605821,-15.316824,0 -54.605560,-15.316893,0 -54.605317,-15.316945,0 -54.605056,-15.317014,0 -54.604778,-15.316867,0 -54.604556,-15.316756,0 -54.604353,-15.316645,0 -54.604151,-15.316372,0 -54.603968,-15.316117,0 -54.603877,-15.315899,0 -54.603787,-15.315664,0 -54.603603,-15.315481,0 -54.603400,-15.315316,0 -54.603158,-15.315259,0 -54.602898,-15.315220,0 -54.602657,-15.315164,0 -54.602415,-15.315161,0 -54.602173,-15.315140,0 -54.601931,-15.315120,0 -54.601689,-15.315099,0 -54.601448,-15.315078,0 -54.601168,-15.315093,0 -54.600889,-15.315090,0 -54.600701,-15.315233,0 -54.600532,-15.315394,0 -54.600417,-15.315664,0 -54.600302,-15.315933,0 -54.600188,-15.316203,0 -54.600485,-15.316261,0 -54.600932,-15.316229,0 -54.601323,-15.316215,0 -54.601732,-15.316292,0 -54.601972,-15.316475,0 -54.601913,-15.316691,0 -54.601873,-15.316926,0 -54.601834,-15.317142,0 -54.601775,-15.317359,0 -54.601735,-15.317593,0 -54.601696,-15.317809,0 -54.601637,-15.318044,0 -54.601598,-15.318260,0 -54.601558,-15.318476,0 -54.601518,-15.318711,0 -54.601460,-15.318927,0 -54.601420,-15.319162,0 -54.601380,-15.319378,0 -54.601322,-15.319594,0 -54.601282,-15.319829,0 -54.601242,-15.320045,0 -54.601184,-15.320261,0 -54.601144,-15.320496,0 -54.601104,-15.320712,0 -54.601046,-15.320946,0 -54.601006,-15.321163,0 -54.600966,-15.321379,0 -54.600908,-15.321613,0 -54.600868,-15.321830,0 -54.600645,-15.321791,0 -54.600403,-15.321752,0 -54.600181,-15.321696,0 -54.599939,-15.321657,0 -54.599716,-15.321619,0 -54.599475,-15.321580,0 -54.599252,-15.321523,0 -54.599010,-15.321484,0 -54.598787,-15.321446,0 -54.598546,-15.321389,0 -54.598323,-15.321351,0 -54.598081,-15.321312,0 -54.597840,-15.321273,0 -54.597617,-15.321217,0 -54.597375,-15.321178,0 -54.597152,-15.321139,0 -54.596911,-15.321101,0 -54.596688,-15.321044,0 -54.596447,-15.321005,0 -54.596224,-15.320967,0 -54.595982,-15.320928,0 -54.595759,-15.320871,0 -54.595518,-15.320833,0 -54.595295,-15.320794,0 -54.595053,-15.320737,0 -54.594830,-15.320699,0 -54.594589,-15.320660,0 -54.594366,-15.320621,0 -54.594124,-15.320565,0 -54.593901,-15.320526,0 -54.593604,-15.320469,0 -54.593363,-15.320430,0 -54.593121,-15.320391,0 -54.592898,-15.320353,0 -54.592656,-15.320314,0 -54.592415,-15.320275,0 -54.592173,-15.320236,0 -54.591950,-15.320198,0 -54.591709,-15.320141,0 -54.591467,-15.320102,0 -54.591226,-15.320064,0 -54.591003,-15.320025,0 -54.590761,-15.319986,0 -54.590520,-15.319948,0 -54.590297,-15.319909,0 -54.590055,-15.319870,0 -54.589814,-15.319813,0 -54.589572,-15.319775,0 -54.589349,-15.319736,0 -54.589108,-15.319697,0 -54.588866,-15.319659,0 -54.588625,-15.319620,0 -54.588402,-15.319581,0 -54.588160,-15.319579,0 -54.587918,-15.319540,0 -54.587676,-15.319501,0 -54.587453,-15.319463,0 -54.587212,-15.319406,0 -54.587172,-15.319640,0 -54.587132,-15.319857,0 -54.587093,-15.320073,0 -54.587034,-15.320307,0 -54.586994,-15.320524,0 -54.586955,-15.320740,0 -54.586915,-15.320975,0 -54.586875,-15.321191,0 -54.586835,-15.321407,0 -54.586795,-15.321642,0 -54.586737,-15.321858,0 -54.586697,-15.322093,0 -54.586658,-15.322309,0 -54.586618,-15.322525,0 -54.586578,-15.322760,0 -54.586538,-15.322976,0 -54.586480,-15.323192,0 -54.586440,-15.323427,0 -54.586400,-15.323643,0 -54.586360,-15.323860,0 -54.586321,-15.324094,0 -54.586281,-15.324310,0 -54.586241,-15.324527,0 -54.586183,-15.324761,0 -54.586143,-15.324977,0 -54.586103,-15.325194,0 -54.586063,-15.325428,0 -54.586023,-15.325645,0 -54.585984,-15.325879,0 -54.585925,-15.326095,0 -54.585885,-15.326312,0 -54.585846,-15.326546,0 -54.585806,-15.326763,0 -54.585766,-15.326979,0 -54.585726,-15.327213,0 -54.585686,-15.327430,0 -54.585628,-15.327646,0 -54.585588,-15.327880,0 -54.585548,-15.328097,0 -54.585489,-15.328385,0 -54.585449,-15.328620,0 -54.585391,-15.328836,0 -54.585351,-15.329052,0 -54.585311,-15.329287,0 -54.585253,-15.329503,0 -54.585213,-15.329719,0 -54.585173,-15.329954,0 -54.585134,-15.330170,0 -54.585075,-15.330386,0 -54.585036,-15.330603,0 -54.584996,-15.330837,0 -54.584937,-15.331053,0 -54.584898,-15.331270,0 -54.584858,-15.331504,0 -54.584818,-15.331721,0 -54.584760,-15.331937,0 -54.584720,-15.332171,0 -54.584680,-15.332388,0 -54.584640,-15.332604,0 -54.584582,-15.332820,0 -54.584542,-15.333055,0</coordinates></LineString></Placemark>
<Placemark><name>G-13B - 8,95 km</name><description>Maxima 8952 m | Minima 6988 m | Reta 2947 m | 77.3 ha</description><styleUrl>#rota</styleUrl><LineString><tessellate>1</tessellate><coordinates>-54.597239,-15.307065,0 -54.597334,-15.306849,0 -54.597430,-15.306652,0 -54.597525,-15.306436,0 -54.597602,-15.306220,0 -54.597976,-15.306097,0 -54.598254,-15.306191,0 -54.598438,-15.306355,0 -54.598622,-15.306538,0 -54.598825,-15.306703,0 -54.598841,-15.306938,0 -54.598857,-15.307155,0 -54.598873,-15.307390,0 -54.599096,-15.307483,0 -54.599318,-15.307557,0 -54.599540,-15.307650,0 -54.599781,-15.307743,0 -54.599722,-15.308031,0 -54.599982,-15.308124,0 -54.600260,-15.308218,0 -54.600300,-15.307983,0 -54.600340,-15.307767,0 -54.600398,-15.307533,0 -54.600438,-15.307298,0 -54.600496,-15.307082,0 -54.600536,-15.306848,0 -54.600595,-15.306613,0 -54.600635,-15.306379,0 -54.600693,-15.306163,0 -54.600733,-15.305928,0 -54.600791,-15.305694,0 -54.600831,-15.305478,0 -54.600890,-15.305243,0 -54.600929,-15.305009,0 -54.600988,-15.304775,0 -54.601028,-15.304558,0 -54.601086,-15.304324,0 -54.601348,-15.304200,0 -54.601552,-15.304329,0 -54.601755,-15.304440,0 -54.601977,-15.304568,0 -54.602180,-15.304697,0 -54.602421,-15.304826,0 -54.602643,-15.304955,0 -54.602883,-15.305084,0 -54.603124,-15.305213,0 -54.603346,-15.305360,0 -54.603548,-15.305525,0 -54.603770,-15.305672,0 -54.603973,-15.305800,0 -54.604177,-15.305929,0 -54.604380,-15.306058,0 -54.604583,-15.306186,0 -54.604768,-15.306315,0 -54.604953,-15.306461,0 -54.605137,-15.306590,0 -54.605341,-15.306718,0 -54.605562,-15.306865,0 -54.605765,-15.307012,0 -54.605987,-15.307159,0 -54.606209,-15.307306,0 -54.606412,-15.307416,0 -54.606616,-15.307545,0 -54.606819,-15.307656,0 -54.607023,-15.307766,0 -54.607226,-15.307895,0 -54.607430,-15.308006,0 -54.607652,-15.308134,0 -54.607873,-15.308281,0 -54.608077,-15.308410,0 -54.608298,-15.308539,0 -54.608502,-15.308668,0 -54.608801,-15.308508,0 -54.609082,-15.308367,0 -54.609326,-15.308243,0 -54.609551,-15.308119,0 -54.609775,-15.307995,0 -54.610000,-15.307870,0 -54.610225,-15.307746,0 -54.610468,-15.307623,0 -54.610693,-15.307498,0 -54.610918,-15.307392,0 -54.611161,-15.307287,0 -54.611666,-15.308683,0 -54.611459,-15.308898,0 -54.611252,-15.309094,0 -54.611045,-15.309291,0 -54.610633,-15.309485,0 -54.610222,-15.309607,0 -54.609923,-15.309731,0 -54.609605,-15.309854,0 -54.609399,-15.309978,0 -54.609212,-15.310103,0 -54.609005,-15.310227,0 -54.608818,-15.310369,0 -54.608611,-15.310512,0 -54.608423,-15.310654,0 -54.608236,-15.310797,0 -54.608103,-15.311030,0 -54.607970,-15.311246,0 -54.607837,-15.311461,0 -54.607686,-15.311694,0 -54.607645,-15.311947,0 -54.607587,-15.312217,0 -54.607546,-15.312470,0 -54.607450,-15.312794,0 -54.607353,-15.313118,0 -54.607164,-15.313333,0 -54.606994,-15.313530,0 -54.606769,-15.313672,0 -54.606563,-15.313814,0 -54.606357,-15.313957,0 -54.606113,-15.314117,0 -54.605850,-15.314294,0 -54.605679,-15.314654,0 -54.605767,-15.315089,0 -54.605876,-15.315289,0 -54.605985,-15.315488,0 -54.606114,-15.315689,0 -54.606260,-15.315871,0 -54.606407,-15.316053,0 -54.606628,-15.316290,0 -54.606662,-15.316598,0 -54.606325,-15.316703,0 -54.606064,-15.316754,0 -54.605821,-15.316824,0 -54.605560,-15.316893,0 -54.605317,-15.316945,0 -54.605056,-15.317014,0 -54.604778,-15.316867,0 -54.604556,-15.316756,0 -54.604353,-15.316645,0 -54.604151,-15.316372,0 -54.603968,-15.316117,0 -54.603877,-15.315899,0 -54.603787,-15.315664,0 -54.603603,-15.315481,0 -54.603400,-15.315316,0 -54.603158,-15.315259,0 -54.602898,-15.315220,0 -54.602657,-15.315164,0 -54.602415,-15.315161,0 -54.602173,-15.315140,0 -54.601931,-15.315120,0 -54.601689,-15.315099,0 -54.601448,-15.315078,0 -54.601168,-15.315093,0 -54.600889,-15.315090,0 -54.600701,-15.315233,0 -54.600532,-15.315394,0 -54.600417,-15.315664,0 -54.600302,-15.315933,0 -54.600188,-15.316203,0 -54.600485,-15.316261,0 -54.600932,-15.316229,0 -54.601323,-15.316215,0 -54.601732,-15.316292,0 -54.601972,-15.316475,0 -54.601913,-15.316691,0 -54.601873,-15.316926,0 -54.601834,-15.317142,0 -54.601775,-15.317359,0 -54.601735,-15.317593,0 -54.601696,-15.317809,0 -54.601637,-15.318044,0 -54.601598,-15.318260,0 -54.601558,-15.318476,0 -54.601518,-15.318711,0 -54.601460,-15.318927,0 -54.601420,-15.319162,0 -54.601380,-15.319378,0 -54.601322,-15.319594,0 -54.601282,-15.319829,0 -54.601242,-15.320045,0 -54.601184,-15.320261,0 -54.601144,-15.320496,0 -54.601104,-15.320712,0 -54.601046,-15.320946,0 -54.601006,-15.321163,0 -54.600966,-15.321379,0 -54.600908,-15.321613,0 -54.600904,-15.321920,0 -54.600865,-15.322137,0 -54.600825,-15.322353,0 -54.600785,-15.322588,0 -54.600745,-15.322804,0 -54.600705,-15.323020,0 -54.600647,-15.323255,0 -54.600607,-15.323471,0 -54.600568,-15.323687,0 -54.600528,-15.323922,0 -54.600488,-15.324138,0 -54.600430,-15.324355,0 -54.600390,-15.324589,0 -54.600350,-15.324805,0 -54.600310,-15.325022,0 -54.600271,-15.325238,0 -54.600212,-15.325472,0 -54.600172,-15.325689,0 -54.600133,-15.325905,0 -54.600093,-15.326140,0 -54.600053,-15.326356,0 -54.599995,-15.326572,0 -54.599955,-15.326807,0 -54.599915,-15.327023,0 -54.599875,-15.327239,0 -54.599835,-15.327474,0 -54.599777,-15.327690,0 -54.599737,-15.327907,0 -54.599698,-15.328141,0 -54.599658,-15.328357,0 -54.599618,-15.328574,0 -54.599560,-15.328808,0 -54.599520,-15.329024,0 -54.599480,-15.329241,0 -54.599440,-15.329475,0 -54.599401,-15.329692,0 -54.599342,-15.329908,0 -54.599303,-15.330124,0 -54.599263,-15.330359,0 -54.599223,-15.330575,0 -54.599183,-15.330791,0 -54.599124,-15.331080,0 -54.599084,-15.331296,0 -54.599026,-15.331513,0 -54.598986,-15.331747,0 -54.598946,-15.331963,0 -54.598888,-15.332198,0 -54.598848,-15.332414,0 -54.598808,-15.332630,0 -54.598769,-15.332865,0 -54.598710,-15.333081,0 -54.598670,-15.333315,0 -54.598631,-15.333532,0 -54.598572,-15.333748,0 -54.598532,-15.333983,0 -54.598493,-15.334199,0 -54.598453,-15.334433,0 -54.598394,-15.334650,0 -54.598355,-15.334866,0 -54.598315,-15.335100,0 -54.598256,-15.335317,0 -54.598217,-15.335551,0 -54.598158,-15.335821,0 -54.598099,-15.336056,0 -54.598040,-15.336308,0 -54.597982,-15.336542,0 -54.597923,-15.336777,0 -54.597883,-15.337029,0 -54.597843,-15.337264,0 -54.597785,-15.337498,0 -54.597745,-15.337750,0 -54.597705,-15.337985,0 -54.597646,-15.338219,0 -54.597606,-15.338472,0 -54.597547,-15.338706,0 -54.597507,-15.338958,0 -54.597467,-15.339193,0 -54.597409,-15.339427,0 -54.597334,-15.339444,0 -54.597111,-15.339442,0 -54.596664,-15.339419,0 -54.596404,-15.339416,0 -54.596143,-15.339395,0 -54.595882,-15.339393,0 -54.595622,-15.339372,0 -54.595361,-15.339369,0 -54.595120,-15.339348,0 -54.594878,-15.339346,0 -54.594636,-15.339325,0 -54.594394,-15.339322,0 -54.594152,-15.339320,0 -54.593910,-15.339299,0 -54.593668,-15.339296,0 -54.593426,-15.339276,0 -54.593184,-15.339273,0 -54.592942,-15.339252,0 -54.592700,-15.339250,0 -54.592458,-15.339229,0 -54.592216,-15.339226,0 -54.591975,-15.339206,0 -54.591733,-15.339203,0 -54.591491,-15.339201,0 -54.591249,-15.339180,0 -54.591007,-15.339177,0 -54.590765,-15.339157,0 -54.590523,-15.339154,0 -54.590281,-15.339133,0 -54.590039,-15.339131,0 -54.589797,-15.339110,0 -54.589555,-15.339107,0 -54.589295,-15.339105,0 -54.589053,-15.339084,0 -54.588792,-15.339081,0 -54.588550,-15.339078,0 -54.588308,-15.339058,0 -54.588048,-15.339055,0 -54.587806,-15.339052,0 -54.587454,-15.338922,0 -54.587231,-15.338829,0 -54.587027,-15.338755,0 -54.586805,-15.338680,0 -54.586582,-15.338587,0 -54.586360,-15.338513,0 -54.586137,-15.338438,0 -54.585933,-15.338346,0 -54.585711,-15.338271,0 -54.585488,-15.338196,0 -54.585266,-15.338121,0 -54.585062,-15.338029,0 -54.584839,-15.337954,0 -54.584617,-15.337880,0 -54.584395,-15.337787,0 -54.584172,-15.337712,0 -54.583968,-15.337638,0 -54.583634,-15.337508,0 -54.583673,-15.337363,0</coordinates></LineString></Placemark>
<Placemark><name>G-14A - 7,94 km</name><description>Maxima 7943 m | Minima 6263 m | Reta 1412 m | 69.49 ha</description><styleUrl>#rota</styleUrl><LineString><tessellate>1</tessellate><coordinates>-54.597239,-15.307065,0 -54.597334,-15.306849,0 -54.597430,-15.306652,0 -54.597525,-15.306436,0 -54.597602,-15.306220,0 -54.597976,-15.306097,0 -54.598254,-15.306191,0 -54.598438,-15.306355,0 -54.598622,-15.306538,0 -54.598825,-15.306703,0 -54.598841,-15.306938,0 -54.598857,-15.307155,0 -54.598873,-15.307390,0 -54.599096,-15.307483,0 -54.599318,-15.307557,0 -54.599540,-15.307650,0 -54.599781,-15.307743,0 -54.599722,-15.308031,0 -54.599982,-15.308124,0 -54.600260,-15.308218,0 -54.600300,-15.307983,0 -54.600340,-15.307767,0 -54.600398,-15.307533,0 -54.600438,-15.307298,0 -54.600496,-15.307082,0 -54.600536,-15.306848,0 -54.600595,-15.306613,0 -54.600635,-15.306379,0 -54.600693,-15.306163,0 -54.600733,-15.305928,0 -54.600791,-15.305694,0 -54.600831,-15.305478,0 -54.600890,-15.305243,0 -54.600929,-15.305009,0 -54.600988,-15.304775,0 -54.601028,-15.304558,0 -54.601086,-15.304324,0 -54.601348,-15.304200,0 -54.601552,-15.304329,0 -54.601755,-15.304440,0 -54.601977,-15.304568,0 -54.602180,-15.304697,0 -54.602421,-15.304826,0 -54.602643,-15.304955,0 -54.602883,-15.305084,0 -54.603124,-15.305213,0 -54.603346,-15.305360,0 -54.603548,-15.305525,0 -54.603770,-15.305672,0 -54.603973,-15.305800,0 -54.604177,-15.305929,0 -54.604380,-15.306058,0 -54.604583,-15.306186,0 -54.604768,-15.306315,0 -54.604953,-15.306461,0 -54.605137,-15.306590,0 -54.605341,-15.306718,0 -54.605562,-15.306865,0 -54.605765,-15.307012,0 -54.605987,-15.307159,0 -54.606209,-15.307306,0 -54.606412,-15.307416,0 -54.606616,-15.307545,0 -54.606819,-15.307656,0 -54.607023,-15.307766,0 -54.607226,-15.307895,0 -54.607430,-15.308006,0 -54.607652,-15.308134,0 -54.607873,-15.308281,0 -54.608077,-15.308410,0 -54.608298,-15.308539,0 -54.608502,-15.308668,0 -54.608801,-15.308508,0 -54.609082,-15.308367,0 -54.609326,-15.308243,0 -54.609551,-15.308119,0 -54.609775,-15.307995,0 -54.610000,-15.307870,0 -54.610225,-15.307746,0 -54.610468,-15.307623,0 -54.610693,-15.307498,0 -54.610918,-15.307392,0 -54.611161,-15.307287,0 -54.611666,-15.308683,0 -54.611459,-15.308898,0 -54.611252,-15.309094,0 -54.611045,-15.309291,0 -54.610633,-15.309485,0 -54.610222,-15.309607,0 -54.609923,-15.309731,0 -54.609605,-15.309854,0 -54.609399,-15.309978,0 -54.609212,-15.310103,0 -54.609005,-15.310227,0 -54.608818,-15.310369,0 -54.608611,-15.310512,0 -54.608423,-15.310654,0 -54.608236,-15.310797,0 -54.608103,-15.311030,0 -54.607970,-15.311246,0 -54.607837,-15.311461,0 -54.607686,-15.311694,0 -54.607645,-15.311947,0 -54.607587,-15.312217,0 -54.607546,-15.312470,0 -54.607450,-15.312794,0 -54.607353,-15.313118,0 -54.607164,-15.313333,0 -54.606994,-15.313530,0 -54.606769,-15.313672,0 -54.606563,-15.313814,0 -54.606357,-15.313957,0 -54.606113,-15.314117,0 -54.605850,-15.314294,0 -54.605679,-15.314654,0 -54.605767,-15.315089,0 -54.605876,-15.315289,0 -54.605985,-15.315488,0 -54.606114,-15.315689,0 -54.606260,-15.315871,0 -54.606407,-15.316053,0 -54.606628,-15.316290,0 -54.606662,-15.316598,0 -54.606325,-15.316703,0 -54.606064,-15.316754,0 -54.605821,-15.316824,0 -54.605560,-15.316893,0 -54.605317,-15.316945,0 -54.605056,-15.317014,0 -54.604778,-15.316867,0 -54.604556,-15.316756,0 -54.604353,-15.316645,0 -54.604151,-15.316372,0 -54.603968,-15.316117,0 -54.603877,-15.315899,0 -54.603787,-15.315664,0 -54.603603,-15.315481,0 -54.603400,-15.315316,0 -54.603158,-15.315259,0 -54.602898,-15.315220,0 -54.602657,-15.315164,0 -54.602415,-15.315161,0 -54.602173,-15.315140,0 -54.601931,-15.315120,0 -54.601689,-15.315099,0 -54.601448,-15.315078,0 -54.601168,-15.315093,0 -54.600889,-15.315090,0 -54.600701,-15.315233,0 -54.600532,-15.315394,0 -54.600417,-15.315664,0 -54.600302,-15.315933,0 -54.600188,-15.316203,0 -54.600485,-15.316261,0 -54.600932,-15.316229,0 -54.601323,-15.316215,0 -54.601732,-15.316292,0 -54.601972,-15.316475,0 -54.601913,-15.316691,0 -54.601873,-15.316926,0 -54.601834,-15.317142,0 -54.601775,-15.317359,0 -54.601735,-15.317593,0 -54.601696,-15.317809,0 -54.601637,-15.318044,0 -54.601598,-15.318260,0 -54.601558,-15.318476,0 -54.601518,-15.318711,0 -54.601460,-15.318927,0 -54.601420,-15.319162,0 -54.601380,-15.319378,0 -54.601322,-15.319594,0 -54.601282,-15.319829,0 -54.601242,-15.320045,0 -54.601184,-15.320261,0 -54.601144,-15.320496,0 -54.601104,-15.320712,0 -54.601046,-15.320946,0 -54.601006,-15.321163,0 -54.600966,-15.321379,0 -54.600908,-15.321613,0 -54.600904,-15.321920,0 -54.600865,-15.322137,0 -54.600825,-15.322353,0 -54.600785,-15.322588,0 -54.600745,-15.322804,0 -54.600705,-15.323020,0 -54.600647,-15.323255,0 -54.600607,-15.323471,0 -54.600568,-15.323687,0 -54.600528,-15.323922,0 -54.600488,-15.324138,0 -54.600430,-15.324355,0 -54.600390,-15.324589,0 -54.600350,-15.324805,0 -54.600310,-15.325022,0 -54.600271,-15.325238,0 -54.600212,-15.325472,0 -54.600172,-15.325689,0 -54.600133,-15.325905,0 -54.600093,-15.326140,0 -54.600053,-15.326356,0 -54.599995,-15.326572,0 -54.599955,-15.326807,0 -54.599915,-15.327023,0 -54.599875,-15.327239,0 -54.599835,-15.327474,0 -54.599777,-15.327690,0 -54.599737,-15.327907,0 -54.599698,-15.328141,0 -54.599658,-15.328357,0 -54.599618,-15.328574,0 -54.599560,-15.328808,0 -54.599520,-15.329024,0 -54.599480,-15.329241,0 -54.599440,-15.329475,0 -54.599401,-15.329692,0 -54.599342,-15.329908,0 -54.599303,-15.330124,0 -54.599263,-15.330359,0 -54.599223,-15.330575,0 -54.599183,-15.330791,0 -54.599125,-15.331026,0 -54.598902,-15.330969,0 -54.598679,-15.330931,0 -54.598437,-15.330892,0 -54.598215,-15.330835,0 -54.597992,-15.330797,0 -54.597769,-15.330758,0 -54.597527,-15.330701,0 -54.597304,-15.330663,0 -54.597081,-15.330624,0 -54.596840,-15.330568,0 -54.596617,-15.330529,0 -54.596394,-15.330472,0 -54.596153,-15.330434,0 -54.595930,-15.330395,0 -54.595707,-15.330338,0 -54.595465,-15.330300,0 -54.595242,-15.330261,0 -54.595019,-15.330205,0 -54.594778,-15.330166,0 -54.594555,-15.330127,0 -54.594332,-15.330071,0 -54.594091,-15.330032,0 -54.593868,-15.329993,0 -54.593645,-15.329937,0 -54.593422,-15.329898,0 -54.593180,-15.329841,0 -54.592957,-15.329803,0 -54.592734,-15.329764,0 -54.592493,-15.329708,0 -54.592270,-15.329669,0 -54.591973,-15.329612,0 -54.591769,-15.329573,0 -54.591546,-15.329517,0 -54.591304,-15.329478,0 -54.591081,-15.329421,0 -54.590840,-15.329383,0 -54.590617,-15.329344,0 -54.590375,-15.329287,0 -54.590152,-15.329249,0 -54.589911,-15.329192,0 -54.589688,-15.329153,0 -54.589447,-15.329097,0 -54.589224,-15.329058,0 -54.588982,-15.329019,0 -54.588759,-15.328963,0 -54.588518,-15.328924,0 -54.588295,-15.328867,0 -54.588053,-15.328829,0 -54.587831,-15.328790,0 -54.587589,-15.328733,0 -54.587366,-15.328695,0 -54.587125,-15.328638,0 -54.586902,-15.328599,0 -54.586660,-15.328542,0 -54.586437,-15.328504,0 -54.586196,-15.328465,0 -54.585973,-15.328409,0 -54.585732,-15.328370,0</coordinates></LineString></Placemark>
<Placemark><name>G-14B - 7,25 km</name><description>Maxima 7250 m | Minima 5447 m | Reta 1405 m | 81.71 ha</description><styleUrl>#rota</styleUrl><LineString><tessellate>1</tessellate><coordinates>-54.597239,-15.307065,0 -54.597334,-15.306849,0 -54.597430,-15.306652,0 -54.597525,-15.306436,0 -54.597602,-15.306220,0 -54.597976,-15.306097,0 -54.598254,-15.306191,0 -54.598438,-15.306355,0 -54.598622,-15.306538,0 -54.598825,-15.306703,0 -54.598841,-15.306938,0 -54.598857,-15.307155,0 -54.598873,-15.307390,0 -54.599096,-15.307483,0 -54.599318,-15.307557,0 -54.599540,-15.307650,0 -54.599781,-15.307743,0 -54.599722,-15.308031,0 -54.599982,-15.308124,0 -54.600260,-15.308218,0 -54.600300,-15.307983,0 -54.600340,-15.307767,0 -54.600398,-15.307533,0 -54.600438,-15.307298,0 -54.600496,-15.307082,0 -54.600536,-15.306848,0 -54.600595,-15.306613,0 -54.600635,-15.306379,0 -54.600693,-15.306163,0 -54.600733,-15.305928,0 -54.600791,-15.305694,0 -54.600831,-15.305478,0 -54.600890,-15.305243,0 -54.600929,-15.305009,0 -54.600988,-15.304775,0 -54.601028,-15.304558,0 -54.601086,-15.304324,0 -54.601348,-15.304200,0 -54.601552,-15.304329,0 -54.601755,-15.304440,0 -54.601977,-15.304568,0 -54.602180,-15.304697,0 -54.602421,-15.304826,0 -54.602643,-15.304955,0 -54.602883,-15.305084,0 -54.603124,-15.305213,0 -54.603346,-15.305360,0 -54.603548,-15.305525,0 -54.603770,-15.305672,0 -54.603973,-15.305800,0 -54.604177,-15.305929,0 -54.604380,-15.306058,0 -54.604583,-15.306186,0 -54.604768,-15.306315,0 -54.604953,-15.306461,0 -54.605137,-15.306590,0 -54.605341,-15.306718,0 -54.605562,-15.306865,0 -54.605765,-15.307012,0 -54.605987,-15.307159,0 -54.606209,-15.307306,0 -54.606412,-15.307416,0 -54.606616,-15.307545,0 -54.606819,-15.307656,0 -54.607023,-15.307766,0 -54.607226,-15.307895,0 -54.607430,-15.308006,0 -54.607652,-15.308134,0 -54.607873,-15.308281,0 -54.608077,-15.308410,0 -54.608298,-15.308539,0 -54.608502,-15.308668,0 -54.608801,-15.308508,0 -54.609082,-15.308367,0 -54.609326,-15.308243,0 -54.609551,-15.308119,0 -54.609775,-15.307995,0 -54.610000,-15.307870,0 -54.610225,-15.307746,0 -54.610468,-15.307623,0 -54.610693,-15.307498,0 -54.610918,-15.307392,0 -54.611161,-15.307287,0 -54.611666,-15.308683,0 -54.611459,-15.308898,0 -54.611252,-15.309094,0 -54.611045,-15.309291,0 -54.610633,-15.309485,0 -54.610222,-15.309607,0 -54.609923,-15.309731,0 -54.609605,-15.309854,0 -54.609399,-15.309978,0 -54.609212,-15.310103,0 -54.609005,-15.310227,0 -54.608818,-15.310369,0 -54.608611,-15.310512,0 -54.608423,-15.310654,0 -54.608236,-15.310797,0 -54.608103,-15.311030,0 -54.607970,-15.311246,0 -54.607837,-15.311461,0 -54.607686,-15.311694,0 -54.607645,-15.311947,0 -54.607587,-15.312217,0 -54.607546,-15.312470,0 -54.607450,-15.312794,0 -54.607353,-15.313118,0 -54.607164,-15.313333,0 -54.606994,-15.313530,0 -54.606769,-15.313672,0 -54.606563,-15.313814,0 -54.606357,-15.313957,0 -54.606113,-15.314117,0 -54.605850,-15.314294,0 -54.605679,-15.314654,0 -54.605767,-15.315089,0 -54.605876,-15.315289,0 -54.605985,-15.315488,0 -54.606114,-15.315689,0 -54.606260,-15.315871,0 -54.606407,-15.316053,0 -54.606628,-15.316290,0 -54.606662,-15.316598,0 -54.606325,-15.316703,0 -54.606064,-15.316754,0 -54.605821,-15.316824,0 -54.605560,-15.316893,0 -54.605317,-15.316945,0 -54.605056,-15.317014,0 -54.604778,-15.316867,0 -54.604556,-15.316756,0 -54.604353,-15.316645,0 -54.604151,-15.316372,0 -54.603968,-15.316117,0 -54.603877,-15.315899,0 -54.603787,-15.315664,0 -54.603603,-15.315481,0 -54.603400,-15.315316,0 -54.603158,-15.315259,0 -54.602898,-15.315220,0 -54.602657,-15.315164,0 -54.602415,-15.315161,0 -54.602173,-15.315140,0 -54.601931,-15.315120,0 -54.601689,-15.315099,0 -54.601448,-15.315078,0 -54.601168,-15.315093,0 -54.600889,-15.315090,0 -54.600701,-15.315233,0 -54.600532,-15.315394,0 -54.600417,-15.315664,0 -54.600302,-15.315933,0 -54.600188,-15.316203,0 -54.600485,-15.316261,0 -54.600932,-15.316229,0 -54.601323,-15.316215,0 -54.601732,-15.316292,0 -54.601972,-15.316475,0 -54.601913,-15.316691,0 -54.601873,-15.316926,0 -54.601834,-15.317142,0 -54.601775,-15.317359,0 -54.601735,-15.317593,0 -54.601696,-15.317809,0 -54.601637,-15.318044,0 -54.601598,-15.318260,0 -54.601558,-15.318476,0 -54.601518,-15.318711,0 -54.601460,-15.318927,0 -54.601420,-15.319162,0 -54.601380,-15.319378,0 -54.601322,-15.319594,0 -54.601282,-15.319829,0 -54.601242,-15.320045,0 -54.601184,-15.320261,0 -54.601144,-15.320496,0 -54.601104,-15.320712,0 -54.601046,-15.320946,0 -54.601006,-15.321163,0 -54.600966,-15.321379,0 -54.600908,-15.321613,0 -54.600904,-15.321920,0 -54.600865,-15.322137,0 -54.600825,-15.322353,0 -54.600785,-15.322588,0 -54.600745,-15.322804,0 -54.600705,-15.323020,0 -54.600647,-15.323255,0 -54.600607,-15.323471,0 -54.600568,-15.323687,0 -54.600528,-15.323922,0 -54.600488,-15.324138,0 -54.600430,-15.324355,0 -54.600390,-15.324589,0 -54.600350,-15.324805,0 -54.600310,-15.325022,0 -54.600271,-15.325238,0 -54.600212,-15.325472,0 -54.600172,-15.325689,0 -54.600133,-15.325905,0 -54.600093,-15.326140,0 -54.600053,-15.326356,0 -54.599995,-15.326572,0 -54.599955,-15.326807,0 -54.599915,-15.327023,0 -54.599875,-15.327239,0 -54.599835,-15.327474,0 -54.599777,-15.327690,0 -54.599737,-15.327907,0 -54.599698,-15.328141,0 -54.599658,-15.328357,0 -54.599618,-15.328574,0 -54.599560,-15.328808,0 -54.599520,-15.329024,0 -54.599480,-15.329241,0 -54.599440,-15.329475,0 -54.599401,-15.329692,0 -54.599342,-15.329908,0 -54.599303,-15.330124,0 -54.599263,-15.330359,0 -54.599223,-15.330575,0 -54.599183,-15.330791,0 -54.599125,-15.331026,0 -54.598902,-15.330969,0 -54.598679,-15.330931,0 -54.598437,-15.330892,0 -54.598215,-15.330835,0 -54.597992,-15.330797,0 -54.597769,-15.330758,0 -54.597527,-15.330701,0 -54.597304,-15.330663,0 -54.597081,-15.330624,0 -54.596840,-15.330568,0 -54.596617,-15.330529,0 -54.596394,-15.330472,0 -54.596153,-15.330434,0 -54.595930,-15.330395,0 -54.595707,-15.330338,0 -54.595465,-15.330300,0 -54.595242,-15.330261,0 -54.595019,-15.330205,0 -54.594778,-15.330166,0 -54.594555,-15.330127,0 -54.594332,-15.330071,0 -54.594091,-15.330032,0 -54.593868,-15.329993,0 -54.593645,-15.329937,0 -54.593422,-15.329898,0 -54.593180,-15.329841,0 -54.592957,-15.329803,0 -54.592734,-15.329764,0 -54.592493,-15.329708,0 -54.592270,-15.329669,0 -54.592047,-15.329631,0</coordinates></LineString></Placemark>
<Placemark><name>G-15 - 7,41 km</name><description>Maxima 7412 m | Minima 5399 m | Reta 146 m | 115.98 ha</description><styleUrl>#rota</styleUrl><LineString><tessellate>1</tessellate><coordinates>-54.597239,-15.307065,0 -54.597334,-15.306849,0 -54.597430,-15.306652,0 -54.597525,-15.306436,0 -54.597602,-15.306220,0 -54.597976,-15.306097,0 -54.598254,-15.306191,0 -54.598438,-15.306355,0 -54.598622,-15.306538,0 -54.598825,-15.306703,0 -54.598841,-15.306938,0 -54.598857,-15.307155,0 -54.598873,-15.307390,0 -54.599096,-15.307483,0 -54.599318,-15.307557,0 -54.599540,-15.307650,0 -54.599781,-15.307743,0 -54.599722,-15.308031,0 -54.599982,-15.308124,0 -54.600260,-15.308218,0 -54.600300,-15.307983,0 -54.600340,-15.307767,0 -54.600398,-15.307533,0 -54.600438,-15.307298,0 -54.600496,-15.307082,0 -54.600536,-15.306848,0 -54.600595,-15.306613,0 -54.600635,-15.306379,0 -54.600693,-15.306163,0 -54.600733,-15.305928,0 -54.600791,-15.305694,0 -54.600831,-15.305478,0 -54.600890,-15.305243,0 -54.600929,-15.305009,0 -54.600988,-15.304775,0 -54.601028,-15.304558,0 -54.601086,-15.304324,0 -54.601348,-15.304200,0 -54.601552,-15.304329,0 -54.601755,-15.304440,0 -54.601977,-15.304568,0 -54.602180,-15.304697,0 -54.602421,-15.304826,0 -54.602643,-15.304955,0 -54.602883,-15.305084,0 -54.603124,-15.305213,0 -54.603346,-15.305360,0 -54.603548,-15.305525,0 -54.603770,-15.305672,0 -54.603973,-15.305800,0 -54.604177,-15.305929,0 -54.604380,-15.306058,0 -54.604583,-15.306186,0 -54.604768,-15.306315,0 -54.604953,-15.306461,0 -54.605137,-15.306590,0 -54.605341,-15.306718,0 -54.605562,-15.306865,0 -54.605765,-15.307012,0 -54.605987,-15.307159,0 -54.606209,-15.307306,0 -54.606412,-15.307416,0 -54.606616,-15.307545,0 -54.606819,-15.307656,0 -54.607023,-15.307766,0 -54.607226,-15.307895,0 -54.607430,-15.308006,0 -54.607652,-15.308134,0 -54.607873,-15.308281,0 -54.608077,-15.308410,0 -54.608298,-15.308539,0 -54.608502,-15.308668,0 -54.608801,-15.308508,0 -54.609082,-15.308367,0 -54.609326,-15.308243,0 -54.609551,-15.308119,0 -54.609775,-15.307995,0 -54.610000,-15.307870,0 -54.610225,-15.307746,0 -54.610468,-15.307623,0 -54.610693,-15.307498,0 -54.610918,-15.307392,0 -54.611161,-15.307287,0 -54.611666,-15.308683,0 -54.611459,-15.308898,0 -54.611252,-15.309094,0 -54.611045,-15.309291,0 -54.610633,-15.309485,0 -54.610222,-15.309607,0 -54.609923,-15.309731,0 -54.609605,-15.309854,0 -54.609399,-15.309978,0 -54.609212,-15.310103,0 -54.609005,-15.310227,0 -54.608818,-15.310369,0 -54.608611,-15.310512,0 -54.608423,-15.310654,0 -54.608236,-15.310797,0 -54.608103,-15.311030,0 -54.607970,-15.311246,0 -54.607837,-15.311461,0 -54.607686,-15.311694,0 -54.607645,-15.311947,0 -54.607587,-15.312217,0 -54.607546,-15.312470,0 -54.607450,-15.312794,0 -54.607353,-15.313118,0 -54.607164,-15.313333,0 -54.606994,-15.313530,0 -54.606769,-15.313672,0 -54.606563,-15.313814,0 -54.606357,-15.313957,0 -54.606113,-15.314117,0 -54.605850,-15.314294,0 -54.605679,-15.314654,0 -54.605767,-15.315089,0 -54.605876,-15.315289,0 -54.605985,-15.315488,0 -54.606114,-15.315689,0 -54.606260,-15.315871,0 -54.606407,-15.316053,0 -54.606628,-15.316290,0 -54.606662,-15.316598,0 -54.606325,-15.316703,0 -54.606064,-15.316754,0 -54.605821,-15.316824,0 -54.605560,-15.316893,0 -54.605317,-15.316945,0 -54.605056,-15.317014,0 -54.604778,-15.316867,0 -54.604556,-15.316756,0 -54.604353,-15.316645,0 -54.604151,-15.316372,0 -54.603968,-15.316117,0 -54.603877,-15.315899,0 -54.603787,-15.315664,0 -54.603603,-15.315481,0 -54.603400,-15.315316,0 -54.603158,-15.315259,0 -54.602898,-15.315220,0 -54.602657,-15.315164,0 -54.602415,-15.315161,0 -54.602173,-15.315140,0 -54.601931,-15.315120,0 -54.601689,-15.315099,0 -54.601448,-15.315078,0 -54.601168,-15.315093,0 -54.600889,-15.315090,0 -54.600701,-15.315233,0 -54.600532,-15.315394,0 -54.600417,-15.315664,0 -54.600302,-15.315933,0 -54.600188,-15.316203,0 -54.600017,-15.316418,0 -54.599570,-15.316449,0 -54.599310,-15.316392,0 -54.599069,-15.316354,0 -54.598849,-15.316062,0 -54.598815,-15.315755,0 -54.598763,-15.315429,0 -54.598804,-15.315122,0 -54.598826,-15.314797,0 -54.598866,-15.314563,0 -54.598887,-15.314346,0 -54.598927,-15.314112,0 -54.598948,-15.313877,0 -54.598988,-15.313661,0 -54.598990,-15.313426,0 -54.599012,-15.313191,0 -54.599033,-15.312957,0 -54.599054,-15.312722,0 -54.599057,-15.312469,0 -54.599079,-15.312234,0 -54.599100,-15.312000,0 -54.599103,-15.311765,0 -54.599124,-15.311530,0 -54.599145,-15.311295,0 -54.599166,-15.311061,0 -54.599169,-15.310826,0 -54.599304,-15.310448,0 -54.599081,-15.310373,0 -54.598859,-15.310299,0 -54.598636,-15.310224,0 -54.598414,-15.310149,0 -54.598191,-15.310075,0 -54.597968,-15.310000,0 -54.597746,-15.309925,0 -54.597523,-15.309851,0 -54.597301,-15.309776,0 -54.597060,-15.309701,0 -54.596837,-15.309626,0 -54.596615,-15.309552,0 -54.596392,-15.309477,0 -54.596169,-15.309402,0 -54.595947,-15.309328,0 -54.595724,-15.309253,0 -54.595502,-15.309178,0 -54.595279,-15.309104,0 -54.595057,-15.309029,0 -54.594834,-15.308954,0 -54.594612,-15.308880,0 -54.594389,-15.308805,0 -54.594167,-15.308730,0 -54.593944,-15.308656,0 -54.593722,-15.308581,0 -54.593499,-15.308506,0 -54.593258,-15.308432,0 -54.593035,-15.308357,0 -54.592813,-15.308282,0 -54.592590,-15.308208,0 -54.592368,-15.308133,0 -54.592145,-15.308058,0 -54.591923,-15.307984,0 -54.591700,-15.307909,0 -54.591478,-15.307834,0 -54.591255,-15.307760,0 -54.591032,-15.307685,0 -54.590810,-15.307610,0 -54.590587,-15.307536,0 -54.590365,-15.307461,0 -54.590142,-15.307386,0 -54.589920,-15.307312,0 -54.589697,-15.307237,0 -54.589639,-15.307453,0 -54.589599,-15.307687,0 -54.589559,-15.307904,0 -54.589501,-15.308138,0 -54.589461,-15.308355,0 -54.589421,-15.308571,0 -54.589363,-15.308805,0 -54.589323,-15.309022,0 -54.589283,-15.309256,0 -54.589225,-15.309472,0 -54.589185,-15.309707,0 -54.589145,-15.309923,0 -54.589087,-15.310157,0 -54.589047,-15.310374,0 -54.589007,-15.310608,0 -54.588949,-15.310824,0 -54.588909,-15.311059,0 -54.588869,-15.311275,0 -54.588811,-15.311509,0 -54.588771,-15.311726,0 -54.588731,-15.311960,0 -54.588673,-15.312176,0 -54.588633,-15.312393,0 -54.588593,-15.312627,0 -54.588535,-15.312843,0 -54.588495,-15.313078,0 -54.588455,-15.313294,0 -54.588396,-15.313529,0 -54.588357,-15.313745,0 -54.588317,-15.313979,0 -54.588259,-15.314196,0 -54.588219,-15.314430,0 -54.588179,-15.314646,0 -54.588139,-15.314881,0 -54.588081,-15.315097,0</coordinates></LineString></Placemark>
<Placemark><name>G-16 - 1,96 km</name><description>Maxima 1958 m | Minima 138 m | Reta 137 m | 58.91 ha</description><styleUrl>#rota</styleUrl><LineString><tessellate>1</tessellate><coordinates>-54.597239,-15.307065,0 -54.597016,-15.306990,0 -54.596794,-15.306916,0 -54.596571,-15.306841,0 -54.596349,-15.306748,0 -54.596126,-15.306674,0 -54.595904,-15.306599,0 -54.595681,-15.306524,0 -54.595459,-15.306450,0 -54.595236,-15.306357,0 -54.595014,-15.306282,0 -54.594791,-15.306208,0 -54.594569,-15.306133,0 -54.594346,-15.306058,0 -54.594124,-15.305966,0 -54.593883,-15.305891,0 -54.593660,-15.305816,0 -54.593438,-15.305741,0 -54.593215,-15.305667,0 -54.592993,-15.305574,0 -54.592770,-15.305499,0 -54.592548,-15.305425,0 -54.592325,-15.305350,0 -54.592103,-15.305275,0 -54.591880,-15.305201,0 -54.591658,-15.305108,0 -54.591435,-15.305033,0 -54.591213,-15.304959,0 -54.590990,-15.304884,0 -54.590768,-15.304809,0 -54.590545,-15.304716,0 -54.590304,-15.304642,0 -54.590081,-15.304567,0 -54.589859,-15.304492,0 -54.589636,-15.304418,0 -54.589414,-15.304325,0 -54.589192,-15.304250,0 -54.588969,-15.304175,0 -54.588747,-15.304101,0 -54.588805,-15.303867,0 -54.588882,-15.303632,0 -54.588941,-15.303398,0 -54.588999,-15.303146,0 -54.589077,-15.302912,0 -54.589135,-15.302678,0 -54.589194,-15.302443,0 -54.589271,-15.302209,0 -54.589329,-15.301975,0 -54.589388,-15.301741,0 -54.589465,-15.301507,0 -54.589653,-15.301382,0 -54.589840,-15.301240,0 -54.590047,-15.301116,0 -54.590234,-15.300991,0 -54.590422,-15.300849,0 -54.590609,-15.300724,0 -54.590816,-15.300600,0 -54.591003,-15.300457,0 -54.591191,-15.300333,0 -54.591379,-15.300208,0 -54.591620,-15.300301,0 -54.591861,-15.300376,0 -54.592102,-15.300469,0 -54.592324,-15.300562,0 -54.592565,-15.300655,0 -54.592787,-15.300748,0 -54.593010,-15.300822,0 -54.593232,-15.300915,0 -54.593473,-15.301008,0 -54.593732,-15.301119,0 -54.593992,-15.301212,0</coordinates></LineString></Placemark>
<Placemark><name>G-17 - 12,03 km</name><description>Maxima 12025 m | Minima 9802 m | Reta 5843 m | 94.77 ha</description><styleUrl>#rota</styleUrl><LineString><tessellate>1</tessellate><coordinates>-54.597239,-15.307065,0 -54.597334,-15.306849,0 -54.597430,-15.306652,0 -54.597525,-15.306436,0 -54.597602,-15.306220,0 -54.597976,-15.306097,0 -54.598254,-15.306191,0 -54.598438,-15.306355,0 -54.598622,-15.306538,0 -54.598825,-15.306703,0 -54.598841,-15.306938,0 -54.598857,-15.307155,0 -54.598873,-15.307390,0 -54.599096,-15.307483,0 -54.599318,-15.307557,0 -54.599540,-15.307650,0 -54.599781,-15.307743,0 -54.599722,-15.308031,0 -54.599982,-15.308124,0 -54.600260,-15.308218,0 -54.600300,-15.307983,0 -54.600340,-15.307767,0 -54.600398,-15.307533,0 -54.600438,-15.307298,0 -54.600496,-15.307082,0 -54.600536,-15.306848,0 -54.600595,-15.306613,0 -54.600635,-15.306379,0 -54.600693,-15.306163,0 -54.600733,-15.305928,0 -54.600791,-15.305694,0 -54.600831,-15.305478,0 -54.600890,-15.305243,0 -54.600929,-15.305009,0 -54.600988,-15.304775,0 -54.601028,-15.304558,0 -54.601086,-15.304324,0 -54.601348,-15.304200,0 -54.601552,-15.304329,0 -54.601755,-15.304440,0 -54.601977,-15.304568,0 -54.602180,-15.304697,0 -54.602421,-15.304826,0 -54.602643,-15.304955,0 -54.602883,-15.305084,0 -54.603124,-15.305213,0 -54.603346,-15.305360,0 -54.603548,-15.305525,0 -54.603770,-15.305672,0 -54.603973,-15.305800,0 -54.604177,-15.305929,0 -54.604380,-15.306058,0 -54.604583,-15.306186,0 -54.604768,-15.306315,0 -54.604953,-15.306461,0 -54.605137,-15.306590,0 -54.605341,-15.306718,0 -54.605562,-15.306865,0 -54.605765,-15.307012,0 -54.605987,-15.307159,0 -54.606209,-15.307306,0 -54.606412,-15.307416,0 -54.606616,-15.307545,0 -54.606819,-15.307656,0 -54.607023,-15.307766,0 -54.607226,-15.307895,0 -54.607430,-15.308006,0 -54.607652,-15.308134,0 -54.607873,-15.308281,0 -54.608077,-15.308410,0 -54.608298,-15.308539,0 -54.608502,-15.308668,0 -54.608801,-15.308508,0 -54.609082,-15.308367,0 -54.609326,-15.308243,0 -54.609551,-15.308119,0 -54.609775,-15.307995,0 -54.610000,-15.307870,0 -54.610225,-15.307746,0 -54.610468,-15.307623,0 -54.610693,-15.307498,0 -54.610918,-15.307392,0 -54.611161,-15.307287,0 -54.611666,-15.308683,0 -54.611928,-15.308596,0 -54.612208,-15.308508,0 -54.612489,-15.308421,0 -54.612712,-15.308405,0 -54.612954,-15.308372,0 -54.613197,-15.308356,0 -54.613439,-15.308341,0 -54.613736,-15.308398,0 -54.614033,-15.308456,0 -54.614330,-15.308531,0 -54.614553,-15.308624,0 -54.614775,-15.308698,0 -54.614998,-15.308791,0 -54.615219,-15.308974,0 -54.615459,-15.309157,0 -54.615699,-15.309341,0 -54.615864,-15.309505,0 -54.616048,-15.309688,0 -54.616214,-15.309870,0 -54.616379,-15.310071,0 -54.616526,-15.310253,0 -54.616691,-15.310453,0 -54.616875,-15.310636,0 -54.617059,-15.310837,0 -54.617243,-15.311038,0 -54.617409,-15.311202,0 -54.617574,-15.311384,0 -54.617740,-15.311567,0 -54.617942,-15.311822,0 -54.618163,-15.312059,0 -54.618291,-15.312259,0 -54.618437,-15.312442,0 -54.618566,-15.312642,0 -54.618694,-15.312824,0 -54.618506,-15.312966,0 -54.618299,-15.313145,0 -54.618130,-15.313287,0 -54.617942,-15.313430,0 -54.617755,-15.313554,0 -54.617567,-15.313697,0 -54.617379,-15.313840,0 -54.617191,-15.313982,0 -54.617004,-15.314107,0 -54.616816,-15.314249,0 -54.616628,-15.314392,0 -54.616440,-15.314534,0 -54.616253,-15.314659,0 -54.616065,-15.314801,0 -54.615877,-15.314944,0 -54.615689,-15.315086,0 -54.615521,-15.315211,0 -54.615333,-15.315354,0 -54.615145,-15.315496,0 -54.614957,-15.315639,0 -54.614770,-15.315763,0 -54.614582,-15.315906,0 -54.614394,-15.316048,0 -54.614206,-15.316191,0 -54.614019,-15.316315,0 -54.613831,-15.316458,0 -54.613643,-15.316600,0 -54.613455,-15.316743,0 -54.613268,-15.316867,0 -54.613080,-15.317010,0 -54.612911,-15.317153,0 -54.612723,-15.317295,0 -54.612535,-15.317420,0 -54.612348,-15.317562,0 -54.612160,-15.317705,0 -54.611972,-15.317847,0 -54.611784,-15.317972,0 -54.611597,-15.318114,0 -54.611409,-15.318257,0 -54.611221,-15.318399,0 -54.611033,-15.318524,0 -54.610846,-15.318666,0 -54.610658,-15.318809,0 -54.610470,-15.318951,0 -54.610301,-15.319076,0 -54.610113,-15.319219,0 -54.609926,-15.319361,0 -54.609738,-15.319504,0 -54.609550,-15.319628,0 -54.609362,-15.319771,0 -54.609175,-15.319913,0 -54.608987,-15.320056,0 -54.608799,-15.320180,0 -54.608611,-15.320323,0 -54.608424,-15.320465,0 -54.608236,-15.320608,0 -54.608364,-15.320808,0 -54.608492,-15.321008,0 -54.608620,-15.321226,0 -54.608765,-15.321517,0 -54.608893,-15.321753,0 -54.609021,-15.321971,0 -54.609130,-15.322207,0 -54.609258,-15.322426,0 -54.609348,-15.322680,0 -54.609457,-15.322916,0 -54.609603,-15.323206,0 -54.609674,-15.323442,0 -54.609746,-15.323696,0 -54.609836,-15.323931,0 -54.609908,-15.324203,0 -54.609998,-15.324475,0 -54.610069,-15.324747,0 -54.610141,-15.324983,0 -54.610213,-15.325200,0 -54.610266,-15.325418,0 -54.610338,-15.325653,0 -54.610391,-15.325871,0 -54.610463,-15.326106,0 -54.610535,-15.326324,0 -54.610588,-15.326559,0 -54.610771,-15.326832,0 -54.610843,-15.327086,0 -54.610896,-15.327340,0 -54.611060,-15.327630,0 -54.611151,-15.327830,0 -54.611315,-15.328121,0 -54.611498,-15.328394,0 -54.611663,-15.328667,0 -54.611827,-15.328940,0 -54.611937,-15.329158,0 -54.612027,-15.329393,0 -54.612118,-15.329611,0 -54.612227,-15.329847,0 -54.612336,-15.330047,0 -54.612445,-15.330265,0 -54.612573,-15.330483,0 -54.612626,-15.330719,0 -54.612698,-15.330973,0 -54.612751,-15.331208,0 -54.612823,-15.331444,0 -54.612895,-15.331661,0 -54.612948,-15.331897,0 -54.612983,-15.332132,0 -54.613017,-15.332385,0 -54.613051,-15.332639,0 -54.613012,-15.332855,0 -54.612953,-15.333089,0 -54.612913,-15.333324,0 -54.612873,-15.333631,0 -54.612813,-15.333937,0 -54.612755,-15.334171,0 -54.612696,-15.334424,0 -54.612637,-15.334658,0 -54.612541,-15.334946,0 -54.612463,-15.335234,0 -54.612349,-15.335468,0 -54.612235,-15.335683,0 -54.612139,-15.335917,0 -54.612025,-15.336133,0 -54.611929,-15.336367,0 -54.611833,-15.336601,0 -54.611719,-15.336852,0 -54.611623,-15.337086,0 -54.611490,-15.337356,0 -54.611356,-15.337644,0 -54.611372,-15.337897,0 -54.611369,-15.338131,0 -54.611366,-15.338384,0 -54.611382,-15.338638,0 -54.611379,-15.338890,0 -54.611376,-15.339125,0 -54.611152,-15.339177,0 -54.610929,-15.339211,0 -54.610705,-15.339245,0 -54.610462,-15.339278,0 -54.610238,-15.339330,0 -54.610015,-15.339364,0 -54.609772,-15.339397,0 -54.609548,-15.339431,0 -54.609324,-15.339483,0 -54.609082,-15.339516,0 -54.608858,-15.339550,0 -54.608634,-15.339584,0 -54.608392,-15.339635,0 -54.608168,-15.339669,0 -54.607944,-15.339703,0 -54.607720,-15.339737,0 -54.607478,-15.339788,0 -54.607254,-15.339822,0 -54.606973,-15.339963,0 -54.607082,-15.340181,0 -54.607173,-15.340381,0 -54.607282,-15.340599,0 -54.607373,-15.340799,0 -54.607482,-15.341017,0 -54.607573,-15.341217,0 -54.607718,-15.341598,0 -54.607827,-15.341834,0 -54.607918,-15.342015,0 -54.608027,-15.342251,0 -54.608118,-15.342451,0 -54.608208,-15.342651,0 -54.608317,-15.342887,0 -54.608408,-15.343087,0 -54.608518,-15.343287,0 -54.608608,-15.343504,0 -54.608699,-15.343704,0 -54.608808,-15.343922,0 -54.608899,-15.344122,0 -54.608990,-15.344340,0 -54.609099,-15.344539,0 -54.609190,-15.344757,0 -54.609281,-15.344957,0 -54.609390,-15.345175,0 -54.609481,-15.345375,0 -54.609571,-15.345593,0 -54.609681,-15.345792,0 -54.609771,-15.346010,0 -54.609862,-15.346210,0 -54.609971,-15.346428,0 -54.610062,-15.346628,0 -54.610153,-15.346827,0 -54.610262,-15.347045,0 -54.610353,-15.347245,0 -54.610444,-15.347463,0 -54.610553,-15.347663,0 -54.610644,-15.347881,0 -54.610735,-15.348080,0 -54.610844,-15.348298,0 -54.610935,-15.348498,0 -54.611025,-15.348716,0 -54.611135,-15.348916,0 -54.611225,-15.349134,0 -54.611316,-15.349333,0 -54.611350,-15.349641,0 -54.611459,-15.349859,0 -54.611550,-15.350059,0 -54.611659,-15.350258,0 -54.611750,-15.350476,0 -54.611860,-15.350676,0 -54.611950,-15.350894,0 -54.612060,-15.351094,0 -54.612150,-15.351294,0 -54.612260,-15.351512,0 -54.612351,-15.351711,0 -54.612460,-15.351929,0 -54.612551,-15.352129,0 -54.612660,-15.352347,0 -54.612751,-15.352547,0 -54.612860,-15.352747,0 -54.612951,-15.352964,0 -54.613060,-15.353164,0 -54.613151,-15.353382,0 -54.613260,-15.353582,0 -54.613351,-15.353782,0 -54.613460,-15.354000,0 -54.613551,-15.354200,0 -54.613660,-15.354418,0 -54.613751,-15.354617,0 -54.613861,-15.354817,0 -54.613951,-15.355035,0 -54.614061,-15.355235,0 -54.614151,-15.355453,0 -54.614261,-15.355653,0 -54.614352,-15.355852,0 -54.614461,-15.356070,0 -54.614552,-15.356270,0 -54.614661,-15.356488,0 -54.614752,-15.356688,0 -54.614861,-15.356888,0 -54.614952,-15.357105,0 -54.615061,-15.357305,0 -54.615152,-15.357523,0 -54.615261,-15.357723,0 -54.615352,-15.357941,0 -54.615164,-15.358083,0 -54.614995,-15.358226,0 -54.614807,-15.358369,0 -54.614619,-15.358511,0 -54.614450,-15.358654,0 -54.614262,-15.358796,0 -54.614074,-15.358957,0 -54.613905,-15.359100,0 -54.613754,-15.359279,0 -54.613585,-15.359422,0 -54.613397,-15.359564,0 -54.613209,-15.359707,0 -54.613040,-15.359849,0 -54.612852,-15.359992,0 -54.612683,-15.360135,0 -54.612495,-15.360277,0 -54.612326,-15.360438,0 -54.612138,-15.360581,0 -54.611950,-15.360723,0 -54.611781,-15.360866,0 -54.611593,-15.361008,0 -54.611572,-15.361225,0 -54.611532,-15.361459,0 -54.611621,-15.361786,0 -54.611693,-15.362057,0 -54.611746,-15.362311,0 -54.611873,-15.362619,0 -54.612056,-15.362874,0 -54.612090,-15.363182,0 -54.612068,-15.363471,0 -54.612231,-15.363888,0 -54.612358,-15.364106,0 -54.612505,-15.364343,0 -54.612669,-15.364597,0 -54.612852,-15.364870,0 -54.612999,-15.365071,0 -54.613146,-15.365253,0 -54.613293,-15.365453,0 -54.613439,-15.365654,0 -54.613586,-15.365836,0 -54.613752,-15.366036,0 -54.613899,-15.366219,0 -54.614064,-15.366401,0 -54.614246,-15.366801,0 -54.614355,-15.367000,0 -54.614446,-15.367218,0 -54.614611,-15.367419,0 -54.614758,-15.367637,0 -54.614904,-15.367856,0 -54.615032,-15.368038,0 -54.615160,-15.368238,0 -54.615289,-15.368438,0 -54.615453,-15.368675,0 -54.615637,-15.368929,0 -54.615765,-15.369130,0 -54.615911,-15.369348,0 -54.616300,-15.369533,0 -54.616577,-15.369735,0 -54.616816,-15.370008,0 -54.617055,-15.370300,0 -54.617183,-15.370500,0 -54.617330,-15.370682,0 -54.617477,-15.370882,0 -54.617623,-15.371083,0 -54.617805,-15.371500,0 -54.617877,-15.371736,0 -54.617948,-15.371990,0 -54.618149,-15.372335,0 -54.618333,-15.372518,0 -54.618518,-15.372700,0 -54.618740,-15.372793,0 -54.618981,-15.372886,0 -54.619203,-15.372979,0 -54.619407,-15.373053,0 -54.619630,-15.373146,0 -54.619889,-15.373311,0</coordinates></LineString></Placemark>
<Placemark><name>G-18 - 10,48 km</name><description>Maxima 10482 m | Minima 7943 m | Reta 3959 m | 147.09 ha</description><styleUrl>#rota</styleUrl><LineString><tessellate>1</tessellate><coordinates>-54.597239,-15.307065,0 -54.597334,-15.306849,0 -54.597430,-15.306652,0 -54.597525,-15.306436,0 -54.597602,-15.306220,0 -54.597976,-15.306097,0 -54.598254,-15.306191,0 -54.598438,-15.306355,0 -54.598622,-15.306538,0 -54.598825,-15.306703,0 -54.598841,-15.306938,0 -54.598857,-15.307155,0 -54.598873,-15.307390,0 -54.599096,-15.307483,0 -54.599318,-15.307557,0 -54.599540,-15.307650,0 -54.599781,-15.307743,0 -54.599722,-15.308031,0 -54.599982,-15.308124,0 -54.600260,-15.308218,0 -54.600300,-15.307983,0 -54.600340,-15.307767,0 -54.600398,-15.307533,0 -54.600438,-15.307298,0 -54.600496,-15.307082,0 -54.600536,-15.306848,0 -54.600595,-15.306613,0 -54.600635,-15.306379,0 -54.600693,-15.306163,0 -54.600733,-15.305928,0 -54.600791,-15.305694,0 -54.600831,-15.305478,0 -54.600890,-15.305243,0 -54.600929,-15.305009,0 -54.600988,-15.304775,0 -54.601028,-15.304558,0 -54.601086,-15.304324,0 -54.601348,-15.304200,0 -54.601552,-15.304329,0 -54.601755,-15.304440,0 -54.601977,-15.304568,0 -54.602180,-15.304697,0 -54.602421,-15.304826,0 -54.602643,-15.304955,0 -54.602883,-15.305084,0 -54.603124,-15.305213,0 -54.603346,-15.305360,0 -54.603548,-15.305525,0 -54.603770,-15.305672,0 -54.603973,-15.305800,0 -54.604177,-15.305929,0 -54.604380,-15.306058,0 -54.604583,-15.306186,0 -54.604768,-15.306315,0 -54.604953,-15.306461,0 -54.605137,-15.306590,0 -54.605341,-15.306718,0 -54.605562,-15.306865,0 -54.605765,-15.307012,0 -54.605987,-15.307159,0 -54.606209,-15.307306,0 -54.606412,-15.307416,0 -54.606616,-15.307545,0 -54.606819,-15.307656,0 -54.607023,-15.307766,0 -54.607226,-15.307895,0 -54.607430,-15.308006,0 -54.607652,-15.308134,0 -54.607873,-15.308281,0 -54.608077,-15.308410,0 -54.608298,-15.308539,0 -54.608502,-15.308668,0 -54.608801,-15.308508,0 -54.609082,-15.308367,0 -54.609326,-15.308243,0 -54.609551,-15.308119,0 -54.609775,-15.307995,0 -54.610000,-15.307870,0 -54.610225,-15.307746,0 -54.610468,-15.307623,0 -54.610693,-15.307498,0 -54.610918,-15.307392,0 -54.611161,-15.307287,0 -54.611666,-15.308683,0 -54.611928,-15.308596,0 -54.612208,-15.308508,0 -54.612489,-15.308421,0 -54.612712,-15.308405,0 -54.612954,-15.308372,0 -54.613197,-15.308356,0 -54.613439,-15.308341,0 -54.613736,-15.308398,0 -54.614033,-15.308456,0 -54.614330,-15.308531,0 -54.614553,-15.308624,0 -54.614775,-15.308698,0 -54.614998,-15.308791,0 -54.615219,-15.308974,0 -54.615459,-15.309157,0 -54.615699,-15.309341,0 -54.615864,-15.309505,0 -54.616048,-15.309688,0 -54.616214,-15.309870,0 -54.616379,-15.310071,0 -54.616526,-15.310253,0 -54.616691,-15.310453,0 -54.616875,-15.310636,0 -54.617059,-15.310837,0 -54.617243,-15.311038,0 -54.617409,-15.311202,0 -54.617574,-15.311384,0 -54.617740,-15.311567,0 -54.617942,-15.311822,0 -54.618163,-15.312059,0 -54.618291,-15.312259,0 -54.618437,-15.312442,0 -54.618566,-15.312642,0 -54.618694,-15.312824,0 -54.618506,-15.312966,0 -54.618299,-15.313145,0 -54.618130,-15.313287,0 -54.617942,-15.313430,0 -54.617755,-15.313554,0 -54.617567,-15.313697,0 -54.617379,-15.313840,0 -54.617191,-15.313982,0 -54.617004,-15.314107,0 -54.616816,-15.314249,0 -54.616628,-15.314392,0 -54.616440,-15.314534,0 -54.616253,-15.314659,0 -54.616065,-15.314801,0 -54.615877,-15.314944,0 -54.615689,-15.315086,0 -54.615521,-15.315211,0 -54.615333,-15.315354,0 -54.615145,-15.315496,0 -54.614957,-15.315639,0 -54.614770,-15.315763,0 -54.614582,-15.315906,0 -54.614394,-15.316048,0 -54.614206,-15.316191,0 -54.614019,-15.316315,0 -54.613831,-15.316458,0 -54.613643,-15.316600,0 -54.613455,-15.316743,0 -54.613268,-15.316867,0 -54.613080,-15.317010,0 -54.612911,-15.317153,0 -54.612723,-15.317295,0 -54.612535,-15.317420,0 -54.612348,-15.317562,0 -54.612160,-15.317705,0 -54.611972,-15.317847,0 -54.611784,-15.317972,0 -54.611597,-15.318114,0 -54.611409,-15.318257,0 -54.611221,-15.318399,0 -54.611033,-15.318524,0 -54.610846,-15.318666,0 -54.610658,-15.318809,0 -54.610470,-15.318951,0 -54.610301,-15.319076,0 -54.610113,-15.319219,0 -54.609926,-15.319361,0 -54.609738,-15.319504,0 -54.609550,-15.319628,0 -54.609362,-15.319771,0 -54.609175,-15.319913,0 -54.608987,-15.320056,0 -54.608799,-15.320180,0 -54.608611,-15.320323,0 -54.608424,-15.320465,0 -54.608236,-15.320608,0 -54.608364,-15.320808,0 -54.608492,-15.321008,0 -54.608620,-15.321226,0 -54.608765,-15.321517,0 -54.608893,-15.321753,0 -54.609021,-15.321971,0 -54.609130,-15.322207,0 -54.609258,-15.322426,0 -54.609348,-15.322680,0 -54.609457,-15.322916,0 -54.609603,-15.323206,0 -54.609674,-15.323442,0 -54.609746,-15.323696,0 -54.609836,-15.323931,0 -54.609908,-15.324203,0 -54.609998,-15.324475,0 -54.610069,-15.324747,0 -54.610141,-15.324983,0 -54.610213,-15.325200,0 -54.610266,-15.325418,0 -54.610338,-15.325653,0 -54.610391,-15.325871,0 -54.610463,-15.326106,0 -54.610535,-15.326324,0 -54.610588,-15.326559,0 -54.610771,-15.326832,0 -54.610843,-15.327086,0 -54.610896,-15.327340,0 -54.611060,-15.327630,0 -54.611151,-15.327830,0 -54.611315,-15.328121,0 -54.611498,-15.328394,0 -54.611663,-15.328667,0 -54.611827,-15.328940,0 -54.611937,-15.329158,0 -54.612027,-15.329393,0 -54.612118,-15.329611,0 -54.612227,-15.329847,0 -54.612336,-15.330047,0 -54.612445,-15.330265,0 -54.612573,-15.330483,0 -54.612626,-15.330719,0 -54.612698,-15.330973,0 -54.612751,-15.331208,0 -54.612823,-15.331444,0 -54.612895,-15.331661,0 -54.612948,-15.331897,0 -54.612983,-15.332132,0 -54.613017,-15.332385,0 -54.613051,-15.332639,0 -54.613012,-15.332855,0 -54.612953,-15.333089,0 -54.612913,-15.333324,0 -54.612873,-15.333631,0 -54.612813,-15.333937,0 -54.612755,-15.334171,0 -54.612696,-15.334424,0 -54.612637,-15.334658,0 -54.612541,-15.334946,0 -54.612463,-15.335234,0 -54.612349,-15.335468,0 -54.612235,-15.335683,0 -54.612139,-15.335917,0 -54.612025,-15.336133,0 -54.611929,-15.336367,0 -54.611833,-15.336601,0 -54.611719,-15.336852,0 -54.611623,-15.337086,0 -54.611490,-15.337356,0 -54.611356,-15.337644,0 -54.611372,-15.337897,0 -54.611369,-15.338131,0 -54.611366,-15.338384,0 -54.611382,-15.338638,0 -54.611379,-15.338890,0 -54.611376,-15.339125,0 -54.611152,-15.339177,0 -54.610929,-15.339211,0 -54.610705,-15.339245,0 -54.610462,-15.339278,0 -54.610238,-15.339330,0 -54.610015,-15.339364,0 -54.609772,-15.339397,0 -54.609548,-15.339431,0 -54.609324,-15.339483,0 -54.609082,-15.339516,0 -54.608858,-15.339550,0 -54.608634,-15.339584,0 -54.608392,-15.339635,0 -54.608168,-15.339669,0 -54.607944,-15.339703,0 -54.607720,-15.339737,0 -54.607478,-15.339788,0 -54.607254,-15.339822,0 -54.606973,-15.339963,0 -54.607082,-15.340181,0 -54.607173,-15.340381,0 -54.607282,-15.340599,0 -54.607373,-15.340799,0 -54.607482,-15.341017,0 -54.607573,-15.341217,0 -54.607718,-15.341598,0 -54.607827,-15.341834,0 -54.607918,-15.342015,0 -54.608027,-15.342251,0 -54.608118,-15.342451,0 -54.608208,-15.342651,0 -54.608317,-15.342887,0 -54.608408,-15.343087,0 -54.608518,-15.343287,0 -54.608608,-15.343504,0 -54.608699,-15.343704,0 -54.608808,-15.343922,0 -54.608899,-15.344122,0 -54.608990,-15.344340,0 -54.609099,-15.344539,0 -54.609190,-15.344757,0 -54.609281,-15.344957,0 -54.609390,-15.345175,0 -54.609481,-15.345375,0 -54.609571,-15.345593,0 -54.609681,-15.345792,0 -54.609771,-15.346010,0 -54.609862,-15.346210,0 -54.609971,-15.346428,0 -54.610062,-15.346628,0 -54.610153,-15.346827,0 -54.610262,-15.347045,0 -54.610353,-15.347245,0 -54.610444,-15.347463,0 -54.610553,-15.347663,0 -54.610644,-15.347881,0 -54.610735,-15.348080,0 -54.610844,-15.348298,0 -54.610935,-15.348498,0 -54.611025,-15.348716,0 -54.611135,-15.348916,0 -54.611225,-15.349134,0 -54.611316,-15.349333,0 -54.611350,-15.349641,0 -54.611459,-15.349859,0 -54.611550,-15.350059,0 -54.611659,-15.350258,0 -54.611750,-15.350476,0 -54.611860,-15.350676,0 -54.611950,-15.350894,0 -54.612060,-15.351094,0 -54.612150,-15.351294,0 -54.612260,-15.351512,0 -54.612351,-15.351711,0 -54.612460,-15.351929,0 -54.612551,-15.352129,0 -54.612660,-15.352347,0 -54.612751,-15.352547,0 -54.612860,-15.352747,0 -54.612951,-15.352964,0 -54.613060,-15.353164,0 -54.613151,-15.353382,0 -54.613260,-15.353582,0 -54.613351,-15.353782,0 -54.613460,-15.354000,0 -54.613551,-15.354200,0 -54.613660,-15.354418,0 -54.613751,-15.354617,0 -54.613861,-15.354817,0 -54.613951,-15.355035,0 -54.614061,-15.355235,0 -54.614151,-15.355453,0 -54.614261,-15.355653,0 -54.614352,-15.355852,0 -54.614461,-15.356070,0 -54.614552,-15.356270,0 -54.614661,-15.356488,0 -54.614752,-15.356688,0 -54.614861,-15.356888,0 -54.614952,-15.357105,0 -54.615061,-15.357305,0 -54.615152,-15.357523,0 -54.615261,-15.357723,0 -54.615352,-15.357941,0 -54.615164,-15.358083,0 -54.614995,-15.358226,0 -54.614807,-15.358369,0 -54.614619,-15.358511,0 -54.614450,-15.358654,0 -54.614262,-15.358796,0 -54.614074,-15.358957,0 -54.613905,-15.359100,0 -54.613717,-15.359242,0 -54.613529,-15.359385,0 -54.613360,-15.359528,0 -54.613172,-15.359670,0 -54.612985,-15.359813,0 -54.612815,-15.359973,0 -54.612627,-15.360116,0 -54.612439,-15.360259,0 -54.612270,-15.360401,0 -54.612082,-15.360544,0 -54.611895,-15.360686,0 -54.611725,-15.360847,0 -54.611537,-15.360990,0 -54.611409,-15.360790,0 -54.611262,-15.360607,0 -54.611134,-15.360425,0 -54.611006,-15.360243,0 -54.610821,-15.360079,0 -54.610637,-15.359932,0</coordinates></LineString></Placemark>
<Placemark><name>G-19 - 9,23 km</name><description>Maxima 9235 m | Minima 7443 m | Reta 3467 m | 120.74 ha</description><styleUrl>#rota</styleUrl><LineString><tessellate>1</tessellate><coordinates>-54.597239,-15.307065,0 -54.597334,-15.306849,0 -54.597430,-15.306652,0 -54.597525,-15.306436,0 -54.597602,-15.306220,0 -54.597976,-15.306097,0 -54.598254,-15.306191,0 -54.598438,-15.306355,0 -54.598622,-15.306538,0 -54.598825,-15.306703,0 -54.598841,-15.306938,0 -54.598857,-15.307155,0 -54.598873,-15.307390,0 -54.599096,-15.307483,0 -54.599318,-15.307557,0 -54.599540,-15.307650,0 -54.599781,-15.307743,0 -54.599722,-15.308031,0 -54.599982,-15.308124,0 -54.600260,-15.308218,0 -54.600300,-15.307983,0 -54.600340,-15.307767,0 -54.600398,-15.307533,0 -54.600438,-15.307298,0 -54.600496,-15.307082,0 -54.600536,-15.306848,0 -54.600595,-15.306613,0 -54.600635,-15.306379,0 -54.600693,-15.306163,0 -54.600733,-15.305928,0 -54.600791,-15.305694,0 -54.600831,-15.305478,0 -54.600890,-15.305243,0 -54.600929,-15.305009,0 -54.600988,-15.304775,0 -54.601028,-15.304558,0 -54.601086,-15.304324,0 -54.601348,-15.304200,0 -54.601552,-15.304329,0 -54.601755,-15.304440,0 -54.601977,-15.304568,0 -54.602180,-15.304697,0 -54.602421,-15.304826,0 -54.602643,-15.304955,0 -54.602883,-15.305084,0 -54.603124,-15.305213,0 -54.603346,-15.305360,0 -54.603548,-15.305525,0 -54.603770,-15.305672,0 -54.603973,-15.305800,0 -54.604177,-15.305929,0 -54.604380,-15.306058,0 -54.604583,-15.306186,0 -54.604768,-15.306315,0 -54.604953,-15.306461,0 -54.605137,-15.306590,0 -54.605341,-15.306718,0 -54.605562,-15.306865,0 -54.605765,-15.307012,0 -54.605987,-15.307159,0 -54.606209,-15.307306,0 -54.606412,-15.307416,0 -54.606616,-15.307545,0 -54.606819,-15.307656,0 -54.607023,-15.307766,0 -54.607226,-15.307895,0 -54.607430,-15.308006,0 -54.607652,-15.308134,0 -54.607873,-15.308281,0 -54.608077,-15.308410,0 -54.608298,-15.308539,0 -54.608502,-15.308668,0 -54.608801,-15.308508,0 -54.609082,-15.308367,0 -54.609326,-15.308243,0 -54.609551,-15.308119,0 -54.609775,-15.307995,0 -54.610000,-15.307870,0 -54.610225,-15.307746,0 -54.610468,-15.307623,0 -54.610693,-15.307498,0 -54.610918,-15.307392,0 -54.611161,-15.307287,0 -54.611666,-15.308683,0 -54.611459,-15.308898,0 -54.611252,-15.309094,0 -54.611045,-15.309291,0 -54.610633,-15.309485,0 -54.610222,-15.309607,0 -54.609923,-15.309731,0 -54.609605,-15.309854,0 -54.609399,-15.309978,0 -54.609212,-15.310103,0 -54.609005,-15.310227,0 -54.608818,-15.310369,0 -54.608611,-15.310512,0 -54.608423,-15.310654,0 -54.608236,-15.310797,0 -54.608103,-15.311030,0 -54.607970,-15.311246,0 -54.607837,-15.311461,0 -54.607686,-15.311694,0 -54.607645,-15.311947,0 -54.607587,-15.312217,0 -54.607546,-15.312470,0 -54.607450,-15.312794,0 -54.607353,-15.313118,0 -54.607164,-15.313333,0 -54.606994,-15.313530,0 -54.606769,-15.313672,0 -54.606563,-15.313814,0 -54.606357,-15.313957,0 -54.606113,-15.314117,0 -54.605850,-15.314294,0 -54.605679,-15.314654,0 -54.605767,-15.315089,0 -54.605876,-15.315289,0 -54.605985,-15.315488,0 -54.606114,-15.315689,0 -54.606260,-15.315871,0 -54.606407,-15.316053,0 -54.606628,-15.316290,0 -54.606662,-15.316598,0 -54.606325,-15.316703,0 -54.606064,-15.316754,0 -54.605821,-15.316824,0 -54.605560,-15.316893,0 -54.605317,-15.316945,0 -54.605056,-15.317014,0 -54.604778,-15.316867,0 -54.604556,-15.316756,0 -54.604353,-15.316645,0 -54.604151,-15.316372,0 -54.603968,-15.316117,0 -54.603877,-15.315899,0 -54.603787,-15.315664,0 -54.603603,-15.315481,0 -54.603400,-15.315316,0 -54.603158,-15.315259,0 -54.602898,-15.315220,0 -54.602657,-15.315164,0 -54.602415,-15.315161,0 -54.602173,-15.315140,0 -54.601931,-15.315120,0 -54.601689,-15.315099,0 -54.601448,-15.315078,0 -54.601168,-15.315093,0 -54.600889,-15.315090,0 -54.600701,-15.315233,0 -54.600532,-15.315394,0 -54.600417,-15.315664,0 -54.600302,-15.315933,0 -54.600188,-15.316203,0 -54.600485,-15.316261,0 -54.600932,-15.316229,0 -54.601323,-15.316215,0 -54.601732,-15.316292,0 -54.601972,-15.316475,0 -54.601913,-15.316691,0 -54.601873,-15.316926,0 -54.601834,-15.317142,0 -54.601775,-15.317359,0 -54.601735,-15.317593,0 -54.601696,-15.317809,0 -54.601637,-15.318044,0 -54.601598,-15.318260,0 -54.601558,-15.318476,0 -54.601518,-15.318711,0 -54.601460,-15.318927,0 -54.601420,-15.319162,0 -54.601380,-15.319378,0 -54.601322,-15.319594,0 -54.601282,-15.319829,0 -54.601242,-15.320045,0 -54.601184,-15.320261,0 -54.601144,-15.320496,0 -54.601104,-15.320712,0 -54.601046,-15.320946,0 -54.601006,-15.321163,0 -54.600966,-15.321379,0 -54.600908,-15.321613,0 -54.600904,-15.321920,0 -54.600865,-15.322137,0 -54.600825,-15.322353,0 -54.600785,-15.322588,0 -54.600745,-15.322804,0 -54.600705,-15.323020,0 -54.600647,-15.323255,0 -54.600607,-15.323471,0 -54.600568,-15.323687,0 -54.600528,-15.323922,0 -54.600488,-15.324138,0 -54.600430,-15.324355,0 -54.600390,-15.324589,0 -54.600350,-15.324805,0 -54.600310,-15.325022,0 -54.600271,-15.325238,0 -54.600212,-15.325472,0 -54.600172,-15.325689,0 -54.600133,-15.325905,0 -54.600093,-15.326140,0 -54.600053,-15.326356,0 -54.599995,-15.326572,0 -54.599955,-15.326807,0 -54.599915,-15.327023,0 -54.599875,-15.327239,0 -54.599835,-15.327474,0 -54.599777,-15.327690,0 -54.599737,-15.327907,0 -54.599698,-15.328141,0 -54.599658,-15.328357,0 -54.599618,-15.328574,0 -54.599560,-15.328808,0 -54.599520,-15.329024,0 -54.599480,-15.329241,0 -54.599440,-15.329475,0 -54.599401,-15.329692,0 -54.599342,-15.329908,0 -54.599303,-15.330124,0 -54.599263,-15.330359,0 -54.599223,-15.330575,0 -54.599183,-15.330791,0 -54.599124,-15.331080,0 -54.599084,-15.331296,0 -54.599026,-15.331513,0 -54.598986,-15.331747,0 -54.598946,-15.331963,0 -54.598888,-15.332198,0 -54.598848,-15.332414,0 -54.598808,-15.332630,0 -54.598769,-15.332865,0 -54.598710,-15.333081,0 -54.598670,-15.333315,0 -54.598631,-15.333532,0 -54.598572,-15.333748,0 -54.598532,-15.333983,0 -54.598493,-15.334199,0 -54.598453,-15.334433,0 -54.598394,-15.334650,0 -54.598355,-15.334866,0 -54.598315,-15.335100,0 -54.598256,-15.335317,0 -54.598217,-15.335551,0 -54.598158,-15.335821,0 -54.598099,-15.336056,0 -54.598040,-15.336308,0 -54.597982,-15.336542,0 -54.597923,-15.336777,0 -54.597883,-15.337029,0 -54.597843,-15.337264,0 -54.597785,-15.337498,0 -54.597745,-15.337750,0 -54.597705,-15.337985,0 -54.597646,-15.338219,0 -54.597606,-15.338472,0 -54.597547,-15.338706,0 -54.597507,-15.338958,0 -54.597467,-15.339193,0 -54.597445,-15.339500,0 -54.597460,-15.339825,0 -54.597420,-15.340060,0 -54.597380,-15.340276,0 -54.597322,-15.340510,0 -54.597282,-15.340727,0 -54.597243,-15.340943,0 -54.597203,-15.341177,0 -54.597163,-15.341394,0 -54.597123,-15.341610,0 -54.597065,-15.341844,0 -54.597025,-15.342061,0 -54.596985,-15.342295,0 -54.596945,-15.342512,0 -54.596906,-15.342728,0 -54.596866,-15.342963,0 -54.596807,-15.343179,0 -54.596767,-15.343413,0 -54.596728,-15.343630,0 -54.596688,-15.343846,0 -54.596853,-15.344028,0 -54.597038,-15.344193,0 -54.597203,-15.344357,0 -54.597388,-15.344522,0 -54.597553,-15.344704,0 -54.597719,-15.344869,0 -54.597903,-15.345015,0 -54.598088,-15.345162,0 -54.598273,-15.345290,0 -54.598457,-15.345437,0 -54.598642,-15.345583,0 -54.598826,-15.345730,0 -54.599011,-15.345858,0 -54.599196,-15.346005,0 -54.599380,-15.346152,0 -54.599565,-15.346298,0 -54.599731,-15.346426,0 -54.599915,-15.346573,0 -54.600100,-15.346719,0 -54.600284,-15.346866,0 -54.600469,-15.347012,0 -54.600653,-15.347141,0 -54.600838,-15.347287,0 -54.601023,-15.347434,0 -54.601207,-15.347581,0 -54.601392,-15.347709,0 -54.601558,-15.347855,0 -54.601742,-15.348002,0 -54.601927,-15.348148,0 -54.602111,-15.348277,0 -54.602296,-15.348423,0 -54.602481,-15.348570,0 -54.602665,-15.348716,0 -54.602850,-15.348845,0 -54.603034,-15.348991,0 -54.603219,-15.349138,0 -54.603385,-15.349284,0 -54.603569,-15.349431,0 -54.603754,-15.349559,0 -54.603938,-15.349706,0 -54.604123,-15.349852,0 -54.604365,-15.349837,0 -54.604589,-15.349821,0 -54.604812,-15.349806,0 -54.605055,-15.349790,0 -54.605278,-15.349774,0 -54.605521,-15.349741,0 -54.605744,-15.349725,0 -54.605987,-15.349710,0 -54.606210,-15.349694,0 -54.606452,-15.349679,0 -54.606676,-15.349663,0</coordinates></LineString></Placemark>
<Placemark><name>G-20 - 8,03 km</name><description>Maxima 8030 m | Minima 5655 m | Reta 2399 m | 181.22 ha</description><styleUrl>#rota</styleUrl><LineString><tessellate>1</tessellate><coordinates>-54.597239,-15.307065,0 -54.597334,-15.306849,0 -54.597430,-15.306652,0 -54.597525,-15.306436,0 -54.597602,-15.306220,0 -54.597976,-15.306097,0 -54.598254,-15.306191,0 -54.598438,-15.306355,0 -54.598622,-15.306538,0 -54.598825,-15.306703,0 -54.598841,-15.306938,0 -54.598857,-15.307155,0 -54.598873,-15.307390,0 -54.599096,-15.307483,0 -54.599318,-15.307557,0 -54.599540,-15.307650,0 -54.599781,-15.307743,0 -54.599722,-15.308031,0 -54.599982,-15.308124,0 -54.600260,-15.308218,0 -54.600300,-15.307983,0 -54.600340,-15.307767,0 -54.600398,-15.307533,0 -54.600438,-15.307298,0 -54.600496,-15.307082,0 -54.600536,-15.306848,0 -54.600595,-15.306613,0 -54.600635,-15.306379,0 -54.600693,-15.306163,0 -54.600733,-15.305928,0 -54.600791,-15.305694,0 -54.600831,-15.305478,0 -54.600890,-15.305243,0 -54.600929,-15.305009,0 -54.600988,-15.304775,0 -54.601028,-15.304558,0 -54.601086,-15.304324,0 -54.601348,-15.304200,0 -54.601552,-15.304329,0 -54.601755,-15.304440,0 -54.601977,-15.304568,0 -54.602180,-15.304697,0 -54.602421,-15.304826,0 -54.602643,-15.304955,0 -54.602883,-15.305084,0 -54.603124,-15.305213,0 -54.603346,-15.305360,0 -54.603548,-15.305525,0 -54.603770,-15.305672,0 -54.603973,-15.305800,0 -54.604177,-15.305929,0 -54.604380,-15.306058,0 -54.604583,-15.306186,0 -54.604768,-15.306315,0 -54.604953,-15.306461,0 -54.605137,-15.306590,0 -54.605341,-15.306718,0 -54.605562,-15.306865,0 -54.605765,-15.307012,0 -54.605987,-15.307159,0 -54.606209,-15.307306,0 -54.606412,-15.307416,0 -54.606616,-15.307545,0 -54.606819,-15.307656,0 -54.607023,-15.307766,0 -54.607226,-15.307895,0 -54.607430,-15.308006,0 -54.607652,-15.308134,0 -54.607873,-15.308281,0 -54.608077,-15.308410,0 -54.608298,-15.308539,0 -54.608502,-15.308668,0 -54.608801,-15.308508,0 -54.609082,-15.308367,0 -54.609326,-15.308243,0 -54.609551,-15.308119,0 -54.609775,-15.307995,0 -54.610000,-15.307870,0 -54.610225,-15.307746,0 -54.610468,-15.307623,0 -54.610693,-15.307498,0 -54.610918,-15.307392,0 -54.611161,-15.307287,0 -54.611666,-15.308683,0 -54.611928,-15.308596,0 -54.612208,-15.308508,0 -54.612489,-15.308421,0 -54.612712,-15.308405,0 -54.612954,-15.308372,0 -54.613197,-15.308356,0 -54.613439,-15.308341,0 -54.613736,-15.308398,0 -54.614033,-15.308456,0 -54.614330,-15.308531,0 -54.614553,-15.308624,0 -54.614775,-15.308698,0 -54.614998,-15.308791,0 -54.615219,-15.308974,0 -54.615459,-15.309157,0 -54.615699,-15.309341,0 -54.615864,-15.309505,0 -54.616048,-15.309688,0 -54.616214,-15.309870,0 -54.616379,-15.310071,0 -54.616526,-15.310253,0 -54.616691,-15.310453,0 -54.616875,-15.310636,0 -54.617059,-15.310837,0 -54.617243,-15.311038,0 -54.617409,-15.311202,0 -54.617574,-15.311384,0 -54.617740,-15.311567,0 -54.617942,-15.311822,0 -54.618163,-15.312059,0 -54.618291,-15.312259,0 -54.618437,-15.312442,0 -54.618566,-15.312642,0 -54.618694,-15.312824,0 -54.618506,-15.312966,0 -54.618299,-15.313145,0 -54.618130,-15.313287,0 -54.617942,-15.313430,0 -54.617755,-15.313554,0 -54.617567,-15.313697,0 -54.617379,-15.313840,0 -54.617191,-15.313982,0 -54.617004,-15.314107,0 -54.616816,-15.314249,0 -54.616628,-15.314392,0 -54.616440,-15.314534,0 -54.616253,-15.314659,0 -54.616065,-15.314801,0 -54.615877,-15.314944,0 -54.615689,-15.315086,0 -54.615521,-15.315211,0 -54.615333,-15.315354,0 -54.615145,-15.315496,0 -54.614957,-15.315639,0 -54.614770,-15.315763,0 -54.614582,-15.315906,0 -54.614394,-15.316048,0 -54.614206,-15.316191,0 -54.614019,-15.316315,0 -54.613831,-15.316458,0 -54.613643,-15.316600,0 -54.613455,-15.316743,0 -54.613268,-15.316867,0 -54.613080,-15.317010,0 -54.612911,-15.317153,0 -54.612723,-15.317295,0 -54.612535,-15.317420,0 -54.612348,-15.317562,0 -54.612160,-15.317705,0 -54.611972,-15.317847,0 -54.611784,-15.317972,0 -54.611597,-15.318114,0 -54.611409,-15.318257,0 -54.611221,-15.318399,0 -54.611033,-15.318524,0 -54.610846,-15.318666,0 -54.610658,-15.318809,0 -54.610470,-15.318951,0 -54.610301,-15.319076,0 -54.610113,-15.319219,0 -54.609926,-15.319361,0 -54.609738,-15.319504,0 -54.609550,-15.319628,0 -54.609362,-15.319771,0 -54.609175,-15.319913,0 -54.608987,-15.320056,0 -54.608799,-15.320180,0 -54.608611,-15.320323,0 -54.608424,-15.320465,0 -54.608236,-15.320608,0 -54.608364,-15.320808,0 -54.608492,-15.321008,0 -54.608620,-15.321226,0 -54.608765,-15.321517,0 -54.608893,-15.321753,0 -54.609021,-15.321971,0 -54.609130,-15.322207,0 -54.609258,-15.322426,0 -54.609348,-15.322680,0 -54.609457,-15.322916,0 -54.609603,-15.323206,0 -54.609674,-15.323442,0 -54.609746,-15.323696,0 -54.609836,-15.323931,0 -54.609908,-15.324203,0 -54.609998,-15.324475,0 -54.610069,-15.324747,0 -54.610141,-15.324983,0 -54.610213,-15.325200,0 -54.610266,-15.325418,0 -54.610338,-15.325653,0 -54.610391,-15.325871,0 -54.610463,-15.326106,0 -54.610535,-15.326324,0 -54.610588,-15.326559,0 -54.610771,-15.326832,0 -54.610843,-15.327086,0 -54.610896,-15.327340,0 -54.611060,-15.327630,0 -54.611151,-15.327830,0 -54.611315,-15.328121,0 -54.611498,-15.328394,0 -54.611663,-15.328667,0 -54.611827,-15.328940,0 -54.611937,-15.329158,0 -54.612027,-15.329393,0 -54.612118,-15.329611,0 -54.612227,-15.329847,0 -54.612336,-15.330047,0 -54.612445,-15.330265,0 -54.612573,-15.330483,0 -54.612626,-15.330719,0 -54.612698,-15.330973,0 -54.612751,-15.331208,0 -54.612823,-15.331444,0 -54.612895,-15.331661,0 -54.612948,-15.331897,0 -54.612983,-15.332132,0 -54.613017,-15.332385,0 -54.613051,-15.332639,0 -54.613012,-15.332855,0 -54.612953,-15.333089,0 -54.612913,-15.333324,0 -54.612873,-15.333631,0 -54.612813,-15.333937,0 -54.612755,-15.334171,0 -54.612696,-15.334424,0 -54.612637,-15.334658,0 -54.612541,-15.334946,0 -54.612463,-15.335234,0 -54.612349,-15.335468,0 -54.612235,-15.335683,0 -54.612139,-15.335917,0 -54.612025,-15.336133,0 -54.611929,-15.336367,0 -54.611833,-15.336601,0 -54.611719,-15.336852,0 -54.611623,-15.337086,0 -54.611490,-15.337356,0 -54.611356,-15.337644,0 -54.611372,-15.337897,0 -54.611369,-15.338131,0 -54.611366,-15.338384,0 -54.611382,-15.338638,0 -54.611379,-15.338890,0 -54.611376,-15.339125,0 -54.611152,-15.339177,0 -54.610929,-15.339211,0 -54.610705,-15.339245,0 -54.610462,-15.339278,0 -54.610238,-15.339330,0 -54.610015,-15.339364,0 -54.609772,-15.339397,0 -54.609548,-15.339431,0 -54.609324,-15.339483,0 -54.609082,-15.339516,0 -54.608858,-15.339550,0 -54.608634,-15.339584,0 -54.608392,-15.339635,0 -54.608168,-15.339669,0 -54.607944,-15.339703,0 -54.607720,-15.339737,0 -54.607478,-15.339788,0 -54.607254,-15.339822,0 -54.607030,-15.339856,0 -54.606787,-15.339907,0 -54.606564,-15.339887,0 -54.606322,-15.339884,0 -54.606099,-15.339864,0 -54.605857,-15.339861,0 -54.605634,-15.339841,0 -54.605392,-15.339838,0 -54.605150,-15.339835,0 -54.604926,-15.339815,0 -54.604684,-15.339812,0 -54.604461,-15.339792,0 -54.604219,-15.339789,0 -54.603996,-15.339769,0 -54.603754,-15.339766,0 -54.603531,-15.339764,0 -54.603289,-15.339743,0 -54.603047,-15.339741,0</coordinates></LineString></Placemark>
<Placemark><name>G-21 - 6,65 km</name><description>Maxima 6654 m | Minima 4848 m | Reta 1064 m | 101.37 ha</description><styleUrl>#rota</styleUrl><LineString><tessellate>1</tessellate><coordinates>-54.597239,-15.307065,0 -54.597334,-15.306849,0 -54.597430,-15.306652,0 -54.597525,-15.306436,0 -54.597602,-15.306220,0 -54.597976,-15.306097,0 -54.598254,-15.306191,0 -54.598438,-15.306355,0 -54.598622,-15.306538,0 -54.598825,-15.306703,0 -54.598841,-15.306938,0 -54.598857,-15.307155,0 -54.598873,-15.307390,0 -54.599096,-15.307483,0 -54.599318,-15.307557,0 -54.599540,-15.307650,0 -54.599781,-15.307743,0 -54.599722,-15.308031,0 -54.599982,-15.308124,0 -54.600260,-15.308218,0 -54.600300,-15.307983,0 -54.600340,-15.307767,0 -54.600398,-15.307533,0 -54.600438,-15.307298,0 -54.600496,-15.307082,0 -54.600536,-15.306848,0 -54.600595,-15.306613,0 -54.600635,-15.306379,0 -54.600693,-15.306163,0 -54.600733,-15.305928,0 -54.600791,-15.305694,0 -54.600831,-15.305478,0 -54.600890,-15.305243,0 -54.600929,-15.305009,0 -54.600988,-15.304775,0 -54.601028,-15.304558,0 -54.601086,-15.304324,0 -54.601348,-15.304200,0 -54.601552,-15.304329,0 -54.601755,-15.304440,0 -54.601977,-15.304568,0 -54.602180,-15.304697,0 -54.602421,-15.304826,0 -54.602643,-15.304955,0 -54.602883,-15.305084,0 -54.603124,-15.305213,0 -54.603346,-15.305360,0 -54.603548,-15.305525,0 -54.603770,-15.305672,0 -54.603973,-15.305800,0 -54.604177,-15.305929,0 -54.604380,-15.306058,0 -54.604583,-15.306186,0 -54.604768,-15.306315,0 -54.604953,-15.306461,0 -54.605137,-15.306590,0 -54.605341,-15.306718,0 -54.605562,-15.306865,0 -54.605765,-15.307012,0 -54.605987,-15.307159,0 -54.606209,-15.307306,0 -54.606412,-15.307416,0 -54.606616,-15.307545,0 -54.606819,-15.307656,0 -54.607023,-15.307766,0 -54.607226,-15.307895,0 -54.607430,-15.308006,0 -54.607652,-15.308134,0 -54.607873,-15.308281,0 -54.608077,-15.308410,0 -54.608298,-15.308539,0 -54.608502,-15.308668,0 -54.608801,-15.308508,0 -54.609082,-15.308367,0 -54.609326,-15.308243,0 -54.609551,-15.308119,0 -54.609775,-15.307995,0 -54.610000,-15.307870,0 -54.610225,-15.307746,0 -54.610468,-15.307623,0 -54.610693,-15.307498,0 -54.610918,-15.307392,0 -54.611161,-15.307287,0 -54.611666,-15.308683,0 -54.611459,-15.308898,0 -54.611252,-15.309094,0 -54.611045,-15.309291,0 -54.610633,-15.309485,0 -54.610222,-15.309607,0 -54.609923,-15.309731,0 -54.609605,-15.309854,0 -54.609399,-15.309978,0 -54.609212,-15.310103,0 -54.609005,-15.310227,0 -54.608818,-15.310369,0 -54.608611,-15.310512,0 -54.608423,-15.310654,0 -54.608236,-15.310797,0 -54.608103,-15.311030,0 -54.607970,-15.311246,0 -54.607837,-15.311461,0 -54.607686,-15.311694,0 -54.607645,-15.311947,0 -54.607587,-15.312217,0 -54.607546,-15.312470,0 -54.607450,-15.312794,0 -54.607353,-15.313118,0 -54.607164,-15.313333,0 -54.606994,-15.313530,0 -54.606769,-15.313672,0 -54.606563,-15.313814,0 -54.606357,-15.313957,0 -54.606113,-15.314117,0 -54.605850,-15.314294,0 -54.605679,-15.314654,0 -54.605767,-15.315089,0 -54.605876,-15.315289,0 -54.605985,-15.315488,0 -54.606114,-15.315689,0 -54.606260,-15.315871,0 -54.606407,-15.316053,0 -54.606628,-15.316290,0 -54.606662,-15.316598,0 -54.606325,-15.316703,0 -54.606064,-15.316754,0 -54.605821,-15.316824,0 -54.605560,-15.316893,0 -54.605317,-15.316945,0 -54.605056,-15.317014,0 -54.604778,-15.316867,0 -54.604556,-15.316756,0 -54.604353,-15.316645,0 -54.604151,-15.316372,0 -54.603968,-15.316117,0 -54.603877,-15.315899,0 -54.603787,-15.315664,0 -54.603603,-15.315481,0 -54.603400,-15.315316,0 -54.603158,-15.315259,0 -54.602898,-15.315220,0 -54.602657,-15.315164,0 -54.602415,-15.315161,0 -54.602173,-15.315140,0 -54.601931,-15.315120,0 -54.601689,-15.315099,0 -54.601448,-15.315078,0 -54.601168,-15.315093,0 -54.600889,-15.315090,0 -54.600701,-15.315233,0 -54.600532,-15.315394,0 -54.600417,-15.315664,0 -54.600302,-15.315933,0 -54.600188,-15.316203,0 -54.600485,-15.316261,0 -54.600932,-15.316229,0 -54.601323,-15.316215,0 -54.601732,-15.316292,0 -54.601972,-15.316475,0 -54.601913,-15.316691,0 -54.601873,-15.316926,0 -54.601834,-15.317142,0 -54.601848,-15.317486,0 -54.601809,-15.317702,0 -54.601769,-15.317937,0 -54.601729,-15.318153,0 -54.601689,-15.318369,0 -54.601631,-15.318604,0 -54.601591,-15.318820,0 -54.601551,-15.319055,0 -54.601512,-15.319271,0 -54.601472,-15.319487,0 -54.601432,-15.319722,0 -54.601374,-15.319938,0 -54.601334,-15.320154,0 -54.601294,-15.320389,0 -54.601254,-15.320605,0 -54.601215,-15.320822,0 -54.601156,-15.321056,0 -54.601116,-15.321272,0 -54.601077,-15.321489,0 -54.601037,-15.321723,0 -54.600997,-15.321939,0 -54.600939,-15.322156,0 -54.600899,-15.322390,0 -54.600859,-15.322607,0 -54.600819,-15.322823,0 -54.600780,-15.323057,0 -54.600740,-15.323274,0 -54.600682,-15.323490,0 -54.600642,-15.323724,0 -54.600602,-15.323941,0 -54.600562,-15.324175,0 -54.600522,-15.324392,0 -54.600464,-15.324608,0 -54.600424,-15.324842,0 -54.600384,-15.325059,0 -54.600345,-15.325275,0 -54.600305,-15.325510,0 -54.600246,-15.325726,0 -54.600207,-15.325942,0 -54.600167,-15.326177,0 -54.600127,-15.326393,0 -54.600087,-15.326609,0 -54.600047,-15.326844,0 -54.599989,-15.327060,0 -54.599949,-15.327276,0 -54.599910,-15.327511,0 -54.599870,-15.327727,0 -54.599830,-15.327944,0 -54.599772,-15.328178,0 -54.599732,-15.328394,0 -54.599692,-15.328611,0 -54.599652,-15.328845,0 -54.599613,-15.329062,0 -54.599573,-15.329296,0 -54.599514,-15.329512,0 -54.599475,-15.329729,0 -54.599435,-15.329963,0 -54.599395,-15.330179,0 -54.599355,-15.330396,0 -54.599579,-15.330326,0 -54.599785,-15.330256,0 -54.600010,-15.330168,0 -54.600234,-15.330098,0 -54.600458,-15.330010,0 -54.600682,-15.329940,0 -54.600907,-15.329870,0 -54.601131,-15.329783,0 -54.601355,-15.329713,0 -54.601579,-15.329643,0</coordinates></LineString></Placemark>
<Placemark><name>G-22 - 6,40 km</name><description>Maxima 6401 m | Minima 4648 m | Reta 363 m | 46.71 ha</description><styleUrl>#rota</styleUrl><LineString><tessellate>1</tessellate><coordinates>-54.597239,-15.307065,0 -54.597334,-15.306849,0 -54.597430,-15.306652,0 -54.597525,-15.306436,0 -54.597602,-15.306220,0 -54.597976,-15.306097,0 -54.598254,-15.306191,0 -54.598438,-15.306355,0 -54.598622,-15.306538,0 -54.598825,-15.306703,0 -54.598841,-15.306938,0 -54.598857,-15.307155,0 -54.598873,-15.307390,0 -54.599096,-15.307483,0 -54.599318,-15.307557,0 -54.599540,-15.307650,0 -54.599781,-15.307743,0 -54.599722,-15.308031,0 -54.599982,-15.308124,0 -54.600260,-15.308218,0 -54.600300,-15.307983,0 -54.600340,-15.307767,0 -54.600398,-15.307533,0 -54.600438,-15.307298,0 -54.600496,-15.307082,0 -54.600536,-15.306848,0 -54.600595,-15.306613,0 -54.600635,-15.306379,0 -54.600693,-15.306163,0 -54.600733,-15.305928,0 -54.600791,-15.305694,0 -54.600831,-15.305478,0 -54.600890,-15.305243,0 -54.600929,-15.305009,0 -54.600988,-15.304775,0 -54.601028,-15.304558,0 -54.601086,-15.304324,0 -54.601348,-15.304200,0 -54.601552,-15.304329,0 -54.601755,-15.304440,0 -54.601977,-15.304568,0 -54.602180,-15.304697,0 -54.602421,-15.304826,0 -54.602643,-15.304955,0 -54.602883,-15.305084,0 -54.603124,-15.305213,0 -54.603346,-15.305360,0 -54.603548,-15.305525,0 -54.603770,-15.305672,0 -54.603973,-15.305800,0 -54.604177,-15.305929,0 -54.604380,-15.306058,0 -54.604583,-15.306186,0 -54.604768,-15.306315,0 -54.604953,-15.306461,0 -54.605137,-15.306590,0 -54.605341,-15.306718,0 -54.605562,-15.306865,0 -54.605765,-15.307012,0 -54.605987,-15.307159,0 -54.606209,-15.307306,0 -54.606412,-15.307416,0 -54.606616,-15.307545,0 -54.606819,-15.307656,0 -54.607023,-15.307766,0 -54.607226,-15.307895,0 -54.607430,-15.308006,0 -54.607652,-15.308134,0 -54.607873,-15.308281,0 -54.608077,-15.308410,0 -54.608298,-15.308539,0 -54.608502,-15.308668,0 -54.608801,-15.308508,0 -54.609082,-15.308367,0 -54.609326,-15.308243,0 -54.609551,-15.308119,0 -54.609775,-15.307995,0 -54.610000,-15.307870,0 -54.610225,-15.307746,0 -54.610468,-15.307623,0 -54.610693,-15.307498,0 -54.610918,-15.307392,0 -54.611161,-15.307287,0 -54.611666,-15.308683,0 -54.611459,-15.308898,0 -54.611252,-15.309094,0 -54.611045,-15.309291,0 -54.610633,-15.309485,0 -54.610222,-15.309607,0 -54.609923,-15.309731,0 -54.609605,-15.309854,0 -54.609399,-15.309978,0 -54.609212,-15.310103,0 -54.609005,-15.310227,0 -54.608818,-15.310369,0 -54.608611,-15.310512,0 -54.608423,-15.310654,0 -54.608236,-15.310797,0 -54.608103,-15.311030,0 -54.607970,-15.311246,0 -54.607837,-15.311461,0 -54.607686,-15.311694,0 -54.607645,-15.311947,0 -54.607587,-15.312217,0 -54.607546,-15.312470,0 -54.607450,-15.312794,0 -54.607353,-15.313118,0 -54.607164,-15.313333,0 -54.606994,-15.313530,0 -54.606769,-15.313672,0 -54.606563,-15.313814,0 -54.606357,-15.313957,0 -54.606113,-15.314117,0 -54.605850,-15.314294,0 -54.605679,-15.314654,0 -54.605767,-15.315089,0 -54.605876,-15.315289,0 -54.605985,-15.315488,0 -54.606114,-15.315689,0 -54.606260,-15.315871,0 -54.606407,-15.316053,0 -54.606628,-15.316290,0 -54.606662,-15.316598,0 -54.606325,-15.316703,0 -54.606064,-15.316754,0 -54.605821,-15.316824,0 -54.605560,-15.316893,0 -54.605317,-15.316945,0 -54.605056,-15.317014,0 -54.604778,-15.316867,0 -54.604556,-15.316756,0 -54.604353,-15.316645,0 -54.604151,-15.316372,0 -54.603968,-15.316117,0 -54.603877,-15.315899,0 -54.603787,-15.315664,0 -54.603603,-15.315481,0 -54.603400,-15.315316,0 -54.603158,-15.315259,0 -54.602898,-15.315220,0 -54.602657,-15.315164,0 -54.602415,-15.315161,0 -54.602173,-15.315140,0 -54.601931,-15.315120,0 -54.601689,-15.315099,0 -54.601448,-15.315078,0 -54.601168,-15.315093,0 -54.600889,-15.315090,0 -54.600701,-15.315233,0 -54.600532,-15.315394,0 -54.600417,-15.315664,0 -54.600302,-15.315933,0 -54.600188,-15.316203,0 -54.600017,-15.316418,0 -54.599570,-15.316449,0 -54.599310,-15.316392,0 -54.599069,-15.316354,0 -54.598849,-15.316062,0 -54.598815,-15.315755,0 -54.598763,-15.315429,0 -54.598804,-15.315122,0 -54.598826,-15.314797,0 -54.598866,-15.314563,0 -54.598887,-15.314346,0 -54.598927,-15.314112,0 -54.598948,-15.313877,0 -54.598988,-15.313661,0 -54.598990,-15.313426,0 -54.599012,-15.313191,0 -54.599033,-15.312957,0 -54.599054,-15.312722,0 -54.599057,-15.312469,0 -54.599079,-15.312234,0 -54.599100,-15.312000,0 -54.599103,-15.311765,0 -54.599124,-15.311530,0 -54.599145,-15.311295,0 -54.599166,-15.311061,0 -54.599169,-15.310826,0 -54.599074,-15.311024,0 -54.598960,-15.311221,0 -54.598846,-15.311437,0 -54.598732,-15.311634,0 -54.598618,-15.311832,0 -54.598522,-15.312030,0 -54.598408,-15.312245,0 -54.598294,-15.312443,0 -54.598180,-15.312640,0 -54.598085,-15.312838,0 -54.597971,-15.313054,0 -54.597857,-15.313251,0 -54.597743,-15.313449,0 -54.597629,-15.313646,0 -54.597533,-15.313862,0 -54.597419,-15.314059,0 -54.597305,-15.314257,0 -54.597192,-15.314454,0 -54.597077,-15.314670,0 -54.596982,-15.314868,0 -54.596868,-15.315065,0 -54.596754,-15.315263,0 -54.596640,-15.315478,0 -54.596545,-15.315676,0 -54.596431,-15.315874,0 -54.596317,-15.316089,0 -54.596203,-15.316287,0 -54.596089,-15.316484,0 -54.595993,-15.316682,0 -54.595879,-15.316898,0 -54.595765,-15.317095,0 -54.595651,-15.317293,0 -54.595556,-15.317490,0 -54.595442,-15.317706,0 -54.595328,-15.317904,0 -54.595214,-15.318101,0 -54.595100,-15.318299,0 -54.595004,-15.318514,0 -54.594890,-15.318712,0 -54.594776,-15.318909,0</coordinates></LineString></Placemark>
<Placemark><name>G-23 - 12,23 km</name><description>Maxima 12234 m | Minima 9805 m | Reta 5761 m | 109.38 ha</description><styleUrl>#rota</styleUrl><LineString><tessellate>1</tessellate><coordinates>-54.597239,-15.307065,0 -54.597334,-15.306849,0 -54.597430,-15.306652,0 -54.597525,-15.306436,0 -54.597602,-15.306220,0 -54.597976,-15.306097,0 -54.598254,-15.306191,0 -54.598438,-15.306355,0 -54.598622,-15.306538,0 -54.598825,-15.306703,0 -54.598841,-15.306938,0 -54.598857,-15.307155,0 -54.598873,-15.307390,0 -54.599096,-15.307483,0 -54.599318,-15.307557,0 -54.599540,-15.307650,0 -54.599781,-15.307743,0 -54.599722,-15.308031,0 -54.599982,-15.308124,0 -54.600260,-15.308218,0 -54.600300,-15.307983,0 -54.600340,-15.307767,0 -54.600398,-15.307533,0 -54.600438,-15.307298,0 -54.600496,-15.307082,0 -54.600536,-15.306848,0 -54.600595,-15.306613,0 -54.600635,-15.306379,0 -54.600693,-15.306163,0 -54.600733,-15.305928,0 -54.600791,-15.305694,0 -54.600831,-15.305478,0 -54.600890,-15.305243,0 -54.600929,-15.305009,0 -54.600988,-15.304775,0 -54.601028,-15.304558,0 -54.601086,-15.304324,0 -54.601348,-15.304200,0 -54.601552,-15.304329,0 -54.601755,-15.304440,0 -54.601977,-15.304568,0 -54.602180,-15.304697,0 -54.602421,-15.304826,0 -54.602643,-15.304955,0 -54.602883,-15.305084,0 -54.603124,-15.305213,0 -54.603346,-15.305360,0 -54.603548,-15.305525,0 -54.603770,-15.305672,0 -54.603973,-15.305800,0 -54.604177,-15.305929,0 -54.604380,-15.306058,0 -54.604583,-15.306186,0 -54.604768,-15.306315,0 -54.604953,-15.306461,0 -54.605137,-15.306590,0 -54.605341,-15.306718,0 -54.605562,-15.306865,0 -54.605765,-15.307012,0 -54.605987,-15.307159,0 -54.606209,-15.307306,0 -54.606412,-15.307416,0 -54.606616,-15.307545,0 -54.606819,-15.307656,0 -54.607023,-15.307766,0 -54.607226,-15.307895,0 -54.607430,-15.308006,0 -54.607652,-15.308134,0 -54.607873,-15.308281,0 -54.608077,-15.308410,0 -54.608298,-15.308539,0 -54.608502,-15.308668,0 -54.608801,-15.308508,0 -54.609082,-15.308367,0 -54.609326,-15.308243,0 -54.609551,-15.308119,0 -54.609775,-15.307995,0 -54.610000,-15.307870,0 -54.610225,-15.307746,0 -54.610468,-15.307623,0 -54.610693,-15.307498,0 -54.610918,-15.307392,0 -54.611161,-15.307287,0 -54.611666,-15.308683,0 -54.611928,-15.308596,0 -54.612208,-15.308508,0 -54.612489,-15.308421,0 -54.612712,-15.308405,0 -54.612954,-15.308372,0 -54.613197,-15.308356,0 -54.613439,-15.308341,0 -54.613736,-15.308398,0 -54.614033,-15.308456,0 -54.614330,-15.308531,0 -54.614553,-15.308624,0 -54.614775,-15.308698,0 -54.614998,-15.308791,0 -54.615219,-15.308974,0 -54.615459,-15.309157,0 -54.615699,-15.309341,0 -54.615864,-15.309505,0 -54.616048,-15.309688,0 -54.616214,-15.309870,0 -54.616379,-15.310071,0 -54.616526,-15.310253,0 -54.616691,-15.310453,0 -54.616875,-15.310636,0 -54.617059,-15.310837,0 -54.617243,-15.311038,0 -54.617409,-15.311202,0 -54.617574,-15.311384,0 -54.617740,-15.311567,0 -54.617942,-15.311822,0 -54.618163,-15.312059,0 -54.618291,-15.312259,0 -54.618437,-15.312442,0 -54.618566,-15.312642,0 -54.618694,-15.312824,0 -54.618506,-15.312966,0 -54.618299,-15.313145,0 -54.618130,-15.313287,0 -54.617942,-15.313430,0 -54.617755,-15.313554,0 -54.617567,-15.313697,0 -54.617379,-15.313840,0 -54.617191,-15.313982,0 -54.617004,-15.314107,0 -54.616816,-15.314249,0 -54.616628,-15.314392,0 -54.616440,-15.314534,0 -54.616253,-15.314659,0 -54.616065,-15.314801,0 -54.615877,-15.314944,0 -54.615689,-15.315086,0 -54.615521,-15.315211,0 -54.615333,-15.315354,0 -54.615145,-15.315496,0 -54.614957,-15.315639,0 -54.614770,-15.315763,0 -54.614582,-15.315906,0 -54.614394,-15.316048,0 -54.614206,-15.316191,0 -54.614019,-15.316315,0 -54.613831,-15.316458,0 -54.613643,-15.316600,0 -54.613455,-15.316743,0 -54.613268,-15.316867,0 -54.613080,-15.317010,0 -54.612911,-15.317153,0 -54.612723,-15.317295,0 -54.612535,-15.317420,0 -54.612348,-15.317562,0 -54.612160,-15.317705,0 -54.611972,-15.317847,0 -54.611784,-15.317972,0 -54.611597,-15.318114,0 -54.611409,-15.318257,0 -54.611221,-15.318399,0 -54.611033,-15.318524,0 -54.610846,-15.318666,0 -54.610658,-15.318809,0 -54.610470,-15.318951,0 -54.610301,-15.319076,0 -54.610113,-15.319219,0 -54.609926,-15.319361,0 -54.609738,-15.319504,0 -54.609550,-15.319628,0 -54.609362,-15.319771,0 -54.609175,-15.319913,0 -54.608987,-15.320056,0 -54.608799,-15.320180,0 -54.608611,-15.320323,0 -54.608424,-15.320465,0 -54.608236,-15.320608,0 -54.608364,-15.320808,0 -54.608492,-15.321008,0 -54.608620,-15.321226,0 -54.608765,-15.321517,0 -54.608893,-15.321753,0 -54.609021,-15.321971,0 -54.609130,-15.322207,0 -54.609258,-15.322426,0 -54.609348,-15.322680,0 -54.609457,-15.322916,0 -54.609603,-15.323206,0 -54.609674,-15.323442,0 -54.609746,-15.323696,0 -54.609836,-15.323931,0 -54.609908,-15.324203,0 -54.609998,-15.324475,0 -54.610069,-15.324747,0 -54.610141,-15.324983,0 -54.610213,-15.325200,0 -54.610266,-15.325418,0 -54.610338,-15.325653,0 -54.610391,-15.325871,0 -54.610463,-15.326106,0 -54.610535,-15.326324,0 -54.610588,-15.326559,0 -54.610771,-15.326832,0 -54.610843,-15.327086,0 -54.610896,-15.327340,0 -54.611060,-15.327630,0 -54.611151,-15.327830,0 -54.611315,-15.328121,0 -54.611498,-15.328394,0 -54.611663,-15.328667,0 -54.611827,-15.328940,0 -54.611937,-15.329158,0 -54.612027,-15.329393,0 -54.612118,-15.329611,0 -54.612227,-15.329847,0 -54.612336,-15.330047,0 -54.612445,-15.330265,0 -54.612573,-15.330483,0 -54.612626,-15.330719,0 -54.612698,-15.330973,0 -54.612751,-15.331208,0 -54.612823,-15.331444,0 -54.612895,-15.331661,0 -54.612948,-15.331897,0 -54.612983,-15.332132,0 -54.613017,-15.332385,0 -54.613051,-15.332639,0 -54.613012,-15.332855,0 -54.612953,-15.333089,0 -54.612913,-15.333324,0 -54.612873,-15.333631,0 -54.612813,-15.333937,0 -54.612755,-15.334171,0 -54.612696,-15.334424,0 -54.612637,-15.334658,0 -54.612541,-15.334946,0 -54.612463,-15.335234,0 -54.612349,-15.335468,0 -54.612235,-15.335683,0 -54.612139,-15.335917,0 -54.612025,-15.336133,0 -54.611929,-15.336367,0 -54.611833,-15.336601,0 -54.611719,-15.336852,0 -54.611623,-15.337086,0 -54.611490,-15.337356,0 -54.611356,-15.337644,0 -54.611372,-15.337897,0 -54.611369,-15.338131,0 -54.611366,-15.338384,0 -54.611382,-15.338638,0 -54.611379,-15.338890,0 -54.611413,-15.339198,0 -54.611522,-15.339416,0 -54.611650,-15.339616,0 -54.611759,-15.339834,0 -54.611887,-15.340052,0 -54.611997,-15.340270,0 -54.612106,-15.340488,0 -54.612234,-15.340706,0 -54.612343,-15.340906,0 -54.612490,-15.341125,0 -54.612636,-15.341325,0 -54.612819,-15.341598,0 -54.612966,-15.341780,0 -54.613094,-15.341980,0 -54.613222,-15.342181,0 -54.613388,-15.342363,0 -54.613553,-15.342545,0 -54.613718,-15.342764,0 -54.613902,-15.342983,0 -54.614049,-15.343201,0 -54.614214,-15.343420,0 -54.614379,-15.343602,0 -54.614526,-15.343803,0 -54.614691,-15.344003,0 -54.614912,-15.344240,0 -54.615132,-15.344496,0 -54.615372,-15.344715,0 -54.615612,-15.344934,0 -54.615757,-15.345279,0 -54.615921,-15.345516,0 -54.616068,-15.345752,0 -54.616214,-15.345989,0 -54.616360,-15.346207,0 -54.616395,-15.346442,0 -54.616430,-15.346678,0 -54.616464,-15.346913,0 -54.616368,-15.347201,0 -54.616253,-15.347489,0 -54.616120,-15.347686,0 -54.616098,-15.347993,0 -54.616115,-15.348120,0 -54.616319,-15.348230,0 -54.616541,-15.348305,0 -54.616764,-15.348398,0 -54.617005,-15.348491,0 -54.617264,-15.348602,0 -54.617542,-15.348713,0 -54.617616,-15.348750,0 -54.617671,-15.348841,0 -54.617817,-15.349096,0 -54.617963,-15.349368,0 -54.618146,-15.349659,0 -54.618330,-15.349878,0 -54.618568,-15.350188,0 -54.618715,-15.350370,0 -54.618881,-15.350571,0 -54.619027,-15.350771,0 -54.619211,-15.351008,0 -54.619394,-15.351245,0 -54.619632,-15.351609,0 -54.619815,-15.351863,0 -54.619889,-15.351973,0 -54.620035,-15.352173,0 -54.620182,-15.352355,0 -54.620329,-15.352537,0 -54.620476,-15.352774,0 -54.620658,-15.353119,0 -54.620786,-15.353301,0 -54.620933,-15.353483,0 -54.621116,-15.353738,0 -54.621263,-15.353921,0 -54.621410,-15.354103,0 -54.621557,-15.354303,0 -54.621333,-15.354373,0 -54.621089,-15.354461,0 -54.620865,-15.354531,0 -54.620641,-15.354619,0 -54.620417,-15.354689,0 -54.620173,-15.354776,0 -54.619967,-15.354882,0 -54.619761,-15.354989,0 -54.619555,-15.355095,0 -54.619349,-15.355201,0 -54.619143,-15.355307,0 -54.618918,-15.355449,0 -54.618675,-15.355591,0 -54.618450,-15.355715,0 -54.618206,-15.355857,0 -54.617981,-15.356000,0 -54.617756,-15.356142,0 -54.617531,-15.356284,0 -54.617306,-15.356426,0 -54.617081,-15.356568,0 -54.616855,-15.356728,0 -54.616983,-15.357001,0 -54.617166,-15.357256,0 -54.617256,-15.357491,0 -54.617347,-15.357727,0 -54.617438,-15.357945,0 -54.617528,-15.358181,0 -54.617618,-15.358417,0 -54.617709,-15.358635,0 -54.617799,-15.358870,0 -54.617890,-15.359106,0 -54.618280,-15.359165,0 -54.618618,-15.358933,0 -54.618936,-15.358846,0 -54.619253,-15.358778,0 -54.619533,-15.358726,0 -54.619813,-15.358675,0 -54.620094,-15.358461,0 -54.620358,-15.358247,0 -54.620601,-15.358142,0 -54.620863,-15.358036,0 -54.621106,-15.357930,0 -54.621348,-15.357933,0 -54.621571,-15.357953,0 -54.621813,-15.357956,0 -54.622074,-15.357940,0 -54.622335,-15.357943,0 -54.622614,-15.357928,0 -54.622856,-15.357931,0 -54.623098,-15.357933,0 -54.623339,-15.358098,0 -54.623579,-15.358246,0 -54.623819,-15.358465,0 -54.624058,-15.358666,0 -54.624262,-15.358813,0 -54.624446,-15.358941,0 -54.624649,-15.359088,0 -54.624778,-15.359270,0 -54.624924,-15.359471,0 -54.625053,-15.359653,0 -54.625237,-15.359835,0 -54.625402,-15.360018,0 -54.625587,-15.360200,0 -54.625658,-15.360490,0 -54.625748,-15.360780,0 -54.625669,-15.361105,0 -54.625610,-15.361411,0 -54.625775,-15.361666,0 -54.625958,-15.361921,0 -54.626067,-15.362175,0 -54.626194,-15.362447,0 -54.626322,-15.362702,0 -54.626412,-15.362974,0 -54.626483,-15.363245,0 -54.626611,-15.363464,0 -54.626720,-15.363682,0 -54.626811,-15.363881,0 -54.626920,-15.364099,0 -54.627011,-15.364317,0 -54.627007,-15.364696,0 -54.626892,-15.364984,0 -54.626795,-15.365272,0 -54.626681,-15.365488,0 -54.626585,-15.365722,0 -54.626545,-15.365992,0 -54.626524,-15.366245,0 -54.626483,-15.366516,0 -54.626424,-15.366786,0 -54.626365,-15.367075,0 -54.626306,-15.367363,0 -54.626211,-15.367579,0 -54.626134,-15.367795,0 -54.626038,-15.368011,0 -54.625886,-15.368316,0 -54.625864,-15.368569,0 -54.625824,-15.368840,0 -54.625802,-15.369110,0 -54.625762,-15.369363,0 -54.625740,-15.369634,0 -54.625719,-15.369868,0 -54.625679,-15.370103,0 -54.625658,-15.370319,0</coordinates></LineString></Placemark>
<Placemark><name>G-24A - 9,88 km</name><description>Maxima 9879 m | Minima 8302 m | Reta 4831 m | 58.54 ha</description><styleUrl>#rota</styleUrl><LineString><tessellate>1</tessellate><coordinates>-54.597239,-15.307065,0 -54.597334,-15.306849,0 -54.597430,-15.306652,0 -54.597525,-15.306436,0 -54.597602,-15.306220,0 -54.597976,-15.306097,0 -54.598254,-15.306191,0 -54.598438,-15.306355,0 -54.598622,-15.306538,0 -54.598825,-15.306703,0 -54.598841,-15.306938,0 -54.598857,-15.307155,0 -54.598873,-15.307390,0 -54.599096,-15.307483,0 -54.599318,-15.307557,0 -54.599540,-15.307650,0 -54.599781,-15.307743,0 -54.599722,-15.308031,0 -54.599982,-15.308124,0 -54.600260,-15.308218,0 -54.600300,-15.307983,0 -54.600340,-15.307767,0 -54.600398,-15.307533,0 -54.600438,-15.307298,0 -54.600496,-15.307082,0 -54.600536,-15.306848,0 -54.600595,-15.306613,0 -54.600635,-15.306379,0 -54.600693,-15.306163,0 -54.600733,-15.305928,0 -54.600791,-15.305694,0 -54.600831,-15.305478,0 -54.600890,-15.305243,0 -54.600929,-15.305009,0 -54.600988,-15.304775,0 -54.601028,-15.304558,0 -54.601086,-15.304324,0 -54.601348,-15.304200,0 -54.601552,-15.304329,0 -54.601755,-15.304440,0 -54.601977,-15.304568,0 -54.602180,-15.304697,0 -54.602421,-15.304826,0 -54.602643,-15.304955,0 -54.602883,-15.305084,0 -54.603124,-15.305213,0 -54.603346,-15.305360,0 -54.603548,-15.305525,0 -54.603770,-15.305672,0 -54.603973,-15.305800,0 -54.604177,-15.305929,0 -54.604380,-15.306058,0 -54.604583,-15.306186,0 -54.604768,-15.306315,0 -54.604953,-15.306461,0 -54.605137,-15.306590,0 -54.605341,-15.306718,0 -54.605562,-15.306865,0 -54.605765,-15.307012,0 -54.605987,-15.307159,0 -54.606209,-15.307306,0 -54.606412,-15.307416,0 -54.606616,-15.307545,0 -54.606819,-15.307656,0 -54.607023,-15.307766,0 -54.607226,-15.307895,0 -54.607430,-15.308006,0 -54.607652,-15.308134,0 -54.607873,-15.308281,0 -54.608077,-15.308410,0 -54.608298,-15.308539,0 -54.608502,-15.308668,0 -54.608801,-15.308508,0 -54.609082,-15.308367,0 -54.609326,-15.308243,0 -54.609551,-15.308119,0 -54.609775,-15.307995,0 -54.610000,-15.307870,0 -54.610225,-15.307746,0 -54.610468,-15.307623,0 -54.610693,-15.307498,0 -54.610918,-15.307392,0 -54.611161,-15.307287,0 -54.611666,-15.308683,0 -54.611928,-15.308596,0 -54.612208,-15.308508,0 -54.612489,-15.308421,0 -54.612712,-15.308405,0 -54.612954,-15.308372,0 -54.613197,-15.308356,0 -54.613439,-15.308341,0 -54.613736,-15.308398,0 -54.614033,-15.308456,0 -54.614330,-15.308531,0 -54.614553,-15.308624,0 -54.614775,-15.308698,0 -54.614998,-15.308791,0 -54.615219,-15.308974,0 -54.615459,-15.309157,0 -54.615699,-15.309341,0 -54.615864,-15.309505,0 -54.616048,-15.309688,0 -54.616214,-15.309870,0 -54.616379,-15.310071,0 -54.616526,-15.310253,0 -54.616691,-15.310453,0 -54.616875,-15.310636,0 -54.617059,-15.310837,0 -54.617243,-15.311038,0 -54.617409,-15.311202,0 -54.617574,-15.311384,0 -54.617740,-15.311567,0 -54.617942,-15.311822,0 -54.618163,-15.312059,0 -54.618291,-15.312259,0 -54.618437,-15.312442,0 -54.618566,-15.312642,0 -54.618694,-15.312824,0 -54.618506,-15.312966,0 -54.618299,-15.313145,0 -54.618130,-15.313287,0 -54.617942,-15.313430,0 -54.617755,-15.313554,0 -54.617567,-15.313697,0 -54.617379,-15.313840,0 -54.617191,-15.313982,0 -54.617004,-15.314107,0 -54.616816,-15.314249,0 -54.616628,-15.314392,0 -54.616440,-15.314534,0 -54.616253,-15.314659,0 -54.616065,-15.314801,0 -54.615877,-15.314944,0 -54.615689,-15.315086,0 -54.615521,-15.315211,0 -54.615333,-15.315354,0 -54.615145,-15.315496,0 -54.614957,-15.315639,0 -54.614770,-15.315763,0 -54.614582,-15.315906,0 -54.614394,-15.316048,0 -54.614206,-15.316191,0 -54.614019,-15.316315,0 -54.613831,-15.316458,0 -54.613643,-15.316600,0 -54.613455,-15.316743,0 -54.613268,-15.316867,0 -54.613080,-15.317010,0 -54.612911,-15.317153,0 -54.612723,-15.317295,0 -54.612535,-15.317420,0 -54.612348,-15.317562,0 -54.612160,-15.317705,0 -54.611972,-15.317847,0 -54.611784,-15.317972,0 -54.611597,-15.318114,0 -54.611409,-15.318257,0 -54.611221,-15.318399,0 -54.611033,-15.318524,0 -54.610846,-15.318666,0 -54.610658,-15.318809,0 -54.610470,-15.318951,0 -54.610301,-15.319076,0 -54.610113,-15.319219,0 -54.609926,-15.319361,0 -54.609738,-15.319504,0 -54.609550,-15.319628,0 -54.609362,-15.319771,0 -54.609175,-15.319913,0 -54.608987,-15.320056,0 -54.608799,-15.320180,0 -54.608611,-15.320323,0 -54.608424,-15.320465,0 -54.608236,-15.320608,0 -54.608364,-15.320808,0 -54.608492,-15.321008,0 -54.608620,-15.321226,0 -54.608765,-15.321517,0 -54.608893,-15.321753,0 -54.609021,-15.321971,0 -54.609130,-15.322207,0 -54.609258,-15.322426,0 -54.609348,-15.322680,0 -54.609457,-15.322916,0 -54.609603,-15.323206,0 -54.609674,-15.323442,0 -54.609746,-15.323696,0 -54.609836,-15.323931,0 -54.609908,-15.324203,0 -54.609998,-15.324475,0 -54.610069,-15.324747,0 -54.610141,-15.324983,0 -54.610213,-15.325200,0 -54.610266,-15.325418,0 -54.610338,-15.325653,0 -54.610391,-15.325871,0 -54.610463,-15.326106,0 -54.610535,-15.326324,0 -54.610588,-15.326559,0 -54.610771,-15.326832,0 -54.610843,-15.327086,0 -54.610896,-15.327340,0 -54.611060,-15.327630,0 -54.611151,-15.327830,0 -54.611315,-15.328121,0 -54.611498,-15.328394,0 -54.611663,-15.328667,0 -54.611827,-15.328940,0 -54.611937,-15.329158,0 -54.612027,-15.329393,0 -54.612118,-15.329611,0 -54.612227,-15.329847,0 -54.612336,-15.330047,0 -54.612445,-15.330265,0 -54.612573,-15.330483,0 -54.612626,-15.330719,0 -54.612698,-15.330973,0 -54.612751,-15.331208,0 -54.612823,-15.331444,0 -54.612895,-15.331661,0 -54.612948,-15.331897,0 -54.612983,-15.332132,0 -54.613017,-15.332385,0 -54.613051,-15.332639,0 -54.613012,-15.332855,0 -54.612953,-15.333089,0 -54.612913,-15.333324,0 -54.612873,-15.333631,0 -54.612813,-15.333937,0 -54.612755,-15.334171,0 -54.612696,-15.334424,0 -54.612637,-15.334658,0 -54.612541,-15.334946,0 -54.612463,-15.335234,0 -54.612349,-15.335468,0 -54.612235,-15.335683,0 -54.612139,-15.335917,0 -54.612025,-15.336133,0 -54.611929,-15.336367,0 -54.611833,-15.336601,0 -54.611719,-15.336852,0 -54.611623,-15.337086,0 -54.611490,-15.337356,0 -54.611356,-15.337644,0 -54.611372,-15.337897,0 -54.611369,-15.338131,0 -54.611366,-15.338384,0 -54.611382,-15.338638,0 -54.611379,-15.338890,0 -54.611413,-15.339198,0 -54.611522,-15.339416,0 -54.611650,-15.339616,0 -54.611759,-15.339834,0 -54.611887,-15.340052,0 -54.611997,-15.340270,0 -54.612106,-15.340488,0 -54.612234,-15.340706,0 -54.612343,-15.340906,0 -54.612490,-15.341125,0 -54.612636,-15.341325,0 -54.612819,-15.341598,0 -54.612966,-15.341780,0 -54.613094,-15.341980,0 -54.613222,-15.342181,0 -54.613388,-15.342363,0 -54.613553,-15.342545,0 -54.613718,-15.342764,0 -54.613902,-15.342983,0 -54.614049,-15.343201,0 -54.614214,-15.343420,0 -54.614379,-15.343602,0 -54.614526,-15.343803,0 -54.614691,-15.344003,0 -54.614912,-15.344240,0 -54.615132,-15.344496,0 -54.615372,-15.344715,0 -54.615612,-15.344934,0 -54.615757,-15.345279,0 -54.615921,-15.345516,0 -54.616068,-15.345752,0 -54.616214,-15.345989,0 -54.616360,-15.346207,0 -54.616395,-15.346442,0 -54.616430,-15.346678,0 -54.616464,-15.346913,0 -54.616368,-15.347201,0 -54.616253,-15.347489,0 -54.616120,-15.347686,0 -54.616006,-15.347884,0 -54.615818,-15.348081,0 -54.615630,-15.348259,0 -54.615442,-15.348402,0 -54.615273,-15.348544,0 -54.615048,-15.348650,0 -54.614823,-15.348775,0 -54.614598,-15.348881,0 -54.614355,-15.348968,0 -54.614113,-15.349038,0 -54.613832,-15.349125,0 -54.613552,-15.349213,0 -54.613310,-15.349246,0 -54.613067,-15.349298,0 -54.612824,-15.349331,0 -54.612470,-15.349418,0 -54.612209,-15.349451,0 -54.611966,-15.349503,0 -54.611705,-15.349536,0 -54.611796,-15.349754,0 -54.611905,-15.349972,0 -54.611996,-15.350172,0 -54.612086,-15.350389,0 -54.612195,-15.350607,0 -54.612286,-15.350807,0 -54.612377,-15.351025,0 -54.612468,-15.351225,0 -54.612577,-15.351443,0 -54.612668,-15.351660,0 -54.612758,-15.351860,0 -54.612868,-15.352078,0 -54.612958,-15.352296,0 -54.613049,-15.352496,0 -54.613158,-15.352714,0 -54.613249,-15.352932,0 -54.613340,-15.353131,0 -54.613430,-15.353349,0 -54.613540,-15.353567,0 -54.613631,-15.353767,0 -54.613721,-15.353985,0 -54.613830,-15.354203,0 -54.613921,-15.354402,0 -54.614012,-15.354620,0 -54.614121,-15.354820,0 -54.614212,-15.355038,0 -54.614303,-15.355256,0 -54.614393,-15.355455,0 -54.614503,-15.355673,0 -54.614593,-15.355891,0 -54.614684,-15.356091,0 -54.614793,-15.356309,0 -54.614884,-15.356527,0 -54.614975,-15.356726,0 -54.615084,-15.356962,0 -54.615212,-15.357181,0 -54.615302,-15.357416,0 -54.615411,-15.357652,0 -54.615501,-15.357906,0 -54.615671,-15.357727,0 -54.615841,-15.357549,0 -54.615991,-15.357388,0</coordinates></LineString></Placemark>
<Placemark><name>G-24B - 10,61 km</name><description>Maxima 10605 m | Minima 8172 m | Reta 4772 m | 104.14 ha</description><styleUrl>#rota</styleUrl><LineString><tessellate>1</tessellate><coordinates>-54.597239,-15.307065,0 -54.597334,-15.306849,0 -54.597430,-15.306652,0 -54.597525,-15.306436,0 -54.597602,-15.306220,0 -54.597976,-15.306097,0 -54.598254,-15.306191,0 -54.598438,-15.306355,0 -54.598622,-15.306538,0 -54.598825,-15.306703,0 -54.598841,-15.306938,0 -54.598857,-15.307155,0 -54.598873,-15.307390,0 -54.599096,-15.307483,0 -54.599318,-15.307557,0 -54.599540,-15.307650,0 -54.599781,-15.307743,0 -54.599722,-15.308031,0 -54.599982,-15.308124,0 -54.600260,-15.308218,0 -54.600300,-15.307983,0 -54.600340,-15.307767,0 -54.600398,-15.307533,0 -54.600438,-15.307298,0 -54.600496,-15.307082,0 -54.600536,-15.306848,0 -54.600595,-15.306613,0 -54.600635,-15.306379,0 -54.600693,-15.306163,0 -54.600733,-15.305928,0 -54.600791,-15.305694,0 -54.600831,-15.305478,0 -54.600890,-15.305243,0 -54.600929,-15.305009,0 -54.600988,-15.304775,0 -54.601028,-15.304558,0 -54.601086,-15.304324,0 -54.601348,-15.304200,0 -54.601552,-15.304329,0 -54.601755,-15.304440,0 -54.601977,-15.304568,0 -54.602180,-15.304697,0 -54.602421,-15.304826,0 -54.602643,-15.304955,0 -54.602883,-15.305084,0 -54.603124,-15.305213,0 -54.603346,-15.305360,0 -54.603548,-15.305525,0 -54.603770,-15.305672,0 -54.603973,-15.305800,0 -54.604177,-15.305929,0 -54.604380,-15.306058,0 -54.604583,-15.306186,0 -54.604768,-15.306315,0 -54.604953,-15.306461,0 -54.605137,-15.306590,0 -54.605341,-15.306718,0 -54.605562,-15.306865,0 -54.605765,-15.307012,0 -54.605987,-15.307159,0 -54.606209,-15.307306,0 -54.606412,-15.307416,0 -54.606616,-15.307545,0 -54.606819,-15.307656,0 -54.607023,-15.307766,0 -54.607226,-15.307895,0 -54.607430,-15.308006,0 -54.607652,-15.308134,0 -54.607873,-15.308281,0 -54.608077,-15.308410,0 -54.608298,-15.308539,0 -54.608502,-15.308668,0 -54.608801,-15.308508,0 -54.609082,-15.308367,0 -54.609326,-15.308243,0 -54.609551,-15.308119,0 -54.609775,-15.307995,0 -54.610000,-15.307870,0 -54.610225,-15.307746,0 -54.610468,-15.307623,0 -54.610693,-15.307498,0 -54.610918,-15.307392,0 -54.611161,-15.307287,0 -54.611666,-15.308683,0 -54.611928,-15.308596,0 -54.612208,-15.308508,0 -54.612489,-15.308421,0 -54.612712,-15.308405,0 -54.612954,-15.308372,0 -54.613197,-15.308356,0 -54.613439,-15.308341,0 -54.613736,-15.308398,0 -54.614033,-15.308456,0 -54.614330,-15.308531,0 -54.614553,-15.308624,0 -54.614775,-15.308698,0 -54.614998,-15.308791,0 -54.615219,-15.308974,0 -54.615459,-15.309157,0 -54.615699,-15.309341,0 -54.615864,-15.309505,0 -54.616048,-15.309688,0 -54.616214,-15.309870,0 -54.616379,-15.310071,0 -54.616526,-15.310253,0 -54.616691,-15.310453,0 -54.616875,-15.310636,0 -54.617059,-15.310837,0 -54.617243,-15.311038,0 -54.617409,-15.311202,0 -54.617574,-15.311384,0 -54.617740,-15.311567,0 -54.617942,-15.311822,0 -54.618163,-15.312059,0 -54.618291,-15.312259,0 -54.618437,-15.312442,0 -54.618566,-15.312642,0 -54.618694,-15.312824,0 -54.618506,-15.312966,0 -54.618299,-15.313145,0 -54.618130,-15.313287,0 -54.617942,-15.313430,0 -54.617755,-15.313554,0 -54.617567,-15.313697,0 -54.617379,-15.313840,0 -54.617191,-15.313982,0 -54.617004,-15.314107,0 -54.616816,-15.314249,0 -54.616628,-15.314392,0 -54.616440,-15.314534,0 -54.616253,-15.314659,0 -54.616065,-15.314801,0 -54.615877,-15.314944,0 -54.615689,-15.315086,0 -54.615521,-15.315211,0 -54.615333,-15.315354,0 -54.615145,-15.315496,0 -54.614957,-15.315639,0 -54.614770,-15.315763,0 -54.614582,-15.315906,0 -54.614394,-15.316048,0 -54.614206,-15.316191,0 -54.614019,-15.316315,0 -54.613831,-15.316458,0 -54.613643,-15.316600,0 -54.613455,-15.316743,0 -54.613268,-15.316867,0 -54.613080,-15.317010,0 -54.612911,-15.317153,0 -54.612723,-15.317295,0 -54.612535,-15.317420,0 -54.612348,-15.317562,0 -54.612160,-15.317705,0 -54.611972,-15.317847,0 -54.611784,-15.317972,0 -54.611597,-15.318114,0 -54.611409,-15.318257,0 -54.611221,-15.318399,0 -54.611033,-15.318524,0 -54.610846,-15.318666,0 -54.610658,-15.318809,0 -54.610470,-15.318951,0 -54.610301,-15.319076,0 -54.610113,-15.319219,0 -54.609926,-15.319361,0 -54.609738,-15.319504,0 -54.609550,-15.319628,0 -54.609362,-15.319771,0 -54.609175,-15.319913,0 -54.608987,-15.320056,0 -54.608799,-15.320180,0 -54.608611,-15.320323,0 -54.608424,-15.320465,0 -54.608236,-15.320608,0 -54.608364,-15.320808,0 -54.608492,-15.321008,0 -54.608620,-15.321226,0 -54.608765,-15.321517,0 -54.608893,-15.321753,0 -54.609021,-15.321971,0 -54.609130,-15.322207,0 -54.609258,-15.322426,0 -54.609348,-15.322680,0 -54.609457,-15.322916,0 -54.609603,-15.323206,0 -54.609674,-15.323442,0 -54.609746,-15.323696,0 -54.609836,-15.323931,0 -54.609908,-15.324203,0 -54.609998,-15.324475,0 -54.610069,-15.324747,0 -54.610141,-15.324983,0 -54.610213,-15.325200,0 -54.610266,-15.325418,0 -54.610338,-15.325653,0 -54.610391,-15.325871,0 -54.610463,-15.326106,0 -54.610535,-15.326324,0 -54.610588,-15.326559,0 -54.610771,-15.326832,0 -54.610843,-15.327086,0 -54.610896,-15.327340,0 -54.611060,-15.327630,0 -54.611151,-15.327830,0 -54.611315,-15.328121,0 -54.611498,-15.328394,0 -54.611663,-15.328667,0 -54.611827,-15.328940,0 -54.611937,-15.329158,0 -54.612027,-15.329393,0 -54.612118,-15.329611,0 -54.612227,-15.329847,0 -54.612336,-15.330047,0 -54.612445,-15.330265,0 -54.612573,-15.330483,0 -54.612626,-15.330719,0 -54.612698,-15.330973,0 -54.612751,-15.331208,0 -54.612823,-15.331444,0 -54.612895,-15.331661,0 -54.612948,-15.331897,0 -54.612983,-15.332132,0 -54.613017,-15.332385,0 -54.613051,-15.332639,0 -54.613012,-15.332855,0 -54.612953,-15.333089,0 -54.612913,-15.333324,0 -54.612873,-15.333631,0 -54.612813,-15.333937,0 -54.612755,-15.334171,0 -54.612696,-15.334424,0 -54.612637,-15.334658,0 -54.612541,-15.334946,0 -54.612463,-15.335234,0 -54.612349,-15.335468,0 -54.612235,-15.335683,0 -54.612139,-15.335917,0 -54.612025,-15.336133,0 -54.611929,-15.336367,0 -54.611833,-15.336601,0 -54.611719,-15.336852,0 -54.611623,-15.337086,0 -54.611490,-15.337356,0 -54.611356,-15.337644,0 -54.611372,-15.337897,0 -54.611369,-15.338131,0 -54.611366,-15.338384,0 -54.611382,-15.338638,0 -54.611379,-15.338890,0 -54.611413,-15.339198,0 -54.611522,-15.339416,0 -54.611650,-15.339616,0 -54.611759,-15.339834,0 -54.611887,-15.340052,0 -54.611997,-15.340270,0 -54.612106,-15.340488,0 -54.612234,-15.340706,0 -54.612343,-15.340906,0 -54.612490,-15.341125,0 -54.612636,-15.341325,0 -54.612819,-15.341598,0 -54.612966,-15.341780,0 -54.613094,-15.341980,0 -54.613222,-15.342181,0 -54.613388,-15.342363,0 -54.613553,-15.342545,0 -54.613718,-15.342764,0 -54.613902,-15.342983,0 -54.614049,-15.343201,0 -54.614214,-15.343420,0 -54.614379,-15.343602,0 -54.614526,-15.343803,0 -54.614691,-15.344003,0 -54.614912,-15.344240,0 -54.615132,-15.344496,0 -54.615372,-15.344715,0 -54.615612,-15.344934,0 -54.615757,-15.345279,0 -54.615921,-15.345516,0 -54.616068,-15.345752,0 -54.616214,-15.345989,0 -54.616360,-15.346207,0 -54.616395,-15.346442,0 -54.616430,-15.346678,0 -54.616464,-15.346913,0 -54.616368,-15.347201,0 -54.616253,-15.347489,0 -54.616120,-15.347686,0 -54.616098,-15.347993,0 -54.616115,-15.348120,0 -54.616319,-15.348230,0 -54.616541,-15.348305,0 -54.616764,-15.348398,0 -54.617005,-15.348491,0 -54.617264,-15.348602,0 -54.617542,-15.348713,0 -54.617616,-15.348750,0 -54.617671,-15.348841,0 -54.617817,-15.349096,0 -54.617963,-15.349368,0 -54.618146,-15.349659,0 -54.618330,-15.349878,0 -54.618568,-15.350188,0 -54.618715,-15.350370,0 -54.618881,-15.350571,0 -54.619027,-15.350771,0 -54.619211,-15.351008,0 -54.619394,-15.351245,0 -54.619632,-15.351609,0 -54.619815,-15.351863,0 -54.619889,-15.351973,0 -54.620035,-15.352173,0 -54.620182,-15.352355,0 -54.620329,-15.352537,0 -54.620476,-15.352774,0 -54.620658,-15.353119,0 -54.620786,-15.353301,0 -54.620933,-15.353483,0 -54.621116,-15.353738,0 -54.621263,-15.353921,0 -54.621447,-15.354121,0 -54.621613,-15.354304,0 -54.621910,-15.354325,0 -54.622152,-15.354364,0 -54.622394,-15.354384,0 -54.622804,-15.354371,0 -54.623269,-15.354358,0 -54.623605,-15.354307,0 -54.623960,-15.354184,0 -54.624203,-15.354133,0 -54.624426,-15.354135,0 -54.624740,-15.354391,0 -54.624887,-15.354592,0 -54.625089,-15.354847,0 -54.625290,-15.355120,0 -54.625512,-15.355285,0 -54.625660,-15.355395,0 -54.625918,-15.355560,0 -54.626235,-15.355509,0 -54.626571,-15.355495,0 -54.626812,-15.355552,0 -54.627129,-15.355501,0 -54.627353,-15.355467,0 -54.627670,-15.355434,0 -54.627782,-15.355454,0 -54.628116,-15.355529,0 -54.628470,-15.355515,0 -54.628732,-15.355428,0 -54.628976,-15.355250,0 -54.629126,-15.355143,0 -54.629390,-15.354838,0 -54.629524,-15.354551,0 -54.629732,-15.354246,0 -54.629883,-15.354049,0 -54.629923,-15.353832,0 -54.629887,-15.353687,0 -54.629758,-15.353541,0 -54.629462,-15.353430,0 -54.629091,-15.353281,0 -54.628702,-15.353096,0 -54.628406,-15.352967,0 -54.628054,-15.352746,0 -54.627834,-15.352473,0 -54.627669,-15.352236,0</coordinates></LineString></Placemark>
<Placemark><name>G-25 - 8,77 km</name><description>Maxima 8768 m | Minima 7140 m | Reta 3665 m | 60.32 ha</description><styleUrl>#rota</styleUrl><LineString><tessellate>1</tessellate><coordinates>-54.597239,-15.307065,0 -54.597334,-15.306849,0 -54.597430,-15.306652,0 -54.597525,-15.306436,0 -54.597602,-15.306220,0 -54.597976,-15.306097,0 -54.598254,-15.306191,0 -54.598438,-15.306355,0 -54.598622,-15.306538,0 -54.598825,-15.306703,0 -54.598841,-15.306938,0 -54.598857,-15.307155,0 -54.598873,-15.307390,0 -54.599096,-15.307483,0 -54.599318,-15.307557,0 -54.599540,-15.307650,0 -54.599781,-15.307743,0 -54.599722,-15.308031,0 -54.599982,-15.308124,0 -54.600260,-15.308218,0 -54.600300,-15.307983,0 -54.600340,-15.307767,0 -54.600398,-15.307533,0 -54.600438,-15.307298,0 -54.600496,-15.307082,0 -54.600536,-15.306848,0 -54.600595,-15.306613,0 -54.600635,-15.306379,0 -54.600693,-15.306163,0 -54.600733,-15.305928,0 -54.600791,-15.305694,0 -54.600831,-15.305478,0 -54.600890,-15.305243,0 -54.600929,-15.305009,0 -54.600988,-15.304775,0 -54.601028,-15.304558,0 -54.601086,-15.304324,0 -54.601348,-15.304200,0 -54.601552,-15.304329,0 -54.601755,-15.304440,0 -54.601977,-15.304568,0 -54.602180,-15.304697,0 -54.602421,-15.304826,0 -54.602643,-15.304955,0 -54.602883,-15.305084,0 -54.603124,-15.305213,0 -54.603346,-15.305360,0 -54.603548,-15.305525,0 -54.603770,-15.305672,0 -54.603973,-15.305800,0 -54.604177,-15.305929,0 -54.604380,-15.306058,0 -54.604583,-15.306186,0 -54.604768,-15.306315,0 -54.604953,-15.306461,0 -54.605137,-15.306590,0 -54.605341,-15.306718,0 -54.605562,-15.306865,0 -54.605765,-15.307012,0 -54.605987,-15.307159,0 -54.606209,-15.307306,0 -54.606412,-15.307416,0 -54.606616,-15.307545,0 -54.606819,-15.307656,0 -54.607023,-15.307766,0 -54.607226,-15.307895,0 -54.607430,-15.308006,0 -54.607652,-15.308134,0 -54.607873,-15.308281,0 -54.608077,-15.308410,0 -54.608298,-15.308539,0 -54.608502,-15.308668,0 -54.608801,-15.308508,0 -54.609082,-15.308367,0 -54.609326,-15.308243,0 -54.609551,-15.308119,0 -54.609775,-15.307995,0 -54.610000,-15.307870,0 -54.610225,-15.307746,0 -54.610468,-15.307623,0 -54.610693,-15.307498,0 -54.610918,-15.307392,0 -54.611161,-15.307287,0 -54.611666,-15.308683,0 -54.611928,-15.308596,0 -54.612208,-15.308508,0 -54.612489,-15.308421,0 -54.612712,-15.308405,0 -54.612954,-15.308372,0 -54.613197,-15.308356,0 -54.613439,-15.308341,0 -54.613736,-15.308398,0 -54.614033,-15.308456,0 -54.614330,-15.308531,0 -54.614553,-15.308624,0 -54.614775,-15.308698,0 -54.614998,-15.308791,0 -54.615219,-15.308974,0 -54.615459,-15.309157,0 -54.615699,-15.309341,0 -54.615864,-15.309505,0 -54.616048,-15.309688,0 -54.616214,-15.309870,0 -54.616379,-15.310071,0 -54.616526,-15.310253,0 -54.616691,-15.310453,0 -54.616875,-15.310636,0 -54.617059,-15.310837,0 -54.617243,-15.311038,0 -54.617409,-15.311202,0 -54.617574,-15.311384,0 -54.617740,-15.311567,0 -54.617942,-15.311822,0 -54.618163,-15.312059,0 -54.618291,-15.312259,0 -54.618437,-15.312442,0 -54.618566,-15.312642,0 -54.618694,-15.312824,0 -54.618506,-15.312966,0 -54.618299,-15.313145,0 -54.618130,-15.313287,0 -54.617942,-15.313430,0 -54.617755,-15.313554,0 -54.617567,-15.313697,0 -54.617379,-15.313840,0 -54.617191,-15.313982,0 -54.617004,-15.314107,0 -54.616816,-15.314249,0 -54.616628,-15.314392,0 -54.616440,-15.314534,0 -54.616253,-15.314659,0 -54.616065,-15.314801,0 -54.615877,-15.314944,0 -54.615689,-15.315086,0 -54.615521,-15.315211,0 -54.615333,-15.315354,0 -54.615145,-15.315496,0 -54.614957,-15.315639,0 -54.614770,-15.315763,0 -54.614582,-15.315906,0 -54.614394,-15.316048,0 -54.614206,-15.316191,0 -54.614019,-15.316315,0 -54.613831,-15.316458,0 -54.613643,-15.316600,0 -54.613455,-15.316743,0 -54.613268,-15.316867,0 -54.613080,-15.317010,0 -54.612911,-15.317153,0 -54.612723,-15.317295,0 -54.612535,-15.317420,0 -54.612348,-15.317562,0 -54.612160,-15.317705,0 -54.611972,-15.317847,0 -54.611784,-15.317972,0 -54.611597,-15.318114,0 -54.611409,-15.318257,0 -54.611221,-15.318399,0 -54.611033,-15.318524,0 -54.610846,-15.318666,0 -54.610658,-15.318809,0 -54.610470,-15.318951,0 -54.610301,-15.319076,0 -54.610113,-15.319219,0 -54.609926,-15.319361,0 -54.609738,-15.319504,0 -54.609550,-15.319628,0 -54.609362,-15.319771,0 -54.609175,-15.319913,0 -54.608987,-15.320056,0 -54.608799,-15.320180,0 -54.608611,-15.320323,0 -54.608424,-15.320465,0 -54.608236,-15.320608,0 -54.608364,-15.320808,0 -54.608492,-15.321008,0 -54.608620,-15.321226,0 -54.608765,-15.321517,0 -54.608893,-15.321753,0 -54.609021,-15.321971,0 -54.609130,-15.322207,0 -54.609258,-15.322426,0 -54.609348,-15.322680,0 -54.609457,-15.322916,0 -54.609603,-15.323206,0 -54.609674,-15.323442,0 -54.609746,-15.323696,0 -54.609836,-15.323931,0 -54.609908,-15.324203,0 -54.609998,-15.324475,0 -54.610069,-15.324747,0 -54.610141,-15.324983,0 -54.610213,-15.325200,0 -54.610266,-15.325418,0 -54.610338,-15.325653,0 -54.610391,-15.325871,0 -54.610463,-15.326106,0 -54.610535,-15.326324,0 -54.610588,-15.326559,0 -54.610771,-15.326832,0 -54.610843,-15.327086,0 -54.610896,-15.327340,0 -54.611060,-15.327630,0 -54.611151,-15.327830,0 -54.611315,-15.328121,0 -54.611498,-15.328394,0 -54.611663,-15.328667,0 -54.611827,-15.328940,0 -54.611937,-15.329158,0 -54.612027,-15.329393,0 -54.612118,-15.329611,0 -54.612227,-15.329847,0 -54.612336,-15.330047,0 -54.612445,-15.330265,0 -54.612573,-15.330483,0 -54.612626,-15.330719,0 -54.612698,-15.330973,0 -54.612751,-15.331208,0 -54.612823,-15.331444,0 -54.612895,-15.331661,0 -54.612948,-15.331897,0 -54.612983,-15.332132,0 -54.613017,-15.332385,0 -54.613051,-15.332639,0 -54.613012,-15.332855,0 -54.612953,-15.333089,0 -54.612913,-15.333324,0 -54.612873,-15.333631,0 -54.612813,-15.333937,0 -54.612755,-15.334171,0 -54.612696,-15.334424,0 -54.612637,-15.334658,0 -54.612541,-15.334946,0 -54.612463,-15.335234,0 -54.612349,-15.335468,0 -54.612235,-15.335683,0 -54.612139,-15.335917,0 -54.612025,-15.336133,0 -54.611929,-15.336367,0 -54.611833,-15.336601,0 -54.611719,-15.336852,0 -54.611623,-15.337086,0 -54.611490,-15.337356,0 -54.611356,-15.337644,0 -54.611372,-15.337897,0 -54.611369,-15.338131,0 -54.611366,-15.338384,0 -54.611382,-15.338638,0 -54.611379,-15.338890,0 -54.611376,-15.339125,0 -54.611152,-15.339177,0 -54.610929,-15.339211,0 -54.610705,-15.339245,0 -54.610462,-15.339278,0 -54.610238,-15.339330,0 -54.610015,-15.339364,0 -54.609772,-15.339397,0 -54.609548,-15.339431,0 -54.609324,-15.339483,0 -54.609082,-15.339516,0 -54.608858,-15.339550,0 -54.608634,-15.339584,0 -54.608392,-15.339635,0 -54.608168,-15.339669,0 -54.607944,-15.339703,0 -54.607720,-15.339737,0 -54.607478,-15.339788,0 -54.607254,-15.339822,0 -54.606973,-15.339963,0 -54.607082,-15.340181,0 -54.607173,-15.340381,0 -54.607282,-15.340599,0 -54.607373,-15.340799,0 -54.607482,-15.341017,0 -54.607573,-15.341217,0 -54.607682,-15.341435,0 -54.607773,-15.341634,0 -54.607864,-15.341852,0 -54.607973,-15.342052,0 -54.608064,-15.342270,0 -54.608173,-15.342470,0 -54.608264,-15.342688,0 -54.608373,-15.342887,0 -54.608464,-15.343105,0 -54.608573,-15.343305,0 -54.608664,-15.343523,0 -54.608773,-15.343723,0 -54.608864,-15.343941,0 -54.608955,-15.344140,0 -54.609064,-15.344358,0 -54.609155,-15.344576,0 -54.609264,-15.344776,0 -54.609355,-15.344994,0 -54.609464,-15.345194,0 -54.609555,-15.345412,0 -54.609664,-15.345612,0 -54.609755,-15.345829,0 -54.609864,-15.346029,0 -54.609955,-15.346247,0 -54.610046,-15.346447,0 -54.610155,-15.346665,0 -54.610246,-15.346865,0 -54.610355,-15.347083,0 -54.610446,-15.347282,0 -54.610555,-15.347500,0 -54.610646,-15.347700,0 -54.610755,-15.347918,0 -54.610846,-15.348118,0 -54.610937,-15.348335,0 -54.611046,-15.348535,0 -54.611137,-15.348753,0 -54.611246,-15.348953,0 -54.611337,-15.349171,0 -54.611652,-15.349247,0</coordinates></LineString></Placemark>
<Placemark><name>G-26 - 9,86 km</name><description>Maxima 9859 m | Minima 7134 m | Reta 3753 m | 135.9 ha</description><styleUrl>#rota</styleUrl><LineString><tessellate>1</tessellate><coordinates>-54.597239,-15.307065,0 -54.597334,-15.306849,0 -54.597430,-15.306652,0 -54.597525,-15.306436,0 -54.597602,-15.306220,0 -54.597976,-15.306097,0 -54.598254,-15.306191,0 -54.598438,-15.306355,0 -54.598622,-15.306538,0 -54.598825,-15.306703,0 -54.598841,-15.306938,0 -54.598857,-15.307155,0 -54.598873,-15.307390,0 -54.599096,-15.307483,0 -54.599318,-15.307557,0 -54.599540,-15.307650,0 -54.599781,-15.307743,0 -54.599722,-15.308031,0 -54.599982,-15.308124,0 -54.600260,-15.308218,0 -54.600300,-15.307983,0 -54.600340,-15.307767,0 -54.600398,-15.307533,0 -54.600438,-15.307298,0 -54.600496,-15.307082,0 -54.600536,-15.306848,0 -54.600595,-15.306613,0 -54.600635,-15.306379,0 -54.600693,-15.306163,0 -54.600733,-15.305928,0 -54.600791,-15.305694,0 -54.600831,-15.305478,0 -54.600890,-15.305243,0 -54.600929,-15.305009,0 -54.600988,-15.304775,0 -54.601028,-15.304558,0 -54.601086,-15.304324,0 -54.601348,-15.304200,0 -54.601552,-15.304329,0 -54.601755,-15.304440,0 -54.601977,-15.304568,0 -54.602180,-15.304697,0 -54.602421,-15.304826,0 -54.602643,-15.304955,0 -54.602883,-15.305084,0 -54.603124,-15.305213,0 -54.603346,-15.305360,0 -54.603548,-15.305525,0 -54.603770,-15.305672,0 -54.603973,-15.305800,0 -54.604177,-15.305929,0 -54.604380,-15.306058,0 -54.604583,-15.306186,0 -54.604768,-15.306315,0 -54.604953,-15.306461,0 -54.605137,-15.306590,0 -54.605341,-15.306718,0 -54.605562,-15.306865,0 -54.605765,-15.307012,0 -54.605987,-15.307159,0 -54.606209,-15.307306,0 -54.606412,-15.307416,0 -54.606616,-15.307545,0 -54.606819,-15.307656,0 -54.607023,-15.307766,0 -54.607226,-15.307895,0 -54.607430,-15.308006,0 -54.607652,-15.308134,0 -54.607873,-15.308281,0 -54.608077,-15.308410,0 -54.608298,-15.308539,0 -54.608502,-15.308668,0 -54.608801,-15.308508,0 -54.609082,-15.308367,0 -54.609326,-15.308243,0 -54.609551,-15.308119,0 -54.609775,-15.307995,0 -54.610000,-15.307870,0 -54.610225,-15.307746,0 -54.610468,-15.307623,0 -54.610693,-15.307498,0 -54.610918,-15.307392,0 -54.611161,-15.307287,0 -54.611666,-15.308683,0 -54.611928,-15.308596,0 -54.612208,-15.308508,0 -54.612489,-15.308421,0 -54.612712,-15.308405,0 -54.612954,-15.308372,0 -54.613197,-15.308356,0 -54.613439,-15.308341,0 -54.613736,-15.308398,0 -54.614033,-15.308456,0 -54.614330,-15.308531,0 -54.614553,-15.308624,0 -54.614775,-15.308698,0 -54.614998,-15.308791,0 -54.615219,-15.308974,0 -54.615459,-15.309157,0 -54.615699,-15.309341,0 -54.615864,-15.309505,0 -54.616048,-15.309688,0 -54.616214,-15.309870,0 -54.616379,-15.310071,0 -54.616526,-15.310253,0 -54.616691,-15.310453,0 -54.616875,-15.310636,0 -54.617059,-15.310837,0 -54.617243,-15.311038,0 -54.617409,-15.311202,0 -54.617574,-15.311384,0 -54.617740,-15.311567,0 -54.617942,-15.311822,0 -54.618163,-15.312059,0 -54.618291,-15.312259,0 -54.618437,-15.312442,0 -54.618566,-15.312642,0 -54.618694,-15.312824,0 -54.618506,-15.312966,0 -54.618299,-15.313145,0 -54.618130,-15.313287,0 -54.617942,-15.313430,0 -54.617755,-15.313554,0 -54.617567,-15.313697,0 -54.617379,-15.313840,0 -54.617191,-15.313982,0 -54.617004,-15.314107,0 -54.616816,-15.314249,0 -54.616628,-15.314392,0 -54.616440,-15.314534,0 -54.616253,-15.314659,0 -54.616065,-15.314801,0 -54.615877,-15.314944,0 -54.615689,-15.315086,0 -54.615521,-15.315211,0 -54.615333,-15.315354,0 -54.615145,-15.315496,0 -54.614957,-15.315639,0 -54.614770,-15.315763,0 -54.614582,-15.315906,0 -54.614394,-15.316048,0 -54.614206,-15.316191,0 -54.614019,-15.316315,0 -54.613831,-15.316458,0 -54.613643,-15.316600,0 -54.613455,-15.316743,0 -54.613268,-15.316867,0 -54.613080,-15.317010,0 -54.612911,-15.317153,0 -54.612723,-15.317295,0 -54.612535,-15.317420,0 -54.612348,-15.317562,0 -54.612160,-15.317705,0 -54.611972,-15.317847,0 -54.611784,-15.317972,0 -54.611597,-15.318114,0 -54.611409,-15.318257,0 -54.611221,-15.318399,0 -54.611033,-15.318524,0 -54.610846,-15.318666,0 -54.610658,-15.318809,0 -54.610470,-15.318951,0 -54.610301,-15.319076,0 -54.610113,-15.319219,0 -54.609926,-15.319361,0 -54.609738,-15.319504,0 -54.609550,-15.319628,0 -54.609362,-15.319771,0 -54.609175,-15.319913,0 -54.608987,-15.320056,0 -54.608799,-15.320180,0 -54.608611,-15.320323,0 -54.608424,-15.320465,0 -54.608236,-15.320608,0 -54.608364,-15.320808,0 -54.608492,-15.321008,0 -54.608620,-15.321226,0 -54.608765,-15.321517,0 -54.608893,-15.321753,0 -54.609021,-15.321971,0 -54.609130,-15.322207,0 -54.609258,-15.322426,0 -54.609348,-15.322680,0 -54.609457,-15.322916,0 -54.609603,-15.323206,0 -54.609674,-15.323442,0 -54.609746,-15.323696,0 -54.609836,-15.323931,0 -54.609908,-15.324203,0 -54.609998,-15.324475,0 -54.610069,-15.324747,0 -54.610141,-15.324983,0 -54.610213,-15.325200,0 -54.610266,-15.325418,0 -54.610338,-15.325653,0 -54.610391,-15.325871,0 -54.610463,-15.326106,0 -54.610535,-15.326324,0 -54.610588,-15.326559,0 -54.610771,-15.326832,0 -54.610843,-15.327086,0 -54.610896,-15.327340,0 -54.611060,-15.327630,0 -54.611151,-15.327830,0 -54.611315,-15.328121,0 -54.611498,-15.328394,0 -54.611663,-15.328667,0 -54.611827,-15.328940,0 -54.611937,-15.329158,0 -54.612027,-15.329393,0 -54.612118,-15.329611,0 -54.612227,-15.329847,0 -54.612336,-15.330047,0 -54.612445,-15.330265,0 -54.612573,-15.330483,0 -54.612626,-15.330719,0 -54.612698,-15.330973,0 -54.612751,-15.331208,0 -54.612823,-15.331444,0 -54.612895,-15.331661,0 -54.612948,-15.331897,0 -54.612983,-15.332132,0 -54.613017,-15.332385,0 -54.613051,-15.332639,0 -54.613012,-15.332855,0 -54.612953,-15.333089,0 -54.612913,-15.333324,0 -54.612873,-15.333631,0 -54.612813,-15.333937,0 -54.612755,-15.334171,0 -54.612696,-15.334424,0 -54.612637,-15.334658,0 -54.612541,-15.334946,0 -54.612463,-15.335234,0 -54.612349,-15.335468,0 -54.612235,-15.335683,0 -54.612139,-15.335917,0 -54.612025,-15.336133,0 -54.611929,-15.336367,0 -54.611833,-15.336601,0 -54.611719,-15.336852,0 -54.611623,-15.337086,0 -54.611490,-15.337356,0 -54.611356,-15.337644,0 -54.611372,-15.337897,0 -54.611369,-15.338131,0 -54.611366,-15.338384,0 -54.611382,-15.338638,0 -54.611379,-15.338890,0 -54.611413,-15.339198,0 -54.611522,-15.339416,0 -54.611650,-15.339616,0 -54.611759,-15.339834,0 -54.611887,-15.340052,0 -54.611997,-15.340270,0 -54.612106,-15.340488,0 -54.612234,-15.340706,0 -54.612343,-15.340906,0 -54.612490,-15.341125,0 -54.612636,-15.341325,0 -54.612819,-15.341598,0 -54.612966,-15.341780,0 -54.613094,-15.341980,0 -54.613222,-15.342181,0 -54.613388,-15.342363,0 -54.613553,-15.342545,0 -54.613718,-15.342764,0 -54.613902,-15.342983,0 -54.614049,-15.343201,0 -54.614214,-15.343420,0 -54.614379,-15.343602,0 -54.614526,-15.343803,0 -54.614691,-15.344003,0 -54.614912,-15.344240,0 -54.615132,-15.344496,0 -54.615372,-15.344715,0 -54.615612,-15.344934,0 -54.615757,-15.345279,0 -54.615921,-15.345516,0 -54.616068,-15.345752,0 -54.616214,-15.345989,0 -54.616360,-15.346207,0 -54.616395,-15.346442,0 -54.616430,-15.346678,0 -54.616595,-15.346896,0 -54.616837,-15.346863,0 -54.617061,-15.346847,0 -54.617303,-15.346814,0 -54.617546,-15.346780,0 -54.617769,-15.346764,0 -54.618012,-15.346731,0 -54.618254,-15.346715,0 -54.618478,-15.346682,0 -54.618720,-15.346648,0 -54.618944,-15.346632,0 -54.619186,-15.346599,0 -54.619428,-15.346583,0 -54.619652,-15.346550,0 -54.619895,-15.346516,0 -54.620137,-15.346501,0 -54.620361,-15.346467,0 -54.620603,-15.346451,0 -54.620827,-15.346418,0 -54.621069,-15.346384,0 -54.621312,-15.346369,0 -54.621535,-15.346335,0 -54.621778,-15.346319,0 -54.622001,-15.346286,0 -54.622244,-15.346252,0 -54.622486,-15.346236,0 -54.622710,-15.346203,0 -54.622952,-15.346187,0 -54.623195,-15.346154,0 -54.623418,-15.346138,0 -54.623661,-15.346104,0 -54.623884,-15.346071,0 -54.624127,-15.346055,0 -54.624369,-15.346022,0 -54.624593,-15.346006,0 -54.624835,-15.345972,0 -54.625078,-15.345939,0 -54.625301,-15.345923,0 -54.625544,-15.345890,0 -54.625767,-15.345874,0 -54.626010,-15.345840,0 -54.626252,-15.345807,0 -54.626476,-15.345791,0 -54.626718,-15.345758,0 -54.626942,-15.345742,0 -54.627184,-15.345708,0 -54.627427,-15.345675,0 -54.627650,-15.345659,0 -54.627893,-15.345626,0 -54.628135,-15.345610,0 -54.628359,-15.345576,0 -54.628601,-15.345543,0 -54.628825,-15.345527,0 -54.629067,-15.345493,0 -54.629309,-15.345478,0 -54.629533,-15.345444,0 -54.629611,-15.345192,0 -54.629632,-15.344921,0 -54.629654,-15.344632,0 -54.629583,-15.344379,0 -54.629530,-15.344125,0 -54.629347,-15.343762,0 -54.629183,-15.343507,0 -54.629018,-15.343234,0 -54.628816,-15.342997,0</coordinates></LineString></Placemark>
<Placemark><name>G-27 - 8,11 km</name><description>Maxima 8114 m | Minima 5560 m | Reta 2501 m | 126.14 ha</description><styleUrl>#rota</styleUrl><LineString><tessellate>1</tessellate><coordinates>-54.597239,-15.307065,0 -54.597334,-15.306849,0 -54.597430,-15.306652,0 -54.597525,-15.306436,0 -54.597602,-15.306220,0 -54.597976,-15.306097,0 -54.598254,-15.306191,0 -54.598438,-15.306355,0 -54.598622,-15.306538,0 -54.598825,-15.306703,0 -54.598841,-15.306938,0 -54.598857,-15.307155,0 -54.598873,-15.307390,0 -54.599096,-15.307483,0 -54.599318,-15.307557,0 -54.599540,-15.307650,0 -54.599781,-15.307743,0 -54.599722,-15.308031,0 -54.599982,-15.308124,0 -54.600260,-15.308218,0 -54.600300,-15.307983,0 -54.600340,-15.307767,0 -54.600398,-15.307533,0 -54.600438,-15.307298,0 -54.600496,-15.307082,0 -54.600536,-15.306848,0 -54.600595,-15.306613,0 -54.600635,-15.306379,0 -54.600693,-15.306163,0 -54.600733,-15.305928,0 -54.600791,-15.305694,0 -54.600831,-15.305478,0 -54.600890,-15.305243,0 -54.600929,-15.305009,0 -54.600988,-15.304775,0 -54.601028,-15.304558,0 -54.601086,-15.304324,0 -54.601348,-15.304200,0 -54.601552,-15.304329,0 -54.601755,-15.304440,0 -54.601977,-15.304568,0 -54.602180,-15.304697,0 -54.602421,-15.304826,0 -54.602643,-15.304955,0 -54.602883,-15.305084,0 -54.603124,-15.305213,0 -54.603346,-15.305360,0 -54.603548,-15.305525,0 -54.603770,-15.305672,0 -54.603973,-15.305800,0 -54.604177,-15.305929,0 -54.604380,-15.306058,0 -54.604583,-15.306186,0 -54.604768,-15.306315,0 -54.604953,-15.306461,0 -54.605137,-15.306590,0 -54.605341,-15.306718,0 -54.605562,-15.306865,0 -54.605765,-15.307012,0 -54.605987,-15.307159,0 -54.606209,-15.307306,0 -54.606412,-15.307416,0 -54.606616,-15.307545,0 -54.606819,-15.307656,0 -54.607023,-15.307766,0 -54.607226,-15.307895,0 -54.607430,-15.308006,0 -54.607652,-15.308134,0 -54.607873,-15.308281,0 -54.608077,-15.308410,0 -54.608298,-15.308539,0 -54.608502,-15.308668,0 -54.608801,-15.308508,0 -54.609082,-15.308367,0 -54.609326,-15.308243,0 -54.609551,-15.308119,0 -54.609775,-15.307995,0 -54.610000,-15.307870,0 -54.610225,-15.307746,0 -54.610468,-15.307623,0 -54.610693,-15.307498,0 -54.610918,-15.307392,0 -54.611161,-15.307287,0 -54.611666,-15.308683,0 -54.611928,-15.308596,0 -54.612208,-15.308508,0 -54.612489,-15.308421,0 -54.612712,-15.308405,0 -54.612954,-15.308372,0 -54.613197,-15.308356,0 -54.613439,-15.308341,0 -54.613736,-15.308398,0 -54.614033,-15.308456,0 -54.614330,-15.308531,0 -54.614553,-15.308624,0 -54.614775,-15.308698,0 -54.614998,-15.308791,0 -54.615219,-15.308974,0 -54.615459,-15.309157,0 -54.615699,-15.309341,0 -54.615864,-15.309505,0 -54.616048,-15.309688,0 -54.616214,-15.309870,0 -54.616379,-15.310071,0 -54.616526,-15.310253,0 -54.616691,-15.310453,0 -54.616875,-15.310636,0 -54.617059,-15.310837,0 -54.617243,-15.311038,0 -54.617409,-15.311202,0 -54.617574,-15.311384,0 -54.617740,-15.311567,0 -54.617942,-15.311822,0 -54.618163,-15.312059,0 -54.618291,-15.312259,0 -54.618437,-15.312442,0 -54.618566,-15.312642,0 -54.618694,-15.312824,0 -54.618506,-15.312966,0 -54.618299,-15.313145,0 -54.618130,-15.313287,0 -54.617942,-15.313430,0 -54.617755,-15.313554,0 -54.617567,-15.313697,0 -54.617379,-15.313840,0 -54.617191,-15.313982,0 -54.617004,-15.314107,0 -54.616816,-15.314249,0 -54.616628,-15.314392,0 -54.616440,-15.314534,0 -54.616253,-15.314659,0 -54.616065,-15.314801,0 -54.615877,-15.314944,0 -54.615689,-15.315086,0 -54.615521,-15.315211,0 -54.615333,-15.315354,0 -54.615145,-15.315496,0 -54.614957,-15.315639,0 -54.614770,-15.315763,0 -54.614582,-15.315906,0 -54.614394,-15.316048,0 -54.614206,-15.316191,0 -54.614019,-15.316315,0 -54.613831,-15.316458,0 -54.613643,-15.316600,0 -54.613455,-15.316743,0 -54.613268,-15.316867,0 -54.613080,-15.317010,0 -54.612911,-15.317153,0 -54.612723,-15.317295,0 -54.612535,-15.317420,0 -54.612348,-15.317562,0 -54.612160,-15.317705,0 -54.611972,-15.317847,0 -54.611784,-15.317972,0 -54.611597,-15.318114,0 -54.611409,-15.318257,0 -54.611221,-15.318399,0 -54.611033,-15.318524,0 -54.610846,-15.318666,0 -54.610658,-15.318809,0 -54.610470,-15.318951,0 -54.610301,-15.319076,0 -54.610113,-15.319219,0 -54.609926,-15.319361,0 -54.609738,-15.319504,0 -54.609550,-15.319628,0 -54.609362,-15.319771,0 -54.609175,-15.319913,0 -54.608987,-15.320056,0 -54.608799,-15.320180,0 -54.608611,-15.320323,0 -54.608424,-15.320465,0 -54.608236,-15.320608,0 -54.608364,-15.320808,0 -54.608492,-15.321008,0 -54.608620,-15.321226,0 -54.608765,-15.321517,0 -54.608893,-15.321753,0 -54.609021,-15.321971,0 -54.609130,-15.322207,0 -54.609258,-15.322426,0 -54.609348,-15.322680,0 -54.609457,-15.322916,0 -54.609603,-15.323206,0 -54.609674,-15.323442,0 -54.609746,-15.323696,0 -54.609836,-15.323931,0 -54.609908,-15.324203,0 -54.609998,-15.324475,0 -54.610069,-15.324747,0 -54.610141,-15.324983,0 -54.610213,-15.325200,0 -54.610266,-15.325418,0 -54.610338,-15.325653,0 -54.610391,-15.325871,0 -54.610463,-15.326106,0 -54.610535,-15.326324,0 -54.610588,-15.326559,0 -54.610771,-15.326832,0 -54.610843,-15.327086,0 -54.610896,-15.327340,0 -54.611060,-15.327630,0 -54.611151,-15.327830,0 -54.611315,-15.328121,0 -54.611498,-15.328394,0 -54.611663,-15.328667,0 -54.611827,-15.328940,0 -54.611937,-15.329158,0 -54.612027,-15.329393,0 -54.612118,-15.329611,0 -54.612227,-15.329847,0 -54.612336,-15.330047,0 -54.612445,-15.330265,0 -54.612573,-15.330483,0 -54.612626,-15.330719,0 -54.612698,-15.330973,0 -54.612751,-15.331208,0 -54.612823,-15.331444,0 -54.612895,-15.331661,0 -54.612948,-15.331897,0 -54.612983,-15.332132,0 -54.613017,-15.332385,0 -54.613051,-15.332639,0 -54.613012,-15.332855,0 -54.613121,-15.333109,0 -54.613080,-15.333416,0 -54.613040,-15.333686,0 -54.612999,-15.333957,0 -54.612959,-15.334228,0 -54.612900,-15.334480,0 -54.612860,-15.334733,0 -54.612802,-15.334967,0 -54.612687,-15.335255,0 -54.612590,-15.335525,0 -54.612495,-15.335740,0 -54.612399,-15.335956,0 -54.612304,-15.336172,0 -54.612208,-15.336406,0 -54.612112,-15.336622,0 -54.612017,-15.336856,0 -54.611921,-15.337089,0 -54.611749,-15.337449,0 -54.611653,-15.337737,0 -54.611557,-15.338007,0 -54.611479,-15.338277,0 -54.611495,-15.338530,0 -54.611511,-15.338783,0 -54.611526,-15.339037,0 -54.611769,-15.338985,0 -54.612030,-15.338952,0 -54.612273,-15.338918,0 -54.612515,-15.338885,0 -54.612758,-15.338833,0 -54.613000,-15.338799,0 -54.613021,-15.338565,0 -54.613061,-15.338312,0 -54.613101,-15.338078,0 -54.613273,-15.337754,0 -54.613534,-15.337685,0 -54.613795,-15.337615,0 -54.614075,-15.337618,0 -54.614373,-15.337604,0 -54.614671,-15.337589,0 -54.614969,-15.337556,0 -54.615229,-15.337595,0 -54.615508,-15.337616,0 -54.615862,-15.337656,0 -54.616216,-15.337623,0 -54.616494,-15.337735,0 -54.616737,-15.337647,0 -54.616999,-15.337559,0 -54.617242,-15.337472,0 -54.617485,-15.337384,0 -54.617746,-15.337296,0 -54.617989,-15.337209,0 -54.618178,-15.336994,0 -54.618385,-15.336779,0 -54.618556,-15.336528,0 -54.618745,-15.336277,0 -54.618933,-15.336062,0 -54.619140,-15.335866,0</coordinates></LineString></Placemark>
<Placemark><name>G-28 - 5,72 km</name><description>Maxima 5723 m | Minima 3524 m | Reta 1818 m | 77.57 ha</description><styleUrl>#rota</styleUrl><LineString><tessellate>1</tessellate><coordinates>-54.597239,-15.307065,0 -54.597334,-15.306849,0 -54.597430,-15.306652,0 -54.597525,-15.306436,0 -54.597602,-15.306220,0 -54.597976,-15.306097,0 -54.598254,-15.306191,0 -54.598438,-15.306355,0 -54.598622,-15.306538,0 -54.598825,-15.306703,0 -54.598841,-15.306938,0 -54.598857,-15.307155,0 -54.598873,-15.307390,0 -54.599096,-15.307483,0 -54.599318,-15.307557,0 -54.599540,-15.307650,0 -54.599781,-15.307743,0 -54.599722,-15.308031,0 -54.599982,-15.308124,0 -54.600260,-15.308218,0 -54.600300,-15.307983,0 -54.600340,-15.307767,0 -54.600398,-15.307533,0 -54.600438,-15.307298,0 -54.600496,-15.307082,0 -54.600536,-15.306848,0 -54.600595,-15.306613,0 -54.600635,-15.306379,0 -54.600693,-15.306163,0 -54.600733,-15.305928,0 -54.600791,-15.305694,0 -54.600831,-15.305478,0 -54.600890,-15.305243,0 -54.600929,-15.305009,0 -54.600988,-15.304775,0 -54.601028,-15.304558,0 -54.601086,-15.304324,0 -54.601348,-15.304200,0 -54.601552,-15.304329,0 -54.601755,-15.304440,0 -54.601977,-15.304568,0 -54.602180,-15.304697,0 -54.602421,-15.304826,0 -54.602643,-15.304955,0 -54.602883,-15.305084,0 -54.603124,-15.305213,0 -54.603346,-15.305360,0 -54.603548,-15.305525,0 -54.603770,-15.305672,0 -54.603973,-15.305800,0 -54.604177,-15.305929,0 -54.604380,-15.306058,0 -54.604583,-15.306186,0 -54.604768,-15.306315,0 -54.604953,-15.306461,0 -54.605137,-15.306590,0 -54.605341,-15.306718,0 -54.605562,-15.306865,0 -54.605765,-15.307012,0 -54.605987,-15.307159,0 -54.606209,-15.307306,0 -54.606412,-15.307416,0 -54.606616,-15.307545,0 -54.606819,-15.307656,0 -54.607023,-15.307766,0 -54.607226,-15.307895,0 -54.607430,-15.308006,0 -54.607652,-15.308134,0 -54.607873,-15.308281,0 -54.608077,-15.308410,0 -54.608298,-15.308539,0 -54.608502,-15.308668,0 -54.608801,-15.308508,0 -54.609082,-15.308367,0 -54.609326,-15.308243,0 -54.609551,-15.308119,0 -54.609775,-15.307995,0 -54.610000,-15.307870,0 -54.610225,-15.307746,0 -54.610468,-15.307623,0 -54.610693,-15.307498,0 -54.610918,-15.307392,0 -54.611161,-15.307287,0 -54.611666,-15.308683,0 -54.611928,-15.308596,0 -54.612208,-15.308508,0 -54.612489,-15.308421,0 -54.612712,-15.308405,0 -54.612954,-15.308372,0 -54.613197,-15.308356,0 -54.613439,-15.308341,0 -54.613736,-15.308398,0 -54.614033,-15.308456,0 -54.614330,-15.308531,0 -54.614553,-15.308624,0 -54.614775,-15.308698,0 -54.614998,-15.308791,0 -54.615219,-15.308974,0 -54.615459,-15.309157,0 -54.615699,-15.309341,0 -54.615864,-15.309505,0 -54.616048,-15.309688,0 -54.616214,-15.309870,0 -54.616379,-15.310071,0 -54.616526,-15.310253,0 -54.616691,-15.310453,0 -54.616875,-15.310636,0 -54.617059,-15.310837,0 -54.617243,-15.311038,0 -54.617409,-15.311202,0 -54.617574,-15.311384,0 -54.617740,-15.311567,0 -54.617942,-15.311822,0 -54.618163,-15.312059,0 -54.618291,-15.312259,0 -54.618437,-15.312442,0 -54.618566,-15.312642,0 -54.618694,-15.312824,0 -54.618821,-15.313132,0 -54.618966,-15.313405,0 -54.619111,-15.313786,0 -54.619218,-15.314221,0 -54.619437,-15.314566,0 -54.619601,-15.314875,0 -54.619785,-15.315112,0 -54.619969,-15.315331,0 -54.620189,-15.315640,0 -54.620316,-15.315895,0 -54.620443,-15.316149,0 -54.620625,-15.316512,0 -54.620695,-15.316910,0 -54.620360,-15.316943,0 -54.619931,-15.317011,0 -54.619503,-15.317006,0 -54.619205,-15.317039,0 -54.618868,-15.317180,0 -54.618587,-15.317285,0 -54.618379,-15.317572,0 -54.618246,-15.317842,0 -54.618131,-15.318130,0 -54.618054,-15.318382,0 -54.617976,-15.318652,0 -54.617805,-15.318994,0 -54.617540,-15.319334,0 -54.617314,-15.319548,0 -54.617015,-15.319672,0 -54.616719,-15.319542,0 -54.616367,-15.319412,0 -54.616049,-15.319517,0 -54.615767,-15.319785,0 -54.615708,-15.320019,0 -54.615650,-15.320253,0 -54.615609,-15.320524,0 -54.615551,-15.320776,0 -54.615510,-15.321029,0 -54.615433,-15.321263,0 -54.615375,-15.321515,0 -54.615316,-15.321750,0 -54.615239,-15.322002,0 -54.615143,-15.322236,0 -54.615029,-15.322469,0 -54.614914,-15.322685,0 -54.614800,-15.322919,0 -54.614686,-15.323152,0 -54.614478,-15.323403,0 -54.614252,-15.323635,0 -54.614009,-15.323687,0 -54.613748,-15.323756,0 -54.613487,-15.323826,0 -54.613225,-15.323877,0 -54.612889,-15.324000,0 -54.612681,-15.324269,0 -54.612660,-15.324522,0 -54.612657,-15.324775,0 -54.612729,-15.324992,0 -54.612819,-15.325192,0 -54.612910,-15.325410,0 -54.613001,-15.325628,0 -54.612776,-15.325697,0 -54.612552,-15.325785,0 -54.612346,-15.325874,0 -54.612122,-15.325961,0 -54.611897,-15.326049,0 -54.611692,-15.326120,0 -54.611467,-15.326207,0</coordinates></LineString></Placemark>
<Placemark><name>G-29 - 5,28 km</name><description>Maxima 5279 m | Minima 2547 m | Reta 859 m | 116.19 ha</description><styleUrl>#rota</styleUrl><LineString><tessellate>1</tessellate><coordinates>-54.597239,-15.307065,0 -54.597334,-15.306849,0 -54.597430,-15.306652,0 -54.597525,-15.306436,0 -54.597602,-15.306220,0 -54.597976,-15.306097,0 -54.598254,-15.306191,0 -54.598438,-15.306355,0 -54.598622,-15.306538,0 -54.598825,-15.306703,0 -54.598841,-15.306938,0 -54.598857,-15.307155,0 -54.598873,-15.307390,0 -54.599096,-15.307483,0 -54.599318,-15.307557,0 -54.599540,-15.307650,0 -54.599781,-15.307743,0 -54.599722,-15.308031,0 -54.599982,-15.308124,0 -54.600260,-15.308218,0 -54.600300,-15.307983,0 -54.600340,-15.307767,0 -54.600398,-15.307533,0 -54.600438,-15.307298,0 -54.600496,-15.307082,0 -54.600536,-15.306848,0 -54.600595,-15.306613,0 -54.600635,-15.306379,0 -54.600693,-15.306163,0 -54.600733,-15.305928,0 -54.600791,-15.305694,0 -54.600831,-15.305478,0 -54.600890,-15.305243,0 -54.600929,-15.305009,0 -54.600988,-15.304775,0 -54.601028,-15.304558,0 -54.601086,-15.304324,0 -54.601348,-15.304200,0 -54.601552,-15.304329,0 -54.601755,-15.304440,0 -54.601977,-15.304568,0 -54.602180,-15.304697,0 -54.602421,-15.304826,0 -54.602643,-15.304955,0 -54.602883,-15.305084,0 -54.603124,-15.305213,0 -54.603346,-15.305360,0 -54.603548,-15.305525,0 -54.603770,-15.305672,0 -54.603973,-15.305800,0 -54.604177,-15.305929,0 -54.604380,-15.306058,0 -54.604583,-15.306186,0 -54.604768,-15.306315,0 -54.604953,-15.306461,0 -54.605137,-15.306590,0 -54.605341,-15.306718,0 -54.605562,-15.306865,0 -54.605765,-15.307012,0 -54.605987,-15.307159,0 -54.606209,-15.307306,0 -54.606412,-15.307416,0 -54.606616,-15.307545,0 -54.606819,-15.307656,0 -54.607023,-15.307766,0 -54.607226,-15.307895,0 -54.607430,-15.308006,0 -54.607652,-15.308134,0 -54.607873,-15.308281,0 -54.608077,-15.308410,0 -54.608298,-15.308539,0 -54.608502,-15.308668,0 -54.608801,-15.308508,0 -54.609082,-15.308367,0 -54.609326,-15.308243,0 -54.609551,-15.308119,0 -54.609775,-15.307995,0 -54.610000,-15.307870,0 -54.610225,-15.307746,0 -54.610468,-15.307623,0 -54.610693,-15.307498,0 -54.610918,-15.307392,0 -54.611161,-15.307287,0 -54.611666,-15.308683,0 -54.611459,-15.308898,0 -54.611252,-15.309094,0 -54.611045,-15.309291,0 -54.610633,-15.309485,0 -54.610222,-15.309607,0 -54.609923,-15.309731,0 -54.609605,-15.309854,0 -54.609399,-15.309978,0 -54.609212,-15.310103,0 -54.609005,-15.310227,0 -54.608818,-15.310369,0 -54.608611,-15.310512,0 -54.608423,-15.310654,0 -54.608236,-15.310797,0 -54.608103,-15.311030,0 -54.607970,-15.311246,0 -54.607837,-15.311461,0 -54.607686,-15.311694,0 -54.607645,-15.311947,0 -54.607587,-15.312217,0 -54.607546,-15.312470,0 -54.607450,-15.312794,0 -54.607353,-15.313118,0 -54.607164,-15.313333,0 -54.606994,-15.313530,0 -54.606769,-15.313672,0 -54.606563,-15.313814,0 -54.606357,-15.313957,0 -54.606113,-15.314117,0 -54.605850,-15.314294,0 -54.605679,-15.314654,0 -54.605767,-15.315089,0 -54.605876,-15.315289,0 -54.605985,-15.315488,0 -54.606114,-15.315689,0 -54.606260,-15.315871,0 -54.606407,-15.316053,0 -54.606628,-15.316290,0 -54.606662,-15.316598,0 -54.606325,-15.316703,0 -54.606064,-15.316754,0 -54.605821,-15.316824,0 -54.605560,-15.316893,0 -54.605317,-15.316945,0 -54.605056,-15.317014,0 -54.604778,-15.316867,0 -54.604556,-15.316756,0 -54.604353,-15.316645,0 -54.604151,-15.316372,0 -54.603968,-15.316117,0 -54.603877,-15.315899,0 -54.603787,-15.315664,0 -54.603603,-15.315481,0 -54.603400,-15.315316,0 -54.603158,-15.315259,0 -54.602898,-15.315220,0 -54.602657,-15.315164,0 -54.602415,-15.315161,0 -54.602173,-15.315140,0 -54.601931,-15.315120,0 -54.601689,-15.315099,0 -54.601448,-15.315078,0 -54.601168,-15.315093,0 -54.600889,-15.315090,0 -54.600701,-15.315233,0 -54.600532,-15.315394,0 -54.600417,-15.315664,0 -54.600302,-15.315933,0 -54.600188,-15.316203,0 -54.600485,-15.316261,0 -54.600932,-15.316229,0 -54.601323,-15.316215,0 -54.601732,-15.316292,0 -54.601972,-15.316475,0 -54.602192,-15.316749,0 -54.602376,-15.316913,0 -54.602542,-15.317060,0 -54.602708,-15.317224,0 -54.602892,-15.317407,0 -54.603225,-15.317609,0 -54.603427,-15.317846,0 -54.603647,-15.318101,0 -54.603868,-15.318357,0 -54.604090,-15.318449,0 -54.604312,-15.318542,0 -54.604516,-15.318617,0 -54.604739,-15.318691,0 -54.604980,-15.318766,0 -54.605203,-15.318841,0</coordinates></LineString></Placemark>
<Placemark><name>PAST - 2,76 km</name><description>Maxima 2758 m | Minima 1144 m | Reta 648 m | 51.47 ha</description><styleUrl>#rota</styleUrl><LineString><tessellate>1</tessellate><coordinates>-54.597239,-15.307065,0 -54.597334,-15.306849,0 -54.597430,-15.306652,0 -54.597525,-15.306436,0 -54.597602,-15.306220,0 -54.597976,-15.306097,0 -54.598254,-15.306191,0 -54.598438,-15.306355,0 -54.598622,-15.306538,0 -54.598825,-15.306703,0 -54.598841,-15.306938,0 -54.598857,-15.307155,0 -54.598873,-15.307390,0 -54.599096,-15.307483,0 -54.599318,-15.307557,0 -54.599540,-15.307650,0 -54.599781,-15.307743,0 -54.599722,-15.308031,0 -54.599982,-15.308124,0 -54.600260,-15.308218,0 -54.600300,-15.307983,0 -54.600340,-15.307767,0 -54.600398,-15.307533,0 -54.600438,-15.307298,0 -54.600496,-15.307082,0 -54.600536,-15.306848,0 -54.600595,-15.306613,0 -54.600635,-15.306379,0 -54.600693,-15.306163,0 -54.600733,-15.305928,0 -54.600791,-15.305694,0 -54.600831,-15.305478,0 -54.600890,-15.305243,0 -54.600929,-15.305009,0 -54.600988,-15.304775,0 -54.601028,-15.304558,0 -54.601086,-15.304324,0 -54.601201,-15.304018,0 -54.601241,-15.303784,0 -54.601281,-15.303549,0 -54.601339,-15.303333,0 -54.601379,-15.303098,0 -54.601419,-15.302864,0 -54.601478,-15.302648,0 -54.601685,-15.302415,0 -54.601743,-15.302199,0 -54.601783,-15.301964,0 -54.601823,-15.301748,0 -54.601863,-15.301532,0 -54.601921,-15.301297,0 -54.601961,-15.301081,0 -54.602001,-15.300847,0 -54.602040,-15.300630,0 -54.602080,-15.300414,0 -54.602139,-15.300180,0 -54.602178,-15.299963,0 -54.602218,-15.299747,0 -54.602258,-15.299512,0 -54.602316,-15.299296,0 -54.602501,-15.299443,0 -54.602704,-15.299607,0 -54.602888,-15.299754,0 -54.603072,-15.299919,0 -54.603351,-15.299958,0 -54.603630,-15.299997,0 -54.603890,-15.300036,0 -54.604074,-15.300200,0 -54.604259,-15.300365,0 -54.604462,-15.300512,0 -54.604646,-15.300676,0 -54.604830,-15.300841,0 -54.605015,-15.300987,0 -54.605162,-15.301170,0 -54.605327,-15.301334,0 -54.605493,-15.301516,0 -54.605640,-15.301681,0 -54.605805,-15.301863,0 -54.605952,-15.302027,0 -54.606193,-15.302156,0 -54.606415,-15.302303,0 -54.606637,-15.302432,0 -54.606821,-15.302615,0 -54.607005,-15.302779,0 -54.607189,-15.302944,0 -54.607374,-15.303108,0 -54.607520,-15.303291,0 -54.607686,-15.303491,0 -54.607851,-15.303674,0 -54.607998,-15.303874,0 -54.608163,-15.304075,0 -54.608310,-15.304257,0 -54.608513,-15.304367,0 -54.608736,-15.304478,0 -54.608939,-15.304589,0 -54.609143,-15.304699,0 -54.609346,-15.304792,0 -54.609569,-15.304885,0 -54.609772,-15.304977,0 -54.609995,-15.305070,0</coordinates></LineString></Placemark>
<Placemark><name>R-20 - 3,07 km</name><description>Maxima 3072 m | Minima 1922 m | Reta 1812 m | 32.34 ha</description><styleUrl>#rota</styleUrl><LineString><tessellate>1</tessellate><coordinates>-54.597239,-15.307065,0 -54.597016,-15.306990,0 -54.596794,-15.306916,0 -54.596571,-15.306841,0 -54.596349,-15.306748,0 -54.596126,-15.306674,0 -54.595904,-15.306599,0 -54.595681,-15.306524,0 -54.595459,-15.306450,0 -54.595236,-15.306357,0 -54.595014,-15.306282,0 -54.594791,-15.306208,0 -54.594569,-15.306133,0 -54.594346,-15.306058,0 -54.594124,-15.305966,0 -54.593883,-15.305891,0 -54.593660,-15.305816,0 -54.593438,-15.305741,0 -54.593215,-15.305667,0 -54.592993,-15.305574,0 -54.592770,-15.305499,0 -54.592548,-15.305425,0 -54.592325,-15.305350,0 -54.592103,-15.305275,0 -54.591880,-15.305201,0 -54.591658,-15.305108,0 -54.591435,-15.305033,0 -54.591213,-15.304959,0 -54.590990,-15.304884,0 -54.590768,-15.304809,0 -54.590545,-15.304716,0 -54.590304,-15.304642,0 -54.590081,-15.304567,0 -54.589859,-15.304492,0 -54.589636,-15.304418,0 -54.589414,-15.304325,0 -54.589192,-15.304250,0 -54.588969,-15.304175,0 -54.588747,-15.304101,0 -54.588468,-15.304007,0 -54.588246,-15.303933,0 -54.588023,-15.303840,0 -54.587801,-15.303765,0 -54.587579,-15.303673,0 -54.587356,-15.303598,0 -54.587134,-15.303523,0 -54.586911,-15.303431,0 -54.586689,-15.303356,0 -54.586466,-15.303263,0 -54.586244,-15.303188,0 -54.586003,-15.303114,0 -54.585780,-15.303021,0 -54.585558,-15.302946,0 -54.585336,-15.302853,0 -54.585113,-15.302779,0 -54.584890,-15.302704,0 -54.584668,-15.302611,0 -54.584446,-15.302537,0 -54.584223,-15.302444,0 -54.584001,-15.302369,0 -54.583778,-15.302295,0 -54.583537,-15.302202,0 -54.583315,-15.302127,0 -54.583092,-15.302034,0 -54.582870,-15.301960,0 -54.582647,-15.301885,0 -54.582425,-15.301792,0 -54.582203,-15.301717,0 -54.581980,-15.301625,0 -54.581758,-15.301550,0 -54.581816,-15.301316,0 -54.581875,-15.301081,0 -54.581952,-15.300847,0 -54.582010,-15.300613,0 -54.582088,-15.300379,0 -54.582165,-15.300145,0 -54.582242,-15.299875,0 -54.582320,-15.299623,0 -54.582397,-15.299353,0 -54.582475,-15.299100,0 -54.582552,-15.298848,0 -54.582630,-15.298560,0 -54.582726,-15.298272,0 -54.582785,-15.297966,0 -54.582864,-15.297641,0 -54.582941,-15.297407,0 -54.582925,-15.297190,0 -54.582740,-15.297044,0 -54.582518,-15.296915,0 -54.582315,-15.296786,0 -54.582093,-15.296657,0 -54.581890,-15.296510,0 -54.581668,-15.296382,0 -54.581446,-15.296253,0 -54.581262,-15.296106,0 -54.581077,-15.295960,0 -54.580874,-15.295813,0 -54.580671,-15.295684,0 -54.580468,-15.295556,0 -54.580283,-15.295445,0 -54.580079,-15.295316,0 -54.579821,-15.295151,0 -54.579617,-15.295022,0 -54.579414,-15.294894,0 -54.579211,-15.294765,0 -54.579026,-15.294655,0 -54.578823,-15.294526,0 -54.578619,-15.294397,0 -54.578416,-15.294269,0 -54.578213,-15.294140,0 -54.578010,-15.294011,0 -54.577970,-15.294246,0</coordinates></LineString></Placemark>
</Folder><Folder><name>Malha usada no calculo</name>
<Placemark><name>divisa 0</name><styleUrl>#malha</styleUrl><LineString><tessellate>1</tessellate><coordinates>-54.647160,-15.300150,0 -54.648580,-15.301780,0</coordinates></LineString></Placemark>
<Placemark><name>divisa 1</name><styleUrl>#malha</styleUrl><LineString><tessellate>1</tessellate><coordinates>-54.642630,-15.294550,0 -54.639910,-15.291440,0 -54.640190,-15.290700,0 -54.640200,-15.288740,0 -54.640330,-15.288150,0 -54.642570,-15.289080,0 -54.641890,-15.289650,0 -54.641740,-15.289920,0 -54.641790,-15.290240,0 -54.642720,-15.291350,0 -54.643270,-15.291620,0 -54.644470,-15.291870,0 -54.646640,-15.292050,0 -54.647390,-15.292600,0 -54.649550,-15.293360,0 -54.650060,-15.293840,0 -54.650180,-15.294070,0 -54.650140,-15.294360,0 -54.649600,-15.295360,0 -54.648650,-15.298190,0 -54.648490,-15.299020,0 -54.648440,-15.300420,0 -54.648670,-15.301470,0 -54.648580,-15.301780,0</coordinates></LineString></Placemark>
<Placemark><name>divisa 2</name><styleUrl>#malha</styleUrl><LineString><tessellate>1</tessellate><coordinates>-54.648580,-15.301780,0 -54.648050,-15.303120,0 -54.647980,-15.303670,0 -54.647370,-15.304420,0 -54.645810,-15.304930,0 -54.645480,-15.304830,0 -54.644130,-15.303720,0 -54.643200,-15.301880,0 -54.641980,-15.300340,0 -54.640400,-15.298940,0 -54.637760,-15.296960,0 -54.636580,-15.295580,0 -54.636140,-15.294870,0 -54.635570,-15.294630,0 -54.638620,-15.292550,0 -54.639860,-15.291470,0 -54.642630,-15.294550,0</coordinates></LineString></Placemark>
<Placemark><name>divisa 3</name><styleUrl>#malha</styleUrl><LineString><tessellate>1</tessellate><coordinates>-54.648580,-15.301780,0 -54.647160,-15.300150,0</coordinates></LineString></Placemark>
<Placemark><name>divisa 4</name><styleUrl>#malha</styleUrl><LineString><tessellate>1</tessellate><coordinates>-54.645640,-15.298330,0 -54.647160,-15.300150,0</coordinates></LineString></Placemark>
<Placemark><name>divisa 5</name><styleUrl>#malha</styleUrl><LineString><tessellate>1</tessellate><coordinates>-54.647160,-15.300150,0 -54.645640,-15.298330,0</coordinates></LineString></Placemark>
<Placemark><name>divisa 6</name><styleUrl>#malha</styleUrl><LineString><tessellate>1</tessellate><coordinates>-54.645640,-15.298330,0 -54.642630,-15.294550,0</coordinates></LineString></Placemark>
<Placemark><name>divisa 7</name><styleUrl>#malha</styleUrl><LineString><tessellate>1</tessellate><coordinates>-54.642630,-15.294550,0 -54.645640,-15.298330,0</coordinates></LineString></Placemark>
<Placemark><name>divisa 8</name><styleUrl>#malha</styleUrl><LineString><tessellate>1</tessellate><coordinates>-54.645990,-15.255030,0 -54.643960,-15.254630,0</coordinates></LineString></Placemark>
<Placemark><name>divisa 9</name><styleUrl>#malha</styleUrl><LineString><tessellate>1</tessellate><coordinates>-54.643960,-15.254630,0 -54.645990,-15.255030,0</coordinates></LineString></Placemark>
<Placemark><name>divisa 10</name><styleUrl>#malha</styleUrl><LineString><tessellate>1</tessellate><coordinates>-54.641860,-15.254290,0 -54.635650,-15.253220,0 -54.636220,-15.248860,0 -54.638430,-15.248690,0 -54.639420,-15.248440,0 -54.640890,-15.247800,0 -54.641870,-15.247710,0 -54.642460,-15.247740,0 -54.643100,-15.248190,0 -54.645380,-15.248720,0 -54.645480,-15.249330,0 -54.646780,-15.250720,0 -54.647340,-15.251500,0 -54.646920,-15.254070,0 -54.647070,-15.255370,0 -54.645990,-15.255030,0</coordinates></LineString></Placemark>
<Placemark><name>divisa 11</name><styleUrl>#malha</styleUrl><LineString><tessellate>1</tessellate><coordinates>-54.645990,-15.255030,0 -54.647070,-15.255410,0 -54.647730,-15.258540,0 -54.647050,-15.264220,0 -54.646960,-15.264430,0 -54.646800,-15.264440,0 -54.645340,-15.263900,0 -54.644090,-15.263140,0 -54.642620,-15.262020,0 -54.638920,-15.259770,0 -54.637390,-15.259120,0 -54.635650,-15.258860,0 -54.635640,-15.253260,0 -54.641860,-15.254290,0</coordinates></LineString></Placemark>
<Placemark><name>divisa 12</name><styleUrl>#malha</styleUrl><LineString><tessellate>1</tessellate><coordinates>-54.643500,-15.254550,0 -54.643960,-15.254630,0</coordinates></LineString></Placemark>
<Placemark><name>divisa 13</name><styleUrl>#malha</styleUrl><LineString><tessellate>1</tessellate><coordinates>-54.643960,-15.254630,0 -54.643500,-15.254550,0</coordinates></LineString></Placemark>
<Placemark><name>divisa 14</name><styleUrl>#malha</styleUrl><LineString><tessellate>1</tessellate><coordinates>-54.643500,-15.254550,0 -54.641860,-15.254290,0</coordinates></LineString></Placemark>
<Placemark><name>divisa 15</name><styleUrl>#malha</styleUrl><LineString><tessellate>1</tessellate><coordinates>-54.641860,-15.254290,0 -54.643500,-15.254550,0</coordinates></LineString></Placemark>
<Placemark><name>divisa 16</name><styleUrl>#malha</styleUrl><LineString><tessellate>1</tessellate><coordinates>-54.640870,-15.242360,0 -54.640870,-15.242360,0</coordinates></LineString></Placemark>
<Placemark><name>divisa 17</name><styleUrl>#malha</styleUrl><LineString><tessellate>1</tessellate><coordinates>-54.640870,-15.242360,0 -54.640230,-15.242370,0 -54.639680,-15.242220,0 -54.637300,-15.241070,0 -54.634800,-15.240530,0 -54.632920,-15.240900,0 -54.628780,-15.242430,0 -54.627810,-15.243180,0 -54.627530,-15.243260,0 -54.627250,-15.243160,0 -54.626460,-15.242210,0 -54.625910,-15.241130,0 -54.626750,-15.236390,0 -54.645770,-15.239930,0 -54.644870,-15.239970,0 -54.643750,-15.240330,0 -54.642220,-15.241780,0 -54.640870,-15.242360,0</coordinates></LineString></Placemark>
<Placemark><name>divisa 18</name><styleUrl>#malha</styleUrl><LineString><tessellate>1</tessellate><coordinates>-54.629390,-15.318060,0 -54.626890,-15.315750,0 -54.626010,-15.314730,0 -54.625120,-15.313590,0 -54.623460,-15.310810,0 -54.622680,-15.310090,0 -54.624220,-15.308930,0 -54.627700,-15.305370,0 -54.635980,-15.314500,0 -54.634020,-15.314340,0 -54.633640,-15.314430,0 -54.633370,-15.314650,0 -54.633000,-15.315250,0 -54.632950,-15.315530,0 -54.633080,-15.315990,0 -54.632880,-15.316350,0 -54.631740,-15.317000,0 -54.631190,-15.317840,0 -54.630660,-15.317860,0 -54.630250,-15.318010,0</coordinates></LineString></Placemark>
<Placemark><name>divisa 19</name><styleUrl>#malha</styleUrl><LineString><tessellate>1</tessellate><coordinates>-54.630250,-15.318010,0 -54.629800,-15.318150,0</coordinates></LineString></Placemark>
<Placemark><name>divisa 20</name><styleUrl>#malha</styleUrl><LineString><tessellate>1</tessellate><coordinates>-54.629800,-15.318150,0 -54.630250,-15.318010,0</coordinates></LineString></Placemark>
<Placemark><name>divisa 21</name><styleUrl>#malha</styleUrl><LineString><tessellate>1</tessellate><coordinates>-54.629800,-15.318150,0 -54.629800,-15.318150,0</coordinates></LineString></Placemark>
<Placemark><name>divisa 22</name><styleUrl>#malha</styleUrl><LineString><tessellate>1</tessellate><coordinates>-54.629800,-15.318150,0 -54.629800,-15.318150,0</coordinates></LineString></Placemark>
<Placemark><name>divisa 23</name><styleUrl>#malha</styleUrl><LineString><tessellate>1</tessellate><coordinates>-54.629800,-15.318150,0 -54.629800,-15.318150,0</coordinates></LineString></Placemark>
<Placemark><name>divisa 24</name><styleUrl>#malha</styleUrl><LineString><tessellate>1</tessellate><coordinates>-54.629800,-15.318150,0 -54.629800,-15.318150,0</coordinates></LineString></Placemark>
<Placemark><name>divisa 25</name><styleUrl>#malha</styleUrl><LineString><tessellate>1</tessellate><coordinates>-54.629390,-15.318060,0 -54.629800,-15.318150,0</coordinates></LineString></Placemark>
<Placemark><name>divisa 26</name><styleUrl>#malha</styleUrl><LineString><tessellate>1</tessellate><coordinates>-54.629800,-15.318150,0 -54.629390,-15.318060,0</coordinates></LineString></Placemark>
<Placemark><name>divisa 27</name><styleUrl>#malha</styleUrl><LineString><tessellate>1</tessellate><coordinates>-54.627260,-15.256400,0 -54.627290,-15.256390,0</coordinates></LineString></Placemark>
<Placemark><name>divisa 28</name><styleUrl>#malha</styleUrl><LineString><tessellate>1</tessellate><coordinates>-54.623450,-15.250910,0 -54.627440,-15.252340,0 -54.627400,-15.256370,0 -54.627290,-15.256390,0</coordinates></LineString></Placemark>
<Placemark><name>divisa 29</name><styleUrl>#malha</styleUrl><LineString><tessellate>1</tessellate><coordinates>-54.627290,-15.256390,0 -54.627560,-15.256410,0 -54.627670,-15.252750,0 -54.627560,-15.252190,0 -54.631640,-15.252840,0 -54.635590,-15.253290,0 -54.635590,-15.258820,0 -54.633730,-15.257850,0 -54.632960,-15.257580,0 -54.631430,-15.257410,0 -54.629850,-15.257400,0 -54.627260,-15.256400,0</coordinates></LineString></Placemark>
<Placemark><name>divisa 30</name><styleUrl>#malha</styleUrl><LineString><tessellate>1</tessellate><coordinates>-54.627290,-15.256390,0 -54.627260,-15.256400,0</coordinates></LineString></Placemark>
<Placemark><name>divisa 31</name><styleUrl>#malha</styleUrl><LineString><tessellate>1</tessellate><coordinates>-54.627260,-15.256400,0 -54.624120,-15.257120,0 -54.620300,-15.256290,0 -54.620140,-15.254150,0 -54.619320,-15.250870,0 -54.623020,-15.250870,0</coordinates></LineString></Placemark>
<Placemark><name>divisa 32</name><styleUrl>#malha</styleUrl><LineString><tessellate>1</tessellate><coordinates>-54.623450,-15.250910,0 -54.623020,-15.250870,0</coordinates></LineString></Placemark>
<Placemark><name>divisa 33</name><styleUrl>#malha</styleUrl><LineString><tessellate>1</tessellate><coordinates>-54.623020,-15.250870,0 -54.623450,-15.250910,0</coordinates></LineString></Placemark>
<Placemark><name>divisa 34</name><styleUrl>#malha</styleUrl><LineString><tessellate>1</tessellate><coordinates>-54.623020,-15.250870,0 -54.619260,-15.250750,0 -54.616860,-15.240590,0 -54.616430,-15.237970,0 -54.616510,-15.237810,0 -54.626740,-15.236370,0 -54.625890,-15.241100,0 -54.624310,-15.239800,0 -54.622750,-15.239370,0 -54.621920,-15.238440,0 -54.621680,-15.238330,0 -54.621460,-15.238370,0 -54.621360,-15.238520,0 -54.620740,-15.244200,0 -54.620780,-15.246070,0 -54.621310,-15.246240,0 -54.621940,-15.246720,0 -54.623570,-15.247080,0 -54.624790,-15.247190,0 -54.624090,-15.251090,0 -54.623450,-15.250910,0</coordinates></LineString></Placemark>
<Placemark><name>divisa 35</name><styleUrl>#malha</styleUrl><LineString><tessellate>1</tessellate><coordinates>-54.621450,-15.354110,0 -54.621120,-15.353730,0</coordinates></LineString></Placemark>
<Placemark><name>divisa 36</name><styleUrl>#malha</styleUrl><LineString><tessellate>1</tessellate><coordinates>-54.621450,-15.354110,0 -54.621450,-15.354110,0 -54.621480,-15.354120,0 -54.621450,-15.354110,0</coordinates></LineString></Placemark>
<Placemark><name>divisa 37</name><styleUrl>#malha</styleUrl><LineString><tessellate>1</tessellate><coordinates>-54.617550,-15.348710,0 -54.616110,-15.348110,0 -54.616550,-15.347010,0 -54.629520,-15.345490,0 -54.629280,-15.345730,0 -54.628410,-15.346180,0 -54.628330,-15.346690,0 -54.628840,-15.347500,0 -54.629800,-15.348310,0 -54.630040,-15.348670,0 -54.630210,-15.349030,0 -54.630220,-15.349630,0 -54.629980,-15.349890,0 -54.629090,-15.350120,0 -54.628500,-15.350450,0 -54.627550,-15.351580,0 -54.627540,-15.351930,0 -54.628060,-15.352740,0 -54.629760,-15.353540,0 -54.629890,-15.353700,0 -54.629880,-15.354050,0 -54.629120,-15.355150,0 -54.628470,-15.355520,0 -54.627670,-15.355440,0 -54.625920,-15.355560,0 -54.625290,-15.355110,0 -54.624620,-15.354230,0 -54.624420,-15.354140,0 -54.623270,-15.354360,0 -54.622390,-15.354380,0 -54.621620,-15.354310,0 -54.621450,-15.354110,0</coordinates></LineString></Placemark>
<Placemark><name>divisa 38</name><styleUrl>#malha</styleUrl><LineString><tessellate>1</tessellate><coordinates>-54.621120,-15.353730,0 -54.620910,-15.353470,0</coordinates></LineString></Placemark>
<Placemark><name>divisa 39</name><styleUrl>#malha</styleUrl><LineString><tessellate>1</tessellate><coordinates>-54.620940,-15.353480,0 -54.621120,-15.353730,0</coordinates></LineString></Placemark>
<Placemark><name>divisa 40</name><styleUrl>#malha</styleUrl><LineString><tessellate>1</tessellate><coordinates>-54.621120,-15.353730,0 -54.621560,-15.354300,0 -54.620180,-15.354780,0 -54.616820,-15.356750,0</coordinates></LineString></Placemark>
<Placemark><name>divisa 41</name><styleUrl>#malha</styleUrl><LineString><tessellate>1</tessellate><coordinates>-54.620910,-15.353470,0 -54.620950,-15.353560,0</coordinates></LineString></Placemark>
<Placemark><name>divisa 42</name><styleUrl>#malha</styleUrl><LineString><tessellate>1</tessellate><coordinates>-54.620910,-15.353470,0 -54.620940,-15.353480,0</coordinates></LineString></Placemark>
<Placemark><name>divisa 43</name><styleUrl>#malha</styleUrl><LineString><tessellate>1</tessellate><coordinates>-54.619950,-15.352190,0 -54.620940,-15.353480,0</coordinates></LineString></Placemark>
<Placemark><name>divisa 44</name><styleUrl>#malha</styleUrl><LineString><tessellate>1</tessellate><coordinates>-54.620940,-15.353480,0 -54.619880,-15.351980,0</coordinates></LineString></Placemark>
<Placemark><name>divisa 45</name><styleUrl>#malha</styleUrl><LineString><tessellate>1</tessellate><coordinates>-54.619950,-15.352190,0 -54.619950,-15.352190,0 -54.619940,-15.352170,0 -54.619950,-15.352190,0</coordinates></LineString></Placemark>
<Placemark><name>divisa 46</name><styleUrl>#malha</styleUrl><LineString><tessellate>1</tessellate><coordinates>-54.619880,-15.351980,0 -54.619950,-15.352190,0</coordinates></LineString></Placemark>
<Placemark><name>divisa 47</name><styleUrl>#malha</styleUrl><LineString><tessellate>1</tessellate><coordinates>-54.619880,-15.351980,0 -54.619390,-15.351240,0</coordinates></LineString></Placemark>
<Placemark><name>divisa 48</name><styleUrl>#malha</styleUrl><LineString><tessellate>1</tessellate><coordinates>-54.619390,-15.351240,0 -54.619880,-15.351980,0</coordinates></LineString></Placemark>
<Placemark><name>divisa 49</name><styleUrl>#malha</styleUrl><LineString><tessellate>1</tessellate><coordinates>-54.618330,-15.349880,0 -54.619390,-15.351240,0</coordinates></LineString></Placemark>
<Placemark><name>divisa 50</name><styleUrl>#malha</styleUrl><LineString><tessellate>1</tessellate><coordinates>-54.619390,-15.351240,0 -54.618330,-15.349880,0</coordinates></LineString></Placemark>
<Placemark><name>divisa 51</name><styleUrl>#malha</styleUrl><LineString><tessellate>1</tessellate><coordinates>-54.607030,-15.263010,0 -54.620830,-15.261000,0 -54.621560,-15.267170,0 -54.620700,-15.266960,0 -54.620540,-15.266560,0 -54.619910,-15.266630,0 -54.619870,-15.267540,0</coordinates></LineString></Placemark>
<Placemark><name>divisa 52</name><styleUrl>#malha</styleUrl><LineString><tessellate>1</tessellate><coordinates>-54.619870,-15.267540,0 -54.621620,-15.267380,0 -54.618620,-15.274250,0 -54.615780,-15.279630,0 -54.608790,-15.280310,0 -54.594020,-15.281430,0 -54.590790,-15.280630,0 -54.591780,-15.278910,0 -54.593940,-15.277170,0 -54.595260,-15.275820,0 -54.595790,-15.274130,0 -54.597380,-15.272320,0 -54.597950,-15.271210,0 -54.598320,-15.270890,0 -54.599090,-15.270620,0 -54.600130,-15.270510,0 -54.601550,-15.270830,0 -54.605760,-15.270560,0 -54.607150,-15.270590,0 -54.608220,-15.269670,0 -54.608810,-15.269410,0</coordinates></LineString></Placemark>
<Placemark><name>divisa 53</name><styleUrl>#malha</styleUrl><LineString><tessellate>1</tessellate><coordinates>-54.619870,-15.267540,0 -54.619350,-15.267580,0</coordinates></LineString></Placemark>
<Placemark><name>divisa 54</name><styleUrl>#malha</styleUrl><LineString><tessellate>1</tessellate><coordinates>-54.619350,-15.267580,0 -54.619870,-15.267540,0</coordinates></LineString></Placemark>
<Placemark><name>divisa 55</name><styleUrl>#malha</styleUrl><LineString><tessellate>1</tessellate><coordinates>-54.617440,-15.243220,0 -54.620000,-15.254270,0 -54.619600,-15.254310,0</coordinates></LineString></Placemark>
<Placemark><name>divisa 56</name><styleUrl>#malha</styleUrl><LineString><tessellate>1</tessellate><coordinates>-54.619600,-15.254310,0 -54.620050,-15.254270,0 -54.620850,-15.260980,0 -54.607020,-15.262970,0</coordinates></LineString></Placemark>
<Placemark><name>divisa 57</name><styleUrl>#malha</styleUrl><LineString><tessellate>1</tessellate><coordinates>-54.619600,-15.254310,0 -54.611680,-15.254890,0</coordinates></LineString></Placemark>
<Placemark><name>divisa 58</name><styleUrl>#malha</styleUrl><LineString><tessellate>1</tessellate><coordinates>-54.611680,-15.254890,0 -54.619600,-15.254310,0</coordinates></LineString></Placemark>
<Placemark><name>divisa 59</name><styleUrl>#malha</styleUrl><LineString><tessellate>1</tessellate><coordinates>-54.611190,-15.268520,0 -54.612140,-15.268190,0 -54.619350,-15.267580,0</coordinates></LineString></Placemark>
<Placemark><name>divisa 60</name><styleUrl>#malha</styleUrl><LineString><tessellate>1</tessellate><coordinates>-54.619350,-15.267580,0 -54.612230,-15.268120,0 -54.611190,-15.268520,0</coordinates></LineString></Placemark>
<Placemark><name>divisa 61</name><styleUrl>#malha</styleUrl><LineString><tessellate>1</tessellate><coordinates>-54.618330,-15.349880,0 -54.618150,-15.349670,0</coordinates></LineString></Placemark>
<Placemark><name>divisa 62</name><styleUrl>#malha</styleUrl><LineString><tessellate>1</tessellate><coordinates>-54.618150,-15.349670,0 -54.618330,-15.349880,0</coordinates></LineString></Placemark>
<Placemark><name>divisa 63</name><styleUrl>#malha</styleUrl><LineString><tessellate>1</tessellate><coordinates>-54.617960,-15.349360,0 -54.618150,-15.349670,0</coordinates></LineString></Placemark>
<Placemark><name>divisa 64</name><styleUrl>#malha</styleUrl><LineString><tessellate>1</tessellate><coordinates>-54.618150,-15.349670,0 -54.617960,-15.349360,0</coordinates></LineString></Placemark>
<Placemark><name>divisa 65</name><styleUrl>#malha</styleUrl><LineString><tessellate>1</tessellate><coordinates>-54.617960,-15.349360,0 -54.617670,-15.348840,0</coordinates></LineString></Placemark>
<Placemark><name>divisa 66</name><styleUrl>#malha</styleUrl><LineString><tessellate>1</tessellate><coordinates>-54.617670,-15.348840,0 -54.617960,-15.349360,0</coordinates></LineString></Placemark>
<Placemark><name>divisa 67</name><styleUrl>#malha</styleUrl><LineString><tessellate>1</tessellate><coordinates>-54.617620,-15.348760,0 -54.617670,-15.348840,0</coordinates></LineString></Placemark>
<Placemark><name>divisa 68</name><styleUrl>#malha</styleUrl><LineString><tessellate>1</tessellate><coordinates>-54.617670,-15.348840,0 -54.617620,-15.348760,0</coordinates></LineString></Placemark>
<Placemark><name>divisa 69</name><styleUrl>#malha</styleUrl><LineString><tessellate>1</tessellate><coordinates>-54.617620,-15.348760,0 -54.617550,-15.348710,0</coordinates></LineString></Placemark>
<Placemark><name>divisa 70</name><styleUrl>#malha</styleUrl><LineString><tessellate>1</tessellate><coordinates>-54.617550,-15.348710,0 -54.617620,-15.348760,0</coordinates></LineString></Placemark>
<Placemark><name>divisa 71</name><styleUrl>#malha</styleUrl><LineString><tessellate>1</tessellate><coordinates>-54.616310,-15.357140,0 -54.615500,-15.357900,0 -54.611710,-15.349540,0 -54.613800,-15.349300,0 -54.615020,-15.348810,0 -54.616090,-15.348130,0 -54.617550,-15.348710,0</coordinates></LineString></Placemark>
<Placemark><name>divisa 72</name><styleUrl>#malha</styleUrl><LineString><tessellate>1</tessellate><coordinates>-54.616310,-15.357140,0 -54.616770,-15.356680,0 -54.616820,-15.356750,0</coordinates></LineString></Placemark>
<Placemark><name>divisa 73</name><styleUrl>#malha</styleUrl><LineString><tessellate>1</tessellate><coordinates>-54.616820,-15.356750,0 -54.617160,-15.357260,0 -54.617890,-15.359100,0 -54.618270,-15.359160,0 -54.618620,-15.358940,0 -54.619820,-15.358670,0 -54.620350,-15.358250,0 -54.621110,-15.357920,0 -54.623100,-15.357940,0 -54.624650,-15.359080,0 -54.625590,-15.360200,0 -54.625740,-15.360780,0 -54.625610,-15.361420,0 -54.626320,-15.362700,0 -54.627010,-15.364320,0 -54.627010,-15.364690,0 -54.626580,-15.365720,0 -54.626300,-15.367360,0 -54.625890,-15.368310,0 -54.625610,-15.370790,0 -54.625200,-15.371620,0 -54.624220,-15.372800,0 -54.623620,-15.373290,0 -54.622670,-15.373690,0 -54.619830,-15.364520,0 -54.615480,-15.357970,0 -54.616310,-15.357140,0</coordinates></LineString></Placemark>
<Placemark><name>divisa 74</name><styleUrl>#malha</styleUrl><LineString><tessellate>1</tessellate><coordinates>-54.616820,-15.356750,0 -54.616310,-15.357140,0</coordinates></LineString></Placemark>
<Placemark><name>divisa 75</name><styleUrl>#malha</styleUrl><LineString><tessellate>1</tessellate><coordinates>-54.617440,-15.243220,0 -54.617350,-15.243180,0 -54.617370,-15.243220,0 -54.617440,-15.243220,0</coordinates></LineString></Placemark>
<Placemark><name>divisa 76</name><styleUrl>#malha</styleUrl><LineString><tessellate>1</tessellate><coordinates>-54.615830,-15.243780,0 -54.617440,-15.243220,0</coordinates></LineString></Placemark>
<Placemark><name>divisa 77</name><styleUrl>#malha</styleUrl><LineString><tessellate>1</tessellate><coordinates>-54.615810,-15.243770,0 -54.615830,-15.243780,0</coordinates></LineString></Placemark>
<Placemark><name>divisa 78</name><styleUrl>#malha</styleUrl><LineString><tessellate>1</tessellate><coordinates>-54.615830,-15.243720,0 -54.615830,-15.243780,0</coordinates></LineString></Placemark>
<Placemark><name>divisa 79</name><styleUrl>#malha</styleUrl><LineString><tessellate>1</tessellate><coordinates>-54.615830,-15.243780,0 -54.615790,-15.243780,0</coordinates></LineString></Placemark>
<Placemark><name>divisa 80</name><styleUrl>#malha</styleUrl><LineString><tessellate>1</tessellate><coordinates>-54.615810,-15.243750,0 -54.615830,-15.243720,0</coordinates></LineString></Placemark>
<Placemark><name>divisa 81</name><styleUrl>#malha</styleUrl><LineString><tessellate>1</tessellate><coordinates>-54.615830,-15.243720,0 -54.615810,-15.243750,0</coordinates></LineString></Placemark>
<Placemark><name>divisa 82</name><styleUrl>#malha</styleUrl><LineString><tessellate>1</tessellate><coordinates>-54.615770,-15.243730,0 -54.615830,-15.243720,0</coordinates></LineString></Placemark>
<Placemark><name>divisa 83</name><styleUrl>#malha</styleUrl><LineString><tessellate>1</tessellate><coordinates>-54.615810,-15.243750,0 -54.615810,-15.243770,0</coordinates></LineString></Placemark>
<Placemark><name>divisa 84</name><styleUrl>#malha</styleUrl><LineString><tessellate>1</tessellate><coordinates>-54.615800,-15.243770,0 -54.615810,-15.243750,0</coordinates></LineString></Placemark>
<Placemark><name>divisa 85</name><styleUrl>#malha</styleUrl><LineString><tessellate>1</tessellate><coordinates>-54.615800,-15.243770,0 -54.615810,-15.243770,0</coordinates></LineString></Placemark>
<Placemark><name>divisa 86</name><styleUrl>#malha</styleUrl><LineString><tessellate>1</tessellate><coordinates>-54.615810,-15.243770,0 -54.615800,-15.243770,0</coordinates></LineString></Placemark>
<Placemark><name>divisa 87</name><styleUrl>#malha</styleUrl><LineString><tessellate>1</tessellate><coordinates>-54.615790,-15.243760,0 -54.615800,-15.243770,0</coordinates></LineString></Placemark>
<Placemark><name>divisa 88</name><styleUrl>#malha</styleUrl><LineString><tessellate>1</tessellate><coordinates>-54.615800,-15.243770,0 -54.615800,-15.243770,0</coordinates></LineString></Placemark>
<Placemark><name>divisa 89</name><styleUrl>#malha</styleUrl><LineString><tessellate>1</tessellate><coordinates>-54.615800,-15.243770,0 -54.615790,-15.243770,0</coordinates></LineString></Placemark>
<Placemark><name>divisa 90</name><styleUrl>#malha</styleUrl><LineString><tessellate>1</tessellate><coordinates>-54.615790,-15.243780,0 -54.615800,-15.243770,0</coordinates></LineString></Placemark>
<Placemark><name>divisa 91</name><styleUrl>#malha</styleUrl><LineString><tessellate>1</tessellate><coordinates>-54.615790,-15.243780,0 -54.615790,-15.243770,0</coordinates></LineString></Placemark>
<Placemark><name>divisa 92</name><styleUrl>#malha</styleUrl><LineString><tessellate>1</tessellate><coordinates>-54.615780,-15.243800,0 -54.615790,-15.243780,0</coordinates></LineString></Placemark>
<Placemark><name>divisa 93</name><styleUrl>#malha</styleUrl><LineString><tessellate>1</tessellate><coordinates>-54.615790,-15.243770,0 -54.615770,-15.243760,0</coordinates></LineString></Placemark>
<Placemark><name>divisa 94</name><styleUrl>#malha</styleUrl><LineString><tessellate>1</tessellate><coordinates>-54.615790,-15.243770,0 -54.615790,-15.243760,0</coordinates></LineString></Placemark>
<Placemark><name>divisa 95</name><styleUrl>#malha</styleUrl><LineString><tessellate>1</tessellate><coordinates>-54.615770,-15.243760,0 -54.615790,-15.243760,0</coordinates></LineString></Placemark>
<Placemark><name>divisa 96</name><styleUrl>#malha</styleUrl><LineString><tessellate>1</tessellate><coordinates>-54.615790,-15.243760,0 -54.615770,-15.243730,0</coordinates></LineString></Placemark>
<Placemark><name>divisa 97</name><styleUrl>#malha</styleUrl><LineString><tessellate>1</tessellate><coordinates>-54.615770,-15.243760,0 -54.615780,-15.243800,0</coordinates></LineString></Placemark>
<Placemark><name>divisa 98</name><styleUrl>#malha</styleUrl><LineString><tessellate>1</tessellate><coordinates>-54.615780,-15.243800,0 -54.615780,-15.243840,0 -54.615760,-15.243820,0 -54.615780,-15.243800,0</coordinates></LineString></Placemark>
<Placemark><name>divisa 99</name><styleUrl>#malha</styleUrl><LineString><tessellate>1</tessellate><coordinates>-54.615770,-15.243730,0 -54.615770,-15.243740,0</coordinates></LineString></Placemark>
<Placemark><name>divisa 100</name><styleUrl>#malha</styleUrl><LineString><tessellate>1</tessellate><coordinates>-54.615770,-15.243740,0 -54.615770,-15.243730,0</coordinates></LineString></Placemark>
<Placemark><name>divisa 101</name><styleUrl>#malha</styleUrl><LineString><tessellate>1</tessellate><coordinates>-54.615770,-15.243760,0 -54.615770,-15.243760,0</coordinates></LineString></Placemark>
<Placemark><name>divisa 102</name><styleUrl>#malha</styleUrl><LineString><tessellate>1</tessellate><coordinates>-54.615770,-15.243760,0 -54.615770,-15.243760,0</coordinates></LineString></Placemark>
<Placemark><name>divisa 103</name><styleUrl>#malha</styleUrl><LineString><tessellate>1</tessellate><coordinates>-54.615770,-15.243740,0 -54.615770,-15.243760,0</coordinates></LineString></Placemark>
<Placemark><name>divisa 104</name><styleUrl>#malha</styleUrl><LineString><tessellate>1</tessellate><coordinates>-54.611680,-15.254890,0 -54.611050,-15.254930,0 -54.611960,-15.253500,0 -54.612180,-15.251550,0 -54.611570,-15.249740,0 -54.611190,-15.247570,0 -54.610440,-15.245540,0 -54.615770,-15.243740,0</coordinates></LineString></Placemark>
<Placemark><name>divisa 105</name><styleUrl>#malha</styleUrl><LineString><tessellate>1</tessellate><coordinates>-54.615060,-15.207190,0 -54.612100,-15.204400,0</coordinates></LineString></Placemark>
<Placemark><name>divisa 106</name><styleUrl>#malha</styleUrl><LineString><tessellate>1</tessellate><coordinates>-54.612100,-15.204400,0 -54.615060,-15.207190,0</coordinates></LineString></Placemark>
<Placemark><name>divisa 107</name><styleUrl>#malha</styleUrl><LineString><tessellate>1</tessellate><coordinates>-54.612100,-15.204400,0 -54.612300,-15.203040,0 -54.612230,-15.202310,0 -54.611860,-15.199760,0 -54.611470,-15.198410,0 -54.628550,-15.201620,0 -54.628550,-15.203030,0 -54.627630,-15.206430,0 -54.627410,-15.206780,0 -54.626790,-15.207150,0 -54.625070,-15.207670,0 -54.621620,-15.209180,0 -54.620420,-15.209300,0 -54.619820,-15.209240,0 -54.619320,-15.208930,0 -54.617200,-15.208580,0 -54.616660,-15.208060,0 -54.615960,-15.207810,0 -54.615060,-15.207190,0</coordinates></LineString></Placemark>
<Placemark><name>divisa 108</name><styleUrl>#malha</styleUrl><LineString><tessellate>1</tessellate><coordinates>-54.615060,-15.207190,0 -54.615550,-15.207650,0 -54.613190,-15.209430,0 -54.612050,-15.210150,0 -54.610250,-15.212000,0 -54.609280,-15.212780,0 -54.608900,-15.212850,0 -54.608490,-15.212740,0 -54.607870,-15.212910,0 -54.606860,-15.213420,0 -54.605380,-15.213860,0 -54.604410,-15.214270,0 -54.603490,-15.214480,0 -54.607590,-15.210730,0 -54.608700,-15.209490,0 -54.610230,-15.207610,0 -54.611170,-15.206180,0 -54.612100,-15.204400,0</coordinates></LineString></Placemark>
<Placemark><name>divisa 109</name><styleUrl>#malha</styleUrl><LineString><tessellate>1</tessellate><coordinates>-54.599340,-15.185060,0 -54.599540,-15.184440,0 -54.600830,-15.183700,0 -54.602400,-15.182590,0 -54.602560,-15.182400,0 -54.602780,-15.181570,0 -54.605240,-15.180350,0 -54.606310,-15.179980,0 -54.606690,-15.179990,0 -54.607250,-15.180340,0 -54.607100,-15.181010,0 -54.607160,-15.181220,0 -54.607320,-15.181310,0 -54.607600,-15.181260,0 -54.608280,-15.180810,0 -54.608880,-15.179210,0 -54.609770,-15.178750,0 -54.610670,-15.178700,0 -54.612360,-15.178980,0 -54.613880,-15.179410,0 -54.615030,-15.180040,0 -54.613730,-15.186850,0</coordinates></LineString></Placemark>
<Placemark><name>divisa 110</name><styleUrl>#malha</styleUrl><LineString><tessellate>1</tessellate><coordinates>-54.613730,-15.186850,0 -54.615090,-15.180070,0 -54.619670,-15.182980,0 -54.622190,-15.185140,0 -54.623430,-15.185840,0 -54.624980,-15.186960,0 -54.625850,-15.187860,0 -54.626510,-15.188780,0 -54.626860,-15.189820,0 -54.627560,-15.189650,0 -54.627560,-15.189960,0 -54.627370,-15.190250,0 -54.626680,-15.190810,0 -54.624240,-15.194290,0 -54.613600,-15.187550,0</coordinates></LineString></Placemark>
<Placemark><name>divisa 111</name><styleUrl>#malha</styleUrl><LineString><tessellate>1</tessellate><coordinates>-54.613730,-15.186850,0 -54.613610,-15.187540,0</coordinates></LineString></Placemark>
<Placemark><name>divisa 112</name><styleUrl>#malha</styleUrl><LineString><tessellate>1</tessellate><coordinates>-54.613610,-15.187480,0 -54.613730,-15.186850,0</coordinates></LineString></Placemark>
<Placemark><name>divisa 113</name><styleUrl>#malha</styleUrl><LineString><tessellate>1</tessellate><coordinates>-54.599340,-15.185060,0 -54.613610,-15.187480,0</coordinates></LineString></Placemark>
<Placemark><name>divisa 114</name><styleUrl>#malha</styleUrl><LineString><tessellate>1</tessellate><coordinates>-54.613610,-15.187480,0 -54.613610,-15.187540,0</coordinates></LineString></Placemark>
<Placemark><name>divisa 115</name><styleUrl>#malha</styleUrl><LineString><tessellate>1</tessellate><coordinates>-54.613600,-15.187530,0 -54.613610,-15.187480,0</coordinates></LineString></Placemark>
<Placemark><name>divisa 116</name><styleUrl>#malha</styleUrl><LineString><tessellate>1</tessellate><coordinates>-54.613610,-15.187540,0 -54.613600,-15.187530,0</coordinates></LineString></Placemark>
<Placemark><name>divisa 117</name><styleUrl>#malha</styleUrl><LineString><tessellate>1</tessellate><coordinates>-54.613610,-15.187540,0 -54.613600,-15.187550,0</coordinates></LineString></Placemark>
<Placemark><name>divisa 118</name><styleUrl>#malha</styleUrl><LineString><tessellate>1</tessellate><coordinates>-54.613600,-15.187550,0 -54.613600,-15.187540,0</coordinates></LineString></Placemark>
<Placemark><name>divisa 119</name><styleUrl>#malha</styleUrl><LineString><tessellate>1</tessellate><coordinates>-54.613600,-15.187550,0 -54.613600,-15.187550,0</coordinates></LineString></Placemark>
<Placemark><name>divisa 120</name><styleUrl>#malha</styleUrl><LineString><tessellate>1</tessellate><coordinates>-54.613600,-15.187540,0 -54.613600,-15.187550,0</coordinates></LineString></Placemark>
<Placemark><name>divisa 121</name><styleUrl>#malha</styleUrl><LineString><tessellate>1</tessellate><coordinates>-54.613600,-15.187550,0 -54.624220,-15.194290,0 -54.623390,-15.195440,0 -54.622640,-15.197050,0 -54.620090,-15.199920,0 -54.611470,-15.198320,0 -54.613200,-15.189570,0</coordinates></LineString></Placemark>
<Placemark><name>divisa 122</name><styleUrl>#malha</styleUrl><LineString><tessellate>1</tessellate><coordinates>-54.613600,-15.187550,0 -54.613200,-15.189570,0</coordinates></LineString></Placemark>
<Placemark><name>divisa 123</name><styleUrl>#malha</styleUrl><LineString><tessellate>1</tessellate><coordinates>-54.613600,-15.187530,0 -54.599340,-15.185060,0</coordinates></LineString></Placemark>
<Placemark><name>divisa 124</name><styleUrl>#malha</styleUrl><LineString><tessellate>1</tessellate><coordinates>-54.613600,-15.187540,0 -54.613600,-15.187530,0</coordinates></LineString></Placemark>
<Placemark><name>divisa 125</name><styleUrl>#malha</styleUrl><LineString><tessellate>1</tessellate><coordinates>-54.613200,-15.189570,0 -54.613600,-15.187540,0</coordinates></LineString></Placemark>
<Placemark><name>divisa 126</name><styleUrl>#malha</styleUrl><LineString><tessellate>1</tessellate><coordinates>-54.613200,-15.189570,0 -54.611430,-15.198320,0 -54.597320,-15.195710,0 -54.599340,-15.185060,0</coordinates></LineString></Placemark>
<Placemark><name>divisa 127</name><styleUrl>#malha</styleUrl><LineString><tessellate>1</tessellate><coordinates>-54.606870,-15.262920,0 -54.606510,-15.262490,0 -54.605230,-15.261770,0 -54.605100,-15.261440,0 -54.606560,-15.258520,0 -54.606360,-15.257980,0 -54.608640,-15.255040,0 -54.610530,-15.255250,0 -54.611080,-15.254940,0 -54.611680,-15.254890,0</coordinates></LineString></Placemark>
<Placemark><name>divisa 128</name><styleUrl>#malha</styleUrl><LineString><tessellate>1</tessellate><coordinates>-54.611190,-15.268520,0 -54.608810,-15.269410,0</coordinates></LineString></Placemark>
<Placemark><name>divisa 129</name><styleUrl>#malha</styleUrl><LineString><tessellate>1</tessellate><coordinates>-54.608810,-15.269410,0 -54.611190,-15.268520,0</coordinates></LineString></Placemark>
<Placemark><name>divisa 130</name><styleUrl>#malha</styleUrl><LineString><tessellate>1</tessellate><coordinates>-54.606270,-15.287610,0 -54.606420,-15.286240,0 -54.607050,-15.289480,0 -54.607570,-15.290800,0 -54.608080,-15.291850,0 -54.609490,-15.293120,0</coordinates></LineString></Placemark>
<Placemark><name>divisa 131</name><styleUrl>#malha</styleUrl><LineString><tessellate>1</tessellate><coordinates>-54.606270,-15.287610,0 -54.606450,-15.286160,0 -54.606490,-15.284440,0 -54.605930,-15.280640,0 -54.616010,-15.279820,0 -54.610720,-15.291370,0 -54.609990,-15.292690,0 -54.609490,-15.293120,0</coordinates></LineString></Placemark>
<Placemark><name>divisa 132</name><styleUrl>#malha</styleUrl><LineString><tessellate>1</tessellate><coordinates>-54.609490,-15.293120,0 -54.609460,-15.293140,0</coordinates></LineString></Placemark>
<Placemark><name>divisa 133</name><styleUrl>#malha</styleUrl><LineString><tessellate>1</tessellate><coordinates>-54.609490,-15.293120,0 -54.609460,-15.293140,0</coordinates></LineString></Placemark>
<Placemark><name>divisa 134</name><styleUrl>#malha</styleUrl><LineString><tessellate>1</tessellate><coordinates>-54.609460,-15.293140,0 -54.609000,-15.293420,0</coordinates></LineString></Placemark>
<Placemark><name>divisa 135</name><styleUrl>#malha</styleUrl><LineString><tessellate>1</tessellate><coordinates>-54.609460,-15.293140,0 -54.609000,-15.293420,0</coordinates></LineString></Placemark>
<Placemark><name>divisa 136</name><styleUrl>#malha</styleUrl><LineString><tessellate>1</tessellate><coordinates>-54.609000,-15.293420,0 -54.607690,-15.293720,0 -54.606710,-15.293760,0 -54.605030,-15.293580,0</coordinates></LineString></Placemark>
<Placemark><name>divisa 137</name><styleUrl>#malha</styleUrl><LineString><tessellate>1</tessellate><coordinates>-54.609000,-15.293420,0 -54.608020,-15.293690,0 -54.606560,-15.293730,0 -54.605030,-15.293580,0</coordinates></LineString></Placemark>
<Placemark><name>divisa 138</name><styleUrl>#malha</styleUrl><LineString><tessellate>1</tessellate><coordinates>-54.608810,-15.269410,0 -54.608260,-15.269620,0 -54.605760,-15.268630,0 -54.605620,-15.264780,0 -54.605800,-15.264690,0 -54.606900,-15.264760,0 -54.607150,-15.264470,0 -54.607250,-15.263810,0 -54.606980,-15.263020,0</coordinates></LineString></Placemark>
<Placemark><name>divisa 139</name><styleUrl>#malha</styleUrl><LineString><tessellate>1</tessellate><coordinates>-54.607140,-15.246790,0 -54.607160,-15.247110,0 -54.607910,-15.248710,0</coordinates></LineString></Placemark>
<Placemark><name>divisa 140</name><styleUrl>#malha</styleUrl><LineString><tessellate>1</tessellate><coordinates>-54.607140,-15.246790,0 -54.607910,-15.248710,0</coordinates></LineString></Placemark>
<Placemark><name>divisa 141</name><styleUrl>#malha</styleUrl><LineString><tessellate>1</tessellate><coordinates>-54.607910,-15.248710,0 -54.607500,-15.251040,0 -54.605030,-15.255490,0 -54.603570,-15.256740,0</coordinates></LineString></Placemark>
<Placemark><name>divisa 142</name><styleUrl>#malha</styleUrl><LineString><tessellate>1</tessellate><coordinates>-54.607910,-15.248710,0 -54.607460,-15.250980,0 -54.605780,-15.253840,0 -54.605010,-15.255490,0 -54.603570,-15.256740,0</coordinates></LineString></Placemark>
<Placemark><name>divisa 143</name><styleUrl>#malha</styleUrl><LineString><tessellate>1</tessellate><coordinates>-54.607030,-15.263010,0 -54.607020,-15.262970,0</coordinates></LineString></Placemark>
<Placemark><name>divisa 144</name><styleUrl>#malha</styleUrl><LineString><tessellate>1</tessellate><coordinates>-54.607020,-15.263020,0 -54.607030,-15.263010,0</coordinates></LineString></Placemark>
<Placemark><name>divisa 145</name><styleUrl>#malha</styleUrl><LineString><tessellate>1</tessellate><coordinates>-54.607020,-15.263020,0 -54.607030,-15.263010,0</coordinates></LineString></Placemark>
<Placemark><name>divisa 146</name><styleUrl>#malha</styleUrl><LineString><tessellate>1</tessellate><coordinates>-54.607000,-15.262990,0 -54.607020,-15.263020,0</coordinates></LineString></Placemark>
<Placemark><name>divisa 147</name><styleUrl>#malha</styleUrl><LineString><tessellate>1</tessellate><coordinates>-54.606980,-15.263020,0 -54.607020,-15.263020,0</coordinates></LineString></Placemark>
<Placemark><name>divisa 148</name><styleUrl>#malha</styleUrl><LineString><tessellate>1</tessellate><coordinates>-54.607020,-15.262970,0 -54.607010,-15.262960,0</coordinates></LineString></Placemark>
<Placemark><name>divisa 149</name><styleUrl>#malha</styleUrl><LineString><tessellate>1</tessellate><coordinates>-54.607020,-15.262970,0 -54.607000,-15.262980,0</coordinates></LineString></Placemark>
<Placemark><name>divisa 150</name><styleUrl>#malha</styleUrl><LineString><tessellate>1</tessellate><coordinates>-54.607010,-15.262960,0 -54.606990,-15.262980,0</coordinates></LineString></Placemark>
<Placemark><name>divisa 151</name><styleUrl>#malha</styleUrl><LineString><tessellate>1</tessellate><coordinates>-54.607010,-15.262960,0 -54.606950,-15.262930,0</coordinates></LineString></Placemark>
<Placemark><name>divisa 152</name><styleUrl>#malha</styleUrl><LineString><tessellate>1</tessellate><coordinates>-54.607000,-15.262980,0 -54.607010,-15.262960,0</coordinates></LineString></Placemark>
<Placemark><name>divisa 153</name><styleUrl>#malha</styleUrl><LineString><tessellate>1</tessellate><coordinates>-54.607000,-15.262990,0 -54.607000,-15.262980,0</coordinates></LineString></Placemark>
<Placemark><name>divisa 154</name><styleUrl>#malha</styleUrl><LineString><tessellate>1</tessellate><coordinates>-54.607000,-15.262980,0 -54.606990,-15.262980,0</coordinates></LineString></Placemark>
<Placemark><name>divisa 155</name><styleUrl>#malha</styleUrl><LineString><tessellate>1</tessellate><coordinates>-54.606990,-15.262980,0 -54.607000,-15.262990,0</coordinates></LineString></Placemark>
<Placemark><name>divisa 156</name><styleUrl>#malha</styleUrl><LineString><tessellate>1</tessellate><coordinates>-54.606970,-15.263010,0 -54.607000,-15.262990,0</coordinates></LineString></Placemark>
<Placemark><name>divisa 157</name><styleUrl>#malha</styleUrl><LineString><tessellate>1</tessellate><coordinates>-54.606990,-15.262980,0 -54.606990,-15.262980,0</coordinates></LineString></Placemark>
<Placemark><name>divisa 158</name><styleUrl>#malha</styleUrl><LineString><tessellate>1</tessellate><coordinates>-54.606990,-15.262980,0 -54.606980,-15.262980,0</coordinates></LineString></Placemark>
<Placemark><name>divisa 159</name><styleUrl>#malha</styleUrl><LineString><tessellate>1</tessellate><coordinates>-54.606950,-15.262930,0 -54.606990,-15.262980,0</coordinates></LineString></Placemark>
<Placemark><name>divisa 160</name><styleUrl>#malha</styleUrl><LineString><tessellate>1</tessellate><coordinates>-54.606990,-15.262980,0 -54.606980,-15.262980,0</coordinates></LineString></Placemark>
<Placemark><name>divisa 161</name><styleUrl>#malha</styleUrl><LineString><tessellate>1</tessellate><coordinates>-54.606980,-15.262980,0 -54.606980,-15.262990,0</coordinates></LineString></Placemark>
<Placemark><name>divisa 162</name><styleUrl>#malha</styleUrl><LineString><tessellate>1</tessellate><coordinates>-54.606980,-15.262980,0 -54.606970,-15.262980,0</coordinates></LineString></Placemark>
<Placemark><name>divisa 163</name><styleUrl>#malha</styleUrl><LineString><tessellate>1</tessellate><coordinates>-54.606970,-15.262980,0 -54.606980,-15.262990,0</coordinates></LineString></Placemark>
<Placemark><name>divisa 164</name><styleUrl>#malha</styleUrl><LineString><tessellate>1</tessellate><coordinates>-54.606980,-15.262990,0 -54.606980,-15.262990,0</coordinates></LineString></Placemark>
<Placemark><name>divisa 165</name><styleUrl>#malha</styleUrl><LineString><tessellate>1</tessellate><coordinates>-54.606980,-15.262990,0 -54.606980,-15.262990,0</coordinates></LineString></Placemark>
<Placemark><name>divisa 166</name><styleUrl>#malha</styleUrl><LineString><tessellate>1</tessellate><coordinates>-54.606980,-15.263020,0 -54.606970,-15.263010,0</coordinates></LineString></Placemark>
<Placemark><name>divisa 167</name><styleUrl>#malha</styleUrl><LineString><tessellate>1</tessellate><coordinates>-54.606970,-15.263020,0 -54.606980,-15.263020,0</coordinates></LineString></Placemark>
<Placemark><name>divisa 168</name><styleUrl>#malha</styleUrl><LineString><tessellate>1</tessellate><coordinates>-54.606980,-15.262990,0 -54.606970,-15.263000,0</coordinates></LineString></Placemark>
<Placemark><name>divisa 169</name><styleUrl>#malha</styleUrl><LineString><tessellate>1</tessellate><coordinates>-54.606980,-15.262990,0 -54.606970,-15.262990,0</coordinates></LineString></Placemark>
<Placemark><name>divisa 170</name><styleUrl>#malha</styleUrl><LineString><tessellate>1</tessellate><coordinates>-54.606970,-15.263010,0 -54.606970,-15.263000,0</coordinates></LineString></Placemark>
<Placemark><name>divisa 171</name><styleUrl>#malha</styleUrl><LineString><tessellate>1</tessellate><coordinates>-54.606970,-15.263020,0 -54.606970,-15.263010,0</coordinates></LineString></Placemark>
<Placemark><name>divisa 172</name><styleUrl>#malha</styleUrl><LineString><tessellate>1</tessellate><coordinates>-54.606970,-15.263000,0 -54.606970,-15.262990,0</coordinates></LineString></Placemark>
<Placemark><name>divisa 173</name><styleUrl>#malha</styleUrl><LineString><tessellate>1</tessellate><coordinates>-54.606970,-15.263000,0 -54.606950,-15.263030,0</coordinates></LineString></Placemark>
<Placemark><name>divisa 174</name><styleUrl>#malha</styleUrl><LineString><tessellate>1</tessellate><coordinates>-54.606960,-15.262980,0 -54.606970,-15.262980,0</coordinates></LineString></Placemark>
<Placemark><name>divisa 175</name><styleUrl>#malha</styleUrl><LineString><tessellate>1</tessellate><coordinates>-54.606970,-15.262980,0 -54.606960,-15.262980,0</coordinates></LineString></Placemark>
<Placemark><name>divisa 176</name><styleUrl>#malha</styleUrl><LineString><tessellate>1</tessellate><coordinates>-54.606950,-15.263030,0 -54.606860,-15.263150,0 -54.606970,-15.263020,0</coordinates></LineString></Placemark>
<Placemark><name>divisa 177</name><styleUrl>#malha</styleUrl><LineString><tessellate>1</tessellate><coordinates>-54.606950,-15.263030,0 -54.606970,-15.263020,0</coordinates></LineString></Placemark>
<Placemark><name>divisa 178</name><styleUrl>#malha</styleUrl><LineString><tessellate>1</tessellate><coordinates>-54.606970,-15.262990,0 -54.606960,-15.262980,0</coordinates></LineString></Placemark>
<Placemark><name>divisa 179</name><styleUrl>#malha</styleUrl><LineString><tessellate>1</tessellate><coordinates>-54.606970,-15.262990,0 -54.606860,-15.262940,0</coordinates></LineString></Placemark>
<Placemark><name>divisa 180</name><styleUrl>#malha</styleUrl><LineString><tessellate>1</tessellate><coordinates>-54.606960,-15.262980,0 -54.606960,-15.262980,0</coordinates></LineString></Placemark>
<Placemark><name>divisa 181</name><styleUrl>#malha</styleUrl><LineString><tessellate>1</tessellate><coordinates>-54.606960,-15.262980,0 -54.606890,-15.262950,0</coordinates></LineString></Placemark>
<Placemark><name>divisa 182</name><styleUrl>#malha</styleUrl><LineString><tessellate>1</tessellate><coordinates>-54.606890,-15.262950,0 -54.606960,-15.262980,0</coordinates></LineString></Placemark>
<Placemark><name>divisa 183</name><styleUrl>#malha</styleUrl><LineString><tessellate>1</tessellate><coordinates>-54.606960,-15.262980,0 -54.606940,-15.262930,0</coordinates></LineString></Placemark>
<Placemark><name>divisa 184</name><styleUrl>#malha</styleUrl><LineString><tessellate>1</tessellate><coordinates>-54.602070,-15.251740,0 -54.603470,-15.250530,0 -54.604300,-15.248830,0 -54.604630,-15.246430,0 -54.606340,-15.242490,0 -54.606940,-15.244230,0 -54.607140,-15.246790,0</coordinates></LineString></Placemark>
<Placemark><name>divisa 185</name><styleUrl>#malha</styleUrl><LineString><tessellate>1</tessellate><coordinates>-54.597580,-15.249200,0 -54.600250,-15.239150,0 -54.605620,-15.240130,0 -54.607030,-15.244150,0 -54.607140,-15.246790,0</coordinates></LineString></Placemark>
<Placemark><name>divisa 186</name><styleUrl>#malha</styleUrl><LineString><tessellate>1</tessellate><coordinates>-54.606850,-15.262940,0 -54.606950,-15.263030,0</coordinates></LineString></Placemark>
<Placemark><name>divisa 187</name><styleUrl>#malha</styleUrl><LineString><tessellate>1</tessellate><coordinates>-54.606950,-15.262930,0 -54.606940,-15.262930,0</coordinates></LineString></Placemark>
<Placemark><name>divisa 188</name><styleUrl>#malha</styleUrl><LineString><tessellate>1</tessellate><coordinates>-54.606910,-15.262890,0 -54.606950,-15.262930,0</coordinates></LineString></Placemark>
<Placemark><name>divisa 189</name><styleUrl>#malha</styleUrl><LineString><tessellate>1</tessellate><coordinates>-54.606940,-15.262930,0 -54.606870,-15.262920,0</coordinates></LineString></Placemark>
<Placemark><name>divisa 190</name><styleUrl>#malha</styleUrl><LineString><tessellate>1</tessellate><coordinates>-54.606940,-15.262930,0 -54.606900,-15.262890,0</coordinates></LineString></Placemark>
<Placemark><name>divisa 191</name><styleUrl>#malha</styleUrl><LineString><tessellate>1</tessellate><coordinates>-54.606900,-15.262890,0 -54.606910,-15.262890,0</coordinates></LineString></Placemark>
<Placemark><name>divisa 192</name><styleUrl>#malha</styleUrl><LineString><tessellate>1</tessellate><coordinates>-54.606910,-15.262890,0 -54.607110,-15.262930,0 -54.606840,-15.262800,0 -54.606910,-15.262890,0</coordinates></LineString></Placemark>
<Placemark><name>divisa 193</name><styleUrl>#malha</styleUrl><LineString><tessellate>1</tessellate><coordinates>-54.606900,-15.262890,0 -54.606810,-15.262780,0 -54.606880,-15.262890,0 -54.606900,-15.262890,0</coordinates></LineString></Placemark>
<Placemark><name>divisa 194</name><styleUrl>#malha</styleUrl><LineString><tessellate>1</tessellate><coordinates>-54.606860,-15.262940,0 -54.606890,-15.262950,0</coordinates></LineString></Placemark>
<Placemark><name>divisa 195</name><styleUrl>#malha</styleUrl><LineString><tessellate>1</tessellate><coordinates>-54.606890,-15.262950,0 -54.606870,-15.262920,0</coordinates></LineString></Placemark>
<Placemark><name>divisa 196</name><styleUrl>#malha</styleUrl><LineString><tessellate>1</tessellate><coordinates>-54.606870,-15.262920,0 -54.606850,-15.262920,0</coordinates></LineString></Placemark>
<Placemark><name>divisa 197</name><styleUrl>#malha</styleUrl><LineString><tessellate>1</tessellate><coordinates>-54.606850,-15.262940,0 -54.606860,-15.262940,0</coordinates></LineString></Placemark>
<Placemark><name>divisa 198</name><styleUrl>#malha</styleUrl><LineString><tessellate>1</tessellate><coordinates>-54.606860,-15.262940,0 -54.606850,-15.262920,0</coordinates></LineString></Placemark>
<Placemark><name>divisa 199</name><styleUrl>#malha</styleUrl><LineString><tessellate>1</tessellate><coordinates>-54.606840,-15.262920,0 -54.606850,-15.262940,0</coordinates></LineString></Placemark>
<Placemark><name>divisa 200</name><styleUrl>#malha</styleUrl><LineString><tessellate>1</tessellate><coordinates>-54.606840,-15.262920,0 -54.606850,-15.262940,0</coordinates></LineString></Placemark>
<Placemark><name>divisa 201</name><styleUrl>#malha</styleUrl><LineString><tessellate>1</tessellate><coordinates>-54.606850,-15.262920,0 -54.606840,-15.262920,0</coordinates></LineString></Placemark>
<Placemark><name>divisa 202</name><styleUrl>#malha</styleUrl><LineString><tessellate>1</tessellate><coordinates>-54.606850,-15.262920,0 -54.606770,-15.262820,0 -54.606840,-15.262920,0</coordinates></LineString></Placemark>
<Placemark><name>divisa 203</name><styleUrl>#malha</styleUrl><LineString><tessellate>1</tessellate><coordinates>-54.606260,-15.287680,0 -54.606270,-15.287610,0</coordinates></LineString></Placemark>
<Placemark><name>divisa 204</name><styleUrl>#malha</styleUrl><LineString><tessellate>1</tessellate><coordinates>-54.606260,-15.287680,0 -54.606270,-15.287610,0</coordinates></LineString></Placemark>
<Placemark><name>divisa 205</name><styleUrl>#malha</styleUrl><LineString><tessellate>1</tessellate><coordinates>-54.605960,-15.289040,0 -54.606260,-15.287680,0</coordinates></LineString></Placemark>
<Placemark><name>divisa 206</name><styleUrl>#malha</styleUrl><LineString><tessellate>1</tessellate><coordinates>-54.605960,-15.289040,0 -54.606260,-15.287680,0</coordinates></LineString></Placemark>
<Placemark><name>divisa 207</name><styleUrl>#malha</styleUrl><LineString><tessellate>1</tessellate><coordinates>-54.605300,-15.291070,0 -54.605680,-15.290460,0 -54.605960,-15.289040,0</coordinates></LineString></Placemark>
<Placemark><name>divisa 208</name><styleUrl>#malha</styleUrl><LineString><tessellate>1</tessellate><coordinates>-54.605300,-15.291070,0 -54.605640,-15.290440,0 -54.605960,-15.289040,0</coordinates></LineString></Placemark>
<Placemark><name>divisa 209</name><styleUrl>#malha</styleUrl><LineString><tessellate>1</tessellate><coordinates>-54.604480,-15.293360,0 -54.604540,-15.292750,0 -54.605300,-15.291070,0</coordinates></LineString></Placemark>
<Placemark><name>divisa 210</name><styleUrl>#malha</styleUrl><LineString><tessellate>1</tessellate><coordinates>-54.604480,-15.293360,0 -54.604450,-15.292980,0 -54.604600,-15.292490,0 -54.605300,-15.291070,0</coordinates></LineString></Placemark>
<Placemark><name>divisa 211</name><styleUrl>#malha</styleUrl><LineString><tessellate>1</tessellate><coordinates>-54.605030,-15.293580,0 -54.604490,-15.293530,0</coordinates></LineString></Placemark>
<Placemark><name>divisa 212</name><styleUrl>#malha</styleUrl><LineString><tessellate>1</tessellate><coordinates>-54.605030,-15.293580,0 -54.604490,-15.293530,0</coordinates></LineString></Placemark>
<Placemark><name>divisa 213</name><styleUrl>#malha</styleUrl><LineString><tessellate>1</tessellate><coordinates>-54.597730,-15.344870,0 -54.604120,-15.349850,0</coordinates></LineString></Placemark>
<Placemark><name>divisa 214</name><styleUrl>#malha</styleUrl><LineString><tessellate>1</tessellate><coordinates>-54.597730,-15.344870,0 -54.596690,-15.343850,0 -54.597500,-15.339610,0 -54.606930,-15.339930,0 -54.611320,-15.349330,0 -54.604120,-15.349850,0</coordinates></LineString></Placemark>
<Placemark><name>divisa 215</name><styleUrl>#malha</styleUrl><LineString><tessellate>1</tessellate><coordinates>-54.604120,-15.349850,0 -54.604260,-15.349960,0 -54.611260,-15.349440,0 -54.615350,-15.357930,0 -54.611540,-15.360980,0 -54.611000,-15.360240,0 -54.610630,-15.359930,0 -54.606770,-15.358670,0 -54.605890,-15.358230,0 -54.604990,-15.357380,0 -54.604580,-15.356720,0 -54.604150,-15.356370,0 -54.603720,-15.355790,0 -54.603400,-15.355070,0 -54.601920,-15.354160,0 -54.600610,-15.353120,0 -54.600030,-15.352930,0 -54.599630,-15.352500,0 -54.599430,-15.351780,0 -54.599410,-15.350990,0 -54.599650,-15.350430,0 -54.599430,-15.349870,0 -54.598660,-15.348650,0 -54.598230,-15.348200,0 -54.598230,-15.347840,0 -54.597970,-15.347660,0 -54.597890,-15.346910,0 -54.597670,-15.346620,0 -54.597220,-15.346460,0 -54.596730,-15.344660,0 -54.596690,-15.344060,0 -54.597730,-15.344870,0</coordinates></LineString></Placemark>
<Placemark><name>divisa 216</name><styleUrl>#malha</styleUrl><LineString><tessellate>1</tessellate><coordinates>-54.604120,-15.349850,0 -54.598300,-15.345420,0 -54.597730,-15.344870,0</coordinates></LineString></Placemark>
<Placemark><name>divisa 217</name><styleUrl>#malha</styleUrl><LineString><tessellate>1</tessellate><coordinates>-54.604490,-15.293530,0 -54.604480,-15.293360,0</coordinates></LineString></Placemark>
<Placemark><name>divisa 218</name><styleUrl>#malha</styleUrl><LineString><tessellate>1</tessellate><coordinates>-54.604490,-15.293530,0 -54.604480,-15.293360,0</coordinates></LineString></Placemark>
<Placemark><name>divisa 219</name><styleUrl>#malha</styleUrl><LineString><tessellate>1</tessellate><coordinates>-54.603570,-15.256740,0 -54.603400,-15.256880,0</coordinates></LineString></Placemark>
<Placemark><name>divisa 220</name><styleUrl>#malha</styleUrl><LineString><tessellate>1</tessellate><coordinates>-54.603570,-15.256740,0 -54.603400,-15.256880,0</coordinates></LineString></Placemark>
<Placemark><name>divisa 221</name><styleUrl>#malha</styleUrl><LineString><tessellate>1</tessellate><coordinates>-54.603400,-15.256880,0 -54.603120,-15.258170,0 -54.602500,-15.258740,0 -54.602050,-15.251770,0</coordinates></LineString></Placemark>
<Placemark><name>divisa 222</name><styleUrl>#malha</styleUrl><LineString><tessellate>1</tessellate><coordinates>-54.603400,-15.256880,0 -54.603080,-15.258140,0 -54.602520,-15.258640,0 -54.602070,-15.251760,0</coordinates></LineString></Placemark>
<Placemark><name>divisa 223</name><styleUrl>#malha</styleUrl><LineString><tessellate>1</tessellate><coordinates>-54.602070,-15.251760,0 -54.602070,-15.251740,0</coordinates></LineString></Placemark>
<Placemark><name>divisa 224</name><styleUrl>#malha</styleUrl><LineString><tessellate>1</tessellate><coordinates>-54.602070,-15.251740,0 -54.602070,-15.251760,0</coordinates></LineString></Placemark>
<Placemark><name>divisa 225</name><styleUrl>#malha</styleUrl><LineString><tessellate>1</tessellate><coordinates>-54.602070,-15.251760,0 -54.602050,-15.251770,0</coordinates></LineString></Placemark>
<Placemark><name>divisa 226</name><styleUrl>#malha</styleUrl><LineString><tessellate>1</tessellate><coordinates>-54.597580,-15.249200,0 -54.602070,-15.251740,0</coordinates></LineString></Placemark>
<Placemark><name>divisa 227</name><styleUrl>#malha</styleUrl><LineString><tessellate>1</tessellate><coordinates>-54.602050,-15.251770,0 -54.597580,-15.249200,0</coordinates></LineString></Placemark>
<Placemark><name>divisa 228</name><styleUrl>#malha</styleUrl><LineString><tessellate>1</tessellate><coordinates>-54.602050,-15.251770,0 -54.602050,-15.251780,0</coordinates></LineString></Placemark>
<Placemark><name>divisa 229</name><styleUrl>#malha</styleUrl><LineString><tessellate>1</tessellate><coordinates>-54.600320,-15.252620,0 -54.602050,-15.251780,0</coordinates></LineString></Placemark>
<Placemark><name>divisa 230</name><styleUrl>#malha</styleUrl><LineString><tessellate>1</tessellate><coordinates>-54.602050,-15.251780,0 -54.602420,-15.258660,0 -54.602610,-15.259450,0 -54.602460,-15.260090,0 -54.601880,-15.261020,0 -54.600960,-15.261810,0 -54.600610,-15.262930,0 -54.600230,-15.263360,0 -54.598380,-15.262910,0 -54.598210,-15.260530,0 -54.598810,-15.257560,0 -54.598550,-15.256340,0 -54.595760,-15.254290,0 -54.594110,-15.253940,0 -54.593210,-15.253510,0 -54.592290,-15.252700,0 -54.591860,-15.252640,0 -54.591470,-15.252430,0 -54.591540,-15.252020,0</coordinates></LineString></Placemark>
<Placemark><name>divisa 231</name><styleUrl>#malha</styleUrl><LineString><tessellate>1</tessellate><coordinates>-54.602050,-15.251780,0 -54.601260,-15.252270,0 -54.600320,-15.252620,0</coordinates></LineString></Placemark>
<Placemark><name>divisa 232</name><styleUrl>#malha</styleUrl><LineString><tessellate>1</tessellate><coordinates>-54.599410,-15.252880,0 -54.600320,-15.252620,0</coordinates></LineString></Placemark>
<Placemark><name>divisa 233</name><styleUrl>#malha</styleUrl><LineString><tessellate>1</tessellate><coordinates>-54.600320,-15.252620,0 -54.599410,-15.252880,0</coordinates></LineString></Placemark>
<Placemark><name>divisa 234</name><styleUrl>#malha</styleUrl><LineString><tessellate>1</tessellate><coordinates>-54.599410,-15.252880,0 -54.598880,-15.252960,0</coordinates></LineString></Placemark>
<Placemark><name>divisa 235</name><styleUrl>#malha</styleUrl><LineString><tessellate>1</tessellate><coordinates>-54.598880,-15.252960,0 -54.599410,-15.252880,0</coordinates></LineString></Placemark>
<Placemark><name>divisa 236</name><styleUrl>#malha</styleUrl><LineString><tessellate>1</tessellate><coordinates>-54.598290,-15.253010,0 -54.598880,-15.252960,0</coordinates></LineString></Placemark>
<Placemark><name>divisa 237</name><styleUrl>#malha</styleUrl><LineString><tessellate>1</tessellate><coordinates>-54.598880,-15.252960,0 -54.598290,-15.253010,0</coordinates></LineString></Placemark>
<Placemark><name>divisa 238</name><styleUrl>#malha</styleUrl><LineString><tessellate>1</tessellate><coordinates>-54.598290,-15.253010,0 -54.598270,-15.253010,0</coordinates></LineString></Placemark>
<Placemark><name>divisa 239</name><styleUrl>#malha</styleUrl><LineString><tessellate>1</tessellate><coordinates>-54.598270,-15.253010,0 -54.598290,-15.253010,0</coordinates></LineString></Placemark>
<Placemark><name>divisa 240</name><styleUrl>#malha</styleUrl><LineString><tessellate>1</tessellate><coordinates>-54.598270,-15.253010,0 -54.598190,-15.253010,0</coordinates></LineString></Placemark>
<Placemark><name>divisa 241</name><styleUrl>#malha</styleUrl><LineString><tessellate>1</tessellate><coordinates>-54.598190,-15.253010,0 -54.598270,-15.253010,0</coordinates></LineString></Placemark>
<Placemark><name>divisa 242</name><styleUrl>#malha</styleUrl><LineString><tessellate>1</tessellate><coordinates>-54.598190,-15.253010,0 -54.596900,-15.252960,0</coordinates></LineString></Placemark>
<Placemark><name>divisa 243</name><styleUrl>#malha</styleUrl><LineString><tessellate>1</tessellate><coordinates>-54.596900,-15.252960,0 -54.598190,-15.253010,0</coordinates></LineString></Placemark>
<Placemark><name>divisa 244</name><styleUrl>#malha</styleUrl><LineString><tessellate>1</tessellate><coordinates>-54.587060,-15.251740,0 -54.586600,-15.251710,0 -54.586220,-15.251930,0 -54.589140,-15.237120,0 -54.600190,-15.239120,0 -54.597580,-15.249200,0</coordinates></LineString></Placemark>
<Placemark><name>divisa 245</name><styleUrl>#malha</styleUrl><LineString><tessellate>1</tessellate><coordinates>-54.593480,-15.252430,0 -54.596900,-15.252960,0</coordinates></LineString></Placemark>
<Placemark><name>divisa 246</name><styleUrl>#malha</styleUrl><LineString><tessellate>1</tessellate><coordinates>-54.596900,-15.252960,0 -54.593480,-15.252430,0</coordinates></LineString></Placemark>
<Placemark><name>divisa 247</name><styleUrl>#malha</styleUrl><LineString><tessellate>1</tessellate><coordinates>-54.583550,-15.337550,0 -54.587760,-15.339110,0 -54.597390,-15.339480,0 -54.596510,-15.343830,0 -54.595760,-15.343710,0 -54.595450,-15.343910,0 -54.593990,-15.345730,0 -54.593350,-15.346160,0</coordinates></LineString></Placemark>
<Placemark><name>divisa 248</name><styleUrl>#malha</styleUrl><LineString><tessellate>1</tessellate><coordinates>-54.593350,-15.346160,0 -54.593940,-15.345860,0 -54.595290,-15.344080,0 -54.595610,-15.343830,0 -54.595630,-15.344620,0 -54.595530,-15.345090,0 -54.595960,-15.347000,0 -54.595720,-15.348260,0 -54.595810,-15.349330,0 -54.596040,-15.350140,0 -54.596640,-15.350950,0 -54.596990,-15.352070,0 -54.596360,-15.352560,0 -54.595480,-15.352910,0 -54.593600,-15.353270,0 -54.593120,-15.354800,0 -54.592910,-15.355150,0 -54.593230,-15.355830,0 -54.593170,-15.356330,0 -54.593420,-15.357630,0 -54.593470,-15.359020,0 -54.593250,-15.359290,0 -54.592890,-15.359540,0 -54.592180,-15.359600,0 -54.589950,-15.359120,0 -54.587630,-15.358890,0 -54.587420,-15.358520,0 -54.587270,-15.357260,0 -54.586690,-15.356100,0 -54.586090,-15.355210,0 -54.586320,-15.353490,0 -54.586280,-15.351090,0 -54.586430,-15.348960,0 -54.586240,-15.348030,0 -54.585910,-15.347510,0 -54.585270,-15.347180,0 -54.585400,-15.345590,0 -54.589760,-15.346500,0 -54.591490,-15.346640,0 -54.592980,-15.346350,0 -54.593340,-15.346170,0</coordinates></LineString></Placemark>
<Placemark><name>divisa 249</name><styleUrl>#malha</styleUrl><LineString><tessellate>1</tessellate><coordinates>-54.593350,-15.346160,0 -54.593340,-15.346170,0</coordinates></LineString></Placemark>
<Placemark><name>divisa 250</name><styleUrl>#malha</styleUrl><LineString><tessellate>1</tessellate><coordinates>-54.593340,-15.346170,0 -54.593350,-15.346160,0</coordinates></LineString></Placemark>
<Placemark><name>divisa 251</name><styleUrl>#malha</styleUrl><LineString><tessellate>1</tessellate><coordinates>-54.593340,-15.346170,0 -54.591630,-15.346590,0 -54.589880,-15.346400,0 -54.585460,-15.345550,0 -54.583700,-15.345510,0 -54.582010,-15.345650,0 -54.583470,-15.337850,0</coordinates></LineString></Placemark>
<Placemark><name>divisa 252</name><styleUrl>#malha</styleUrl><LineString><tessellate>1</tessellate><coordinates>-54.593480,-15.252430,0 -54.593180,-15.252380,0</coordinates></LineString></Placemark>
<Placemark><name>divisa 253</name><styleUrl>#malha</styleUrl><LineString><tessellate>1</tessellate><coordinates>-54.593180,-15.252380,0 -54.593480,-15.252430,0</coordinates></LineString></Placemark>
<Placemark><name>divisa 254</name><styleUrl>#malha</styleUrl><LineString><tessellate>1</tessellate><coordinates>-54.591760,-15.252090,0 -54.593180,-15.252380,0</coordinates></LineString></Placemark>
<Placemark><name>divisa 255</name><styleUrl>#malha</styleUrl><LineString><tessellate>1</tessellate><coordinates>-54.593180,-15.252380,0 -54.591760,-15.252090,0</coordinates></LineString></Placemark>
<Placemark><name>divisa 256</name><styleUrl>#malha</styleUrl><LineString><tessellate>1</tessellate><coordinates>-54.591760,-15.252090,0 -54.591540,-15.252020,0</coordinates></LineString></Placemark>
<Placemark><name>divisa 257</name><styleUrl>#malha</styleUrl><LineString><tessellate>1</tessellate><coordinates>-54.591540,-15.252020,0 -54.591760,-15.252090,0</coordinates></LineString></Placemark>
<Placemark><name>divisa 258</name><styleUrl>#malha</styleUrl><LineString><tessellate>1</tessellate><coordinates>-54.591540,-15.252020,0 -54.591730,-15.250860,0 -54.591520,-15.250610,0 -54.590380,-15.250650,0 -54.588150,-15.251040,0 -54.587610,-15.251440,0 -54.587420,-15.252080,0 -54.587220,-15.251750,0</coordinates></LineString></Placemark>
<Placemark><name>divisa 259</name><styleUrl>#malha</styleUrl><LineString><tessellate>1</tessellate><coordinates>-54.587380,-15.297880,0 -54.586740,-15.297770,0</coordinates></LineString></Placemark>
<Placemark><name>divisa 260</name><styleUrl>#malha</styleUrl><LineString><tessellate>1</tessellate><coordinates>-54.586740,-15.297770,0 -54.587380,-15.297880,0</coordinates></LineString></Placemark>
<Placemark><name>divisa 261</name><styleUrl>#malha</styleUrl><LineString><tessellate>1</tessellate><coordinates>-54.584030,-15.294020,0 -54.584370,-15.295420,0 -54.585120,-15.295610,0 -54.585910,-15.294930,0 -54.586090,-15.293420,0 -54.586790,-15.292800,0 -54.588060,-15.292170,0 -54.588640,-15.292260,0 -54.589030,-15.292610,0 -54.589330,-15.292710,0 -54.589630,-15.292340,0 -54.590120,-15.292200,0 -54.591710,-15.293190,0 -54.592270,-15.293690,0 -54.592910,-15.294990,0 -54.592650,-15.295820,0 -54.591770,-15.297220,0 -54.590610,-15.298380,0 -54.587380,-15.297880,0</coordinates></LineString></Placemark>
<Placemark><name>divisa 262</name><styleUrl>#malha</styleUrl><LineString><tessellate>1</tessellate><coordinates>-54.587380,-15.297880,0 -54.590640,-15.298430,0 -54.588940,-15.300230,0 -54.588250,-15.300810,0 -54.587760,-15.301010,0 -54.587480,-15.301470,0 -54.587630,-15.301900,0 -54.588000,-15.302190,0 -54.589150,-15.302500,0 -54.588700,-15.304090,0 -54.581750,-15.301550,0 -54.583010,-15.297170,0</coordinates></LineString></Placemark>
<Placemark><name>divisa 263</name><styleUrl>#malha</styleUrl><LineString><tessellate>1</tessellate><coordinates>-54.585850,-15.297590,0 -54.586740,-15.297770,0</coordinates></LineString></Placemark>
<Placemark><name>divisa 264</name><styleUrl>#malha</styleUrl><LineString><tessellate>1</tessellate><coordinates>-54.586740,-15.297770,0 -54.585850,-15.297590,0</coordinates></LineString></Placemark>
<Placemark><name>divisa 265</name><styleUrl>#malha</styleUrl><LineString><tessellate>1</tessellate><coordinates>-54.587220,-15.251750,0 -54.587060,-15.251740,0</coordinates></LineString></Placemark>
<Placemark><name>divisa 266</name><styleUrl>#malha</styleUrl><LineString><tessellate>1</tessellate><coordinates>-54.587060,-15.251740,0 -54.587220,-15.251750,0</coordinates></LineString></Placemark>
<Placemark><name>divisa 267</name><styleUrl>#malha</styleUrl><LineString><tessellate>1</tessellate><coordinates>-54.587220,-15.251750,0 -54.587940,-15.253240,0 -54.589580,-15.255340,0 -54.591580,-15.257430,0 -54.590800,-15.259920,0 -54.590670,-15.260000,0 -54.590300,-15.260870,0 -54.587100,-15.268910,0 -54.584900,-15.267710,0 -54.583310,-15.267990,0 -54.586270,-15.251910,0 -54.586510,-15.251770,0 -54.587060,-15.251740,0</coordinates></LineString></Placemark>
<Placemark><name>divisa 268</name><styleUrl>#malha</styleUrl><LineString><tessellate>1</tessellate><coordinates>-54.585850,-15.297590,0 -54.585150,-15.297480,0</coordinates></LineString></Placemark>
<Placemark><name>divisa 269</name><styleUrl>#malha</styleUrl><LineString><tessellate>1</tessellate><coordinates>-54.585150,-15.297480,0 -54.585850,-15.297590,0</coordinates></LineString></Placemark>
<Placemark><name>divisa 270</name><styleUrl>#malha</styleUrl><LineString><tessellate>1</tessellate><coordinates>-54.583720,-15.297250,0 -54.585150,-15.297480,0</coordinates></LineString></Placemark>
<Placemark><name>divisa 271</name><styleUrl>#malha</styleUrl><LineString><tessellate>1</tessellate><coordinates>-54.585150,-15.297480,0 -54.582970,-15.297120,0 -54.583870,-15.294490,0</coordinates></LineString></Placemark>
<Placemark><name>divisa 272</name><styleUrl>#malha</styleUrl><LineString><tessellate>1</tessellate><coordinates>-54.583470,-15.337850,0 -54.583550,-15.337550,0</coordinates></LineString></Placemark>
<Placemark><name>divisa 273</name><styleUrl>#malha</styleUrl><LineString><tessellate>1</tessellate><coordinates>-54.583470,-15.337850,0 -54.582850,-15.340410,0 -54.573130,-15.338070,0 -54.569650,-15.337110,0 -54.569780,-15.336160,0 -54.571680,-15.336080,0 -54.572320,-15.336220,0 -54.574380,-15.336000,0 -54.575810,-15.335420,0 -54.576510,-15.335040,0 -54.577120,-15.334350,0 -54.577700,-15.333920,0 -54.578470,-15.333590,0 -54.579610,-15.332880,0 -54.581000,-15.330420,0 -54.581670,-15.328560,0 -54.582050,-15.327850,0 -54.585380,-15.328390,0 -54.583550,-15.337550,0</coordinates></LineString></Placemark>
<Placemark><name>divisa 274</name><styleUrl>#malha</styleUrl><LineString><tessellate>1</tessellate><coordinates>-54.583550,-15.337550,0 -54.583470,-15.337850,0</coordinates></LineString></Placemark>
<Placemark><name>divisa 275</name><styleUrl>#malha</styleUrl><LineString><tessellate>1</tessellate><coordinates>-54.583870,-15.294490,0 -54.584030,-15.294020,0</coordinates></LineString></Placemark>
<Placemark><name>divisa 276</name><styleUrl>#malha</styleUrl><LineString><tessellate>1</tessellate><coordinates>-54.580020,-15.295280,0 -54.578040,-15.294020,0 -54.579280,-15.288230,0 -54.580750,-15.288660,0 -54.581880,-15.289300,0 -54.583000,-15.290420,0 -54.583600,-15.291420,0 -54.583940,-15.292750,0 -54.584030,-15.294020,0</coordinates></LineString></Placemark>
<Placemark><name>divisa 277</name><styleUrl>#malha</styleUrl><LineString><tessellate>1</tessellate><coordinates>-54.584030,-15.294020,0 -54.583870,-15.294490,0</coordinates></LineString></Placemark>
<Placemark><name>divisa 278</name><styleUrl>#malha</styleUrl><LineString><tessellate>1</tessellate><coordinates>-54.583870,-15.294490,0 -54.582950,-15.297120,0</coordinates></LineString></Placemark>
<Placemark><name>divisa 279</name><styleUrl>#malha</styleUrl><LineString><tessellate>1</tessellate><coordinates>-54.583310,-15.297210,0 -54.583730,-15.297290,0</coordinates></LineString></Placemark>
<Placemark><name>divisa 280</name><styleUrl>#malha</styleUrl><LineString><tessellate>1</tessellate><coordinates>-54.583730,-15.297290,0 -54.583720,-15.297250,0</coordinates></LineString></Placemark>
<Placemark><name>divisa 281</name><styleUrl>#malha</styleUrl><LineString><tessellate>1</tessellate><coordinates>-54.583730,-15.297290,0 -54.584130,-15.297330,0 -54.584220,-15.297370,0 -54.583700,-15.297310,0 -54.583730,-15.297290,0</coordinates></LineString></Placemark>
<Placemark><name>divisa 282</name><styleUrl>#malha</styleUrl><LineString><tessellate>1</tessellate><coordinates>-54.583710,-15.297250,0 -54.583720,-15.297250,0</coordinates></LineString></Placemark>
<Placemark><name>divisa 283</name><styleUrl>#malha</styleUrl><LineString><tessellate>1</tessellate><coordinates>-54.583720,-15.297250,0 -54.583710,-15.297250,0</coordinates></LineString></Placemark>
<Placemark><name>divisa 284</name><styleUrl>#malha</styleUrl><LineString><tessellate>1</tessellate><coordinates>-54.583720,-15.297250,0 -54.583720,-15.297250,0</coordinates></LineString></Placemark>
<Placemark><name>divisa 285</name><styleUrl>#malha</styleUrl><LineString><tessellate>1</tessellate><coordinates>-54.583720,-15.297250,0 -54.583700,-15.297250,0</coordinates></LineString></Placemark>
<Placemark><name>divisa 286</name><styleUrl>#malha</styleUrl><LineString><tessellate>1</tessellate><coordinates>-54.583690,-15.297260,0 -54.583720,-15.297250,0</coordinates></LineString></Placemark>
<Placemark><name>divisa 287</name><styleUrl>#malha</styleUrl><LineString><tessellate>1</tessellate><coordinates>-54.583700,-15.297250,0 -54.583710,-15.297250,0</coordinates></LineString></Placemark>
<Placemark><name>divisa 288</name><styleUrl>#malha</styleUrl><LineString><tessellate>1</tessellate><coordinates>-54.583710,-15.297250,0 -54.583700,-15.297250,0</coordinates></LineString></Placemark>
<Placemark><name>divisa 289</name><styleUrl>#malha</styleUrl><LineString><tessellate>1</tessellate><coordinates>-54.583690,-15.297260,0 -54.583700,-15.297270,0</coordinates></LineString></Placemark>
<Placemark><name>divisa 290</name><styleUrl>#malha</styleUrl><LineString><tessellate>1</tessellate><coordinates>-54.583700,-15.297250,0 -54.583680,-15.297250,0</coordinates></LineString></Placemark>
<Placemark><name>divisa 291</name><styleUrl>#malha</styleUrl><LineString><tessellate>1</tessellate><coordinates>-54.583670,-15.297260,0 -54.583690,-15.297260,0</coordinates></LineString></Placemark>
<Placemark><name>divisa 292</name><styleUrl>#malha</styleUrl><LineString><tessellate>1</tessellate><coordinates>-54.583680,-15.297250,0 -54.583690,-15.297260,0</coordinates></LineString></Placemark>
<Placemark><name>divisa 293</name><styleUrl>#malha</styleUrl><LineString><tessellate>1</tessellate><coordinates>-54.583640,-15.297250,0 -54.583680,-15.297250,0</coordinates></LineString></Placemark>
<Placemark><name>divisa 294</name><styleUrl>#malha</styleUrl><LineString><tessellate>1</tessellate><coordinates>-54.583680,-15.297250,0 -54.583670,-15.297260,0</coordinates></LineString></Placemark>
<Placemark><name>divisa 295</name><styleUrl>#malha</styleUrl><LineString><tessellate>1</tessellate><coordinates>-54.583640,-15.297250,0 -54.583670,-15.297260,0</coordinates></LineString></Placemark>
<Placemark><name>divisa 296</name><styleUrl>#malha</styleUrl><LineString><tessellate>1</tessellate><coordinates>-54.583670,-15.297260,0 -54.583310,-15.297210,0</coordinates></LineString></Placemark>
<Placemark><name>divisa 297</name><styleUrl>#malha</styleUrl><LineString><tessellate>1</tessellate><coordinates>-54.583010,-15.297160,0 -54.583640,-15.297250,0</coordinates></LineString></Placemark>
<Placemark><name>divisa 298</name><styleUrl>#malha</styleUrl><LineString><tessellate>1</tessellate><coordinates>-54.583310,-15.297210,0 -54.583010,-15.297170,0</coordinates></LineString></Placemark>
<Placemark><name>divisa 299</name><styleUrl>#malha</styleUrl><LineString><tessellate>1</tessellate><coordinates>-54.583010,-15.297160,0 -54.583310,-15.297210,0</coordinates></LineString></Placemark>
<Placemark><name>divisa 300</name><styleUrl>#malha</styleUrl><LineString><tessellate>1</tessellate><coordinates>-54.583010,-15.297170,0 -54.583010,-15.297160,0</coordinates></LineString></Placemark>
<Placemark><name>divisa 301</name><styleUrl>#malha</styleUrl><LineString><tessellate>1</tessellate><coordinates>-54.583010,-15.297170,0 -54.583010,-15.297160,0</coordinates></LineString></Placemark>
<Placemark><name>divisa 302</name><styleUrl>#malha</styleUrl><LineString><tessellate>1</tessellate><coordinates>-54.582940,-15.297110,0 -54.582950,-15.297120,0</coordinates></LineString></Placemark>
<Placemark><name>divisa 303</name><styleUrl>#malha</styleUrl><LineString><tessellate>1</tessellate><coordinates>-54.582950,-15.297120,0 -54.581710,-15.301470,0 -54.576970,-15.299770,0 -54.578020,-15.294020,0 -54.580020,-15.295280,0</coordinates></LineString></Placemark>
<Placemark><name>divisa 304</name><styleUrl>#malha</styleUrl><LineString><tessellate>1</tessellate><coordinates>-54.582950,-15.297120,0 -54.582740,-15.297050,0</coordinates></LineString></Placemark>
<Placemark><name>divisa 305</name><styleUrl>#malha</styleUrl><LineString><tessellate>1</tessellate><coordinates>-54.582770,-15.297000,0 -54.582940,-15.297110,0</coordinates></LineString></Placemark>
<Placemark><name>divisa 306</name><styleUrl>#malha</styleUrl><LineString><tessellate>1</tessellate><coordinates>-54.582770,-15.297000,0 -54.582930,-15.297100,0 -54.582950,-15.297000,0 -54.582940,-15.297110,0</coordinates></LineString></Placemark>
<Placemark><name>divisa 307</name><styleUrl>#malha</styleUrl><LineString><tessellate>1</tessellate><coordinates>-54.582940,-15.297110,0 -54.582740,-15.297050,0</coordinates></LineString></Placemark>
<Placemark><name>divisa 308</name><styleUrl>#malha</styleUrl><LineString><tessellate>1</tessellate><coordinates>-54.582330,-15.296750,0 -54.582770,-15.297000,0</coordinates></LineString></Placemark>
<Placemark><name>divisa 309</name><styleUrl>#malha</styleUrl><LineString><tessellate>1</tessellate><coordinates>-54.580880,-15.295820,0 -54.582770,-15.297000,0</coordinates></LineString></Placemark>
<Placemark><name>divisa 310</name><styleUrl>#malha</styleUrl><LineString><tessellate>1</tessellate><coordinates>-54.582740,-15.297050,0 -54.580880,-15.295820,0</coordinates></LineString></Placemark>
<Placemark><name>divisa 311</name><styleUrl>#malha</styleUrl><LineString><tessellate>1</tessellate><coordinates>-54.582740,-15.297050,0 -54.582330,-15.296750,0</coordinates></LineString></Placemark>
<Placemark><name>divisa 312</name><styleUrl>#malha</styleUrl><LineString><tessellate>1</tessellate><coordinates>-54.582330,-15.296750,0 -54.581470,-15.296230,0 -54.581690,-15.296380,0 -54.582330,-15.296750,0</coordinates></LineString></Placemark>
<Placemark><name>divisa 313</name><styleUrl>#malha</styleUrl><LineString><tessellate>1</tessellate><coordinates>-54.580070,-15.295310,0 -54.580880,-15.295820,0</coordinates></LineString></Placemark>
<Placemark><name>divisa 314</name><styleUrl>#malha</styleUrl><LineString><tessellate>1</tessellate><coordinates>-54.580880,-15.295820,0 -54.580070,-15.295310,0</coordinates></LineString></Placemark>
<Placemark><name>divisa 315</name><styleUrl>#malha</styleUrl><LineString><tessellate>1</tessellate><coordinates>-54.580070,-15.295310,0 -54.580020,-15.295280,0</coordinates></LineString></Placemark>
<Placemark><name>divisa 316</name><styleUrl>#malha</styleUrl><LineString><tessellate>1</tessellate><coordinates>-54.580020,-15.295280,0 -54.580070,-15.295310,0</coordinates></LineString></Placemark>
<Placemark><name>divisa 317</name><styleUrl>#malha</styleUrl><LineString><tessellate>1</tessellate><coordinates>-54.650150,-15.269030,0 -54.650520,-15.269300,0 -54.650850,-15.269730,0 -54.650840,-15.269900,0 -54.649780,-15.271120,0 -54.649570,-15.271520,0 -54.649610,-15.272000,0 -54.651030,-15.272910,0 -54.651250,-15.273260,0 -54.651310,-15.275110,0 -54.651680,-15.275910,0 -54.652720,-15.276510,0 -54.653070,-15.276980,0 -54.652970,-15.278830,0 -54.651590,-15.280110,0 -54.650260,-15.280870,0 -54.650100,-15.281240,0 -54.650830,-15.283350,0 -54.651940,-15.283830,0 -54.652320,-15.284240,0 -54.652710,-15.285050,0 -54.652560,-15.286090,0 -54.644190,-15.281940,0 -54.650150,-15.269030,0</coordinates></LineString></Placemark>
<Placemark><name>divisa 318</name><styleUrl>#malha</styleUrl><LineString><tessellate>1</tessellate><coordinates>-54.642570,-15.285230,0 -54.632180,-15.276470,0 -54.638170,-15.263320,0 -54.638370,-15.263190,0 -54.639350,-15.264430,0 -54.640310,-15.264790,0 -54.640920,-15.265520,0 -54.641950,-15.266100,0 -54.643950,-15.266860,0 -54.645810,-15.267230,0 -54.647430,-15.268040,0 -54.649600,-15.268690,0 -54.650090,-15.269000,0 -54.642570,-15.285230,0</coordinates></LineString></Placemark>
<Placemark><name>divisa 319</name><styleUrl>#malha</styleUrl><LineString><tessellate>1</tessellate><coordinates>-54.642800,-15.224510,0 -54.643520,-15.220030,0 -54.643650,-15.219890,0 -54.644260,-15.220320,0 -54.644770,-15.220500,0 -54.645530,-15.220230,0 -54.646210,-15.219780,0 -54.646580,-15.219720,0 -54.647150,-15.219960,0 -54.647440,-15.220620,0 -54.647560,-15.221500,0 -54.647930,-15.221910,0 -54.648310,-15.222690,0 -54.649250,-15.223820,0 -54.650630,-15.224370,0 -54.651000,-15.224620,0 -54.651750,-15.225490,0 -54.652620,-15.225820,0 -54.652670,-15.225990,0 -54.642800,-15.224510,0</coordinates></LineString></Placemark>
<Placemark><name>divisa 320</name><styleUrl>#malha</styleUrl><LineString><tessellate>1</tessellate><coordinates>-54.642800,-15.224540,0 -54.652440,-15.225980,0 -54.652750,-15.226140,0 -54.652690,-15.226380,0 -54.651250,-15.227710,0 -54.651020,-15.228110,0 -54.650660,-15.229100,0 -54.649700,-15.231070,0 -54.649140,-15.233590,0 -54.648890,-15.234030,0 -54.648620,-15.234190,0 -54.648000,-15.234410,0 -54.645130,-15.234180,0 -54.640050,-15.234330,0 -54.639040,-15.234150,0 -54.636290,-15.233010,0 -54.639610,-15.232040,0 -54.641830,-15.230820,0 -54.642800,-15.224540,0</coordinates></LineString></Placemark>
<Placemark><name>divisa 321</name><styleUrl>#malha</styleUrl><LineString><tessellate>1</tessellate><coordinates>-54.641760,-15.230770,0 -54.639570,-15.232010,0 -54.636260,-15.232990,0 -54.634860,-15.232160,0 -54.632370,-15.230000,0 -54.631000,-15.229520,0 -54.630570,-15.229510,0 -54.630420,-15.229620,0 -54.630460,-15.230750,0 -54.627950,-15.230350,0 -54.629740,-15.220990,0 -54.629920,-15.220920,0 -54.637880,-15.223800,0 -54.639340,-15.224130,0 -54.642710,-15.224570,0 -54.641760,-15.230770,0</coordinates></LineString></Placemark>
<Placemark><name>divisa 322</name><styleUrl>#malha</styleUrl><LineString><tessellate>1</tessellate><coordinates>-54.640460,-15.287980,0 -54.641990,-15.286660,0 -54.642600,-15.285550,0 -54.642800,-15.284890,0 -54.644150,-15.282020,0 -54.652570,-15.286130,0 -54.652420,-15.286930,0 -54.652490,-15.287540,0 -54.652090,-15.289590,0 -54.650150,-15.290250,0 -54.648900,-15.290530,0 -54.648320,-15.290450,0 -54.646930,-15.289400,0 -54.645240,-15.288610,0 -54.644400,-15.288580,0 -54.643320,-15.288800,0 -54.642600,-15.289070,0 -54.640430,-15.288110,0 -54.640460,-15.287980,0</coordinates></LineString></Placemark>
<Placemark><name>divisa 323</name><styleUrl>#malha</styleUrl><LineString><tessellate>1</tessellate><coordinates>-54.639820,-15.211890,0 -54.640890,-15.211850,0 -54.642130,-15.212220,0 -54.642390,-15.213470,0 -54.643160,-15.214170,0 -54.643890,-15.213960,0 -54.644750,-15.214170,0 -54.644750,-15.214920,0 -54.644110,-15.216280,0 -54.642860,-15.218190,0 -54.635910,-15.216610,0 -54.638570,-15.211310,0 -54.639820,-15.211890,0</coordinates></LineString></Placemark>
<Placemark><name>divisa 324</name><styleUrl>#malha</styleUrl><LineString><tessellate>1</tessellate><coordinates>-54.636110,-15.203040,0 -54.635440,-15.203700,0 -54.633370,-15.204410,0 -54.632220,-15.205090,0 -54.629340,-15.205840,0 -54.627690,-15.206410,0 -54.628580,-15.203050,0 -54.628640,-15.201620,0 -54.636110,-15.203040,0</coordinates></LineString></Placemark>
<Placemark><name>divisa 325</name><styleUrl>#malha</styleUrl><LineString><tessellate>1</tessellate><coordinates>-54.632930,-15.301250,0 -54.635070,-15.295320,0 -54.635860,-15.297540,0 -54.636910,-15.299000,0 -54.637470,-15.299550,0 -54.639910,-15.301400,0 -54.640850,-15.302380,0 -54.640870,-15.302690,0 -54.640340,-15.303690,0 -54.639060,-15.303670,0 -54.638270,-15.303490,0 -54.636280,-15.302680,0 -54.634920,-15.301900,0 -54.634080,-15.301100,0 -54.632930,-15.301250,0</coordinates></LineString></Placemark>
<Placemark><name>divisa 326</name><styleUrl>#malha</styleUrl><LineString><tessellate>1</tessellate><coordinates>-54.630810,-15.215570,0 -54.632280,-15.208040,0 -54.634090,-15.207630,0 -54.634520,-15.207750,0 -54.635400,-15.208230,0 -54.636280,-15.209450,0 -54.636750,-15.209630,0 -54.638580,-15.211300,0 -54.638230,-15.211580,0 -54.635870,-15.216590,0 -54.630810,-15.215570,0</coordinates></LineString></Placemark>
<Placemark><name>divisa 327</name><styleUrl>#malha</styleUrl><LineString><tessellate>1</tessellate><coordinates>-54.630780,-15.215630,0 -54.642770,-15.218230,0 -54.642710,-15.218960,0 -54.642840,-15.219340,0 -54.643500,-15.219970,0 -54.642750,-15.224510,0 -54.637890,-15.223730,0 -54.630200,-15.220970,0 -54.630340,-15.220510,0 -54.629830,-15.220380,0 -54.630780,-15.215630,0</coordinates></LineString></Placemark>
<Placemark><name>divisa 328</name><styleUrl>#malha</styleUrl><LineString><tessellate>1</tessellate><coordinates>-54.630720,-15.215580,0 -54.629620,-15.220890,0 -54.614800,-15.224310,0 -54.615810,-15.219040,0 -54.630720,-15.215580,0</coordinates></LineString></Placemark>
<Placemark><name>divisa 329</name><styleUrl>#malha</styleUrl><LineString><tessellate>1</tessellate><coordinates>-54.627770,-15.305370,0 -54.628770,-15.305520,0 -54.629960,-15.305170,0 -54.630450,-15.304700,0 -54.632780,-15.301620,0 -54.633000,-15.302300,0 -54.633370,-15.302860,0 -54.634920,-15.303890,0 -54.637630,-15.305170,0 -54.638240,-15.305360,0 -54.639860,-15.305360,0 -54.642240,-15.307160,0 -54.643330,-15.307750,0 -54.643380,-15.307920,0 -54.643170,-15.308420,0 -54.641860,-15.309030,0 -54.641260,-15.309620,0 -54.640870,-15.310330,0 -54.640350,-15.311850,0 -54.639460,-15.312950,0 -54.637650,-15.314560,0 -54.637110,-15.314720,0 -54.636570,-15.314650,0 -54.636010,-15.314510,0 -54.627770,-15.305370,0</coordinates></LineString></Placemark>
<Placemark><name>divisa 330</name><styleUrl>#malha</styleUrl><LineString><tessellate>1</tessellate><coordinates>-54.629090,-15.144010,0 -54.613210,-15.144670,0 -54.612950,-15.140900,0 -54.612480,-15.139330,0 -54.612090,-15.138620,0 -54.612350,-15.138080,0 -54.613510,-15.137340,0 -54.614240,-15.136720,0 -54.615100,-15.135720,0 -54.615960,-15.135060,0 -54.618140,-15.129430,0 -54.618740,-15.129340,0 -54.628010,-15.131000,0 -54.631660,-15.130750,0 -54.629090,-15.144010,0</coordinates></LineString></Placemark>
<Placemark><name>divisa 331</name><styleUrl>#malha</styleUrl><LineString><tessellate>1</tessellate><coordinates>-54.629040,-15.144110,0 -54.626560,-15.157160,0 -54.616600,-15.157710,0 -54.615480,-15.154140,0 -54.613600,-15.150350,0 -54.613680,-15.149830,0 -54.613490,-15.148400,0 -54.613570,-15.147960,0 -54.613190,-15.144710,0 -54.629040,-15.144110,0</coordinates></LineString></Placemark>
<Placemark><name>divisa 332</name><styleUrl>#malha</styleUrl><LineString><tessellate>1</tessellate><coordinates>-54.626800,-15.292980,0 -54.635250,-15.294740,0 -54.632740,-15.301620,0 -54.630420,-15.304690,0 -54.629950,-15.305150,0 -54.628770,-15.305500,0 -54.627780,-15.305340,0 -54.626750,-15.301130,0 -54.625560,-15.299820,0 -54.625380,-15.299350,0 -54.625490,-15.298020,0 -54.626680,-15.294250,0 -54.626800,-15.292980,0</coordinates></LineString></Placemark>
<Placemark><name>divisa 333</name><styleUrl>#malha</styleUrl><LineString><tessellate>1</tessellate><coordinates>-54.626290,-15.289470,0 -54.632180,-15.276470,0 -54.642590,-15.285380,0 -54.641990,-15.286590,0 -54.640550,-15.287780,0 -54.640300,-15.288150,0 -54.640150,-15.288720,0 -54.640130,-15.290650,0 -54.639850,-15.291420,0 -54.639030,-15.292130,0 -54.635300,-15.294710,0 -54.626870,-15.292900,0 -54.626600,-15.290540,0 -54.626290,-15.289470,0</coordinates></LineString></Placemark>
<Placemark><name>divisa 334</name><styleUrl>#malha</styleUrl><LineString><tessellate>1</tessellate><coordinates>-54.626870,-15.235730,0 -54.627820,-15.230790,0 -54.627900,-15.230520,0 -54.628140,-15.230450,0 -54.630470,-15.230860,0 -54.631100,-15.232320,0 -54.631930,-15.233380,0 -54.632840,-15.234220,0 -54.634370,-15.235320,0 -54.635390,-15.235860,0 -54.637540,-15.236390,0 -54.641320,-15.236580,0 -54.643150,-15.236550,0 -54.646150,-15.236820,0 -54.646950,-15.237040,0 -54.647580,-15.237460,0 -54.648490,-15.238800,0 -54.648390,-15.239170,0 -54.647210,-15.239780,0 -54.645850,-15.239940,0 -54.627480,-15.236440,0 -54.626780,-15.236270,0 -54.626870,-15.235730,0</coordinates></LineString></Placemark>
<Placemark><name>divisa 335</name><styleUrl>#malha</styleUrl><LineString><tessellate>1</tessellate><coordinates>-54.626220,-15.289450,0 -54.625790,-15.288250,0 -54.625550,-15.286930,0 -54.625570,-15.286010,0 -54.625210,-15.282320,0 -54.623750,-15.278870,0 -54.621820,-15.276420,0 -54.618530,-15.274530,0 -54.621600,-15.267730,0 -54.621870,-15.267770,0 -54.622840,-15.268550,0 -54.632100,-15.276430,0 -54.626220,-15.289450,0</coordinates></LineString></Placemark>
<Placemark><name>divisa 336</name><styleUrl>#malha</styleUrl><LineString><tessellate>1</tessellate><coordinates>-54.624150,-15.258850,0 -54.624510,-15.259830,0 -54.625090,-15.260360,0 -54.625800,-15.260730,0 -54.627600,-15.261010,0 -54.629940,-15.260630,0 -54.633410,-15.260630,0 -54.634860,-15.261140,0 -54.636320,-15.261390,0 -54.637050,-15.261760,0 -54.638260,-15.263090,0 -54.632110,-15.276400,0 -54.624500,-15.269860,0 -54.624150,-15.258850,0</coordinates></LineString></Placemark>
<Placemark><name>divisa 337</name><styleUrl>#malha</styleUrl><LineString><tessellate>1</tessellate><coordinates>-54.624100,-15.251090,0 -54.624820,-15.247180,0 -54.626040,-15.247090,0 -54.626800,-15.247660,0 -54.627460,-15.247720,0 -54.628400,-15.247330,0 -54.629440,-15.246770,0 -54.630670,-15.245650,0 -54.631100,-15.245130,0 -54.631050,-15.244590,0 -54.631160,-15.244320,0 -54.632150,-15.243950,0 -54.634110,-15.243690,0 -54.635460,-15.243690,0 -54.638150,-15.243970,0 -54.637420,-15.245230,0 -54.636540,-15.245890,0 -54.635750,-15.247050,0 -54.635510,-15.248000,0 -54.635590,-15.248930,0 -54.636180,-15.248890,0 -54.635600,-15.253230,0 -54.631440,-15.252780,0 -54.627080,-15.252090,0 -54.624100,-15.251090,0</coordinates></LineString></Placemark>
<Placemark><name>divisa 338</name><styleUrl>#malha</styleUrl><LineString><tessellate>1</tessellate><coordinates>-54.622340,-15.309690,0 -54.620910,-15.308370,0 -54.619520,-15.306050,0 -54.618710,-15.304380,0 -54.618430,-15.302580,0 -54.618580,-15.301740,0 -54.618630,-15.299510,0 -54.618920,-15.298580,0 -54.619650,-15.297690,0 -54.621110,-15.296170,0 -54.623830,-15.293720,0 -54.625250,-15.291880,0 -54.625440,-15.291110,0 -54.625480,-15.286770,0 -54.625770,-15.288320,0 -54.626480,-15.290430,0 -54.626760,-15.292840,0 -54.626530,-15.294680,0 -54.625450,-15.297950,0 -54.625370,-15.299580,0 -54.626670,-15.301030,0 -54.627700,-15.305280,0 -54.624200,-15.308850,0 -54.622630,-15.310010,0 -54.622340,-15.309690,0</coordinates></LineString></Placemark>
<Placemark><name>divisa 339</name><styleUrl>#malha</styleUrl><LineString><tessellate>1</tessellate><coordinates>-54.622140,-15.199280,0 -54.622970,-15.198640,0 -54.623680,-15.197900,0 -54.626530,-15.193470,0 -54.627220,-15.192850,0 -54.627330,-15.192390,0 -54.628160,-15.191290,0 -54.628770,-15.190960,0 -54.629320,-15.191040,0 -54.631470,-15.192680,0 -54.632180,-15.192840,0 -54.632610,-15.193380,0 -54.632970,-15.194370,0 -54.632690,-15.196390,0 -54.632750,-15.197240,0 -54.632990,-15.197900,0 -54.635290,-15.200790,0 -54.635650,-15.201500,0 -54.636100,-15.203030,0 -54.621190,-15.200110,0 -54.622140,-15.199280,0</coordinates></LineString></Placemark>
<Placemark><name>divisa 340</name><styleUrl>#malha</styleUrl><LineString><tessellate>1</tessellate><coordinates>-54.620390,-15.256460,0 -54.624040,-15.257160,0 -54.624480,-15.269840,0 -54.622040,-15.267770,0 -54.622080,-15.267090,0 -54.621630,-15.267120,0 -54.620390,-15.256460,0</coordinates></LineString></Placemark>
<Placemark><name>divisa 341</name><styleUrl>#malha</styleUrl><LineString><tessellate>1</tessellate><coordinates>-54.618620,-15.236340,0 -54.616860,-15.224010,0 -54.629660,-15.220960,0 -54.626740,-15.236300,0 -54.618800,-15.237410,0 -54.618620,-15.236340,0</coordinates></LineString></Placemark>
<Placemark><name>divisa 342</name><styleUrl>#malha</styleUrl><LineString><tessellate>1</tessellate><coordinates>-54.615490,-15.358150,0 -54.619730,-15.364480,0 -54.622630,-15.373700,0 -54.621660,-15.373940,0 -54.620780,-15.373770,0 -54.618510,-15.372690,0 -54.617950,-15.371990,0 -54.617630,-15.371080,0 -54.616580,-15.369740,0 -54.615910,-15.369340,0 -54.614450,-15.367210,0 -54.614070,-15.366400,0 -54.612840,-15.364870,0 -54.612220,-15.363880,0 -54.612070,-15.363470,0 -54.612050,-15.362870,0 -54.611750,-15.362310,0 -54.611540,-15.361460,0 -54.611600,-15.361000,0 -54.615380,-15.357980,0 -54.615490,-15.358150,0</coordinates></LineString></Placemark>
<Placemark><name>divisa 343</name><styleUrl>#malha</styleUrl><LineString><tessellate>1</tessellate><coordinates>-54.616610,-15.157740,0 -54.626560,-15.157190,0 -54.624210,-15.169240,0 -54.624000,-15.169520,0 -54.623170,-15.169050,0 -54.621310,-15.168410,0 -54.620690,-15.167860,0 -54.619770,-15.165380,0 -54.618090,-15.162950,0 -54.617320,-15.161390,0 -54.616780,-15.159300,0 -54.616610,-15.157740,0</coordinates></LineString></Placemark>
<Placemark><name>divisa 344</name><styleUrl>#malha</styleUrl><LineString><tessellate>1</tessellate><coordinates>-54.615820,-15.219010,0 -54.617440,-15.210440,0 -54.622860,-15.210810,0 -54.626730,-15.209280,0 -54.628540,-15.209230,0 -54.632250,-15.208040,0 -54.630770,-15.215530,0 -54.615820,-15.219010,0</coordinates></LineString></Placemark>
<Placemark><name>divisa 345</name><styleUrl>#malha</styleUrl><LineString><tessellate>1</tessellate><coordinates>-54.614950,-15.226850,0 -54.614990,-15.227110,0 -54.614300,-15.227140,0 -54.614260,-15.226880,0 -54.614950,-15.226850,0</coordinates></LineString></Placemark>
<Placemark><name>divisa 346</name><styleUrl>#malha</styleUrl><LineString><tessellate>1</tessellate><coordinates>-54.614660,-15.224380,0 -54.603690,-15.224790,0 -54.603550,-15.223360,0 -54.603280,-15.223160,0 -54.601540,-15.223450,0 -54.601610,-15.222450,0 -54.602020,-15.220690,0 -54.602210,-15.220330,0 -54.604290,-15.217580,0 -54.605660,-15.215970,0 -54.606700,-15.215550,0 -54.607500,-15.215700,0 -54.608190,-15.215970,0 -54.608870,-15.216760,0 -54.609210,-15.216940,0 -54.610170,-15.217110,0 -54.610460,-15.216930,0 -54.610510,-15.216250,0 -54.610710,-15.215790,0 -54.611160,-15.215280,0 -54.611180,-15.214370,0 -54.611290,-15.214140,0 -54.613570,-15.211900,0 -54.616300,-15.210430,0 -54.617390,-15.210430,0 -54.614660,-15.224380,0</coordinates></LineString></Placemark>
<Placemark><name>divisa 347</name><styleUrl>#malha</styleUrl><LineString><tessellate>1</tessellate><coordinates>-54.611470,-15.338280,0 -54.612800,-15.334970,0 -54.613170,-15.332780,0 -54.613170,-15.332160,0 -54.612760,-15.330520,0 -54.611600,-15.328310,0 -54.610890,-15.327340,0 -54.610720,-15.326570,0 -54.613700,-15.325520,0 -54.615350,-15.326320,0 -54.616190,-15.326220,0 -54.618250,-15.326240,0 -54.619050,-15.326490,0 -54.620290,-15.326650,0 -54.620480,-15.326920,0 -54.620850,-15.327090,0 -54.621860,-15.326780,0 -54.623920,-15.326650,0 -54.624840,-15.326720,0 -54.622910,-15.330420,0 -54.622590,-15.330770,0 -54.621710,-15.330980,0 -54.621110,-15.331350,0 -54.620950,-15.331810,0 -54.621150,-15.332550,0 -54.620950,-15.333670,0 -54.620610,-15.334350,0 -54.619900,-15.334990,0 -54.617990,-15.337210,0 -54.616490,-15.337730,0 -54.616210,-15.337620,0 -54.614970,-15.337560,0 -54.613270,-15.337750,0 -54.613100,-15.338080,0 -54.612990,-15.338800,0 -54.611540,-15.339030,0 -54.611470,-15.338280,0</coordinates></LineString></Placemark>
<Placemark><name>divisa 348</name><styleUrl>#malha</styleUrl><LineString><tessellate>1</tessellate><coordinates>-54.611410,-15.339200,0 -54.613570,-15.338930,0 -54.616300,-15.339010,0 -54.617410,-15.339320,0 -54.618620,-15.339480,0 -54.620570,-15.337770,0 -54.621660,-15.337460,0 -54.622350,-15.337060,0 -54.623740,-15.335620,0 -54.624110,-15.335590,0 -54.625100,-15.336420,0 -54.625630,-15.337060,0 -54.625950,-15.337560,0 -54.626170,-15.338510,0 -54.626280,-15.339170,0 -54.626170,-15.339550,0 -54.625180,-15.340350,0 -54.625070,-15.340640,0 -54.625120,-15.340930,0 -54.626980,-15.341100,0 -54.627410,-15.341820,0 -54.628120,-15.342240,0 -54.629020,-15.343230,0 -54.629540,-15.344120,0 -54.629650,-15.344640,0 -54.629540,-15.345440,0 -54.616600,-15.346890,0 -54.616510,-15.346190,0 -54.616130,-15.345510,0 -54.614690,-15.344000,0 -54.613230,-15.342170,0 -54.612350,-15.340910,0 -54.611410,-15.339200,0</coordinates></LineString></Placemark>
<Placemark><name>divisa 349</name><styleUrl>#malha</styleUrl><LineString><tessellate>1</tessellate><coordinates>-54.611360,-15.339260,0 -54.612590,-15.341680,0 -54.615250,-15.344970,0 -54.615760,-15.345280,0 -54.616360,-15.346210,0 -54.616470,-15.346910,0 -54.616000,-15.347890,0 -54.615270,-15.348550,0 -54.613550,-15.349210,0 -54.611960,-15.349330,0 -54.611340,-15.349170,0 -54.606980,-15.339970,0 -54.611360,-15.339260,0</coordinates></LineString></Placemark>
<Placemark><name>divisa 350</name><styleUrl>#malha</styleUrl><LineString><tessellate>1</tessellate><coordinates>-54.610460,-15.326680,0 -54.611840,-15.328930,0 -54.612570,-15.330480,0 -54.613060,-15.332640,0 -54.612460,-15.335240,0 -54.611360,-15.337640,0 -54.611380,-15.339130,0 -54.606790,-15.339900,0 -54.597450,-15.339500,0 -54.599350,-15.330480,0 -54.610460,-15.326680,0</coordinates></LineString></Placemark>
<Placemark><name>divisa 351</name><styleUrl>#malha</styleUrl><LineString><tessellate>1</tessellate><coordinates>-54.608240,-15.320600,0 -54.618680,-15.312870,0 -54.619220,-15.314220,0 -54.620180,-15.315640,0 -54.620630,-15.316510,0 -54.620700,-15.316910,0 -54.619200,-15.317030,0 -54.618590,-15.317280,0 -54.617800,-15.319000,0 -54.617310,-15.319560,0 -54.617010,-15.319680,0 -54.616360,-15.319410,0 -54.616040,-15.319510,0 -54.615760,-15.319780,0 -54.615250,-15.322000,0 -54.614690,-15.323160,0 -54.614260,-15.323630,0 -54.612890,-15.324010,0 -54.612670,-15.324270,0 -54.612650,-15.324770,0 -54.612990,-15.325620,0 -54.610590,-15.326550,0 -54.609260,-15.322260,0 -54.608240,-15.320600,0</coordinates></LineString></Placemark>
<Placemark><name>divisa 352</name><styleUrl>#malha</styleUrl><LineString><tessellate>1</tessellate><coordinates>-54.606900,-15.319600,0 -54.605960,-15.319100,0 -54.603870,-15.318360,0 -54.601940,-15.316310,0 -54.601260,-15.316100,0 -54.600180,-15.316200,0 -54.600530,-15.315400,0 -54.600890,-15.315090,0 -54.602650,-15.315170,0 -54.603400,-15.315310,0 -54.603790,-15.315670,0 -54.603960,-15.316120,0 -54.604350,-15.316640,0 -54.605050,-15.317010,0 -54.606660,-15.316600,0 -54.606620,-15.316290,0 -54.605760,-15.315090,0 -54.605680,-15.314650,0 -54.605850,-15.314300,0 -54.606990,-15.313530,0 -54.607350,-15.313120,0 -54.607690,-15.311690,0 -54.608230,-15.310800,0 -54.609600,-15.309850,0 -54.611040,-15.309290,0 -54.611660,-15.308690,0 -54.612480,-15.308420,0 -54.613440,-15.308340,0 -54.614990,-15.308790,0 -54.616210,-15.309870,0 -54.618170,-15.312060,0 -54.618700,-15.312830,0 -54.608140,-15.320490,0 -54.606900,-15.319600,0</coordinates></LineString></Placemark>
<Placemark><name>divisa 353</name><styleUrl>#malha</styleUrl><LineString><tessellate>1</tessellate><coordinates>-54.607720,-15.229380,0 -54.604260,-15.231200,0 -54.602230,-15.224980,0 -54.602320,-15.224890,0 -54.614650,-15.224470,0 -54.614800,-15.225760,0 -54.614030,-15.225830,0 -54.610640,-15.227600,0 -54.607720,-15.229380,0</coordinates></LineString></Placemark>
<Placemark><name>divisa 354</name><styleUrl>#malha</styleUrl><LineString><tessellate>1</tessellate><coordinates>-54.607610,-15.237680,0 -54.613340,-15.232280,0 -54.614980,-15.238260,0 -54.609090,-15.240570,0 -54.608860,-15.240150,0 -54.608530,-15.238790,0 -54.607610,-15.237680,0</coordinates></LineString></Placemark>
<Placemark><name>divisa 355</name><styleUrl>#malha</styleUrl><LineString><tessellate>1</tessellate><coordinates>-54.605030,-15.284610,0 -54.604680,-15.287770,0 -54.603650,-15.290740,0 -54.603060,-15.291800,0 -54.602430,-15.292310,0 -54.601650,-15.292610,0 -54.600070,-15.292320,0 -54.599110,-15.291820,0 -54.596440,-15.289930,0 -54.594850,-15.288580,0 -54.593940,-15.288120,0 -54.592600,-15.286800,0 -54.591110,-15.285940,0 -54.590340,-15.286170,0 -54.590140,-15.286030,0 -54.589060,-15.286060,0 -54.589020,-15.285930,0 -54.589250,-15.285080,0 -54.589610,-15.284380,0 -54.589610,-15.283350,0 -54.589730,-15.282720,0 -54.590200,-15.281490,0 -54.590540,-15.280870,0 -54.590790,-15.280690,0 -54.594040,-15.281510,0 -54.605840,-15.280670,0 -54.606370,-15.284220,0 -54.605570,-15.284080,0 -54.605300,-15.284220,0 -54.605030,-15.284610,0</coordinates></LineString></Placemark>
<Placemark><name>divisa 356</name><styleUrl>#malha</styleUrl><LineString><tessellate>1</tessellate><coordinates>-54.604510,-15.293610,0 -54.606710,-15.293810,0 -54.608560,-15.293690,0 -54.609300,-15.293340,0 -54.610160,-15.292700,0 -54.613120,-15.286380,0 -54.618000,-15.275460,0 -54.618540,-15.274560,0 -54.621200,-15.276140,0 -54.620610,-15.277080,0 -54.623580,-15.282350,0 -54.622950,-15.288300,0 -54.623270,-15.288470,0 -54.622830,-15.290950,0 -54.621300,-15.292960,0 -54.621110,-15.293490,0 -54.620690,-15.294020,0 -54.618900,-15.295180,0 -54.618000,-15.296270,0 -54.615790,-15.298090,0 -54.614810,-15.298650,0 -54.613940,-15.298810,0 -54.612700,-15.298660,0 -54.609810,-15.297560,0 -54.605040,-15.294450,0 -54.604580,-15.294020,0 -54.604510,-15.293610,0</coordinates></LineString></Placemark>
<Placemark><name>divisa 357</name><styleUrl>#malha</styleUrl><LineString><tessellate>1</tessellate><coordinates>-54.602160,-15.299210,0 -54.601190,-15.304010,0 -54.591430,-15.300160,0 -54.592570,-15.298590,0 -54.593340,-15.297850,0 -54.595120,-15.296980,0 -54.596510,-15.296960,0 -54.598020,-15.297350,0 -54.599280,-15.297470,0 -54.602160,-15.299210,0</coordinates></LineString></Placemark>
<Placemark><name>divisa 358</name><styleUrl>#malha</styleUrl><LineString><tessellate>1</tessellate><coordinates>-54.602920,-15.227200,0 -54.604950,-15.233480,0 -54.604930,-15.233610,0 -54.602980,-15.231970,0 -54.602500,-15.232040,0 -54.602430,-15.232630,0 -54.603050,-15.235790,0 -54.604570,-15.236950,0 -54.605610,-15.240090,0 -54.600250,-15.239080,0 -54.600440,-15.237850,0 -54.600480,-15.236350,0 -54.600260,-15.233740,0 -54.599730,-15.230430,0 -54.599050,-15.227990,0 -54.598990,-15.227070,0 -54.599190,-15.226420,0 -54.598610,-15.225280,0 -54.598610,-15.225060,0 -54.602190,-15.224920,0 -54.602920,-15.227200,0</coordinates></LineString></Placemark>
<Placemark><name>divisa 359</name><styleUrl>#malha</styleUrl><LineString><tessellate>1</tessellate><coordinates>-54.603030,-15.196830,0 -54.610720,-15.198210,0 -54.610700,-15.198520,0 -54.611450,-15.199160,0 -54.612040,-15.201370,0 -54.612160,-15.203470,0 -54.611900,-15.204520,0 -54.611000,-15.206350,0 -54.609050,-15.208980,0 -54.608080,-15.210080,0 -54.606650,-15.211530,0 -54.605050,-15.212910,0 -54.597500,-15.211480,0 -54.597820,-15.211150,0 -54.598760,-15.210740,0 -54.600250,-15.209820,0 -54.602070,-15.207730,0 -54.603100,-15.206120,0 -54.602640,-15.197060,0 -54.602740,-15.196850,0 -54.603030,-15.196830,0</coordinates></LineString></Placemark>
<Placemark><name>divisa 360</name><styleUrl>#malha</styleUrl><LineString><tessellate>1</tessellate><coordinates>-54.601340,-15.304200,0 -54.602310,-15.299290,0 -54.603080,-15.299920,0 -54.603900,-15.300040,0 -54.605010,-15.300990,0 -54.605960,-15.302030,0 -54.606640,-15.302440,0 -54.607370,-15.303100,0 -54.608320,-15.304260,0 -54.610630,-15.305340,0 -54.611660,-15.306120,0 -54.611620,-15.307080,0 -54.608510,-15.308670,0 -54.606210,-15.307300,0 -54.603120,-15.305210,0 -54.601340,-15.304200,0</coordinates></LineString></Placemark>
<Placemark><name>divisa 361</name><styleUrl>#malha</styleUrl><LineString><tessellate>1</tessellate><coordinates>-54.601130,-15.304100,0 -54.600250,-15.308220,0 -54.599730,-15.308040,0 -54.599770,-15.307740,0 -54.598870,-15.307390,0 -54.598820,-15.306700,0 -54.598250,-15.306200,0 -54.597700,-15.306010,0 -54.597250,-15.307070,0 -54.588750,-15.304100,0 -54.589460,-15.301500,0 -54.591390,-15.300210,0 -54.601130,-15.304100,0</coordinates></LineString></Placemark>
<Placemark><name>divisa 362</name><styleUrl>#malha</styleUrl><LineString><tessellate>1</tessellate><coordinates>-54.600910,-15.321920,0 -54.599130,-15.331020,0 -54.592040,-15.329620,0 -54.593370,-15.320540,0 -54.600910,-15.321920,0</coordinates></LineString></Placemark>
<Placemark><name>divisa 363</name><styleUrl>#malha</styleUrl><LineString><tessellate>1</tessellate><coordinates>-54.599350,-15.330400,0 -54.602030,-15.316600,0 -54.603850,-15.318480,0 -54.605140,-15.318910,0 -54.606920,-15.319830,0 -54.607690,-15.320300,0 -54.608420,-15.320960,0 -54.609450,-15.322910,0 -54.610510,-15.326570,0 -54.599350,-15.330400,0</coordinates></LineString></Placemark>
<Placemark><name>divisa 364</name><styleUrl>#malha</styleUrl><LineString><tessellate>1</tessellate><coordinates>-54.600180,-15.239070,0 -54.589200,-15.237010,0 -54.591170,-15.227090,0 -54.598750,-15.229970,0 -54.599610,-15.230140,0 -54.600140,-15.233290,0 -54.600440,-15.236810,0 -54.600410,-15.237780,0 -54.600180,-15.239070,0</coordinates></LineString></Placemark>
<Placemark><name>divisa 365</name><styleUrl>#malha</styleUrl><LineString><tessellate>1</tessellate><coordinates>-54.599300,-15.310450,0 -54.593600,-15.320480,0 -54.587210,-15.319370,0 -54.589690,-15.307230,0 -54.599300,-15.310450,0</coordinates></LineString></Placemark>
<Placemark><name>divisa 366</name><styleUrl>#malha</styleUrl><LineString><tessellate>1</tessellate><coordinates>-54.599180,-15.310820,0 -54.598770,-15.315440,0 -54.598850,-15.316060,0 -54.599070,-15.316350,0 -54.599560,-15.316450,0 -54.601320,-15.316220,0 -54.601730,-15.316290,0 -54.601960,-15.316470,0 -54.600870,-15.321830,0 -54.593900,-15.320530,0 -54.599180,-15.310820,0</coordinates></LineString></Placemark>
<Placemark><name>divisa 367</name><styleUrl>#malha</styleUrl><LineString><tessellate>1</tessellate><coordinates>-54.599590,-15.230110,0 -54.598860,-15.229970,0 -54.591200,-15.227020,0 -54.591810,-15.223870,0 -54.592180,-15.223830,0 -54.598470,-15.225110,0 -54.599120,-15.226390,0 -54.598940,-15.226960,0 -54.598930,-15.227600,0 -54.599590,-15.230110,0</coordinates></LineString></Placemark>
<Placemark><name>divisa 368</name><styleUrl>#malha</styleUrl><LineString><tessellate>1</tessellate><coordinates>-54.595250,-15.224340,0 -54.591860,-15.223670,0 -54.594240,-15.211270,0 -54.594480,-15.211000,0 -54.604940,-15.212910,0 -54.604960,-15.213090,0 -54.603150,-15.214710,0 -54.601880,-15.215120,0 -54.601200,-15.215520,0 -54.600850,-15.215930,0 -54.599260,-15.216740,0 -54.599060,-15.217090,0 -54.598820,-15.218440,0 -54.597350,-15.219940,0 -54.595790,-15.221420,0 -54.594950,-15.222000,0 -54.594670,-15.222370,0 -54.594450,-15.223490,0 -54.594540,-15.223790,0 -54.595250,-15.224340,0</coordinates></LineString></Placemark>
<Placemark><name>divisa 369</name><styleUrl>#malha</styleUrl><LineString><tessellate>1</tessellate><coordinates>-54.594430,-15.260130,0 -54.595790,-15.260010,0 -54.595980,-15.260400,0 -54.596300,-15.261850,0 -54.596770,-15.262280,0 -54.596920,-15.262950,0 -54.596970,-15.264170,0 -54.597920,-15.265740,0 -54.596700,-15.267990,0 -54.595380,-15.269810,0 -54.594890,-15.271150,0 -54.594280,-15.271850,0 -54.593380,-15.272440,0 -54.592370,-15.272620,0 -54.591900,-15.272470,0 -54.590280,-15.271290,0 -54.589180,-15.269820,0 -54.587190,-15.268960,0 -54.589460,-15.263120,0 -54.590830,-15.259950,0 -54.592950,-15.260550,0 -54.594430,-15.260130,0</coordinates></LineString></Placemark>
<Placemark><name>divisa 370</name><styleUrl>#malha</styleUrl><LineString><tessellate>1</tessellate><coordinates>-54.594280,-15.210950,0 -54.597280,-15.195790,0 -54.602330,-15.196670,0 -54.602570,-15.196840,0 -54.603060,-15.206010,0 -54.602760,-15.206630,0 -54.601130,-15.208790,0 -54.599830,-15.210080,0 -54.597320,-15.211450,0 -54.594280,-15.210950,0</coordinates></LineString></Placemark>
<Placemark><name>divisa 371</name><styleUrl>#malha</styleUrl><LineString><tessellate>1</tessellate><coordinates>-54.591770,-15.329570,0 -54.585510,-15.328320,0 -54.587210,-15.319410,0 -54.593330,-15.320530,0 -54.591980,-15.329600,0 -54.591770,-15.329570,0</coordinates></LineString></Placemark>
<Placemark><name>divisa 372</name><styleUrl>#malha</styleUrl><LineString><tessellate>1</tessellate><coordinates>-54.589550,-15.307180,0 -54.587140,-15.319280,0 -54.573670,-15.316770,0 -54.576190,-15.303900,0 -54.577360,-15.303670,0 -54.577480,-15.303110,0 -54.589550,-15.307180,0</coordinates></LineString></Placemark>
<Placemark><name>divisa 373</name><styleUrl>#malha</styleUrl><LineString><tessellate>1</tessellate><coordinates>-54.587080,-15.319350,0 -54.585390,-15.328310,0 -54.582070,-15.327760,0 -54.581620,-15.327240,0 -54.581270,-15.327100,0 -54.579140,-15.327710,0 -54.582580,-15.318510,0 -54.587080,-15.319350,0</coordinates></LineString></Placemark>
<Placemark><name>divisa 374</name><styleUrl>#malha</styleUrl><LineString><tessellate>1</tessellate><coordinates>-54.585490,-15.328390,0 -54.599120,-15.331070,0 -54.598220,-15.335540,0 -54.584540,-15.333050,0 -54.585490,-15.328390,0</coordinates></LineString></Placemark>
<Placemark><name>divisa 375</name><styleUrl>#malha</styleUrl><LineString><tessellate>1</tessellate><coordinates>-54.583630,-15.337510,0 -54.584530,-15.333120,0 -54.598210,-15.335580,0 -54.597340,-15.339450,0 -54.587800,-15.339050,0 -54.583630,-15.337510,0</coordinates></LineString></Placemark>
<Placemark><name>divisa 376</name><styleUrl>#malha</styleUrl><LineString><tessellate>1</tessellate><coordinates>-54.583870,-15.269770,0 -54.584250,-15.270390,0 -54.586260,-15.272090,0 -54.587110,-15.272410,0 -54.589590,-15.272690,0 -54.590380,-15.272940,0 -54.591260,-15.274070,0 -54.591500,-15.274780,0 -54.591140,-15.275490,0 -54.589830,-15.276970,0 -54.589120,-15.277630,0 -54.588090,-15.278350,0 -54.587810,-15.279660,0 -54.586540,-15.281540,0 -54.586470,-15.283110,0 -54.586180,-15.283680,0 -54.585560,-15.284050,0 -54.584470,-15.283800,0 -54.582250,-15.281610,0 -54.582230,-15.281270,0 -54.580750,-15.280920,0 -54.583010,-15.269280,0 -54.583870,-15.269770,0</coordinates></LineString></Placemark>
<Placemark><name>divisa 377</name><styleUrl>#malha</styleUrl><LineString><tessellate>1</tessellate><coordinates>-54.579840,-15.355270,0 -54.582030,-15.345800,0 -54.583930,-15.345550,0 -54.585320,-15.345590,0 -54.585260,-15.347190,0 -54.584530,-15.347390,0 -54.584340,-15.347650,0 -54.584580,-15.349290,0 -54.585000,-15.350290,0 -54.584800,-15.351450,0 -54.584910,-15.353160,0 -54.584670,-15.355230,0 -54.584540,-15.358990,0 -54.584320,-15.359750,0 -54.583570,-15.360610,0 -54.582780,-15.362200,0 -54.582290,-15.362350,0 -54.579500,-15.362390,0 -54.577850,-15.361650,0 -54.579840,-15.355270,0</coordinates></LineString></Placemark>
<Placemark><name>divisa 378</name><styleUrl>#malha</styleUrl><LineString><tessellate>1</tessellate><coordinates>-54.571830,-15.325950,0 -54.573640,-15.316850,0 -54.582500,-15.318520,0 -54.579070,-15.327770,0 -54.581350,-15.327200,0 -54.580590,-15.328020,0 -54.579180,-15.328890,0 -54.576640,-15.330200,0 -54.576110,-15.330690,0 -54.574450,-15.331530,0 -54.571570,-15.332150,0 -54.570510,-15.332250,0 -54.571830,-15.325950,0</coordinates></LineString></Placemark>
<Placemark><name>divisa 379</name><styleUrl>#malha</styleUrl><LineString><tessellate>1</tessellate><coordinates>-54.569590,-15.337150,0 -54.573000,-15.338100,0 -54.581920,-15.340230,0 -54.582850,-15.340560,0 -54.581710,-15.346670,0 -54.568130,-15.343950,0 -54.569590,-15.337150,0</coordinates></LineString></Placemark>
<Placemark><name>divisa 380</name><styleUrl>#malha</styleUrl><LineString><tessellate>1</tessellate><coordinates>-54.568130,-15.344000,0 -54.581670,-15.346670,0 -54.579820,-15.355260,0 -54.565650,-15.355950,0 -54.568130,-15.344000,0</coordinates></LineString></Placemark>
<Placemark><name>divisa 381</name><styleUrl>#malha</styleUrl><LineString><tessellate>1</tessellate><coordinates>-54.565680,-15.356000,0 -54.579800,-15.355310,0 -54.577800,-15.361620,0 -54.574710,-15.360180,0 -54.573620,-15.359870,0 -54.571800,-15.359800,0 -54.569690,-15.360110,0 -54.564860,-15.360030,0 -54.565680,-15.356000,0</coordinates></LineString></Placemark>
</Folder><Folder><name>Estradas extras</name>
<Placemark><name>estrada 1 (desenhada na bancada)</name><styleUrl>#extra</styleUrl><LineString><tessellate>1</tessellate><coordinates>-57.475096,-13.560327,0 -57.475134,-13.559923,0 -57.474906,-13.559553,0 -57.474968,-13.559292,0 -57.475702,-13.558849,0 -57.476770,-13.558147,0 -57.477580,-13.557621,0 -57.478202,-13.557300,0 -57.480029,-13.556653,0 -57.481029,-13.556374,0 -57.482240,-13.556040,0 -57.484200,-13.555561,0 -57.485734,-13.554956,0 -57.486822,-13.557173,0 -57.489803,-13.563659,0 -57.498769,-13.583329,0 -57.498800,-13.583550,0 -57.498716,-13.583704,0 -57.498448,-13.583975,0 -57.498246,-13.584218,0 -57.497385,-13.584833,0 -57.497275,-13.584849,0 -57.497085,-13.584700,0 -57.495840,-13.583848,0 -57.495580,-13.583655,0 -57.494108,-13.582625,0 -57.492241,-13.581418,0 -57.491265,-13.580706,0 -57.491104,-13.580539,0 -57.490087,-13.579624,0 -57.489851,-13.579535,0 -57.489586,-13.579496,0 -57.489350,-13.579410,0 -57.488703,-13.579043,0 -57.488228,-13.578740,0 -57.486530,-13.577490,0 -57.486005,-13.577017,0 -57.485715,-13.576219,0 -57.485605,-13.575935,0 -57.485501,-13.575627,0 -57.485407,-13.575233,0 -57.485393,-13.574430,0 -57.485372,-13.573659,0 -57.485299,-13.572274,0 -57.485286,-13.571750,0 -57.485203,-13.570410,0 -57.485109,-13.570063,0 -57.484658,-13.568606,0 -57.484307,-13.567487,0 -57.484189,-13.566804,0 -57.483543,-13.566968,0 -57.483170,-13.566989,0 -57.481933,-13.567226,0 -57.481335,-13.567372,0 -57.480555,-13.567563,0 -57.480064,-13.567602,0 -57.479761,-13.567492,0 -57.479514,-13.567325,0 -57.479213,-13.567187,0 -57.478755,-13.567005,0 -57.478366,-13.566830,0 -57.477792,-13.566554,0 -57.477470,-13.566454,0 -57.477270,-13.566410,0 -57.476451,-13.567273,0 -57.475834,-13.567907,0 -57.474064,-13.569761,0 -57.472017,-13.571849,0 -57.471513,-13.572347,0 -57.471725,-13.572663,0 -57.476711,-13.577215,0 -57.478935,-13.579259,0 -57.480791,-13.580967,0 -57.481504,-13.581652,0 -57.491840,-13.590690,0 -57.491891,-13.590724,0 -57.493703,-13.588872,0 -57.488751,-13.593966,0 -57.442907,-13.641295,0 -57.437745,-13.646644,0 -57.436604,-13.647817,0 -57.436502,-13.647942,0 -57.435603,-13.648883,0 -57.433404,-13.651145,0 -57.430794,-13.653858,0 -57.429737,-13.655029,0 -57.429684,-13.655094,0</coordinates></LineString></Placemark>
<Placemark><name>estrada 2 (desenhada na bancada)</name><styleUrl>#extra</styleUrl><LineString><tessellate>1</tessellate><coordinates>-57.428880,-13.515290,0 -57.428552,-13.515950,0 -57.425945,-13.524681,0 -57.423796,-13.531780,0 -57.423737,-13.531999,0</coordinates></LineString></Placemark>
<Placemark><name>estrada 3 (desenhada na bancada)</name><styleUrl>#extra</styleUrl><LineString><tessellate>1</tessellate><coordinates>-57.414387,-13.517092,0 -57.409830,-13.527850,0 -57.409841,-13.527987,0 -57.436234,-13.535706,0 -57.441820,-13.537430,0 -57.443859,-13.537996,0 -57.445898,-13.538587,0 -57.448820,-13.539458,0 -57.450873,-13.540082,0 -57.451461,-13.540338,0 -57.452585,-13.540879,0 -57.454021,-13.541600,0 -57.454567,-13.541879,0 -57.455255,-13.542066,0 -57.455583,-13.542102,0 -57.457201,-13.542176,0 -57.458316,-13.542246,0 -57.458640,-13.542377,0 -57.458638,-13.542541,0 -57.458727,-13.542716,0 -57.458759,-13.542893,0 -57.459739,-13.544986,0 -57.459987,-13.545326,0 -57.461135,-13.546784,0 -57.461350,-13.547180,0 -57.461634,-13.547738,0 -57.461865,-13.548103,0 -57.462364,-13.548656,0 -57.462444,-13.548656,0 -57.462520,-13.548850,0 -57.462670,-13.549167,0 -57.462852,-13.549501,0 -57.463002,-13.549824,0 -57.463297,-13.550570,0 -57.463490,-13.550867,0 -57.463802,-13.551368,0 -57.464198,-13.551738,0 -57.464697,-13.551868,0 -57.466820,-13.552560,0 -57.467047,-13.552656,0 -57.467347,-13.552937,0 -57.467510,-13.553150,0 -57.467675,-13.553344,0 -57.467927,-13.553788,0 -57.468318,-13.554343,0 -57.468989,-13.555102,0 -57.469466,-13.555522,0 -57.469651,-13.555654,0 -57.470767,-13.556421,0 -57.471443,-13.556870,0 -57.472554,-13.557521,0 -57.473439,-13.557931,0 -57.474353,-13.558544,0 -57.474646,-13.558890,0 -57.474968,-13.559292,0</coordinates></LineString></Placemark>
<Placemark><name>estrada 4 (desenhada na bancada)</name><styleUrl>#extra</styleUrl><LineString><tessellate>1</tessellate><coordinates>-57.441705,-13.537422,0 -57.440472,-13.539190,0 -57.439452,-13.540546,0 -57.438229,-13.542205,0 -57.437001,-13.543837,0 -57.432901,-13.549323,0 -57.430969,-13.551935,0 -57.429469,-13.553926,0 -57.429362,-13.554108,0 -57.429343,-13.554279,0 -57.429382,-13.554412,0 -57.429496,-13.554546,0 -57.429697,-13.554687,0 -57.430002,-13.554807,0 -57.430368,-13.554958,0 -57.430974,-13.555248,0 -57.431417,-13.555407,0 -57.432055,-13.555610,0 -57.432508,-13.555725,0 -57.432948,-13.555759,0 -57.433568,-13.555459,0 -57.434380,-13.555034,0 -57.434791,-13.554964,0 -57.435137,-13.554977,0 -57.435528,-13.555052,0 -57.435783,-13.555117,0 -57.436350,-13.555330,0 -57.437207,-13.555923,0 -57.437615,-13.556160,0 -57.438101,-13.556439,0 -57.438599,-13.556786,0 -57.439018,-13.556969,0 -57.439544,-13.557196,0 -57.440018,-13.557323,0 -57.440300,-13.557490,0 -57.440507,-13.557754,0 -57.440893,-13.558431,0 -57.440965,-13.558737,0 -57.441160,-13.559550,0 -57.441595,-13.559965,0 -57.442183,-13.560606,0 -57.442454,-13.560877,0 -57.442698,-13.561146,0 -57.443057,-13.561623,0 -57.443272,-13.561829,0 -57.443430,-13.561871,0 -57.443425,-13.562210,0 -57.443430,-13.562450,0 -57.443500,-13.562770,0 -57.443631,-13.562945,0 -57.444224,-13.563508,0 -57.444688,-13.563863,0 -57.445620,-13.564540,0 -57.446386,-13.565151,0 -57.447276,-13.565993,0 -57.447400,-13.566180,0 -57.447555,-13.566319,0 -57.447633,-13.566548,0 -57.447901,-13.566955,0 -57.448145,-13.567297,0 -57.449385,-13.568984,0 -57.450087,-13.569904,0 -57.450492,-13.570509,0 -57.451160,-13.571410,0 -57.452170,-13.572660,0 -57.452799,-13.573580,0 -57.453008,-13.573776,0 -57.453153,-13.574024,0 -57.453424,-13.574443,0 -57.453537,-13.574767,0 -57.453542,-13.575249,0 -57.453526,-13.575564,0 -57.453491,-13.575802,0 -57.453494,-13.578508,0 -57.452880,-13.580239,0 -57.452700,-13.580557,0 -57.451587,-13.581668,0 -57.450972,-13.581970,0 -57.449647,-13.582296,0 -57.448870,-13.582416,0 -57.447896,-13.582886,0 -57.445919,-13.583863,0 -57.445627,-13.584426,0 -57.444460,-13.586228,0 -57.444235,-13.587065,0 -57.444187,-13.588079,0 -57.444157,-13.588277,0 -57.443967,-13.588726,0 -57.443851,-13.588958,0 -57.443540,-13.589203,0 -57.442743,-13.589630,0 -57.442135,-13.589865,0 -57.441848,-13.590034,0 -57.440375,-13.591004,0 -57.439222,-13.591745,0 -57.438610,-13.591927,0 -57.437591,-13.592305,0 -57.436132,-13.592725,0 -57.435864,-13.592722,0 -57.435646,-13.592696,0 -57.435515,-13.592605,0 -57.435241,-13.592378,0 -57.435046,-13.592130,0 -57.434850,-13.591961,0 -57.434329,-13.591982,0 -57.433417,-13.592144,0 -57.433214,-13.592039,0 -57.433086,-13.591915,0 -57.433027,-13.591833,0 -57.432826,-13.591567,0 -57.432763,-13.591441,0 -57.432633,-13.591230,0 -57.432463,-13.590957,0 -57.432367,-13.590800,0 -57.432263,-13.590659,0 -57.432196,-13.590532,0 -57.431990,-13.590220,0 -57.431893,-13.590015,0 -57.431764,-13.589775,0 -57.431665,-13.589570,0 -57.431537,-13.589300,0 -57.431447,-13.589117,0 -57.431374,-13.588971,0 -57.431170,-13.588758,0 -57.430942,-13.588617,0 -57.430624,-13.588535,0 -57.430330,-13.588513,0 -57.430187,-13.588524,0 -57.429941,-13.588524,0 -57.429623,-13.588538,0 -57.429402,-13.588542,0 -57.426682,-13.588475,0 -57.425838,-13.588486,0 -57.425148,-13.588546,0 -57.424440,-13.588520,0 -57.423311,-13.588499,0 -57.422200,-13.588488,0 -57.421940,-13.588423,0 -57.421795,-13.588348,0 -57.420736,-13.587571,0 -57.420444,-13.587485,0 -57.419658,-13.587581,0 -57.417209,-13.587967,0 -57.415382,-13.588209,0 -57.415028,-13.588202,0 -57.414199,-13.588204,0 -57.413596,-13.587998,0 -57.413065,-13.587847,0 -57.412759,-13.587737,0 -57.412590,-13.587730,0 -57.411930,-13.587513,0 -57.411410,-13.587340,0 -57.410804,-13.586932,0 -57.410342,-13.586697,0 -57.410058,-13.586538,0 -57.409441,-13.586225,0 -57.408494,-13.585727,0 -57.407204,-13.584930,0 -57.406829,-13.584713,0 -57.406628,-13.584708,0 -57.406560,-13.584765,0 -57.405903,-13.585654,0 -57.405506,-13.586178,0 -57.404924,-13.586958,0 -57.404087,-13.588113,0 -57.403363,-13.589075,0</coordinates></LineString></Placemark>
<Placemark><name>estrada 5 (desenhada na bancada)</name><styleUrl>#extra</styleUrl><LineString><tessellate>1</tessellate><coordinates>-57.412740,-13.587826,0 -57.413344,-13.588348,0 -57.413717,-13.588668,0 -57.415828,-13.590592,0 -57.416565,-13.591283,0 -57.417933,-13.592566,0 -57.418925,-13.593460,0 -57.420178,-13.594599,0 -57.421299,-13.595660,0 -57.422520,-13.596763,0 -57.423877,-13.598035,0 -57.425910,-13.599913,0 -57.427374,-13.601266,0 -57.428659,-13.602457,0 -57.429724,-13.603414,0 -57.431229,-13.604816,0 -57.433042,-13.606490,0 -57.434970,-13.608268,0 -57.435920,-13.609190,0 -57.443851,-13.616487,0 -57.446359,-13.618818,0 -57.449484,-13.621719,0 -57.449213,-13.622600,0 -57.449047,-13.623051,0 -57.449505,-13.624042,0 -57.449736,-13.624284,0 -57.450106,-13.624660,0 -57.450320,-13.624780,0 -57.450538,-13.624868,0 -57.451697,-13.625337,0 -57.452104,-13.625530,0 -57.452485,-13.625640,0 -57.452933,-13.625684,0 -57.453416,-13.625726,0 -57.454003,-13.625757,0 -57.454328,-13.625681,0 -57.456230,-13.627400,0 -57.456230,-13.627400,0</coordinates></LineString></Placemark>
<Placemark><name>estrada 6 (desenhada na bancada)</name><styleUrl>#extra</styleUrl><LineString><tessellate>1</tessellate><coordinates>-57.427159,-13.637939,0 -57.428184,-13.636873,0 -57.429004,-13.636025,0 -57.432758,-13.632180,0 -57.435383,-13.629521,0 -57.437092,-13.627780,0 -57.439383,-13.625405,0 -57.441475,-13.623247,0 -57.444492,-13.620126,0 -57.446195,-13.618390,0 -57.447985,-13.616495,0 -57.449841,-13.614589,0 -57.451592,-13.612754,0 -57.453295,-13.610989,0 -57.455049,-13.609183,0 -57.456881,-13.607241,0 -57.458690,-13.605350,0 -57.460054,-13.603912,0 -57.461680,-13.602233,0 -57.463909,-13.599928,0 -57.465628,-13.598174,0 -57.467718,-13.595994,0 -57.469558,-13.594081,0 -57.471160,-13.592420,0 -57.472441,-13.591085,0 -57.474099,-13.589372,0 -57.478940,-13.584340,0 -57.480622,-13.582604,0 -57.481520,-13.581700,0 -57.481543,-13.581673,0</coordinates></LineString></Placemark>
<Placemark><name>estrada 7 (desenhada na bancada)</name><styleUrl>#extra</styleUrl><LineString><tessellate>1</tessellate><coordinates>-57.471450,-13.572380,0 -57.471513,-13.572347,0 -57.471140,-13.572728,0 -57.470925,-13.572952,0 -57.468774,-13.575194,0 -57.466425,-13.577666,0 -57.465851,-13.578240,0 -57.461983,-13.582255,0 -57.461227,-13.583021,0 -57.460218,-13.584069,0 -57.455782,-13.588653,0 -57.452252,-13.592308,0 -57.448540,-13.596182,0 -57.435810,-13.609363,0 -57.430054,-13.615343,0 -57.427769,-13.617710,0 -57.425226,-13.620348,0 -57.424861,-13.620708,0 -57.424349,-13.621339,0 -57.423497,-13.622270,0 -57.423268,-13.622500,0 -57.422805,-13.622985,0 -57.422758,-13.622944,0 -57.422536,-13.623119,0 -57.421948,-13.623724,0 -57.416740,-13.629120,0 -57.411203,-13.634857,0 -57.410820,-13.635200,0</coordinates></LineString></Placemark>
<Placemark><name>estrada 8 (desenhada na bancada)</name><styleUrl>#extra</styleUrl><LineString><tessellate>1</tessellate><coordinates>-57.442074,-13.589871,0 -57.442258,-13.590066,0 -57.442832,-13.590621,0 -57.443654,-13.591356,0 -57.444113,-13.591790,0 -57.446373,-13.593901,0 -57.447106,-13.594571,0 -57.448498,-13.595891,0 -57.448768,-13.596128,0 -57.449241,-13.596549,0 -57.450124,-13.597368,0 -57.450808,-13.598026,0 -57.451805,-13.598947,0 -57.452601,-13.599695,0 -57.453892,-13.600897,0 -57.455173,-13.602075,0 -57.456470,-13.603296,0 -57.457632,-13.604356,0 -57.458845,-13.605495,0 -57.459431,-13.606018,0 -57.460146,-13.606695,0 -57.461532,-13.607969,0 -57.462962,-13.609301,0 -57.464404,-13.610611,0 -57.466391,-13.612469,0 -57.468714,-13.614580,0</coordinates></LineString></Placemark>
<Placemark><name>estrada 9 (desenhada na bancada)</name><styleUrl>#extra</styleUrl><LineString><tessellate>1</tessellate><coordinates>-57.439530,-13.540480,0 -57.440555,-13.541602,0 -57.441424,-13.542614,0 -57.442561,-13.543887,0 -57.443336,-13.544810,0 -57.444323,-13.545910,0 -57.445318,-13.547005,0 -57.445396,-13.547159,0 -57.446397,-13.548286,0 -57.447290,-13.549297,0 -57.447590,-13.549621,0 -57.447955,-13.550086,0 -57.448486,-13.550656,0 -57.448609,-13.550791,0 -57.449236,-13.551514,0 -57.449386,-13.551696,0 -57.449932,-13.552296,0 -57.450110,-13.552563,0 -57.450271,-13.552735,0 -57.450365,-13.552825,0 -57.450523,-13.552979,0 -57.451027,-13.553563,0 -57.451187,-13.553768,0 -57.451345,-13.553885,0 -57.451601,-13.554100,0 -57.451823,-13.554291,0 -57.452351,-13.554804,0 -57.452725,-13.555146,0 -57.452932,-13.555342,0 -57.453488,-13.555860,0 -57.454030,-13.556343,0 -57.454274,-13.556576,0 -57.454783,-13.557036,0 -57.455434,-13.557630,0 -57.456061,-13.558202,0 -57.456586,-13.558697,0 -57.457198,-13.559249,0 -57.457417,-13.559451,0 -57.458111,-13.560083,0 -57.458882,-13.560816,0 -57.459128,-13.561042,0 -57.460209,-13.562032,0 -57.460869,-13.562632,0 -57.461380,-13.563080,0 -57.461491,-13.563211,0 -57.461755,-13.563433,0 -57.462460,-13.564095,0 -57.463384,-13.564964,0 -57.464174,-13.565689,0 -57.465043,-13.566481,0 -57.465916,-13.567278,0 -57.466767,-13.568087,0 -57.467925,-13.569150,0 -57.468864,-13.570007,0 -57.469812,-13.570852,0 -57.470472,-13.571519,0 -57.471450,-13.572380,0</coordinates></LineString></Placemark>
<Placemark><name>estrada 10 (desenhada na bancada)</name><styleUrl>#extra</styleUrl><LineString><tessellate>1</tessellate><coordinates>-57.469072,-13.555177,0 -57.468613,-13.555537,0 -57.468112,-13.556069,0 -57.466502,-13.557720,0 -57.465084,-13.559229,0 -57.463708,-13.560643,0 -57.461728,-13.562700,0 -57.461347,-13.563097,0 -57.460679,-13.563775,0 -57.458672,-13.565870,0 -57.456163,-13.568487,0 -57.454006,-13.570744,0 -57.452170,-13.572660,0</coordinates></LineString></Placemark>
<Placemark><name>estrada 11 (desenhada na bancada)</name><styleUrl>#extra</styleUrl><LineString><tessellate>1</tessellate><coordinates>-57.474101,-13.569721,0 -57.473726,-13.569407,0 -57.473486,-13.569174,0 -57.470250,-13.566203,0 -57.468820,-13.564878,0 -57.467327,-13.563506,0 -57.465368,-13.561695,0 -57.464000,-13.560430,0 -57.463957,-13.560387,0</coordinates></LineString></Placemark>
<Placemark><name>estrada 12 (desenhada na bancada)</name><styleUrl>#extra</styleUrl><LineString><tessellate>1</tessellate><coordinates>-57.475767,-13.547235,0 -57.479683,-13.548387,0 -57.483288,-13.549438,0 -57.483725,-13.549595,0</coordinates></LineString></Placemark>
<Placemark><name>estrada 13 (desenhada na bancada)</name><styleUrl>#extra</styleUrl><LineString><tessellate>1</tessellate><coordinates>-57.483430,-13.549563,0 -57.484100,-13.551232,0 -57.485480,-13.554232,0 -57.485788,-13.554924,0 -57.485734,-13.554956,0</coordinates></LineString></Placemark>
<Placemark><name>estrada 14 (desenhada na bancada)</name><styleUrl>#extra</styleUrl><LineString><tessellate>1</tessellate><coordinates>-57.403363,-13.589075,0 -57.402384,-13.590394,0 -57.402620,-13.590986,0 -57.402996,-13.591870,0 -57.403428,-13.592764,0 -57.404031,-13.594120,0 -57.404444,-13.595017,0 -57.404928,-13.596208,0 -57.404896,-13.596530,0 -57.404749,-13.597105,0 -57.404597,-13.597771,0 -57.404387,-13.598612,0 -57.404212,-13.599385,0 -57.404066,-13.600044,0 -57.403869,-13.600841,0 -57.403721,-13.601620,0 -57.403582,-13.602444,0 -57.403331,-13.603641,0 -57.403228,-13.604310,0 -57.403102,-13.604936,0 -57.402403,-13.608828,0 -57.402124,-13.610288,0 -57.401775,-13.612090,0 -57.401612,-13.612585,0 -57.401502,-13.612905,0 -57.401022,-13.614506,0 -57.400650,-13.615740,0 -57.400507,-13.616146,0 -57.400515,-13.616318,0 -57.400433,-13.617340,0 -57.400390,-13.617676,0 -57.400292,-13.618300,0 -57.400257,-13.618665,0 -57.400269,-13.619161,0 -57.400300,-13.619720,0 -57.400453,-13.620047,0 -57.400749,-13.620759,0 -57.401058,-13.621406,0 -57.401393,-13.621886,0 -57.401750,-13.622401,0 -57.402057,-13.622817,0 -57.402414,-13.623351,0 -57.402745,-13.623815,0 -57.403167,-13.624420,0 -57.403705,-13.625172,0 -57.404429,-13.626214,0 -57.405171,-13.627275,0 -57.405754,-13.628109,0 -57.406154,-13.628692,0 -57.406531,-13.629342,0 -57.406669,-13.629808,0 -57.406759,-13.630230,0 -57.407066,-13.630635,0 -57.407580,-13.631158,0 -57.408100,-13.631734,0 -57.408202,-13.631969,0 -57.408438,-13.632495,0 -57.408649,-13.632979,0 -57.409007,-13.633759,0 -57.409236,-13.634197,0 -57.409362,-13.634260,0 -57.409768,-13.634523,0 -57.410647,-13.635065,0 -57.410820,-13.635200,0</coordinates></LineString></Placemark>
<Placemark><name>estrada 15 (desenhada na bancada)</name><styleUrl>#extra</styleUrl><LineString><tessellate>1</tessellate><coordinates>-57.407204,-13.608551,0 -57.408669,-13.604975,0 -57.409653,-13.602504,0</coordinates></LineString></Placemark>
<Placemark><name>estrada 16 (desenhada na bancada)</name><styleUrl>#extra</styleUrl><LineString><tessellate>1</tessellate><coordinates>-57.403139,-13.604745,0 -57.403383,-13.605012,0 -57.404763,-13.606288,0 -57.405639,-13.607103,0 -57.406328,-13.607744,0 -57.407204,-13.608551,0 -57.408470,-13.609720,0 -57.409172,-13.610360,0 -57.409932,-13.611068,0 -57.410758,-13.611826,0 -57.411328,-13.612350,0 -57.412637,-13.613564,0 -57.413359,-13.614217,0 -57.414413,-13.615194,0 -57.415131,-13.615875,0 -57.417784,-13.618319,0 -57.421836,-13.622063,0 -57.422805,-13.622985,0 -57.423779,-13.623906,0 -57.424086,-13.624181,0 -57.424722,-13.624777,0 -57.425910,-13.625860,0 -57.426517,-13.626439,0 -57.427838,-13.627675,0 -57.428990,-13.628742,0 -57.430671,-13.630299,0 -57.432740,-13.632199,0 -57.437374,-13.636489,0 -57.442762,-13.641444,0</coordinates></LineString></Placemark>
<Placemark><name>estrada 17 (desenhada na bancada)</name><styleUrl>#extra</styleUrl><LineString><tessellate>1</tessellate><coordinates>-57.412637,-13.613564,0 -57.413703,-13.612503,0 -57.414674,-13.611495,0 -57.416367,-13.609732,0 -57.416903,-13.609182,0 -57.417862,-13.608175,0 -57.419399,-13.606616,0 -57.420245,-13.605725,0 -57.420972,-13.604988,0 -57.424553,-13.601267,0 -57.425898,-13.599881,0 -57.427482,-13.598252,0 -57.430633,-13.594944,0 -57.431949,-13.593583,0 -57.433354,-13.592120,0 -57.433365,-13.592111,0</coordinates></LineString></Placemark>
<Placemark><name>estrada 18 (desenhada na bancada)</name><styleUrl>#extra</styleUrl><LineString><tessellate>1</tessellate><coordinates>-57.453510,-13.575662,0 -57.453715,-13.575832,0 -57.454332,-13.576411,0 -57.455147,-13.577155,0 -57.455779,-13.577717,0 -57.456647,-13.578522,0 -57.457391,-13.579211,0 -57.458056,-13.579856,0 -57.459083,-13.580804,0 -57.460012,-13.581668,0 -57.461359,-13.582891,0 -57.462113,-13.583596,0 -57.463155,-13.584559,0 -57.463793,-13.585151,0 -57.464811,-13.586096,0 -57.465825,-13.587032,0 -57.466743,-13.587873,0 -57.467471,-13.588559,0 -57.469004,-13.589967,0 -57.471420,-13.592150,0 -57.471580,-13.592347,0 -57.471811,-13.592535,0 -57.471923,-13.592657,0 -57.474096,-13.594646,0 -57.476926,-13.597256,0 -57.479728,-13.599842,0 -57.480166,-13.600249,0 -57.481490,-13.601430,0</coordinates></LineString></Placemark>
<Placemark><name>estrada 19 (desenhada na bancada)</name><styleUrl>#extra</styleUrl><LineString><tessellate>1</tessellate><coordinates>-57.425258,-13.620311,0 -57.425516,-13.620596,0 -57.426138,-13.621207,0 -57.426876,-13.621916,0 -57.428176,-13.623170,0 -57.428901,-13.623863,0 -57.430105,-13.625014,0 -57.430970,-13.625867,0 -57.432115,-13.626985,0 -57.433179,-13.628013,0 -57.434246,-13.629044,0 -57.435079,-13.629830,0</coordinates></LineString></Placemark>
<Placemark><name>estrada 20 (desenhada na bancada)</name><styleUrl>#extra</styleUrl><LineString><tessellate>1</tessellate><coordinates>-57.427159,-13.637939,0 -57.426460,-13.638627,0 -57.425249,-13.639850,0 -57.423532,-13.641624,0</coordinates></LineString></Placemark>
<Placemark><name>estrada 21 (desenhada na bancada)</name><styleUrl>#extra</styleUrl><LineString><tessellate>1</tessellate><coordinates>-57.482240,-13.556040,0 -57.482145,-13.556246,0 -57.482159,-13.556752,0 -57.482263,-13.558468,0 -57.482287,-13.558953,0 -57.481748,-13.559813,0 -57.481703,-13.560001,0 -57.481788,-13.560251,0 -57.482490,-13.561940,0 -57.482826,-13.562483,0 -57.483200,-13.563160,0 -57.483787,-13.564507,0 -57.484120,-13.565330,0 -57.484229,-13.565868,0 -57.484189,-13.566804,0</coordinates></LineString></Placemark>
<Placemark><name>estrada 22 (desenhada na bancada)</name><styleUrl>#extra</styleUrl><LineString><tessellate>1</tessellate><coordinates>-57.477270,-13.566410,0 -57.477080,-13.565545,0 -57.476771,-13.564210,0 -57.476530,-13.563349,0 -57.476824,-13.562747,0 -57.476289,-13.562091,0 -57.476000,-13.561822,0 -57.475661,-13.561470,0 -57.475525,-13.561109,0 -57.475470,-13.560961,0 -57.475367,-13.560755,0 -57.475141,-13.560486,0 -57.475096,-13.560327,0</coordinates></LineString></Placemark>
<Placemark><name>estrada 23 (desenhada na bancada)</name><styleUrl>#extra</styleUrl><LineString><tessellate>1</tessellate><coordinates>-57.474906,-13.559553,0 -57.474694,-13.559571,0 -57.474721,-13.559876,0 -57.474922,-13.560270,0 -57.474992,-13.560598,0 -57.474954,-13.561044,0 -57.475311,-13.561516,0 -57.475568,-13.561858,0 -57.476129,-13.562676,0 -57.476491,-13.563380,0 -57.476569,-13.563537,0 -57.476590,-13.563550,0</coordinates></LineString></Placemark>
<Placemark><name>estrada 24 (desenhada na bancada)</name><styleUrl>#extra</styleUrl><LineString><tessellate>1</tessellate><coordinates>-57.436184,-13.535691,0 -57.436334,-13.535163,0 -57.436597,-13.534318,0 -57.436971,-13.532985,0 -57.437193,-13.532164,0 -57.437419,-13.531370,0 -57.437642,-13.530568,0 -57.437838,-13.529829,0 -57.438064,-13.529083,0 -57.439034,-13.525656,0 -57.439131,-13.525176,0 -57.439318,-13.523982,0 -57.439613,-13.522182,0 -57.440032,-13.519601,0 -57.440252,-13.518677,0 -57.440697,-13.517759,0 -57.441105,-13.517300,0 -57.441663,-13.516935,0 -57.441786,-13.516633,0 -57.442156,-13.515454,0 -57.442526,-13.514338,0 -57.443111,-13.512580,0 -57.442993,-13.512497,0 -57.442274,-13.512351,0 -57.440423,-13.511902,0 -57.436936,-13.511099,0 -57.435150,-13.510681,0 -57.433552,-13.510316,0 -57.431411,-13.509769,0 -57.431213,-13.509701,0 -57.430708,-13.509414,0 -57.429512,-13.508637,0 -57.428707,-13.508152,0 -57.427463,-13.507312,0 -57.426637,-13.506764,0 -57.425231,-13.505831,0 -57.423043,-13.504417,0 -57.421927,-13.503687,0 -57.422136,-13.502878,0 -57.422571,-13.501517,0 -57.423102,-13.499764,0 -57.423998,-13.496838,0 -57.424427,-13.495482,0 -57.424346,-13.495257,0 -57.424352,-13.495049,0 -57.424475,-13.494548,0 -57.424582,-13.494078,0 -57.424850,-13.493974,0 -57.425038,-13.493447,0 -57.425199,-13.492988,0 -57.425376,-13.492378,0 -57.426535,-13.488680,0 -57.426707,-13.488643,0 -57.427045,-13.488763,0 -57.427415,-13.488956,0 -57.431760,-13.491079,0 -57.436780,-13.493550,0 -57.438326,-13.489060,0 -57.438524,-13.489128,0 -57.438766,-13.489316,0 -57.447810,-13.497770,0 -57.447783,-13.497985,0 -57.445689,-13.504699,0 -57.445115,-13.506519,0 -57.443116,-13.512591,0</coordinates></LineString></Placemark>
<Placemark><name>estrada 25 (desenhada na bancada)</name><styleUrl>#extra</styleUrl><LineString><tessellate>1</tessellate><coordinates>-57.436780,-13.493550,0 -57.436129,-13.495377,0 -57.434842,-13.499157,0 -57.433718,-13.502456,0 -57.432857,-13.505069,0 -57.431312,-13.509735,0</coordinates></LineString></Placemark>
<Placemark><name>estrada 26 (desenhada na bancada)</name><styleUrl>#extra</styleUrl><LineString><tessellate>1</tessellate><coordinates>-57.445121,-13.506492,0 -57.444807,-13.506243,0 -57.444237,-13.505836,0 -57.443323,-13.505182,0 -57.442336,-13.504484,0 -57.441303,-13.503734,0 -57.440368,-13.503070,0 -57.439436,-13.502406,0 -57.437991,-13.501371,0 -57.434854,-13.499124,0 -57.434697,-13.499010,0 -57.434439,-13.498833,0 -57.434201,-13.498656,0 -57.433090,-13.497858,0 -57.431805,-13.496947,0 -57.430140,-13.495742,0</coordinates></LineString></Placemark>
</Folder></Document></kml>