<?xml version="1.0" encoding="UTF-8"?>
<kml xmlns="http://www.opengis.net/kml/2.2"><Document>
<name>FAZENDA PANAMA - rotas ate a sede</name>
<Style id="rota"><LineStyle><color>ff2d2dff</color><width>4</width></LineStyle></Style>
<Style id="malha"><LineStyle><color>ff00e5ff</color><width>1</width></LineStyle></Style>
<Style id="extra"><LineStyle><color>ff008aff</color><width>3</width></LineStyle></Style>
<Style id="sede"><IconStyle><color>ff2d2dff</color><scale>1.3</scale></IconStyle></Style>
<Placemark><name>SEDE</name><styleUrl>#sede</styleUrl><Point><coordinates>-58.743484,-13.759291,0</coordinates></Point></Placemark>
<Folder><name>Rotas por talhao (ponto mais extremo)</name>
<Placemark><name>P-15 - 5,23 km</name><description>Maxima 5228 m | Minima 2897 m | Reta 1838 m | 111.43 ha</description><styleUrl>#rota</styleUrl><LineString><tessellate>1</tessellate><coordinates>-58.742823,-13.758052,0 -58.742730,-13.757944,0 -58.742561,-13.757692,0 -58.742375,-13.757549,0 -58.742208,-13.757387,0 -58.742022,-13.757244,0 -58.741836,-13.757082,0 -58.741668,-13.756939,0 -58.741372,-13.756869,0 -58.741057,-13.756817,0 -58.740762,-13.756909,0 -58.740467,-13.757020,0 -58.740209,-13.757184,0 -58.739951,-13.757349,0 -58.739805,-13.757531,0 -58.739640,-13.757731,0 -58.739493,-13.757913,0 -58.739422,-13.758256,0 -58.739644,-13.758309,0 -58.739776,-13.758616,0 -58.739908,-13.758940,0 -58.740021,-13.759210,0 -58.740115,-13.759481,0 -58.740265,-13.759751,0 -58.740415,-13.760021,0 -58.740675,-13.760146,0 -58.740935,-13.760270,0 -58.741212,-13.760287,0 -58.741490,-13.760303,0 -58.741658,-13.760536,0 -58.741845,-13.760770,0 -58.742031,-13.760968,0 -58.742236,-13.761165,0 -58.742441,-13.761344,0 -58.742424,-13.761579,0 -58.742389,-13.761815,0 -58.742372,-13.762050,0 -58.742521,-13.762266,0 -58.742578,-13.762482,0 -58.742636,-13.762717,0 -58.742693,-13.762933,0 -58.742750,-13.763150,0 -58.742807,-13.763366,0 -58.742864,-13.763601,0 -58.742921,-13.763817,0 -58.742978,-13.764034,0 -58.743017,-13.764251,0 -58.743074,-13.764485,0 -58.743131,-13.764702,0 -58.743188,-13.764918,0 -58.743245,-13.765135,0 -58.743303,-13.765369,0 -58.743360,-13.765586,0 -58.743417,-13.765802,0 -58.743474,-13.766019,0 -58.743531,-13.766254,0 -58.743588,-13.766470,0 -58.743645,-13.766687,0 -58.743702,-13.766903,0 -58.743760,-13.767138,0 -58.743798,-13.767354,0 -58.743855,-13.767571,0 -58.743912,-13.767787,0 -58.743970,-13.768022,0 -58.744027,-13.768239,0 -58.744084,-13.768455,0 -58.744141,-13.768672,0 -58.744198,-13.768906,0 -58.744255,-13.769123,0 -58.744312,-13.769339,0 -58.744369,-13.769556,0 -58.744426,-13.769790,0 -58.744484,-13.770007,0 -58.744686,-13.769897,0 -58.744907,-13.769769,0 -58.745148,-13.769839,0 -58.745370,-13.769892,0 -58.745484,-13.770289,0 -58.745375,-13.770525,0 -58.745247,-13.770761,0 -58.744989,-13.770817,0 -58.744712,-13.770873,0 -58.744769,-13.771107,0 -58.744826,-13.771324,0 -58.744883,-13.771540,0 -58.744940,-13.771757,0 -58.744998,-13.771974,0 -58.745055,-13.772208,0 -58.745112,-13.772425,0 -58.745169,-13.772641,0 -58.745226,-13.772858,0 -58.745283,-13.773092,0 -58.745340,-13.773309,0 -58.745397,-13.773525,0 -58.745455,-13.773742,0 -58.745512,-13.773976,0 -58.745569,-13.774193,0 -58.745626,-13.774409,0 -58.745683,-13.774626,0 -58.745740,-13.774842,0 -58.745797,-13.775077,0 -58.745854,-13.775294,0 -58.745912,-13.775510,0 -58.745969,-13.775727,0 -58.746209,-13.775689,0 -58.746210,-13.775924,0 -58.746194,-13.776141,0 -58.746195,-13.776376,0 -58.746197,-13.776611,0 -58.746180,-13.776828,0 -58.746182,-13.777063,0 -58.746165,-13.777298,0 -58.746167,-13.777515,0 -58.746169,-13.777750,0 -58.746152,-13.777985,0 -58.746153,-13.778202,0 -58.746155,-13.778437,0 -58.746138,-13.778672,0 -58.746140,-13.778889,0 -58.746123,-13.779124,0 -58.746125,-13.779359,0 -58.746127,-13.779576,0 -58.746110,-13.779811,0 -58.746112,-13.780046,0 -58.746095,-13.780263,0 -58.746097,-13.780498,0 -58.746098,-13.780715,0 -58.746081,-13.780950,0 -58.746083,-13.781185,0 -58.746066,-13.781402,0 -58.746068,-13.781637,0 -58.746070,-13.781872,0 -58.746053,-13.782089,0 -58.746055,-13.782324,0 -58.746038,-13.782559,0 -58.746039,-13.782776,0 -58.746041,-13.783011,0 -58.746024,-13.783246,0 -58.746026,-13.783463,0 -58.746009,-13.783698,0 -58.746011,-13.783933,0 -58.746013,-13.784150,0 -58.745996,-13.784385,0 -58.745998,-13.784602,0 -58.745981,-13.784837,0 -58.745983,-13.785072,0 -58.745984,-13.785289,0 -58.745967,-13.785524,0 -58.745969,-13.785759,0 -58.745952,-13.785976,0 -58.745954,-13.786211,0 -58.745956,-13.786446,0 -58.745939,-13.786663,0 -58.745941,-13.786898,0 -58.745924,-13.787133,0 -58.745925,-13.787350,0 -58.745927,-13.787585,0 -58.745910,-13.787820,0 -58.745912,-13.788037,0 -58.745895,-13.788272,0 -58.745897,-13.788507,0 -58.745899,-13.788724,0 -58.745882,-13.788959,0 -58.745884,-13.789176,0 -58.745867,-13.789412,0 -58.745869,-13.789646,0 -58.745870,-13.789863,0 -58.745853,-13.790099,0 -58.745855,-13.790334,0 -58.745838,-13.790551,0 -58.745840,-13.790786,0 -58.745842,-13.791021,0 -58.745825,-13.791238,0 -58.745827,-13.791473,0 -58.745810,-13.791708,0 -58.745812,-13.791925,0 -58.745813,-13.792160,0 -58.745797,-13.792395,0 -58.745798,-13.792612,0 -58.745781,-13.792847,0 -58.745783,-13.793064,0 -58.745562,-13.793137,0 -58.745340,-13.793211,0 -58.745119,-13.793267,0 -58.744879,-13.793341,0 -58.744657,-13.793397,0 -58.744436,-13.793471,0 -58.744214,-13.793527,0 -58.743993,-13.793601,0 -58.743771,-13.793656,0 -58.743531,-13.793730,0 -58.743310,-13.793804,0 -58.743088,-13.793860,0</coordinates></LineString></Placemark>
<Placemark><name>P-16 - 2,54 km</name><description>Maxima 2542 m | Minima 180 m | Reta 179 m | 94.93 ha</description><styleUrl>#rota</styleUrl><LineString><tessellate>1</tessellate><coordinates>-58.742823,-13.758052,0 -58.742730,-13.757944,0 -58.742783,-13.757618,0 -58.742836,-13.757274,0 -58.742889,-13.756949,0 -58.742960,-13.756605,0 -58.743013,-13.756261,0 -58.743049,-13.756044,0 -58.743120,-13.755700,0 -58.743155,-13.755482,0 -58.743191,-13.755265,0 -58.743226,-13.755030,0 -58.743279,-13.754668,0 -58.743314,-13.754451,0 -58.743349,-13.754216,0 -58.743385,-13.753998,0 -58.743439,-13.753763,0 -58.743474,-13.753528,0 -58.743509,-13.753311,0 -58.743544,-13.753075,0 -58.743580,-13.752858,0 -58.743615,-13.752623,0 -58.743669,-13.752406,0 -58.743704,-13.752170,0 -58.743740,-13.751953,0 -58.743775,-13.751718,0 -58.743810,-13.751501,0 -58.743845,-13.751266,0 -58.743899,-13.751030,0 -58.743953,-13.750795,0 -58.743988,-13.750578,0 -58.744042,-13.750342,0 -58.744077,-13.750107,0 -58.744131,-13.749872,0 -58.744166,-13.749636,0 -58.744220,-13.749401,0 -58.744274,-13.749184,0 -58.744309,-13.748948,0 -58.744363,-13.748713,0 -58.744398,-13.748478,0 -58.744452,-13.748242,0 -58.744505,-13.748007,0 -58.744522,-13.747790,0 -58.744539,-13.747555,0 -58.744556,-13.747320,0 -58.744573,-13.747085,0 -58.744589,-13.746850,0 -58.744606,-13.746614,0 -58.744623,-13.746379,0 -58.744640,-13.746144,0 -58.744657,-13.745927,0 -58.744673,-13.745692,0 -58.744690,-13.745457,0 -58.744707,-13.745222,0 -58.744724,-13.744987,0 -58.744740,-13.744752,0 -58.744757,-13.744516,0 -58.744774,-13.744281,0 -58.744791,-13.744064,0 -58.744826,-13.743829,0 -58.744843,-13.743594,0 -58.744859,-13.743359,0 -58.744876,-13.743124,0 -58.744893,-13.742889,0 -58.744910,-13.742653,0 -58.744926,-13.742418,0 -58.744943,-13.742201,0 -58.744960,-13.741966,0 -58.744977,-13.741731,0 -58.744994,-13.741496,0 -58.745010,-13.741261,0 -58.744789,-13.741317,0 -58.744567,-13.741391,0 -58.744346,-13.741446,0 -58.744106,-13.741520,0 -58.743885,-13.741576,0 -58.743663,-13.741650,0 -58.743442,-13.741706,0 -58.743220,-13.741762,0 -58.742980,-13.741836,0 -58.742759,-13.741891,0 -58.742538,-13.741965,0 -58.742316,-13.742021,0 -58.742095,-13.742077,0 -58.741873,-13.742151,0 -58.741633,-13.742207,0 -58.741412,-13.742281,0 -58.741190,-13.742336,0 -58.740969,-13.742410,0 -58.740748,-13.742466,0 -58.740508,-13.742522,0</coordinates></LineString></Placemark>
<Placemark><name>P-17 - 2,83 km</name><description>Maxima 2834 m | Minima 652 m | Reta 240 m | 113.44 ha</description><styleUrl>#rota</styleUrl><LineString><tessellate>1</tessellate><coordinates>-58.742823,-13.758052,0 -58.742730,-13.757944,0 -58.742561,-13.757692,0 -58.742375,-13.757549,0 -58.742208,-13.757387,0 -58.742022,-13.757244,0 -58.741836,-13.757082,0 -58.741668,-13.756939,0 -58.741372,-13.756869,0 -58.741057,-13.756817,0 -58.740762,-13.756909,0 -58.740467,-13.757020,0 -58.740209,-13.757184,0 -58.739951,-13.757349,0 -58.739805,-13.757531,0 -58.739640,-13.757731,0 -58.739493,-13.757913,0 -58.739347,-13.758094,0 -58.739087,-13.758042,0 -58.738718,-13.758081,0 -58.738495,-13.758028,0 -58.738273,-13.757975,0 -58.738032,-13.757905,0 -58.737810,-13.757852,0 -58.737569,-13.757800,0 -58.737347,-13.757729,0 -58.737106,-13.757676,0 -58.736884,-13.757624,0 -58.736643,-13.757571,0 -58.736420,-13.757500,0 -58.736179,-13.757448,0 -58.735957,-13.757395,0 -58.735735,-13.757342,0 -58.735494,-13.757272,0 -58.735272,-13.757219,0 -58.735031,-13.757167,0 -58.734809,-13.757114,0 -58.734568,-13.757043,0 -58.734345,-13.756991,0 -58.734104,-13.756938,0 -58.734088,-13.757155,0 -58.734071,-13.757390,0 -58.734054,-13.757607,0 -58.734037,-13.757843,0 -58.734020,-13.758078,0 -58.734004,-13.758295,0 -58.733987,-13.758530,0 -58.733970,-13.758747,0 -58.733953,-13.758982,0 -58.733936,-13.759199,0 -58.733919,-13.759434,0 -58.733903,-13.759651,0 -58.733886,-13.759886,0 -58.733869,-13.760103,0 -58.733852,-13.760338,0 -58.733835,-13.760574,0 -58.733818,-13.760791,0 -58.733802,-13.761026,0 -58.733785,-13.761243,0 -58.733768,-13.761478,0 -58.733751,-13.761695,0 -58.733734,-13.761930,0 -58.733718,-13.762147,0 -58.733701,-13.762382,0 -58.733684,-13.762599,0 -58.733667,-13.762834,0 -58.733650,-13.763051,0 -58.733633,-13.763287,0 -58.733617,-13.763522,0 -58.733600,-13.763739,0 -58.733583,-13.763974,0 -58.733566,-13.764191,0 -58.733549,-13.764426,0 -58.733532,-13.764643,0 -58.733516,-13.764878,0 -58.733499,-13.765095,0 -58.733482,-13.765330,0 -58.733465,-13.765547,0 -58.733448,-13.765782,0 -58.733432,-13.766018,0 -58.733415,-13.766235,0 -58.733398,-13.766470,0 -58.733381,-13.766687,0 -58.733364,-13.766922,0 -58.733347,-13.767139,0 -58.733331,-13.767374,0 -58.733314,-13.767591,0 -58.733297,-13.767826,0 -58.733280,-13.768043,0 -58.733263,-13.768278,0 -58.733247,-13.768513,0 -58.733230,-13.768731,0 -58.733213,-13.768966,0 -58.733196,-13.769183,0 -58.733179,-13.769418,0 -58.733162,-13.769635,0 -58.733146,-13.769870,0 -58.733129,-13.770087,0 -58.733112,-13.770322,0 -58.733095,-13.770539,0 -58.733078,-13.770774,0 -58.733300,-13.770700,0 -58.733540,-13.770644,0 -58.733761,-13.770571,0</coordinates></LineString></Placemark>
<Placemark><name>P-18 - 4,31 km</name><description>Maxima 4310 m | Minima 1941 m | Reta 1018 m | 136.31 ha</description><styleUrl>#rota</styleUrl><LineString><tessellate>1</tessellate><coordinates>-58.742823,-13.758052,0 -58.742730,-13.757944,0 -58.742561,-13.757692,0 -58.742375,-13.757549,0 -58.742208,-13.757387,0 -58.742022,-13.757244,0 -58.741836,-13.757082,0 -58.741668,-13.756939,0 -58.741372,-13.756869,0 -58.741057,-13.756817,0 -58.740762,-13.756909,0 -58.740467,-13.757020,0 -58.740209,-13.757184,0 -58.739951,-13.757349,0 -58.739805,-13.757531,0 -58.739640,-13.757731,0 -58.739493,-13.757913,0 -58.739347,-13.758094,0 -58.739087,-13.758042,0 -58.738718,-13.758081,0 -58.738495,-13.758028,0 -58.738273,-13.757975,0 -58.738032,-13.757905,0 -58.737810,-13.757852,0 -58.737569,-13.757800,0 -58.737347,-13.757729,0 -58.737106,-13.757676,0 -58.736884,-13.757624,0 -58.736643,-13.757571,0 -58.736420,-13.757500,0 -58.736179,-13.757448,0 -58.735957,-13.757395,0 -58.735735,-13.757342,0 -58.735494,-13.757272,0 -58.735272,-13.757219,0 -58.735031,-13.757167,0 -58.734809,-13.757114,0 -58.734568,-13.757043,0 -58.734345,-13.756991,0 -58.734104,-13.756938,0 -58.734088,-13.757155,0 -58.734071,-13.757390,0 -58.734054,-13.757607,0 -58.734037,-13.757843,0 -58.734020,-13.758078,0 -58.734004,-13.758295,0 -58.733987,-13.758530,0 -58.733970,-13.758747,0 -58.733953,-13.758982,0 -58.733936,-13.759199,0 -58.733919,-13.759434,0 -58.733903,-13.759651,0 -58.733886,-13.759886,0 -58.733869,-13.760103,0 -58.733852,-13.760338,0 -58.733835,-13.760574,0 -58.733818,-13.760791,0 -58.733802,-13.761026,0 -58.733785,-13.761243,0 -58.733768,-13.761478,0 -58.733751,-13.761695,0 -58.733734,-13.761930,0 -58.733718,-13.762147,0 -58.733701,-13.762382,0 -58.733684,-13.762599,0 -58.733667,-13.762834,0 -58.733650,-13.763051,0 -58.733633,-13.763287,0 -58.733617,-13.763522,0 -58.733600,-13.763739,0 -58.733583,-13.763974,0 -58.733566,-13.764191,0 -58.733549,-13.764426,0 -58.733532,-13.764643,0 -58.733516,-13.764878,0 -58.733499,-13.765095,0 -58.733482,-13.765330,0 -58.733465,-13.765547,0 -58.733448,-13.765782,0 -58.733432,-13.766018,0 -58.733415,-13.766235,0 -58.733398,-13.766470,0 -58.733381,-13.766687,0 -58.733364,-13.766922,0 -58.733347,-13.767139,0 -58.733331,-13.767374,0 -58.733314,-13.767591,0 -58.733297,-13.767826,0 -58.733280,-13.768043,0 -58.733263,-13.768278,0 -58.733247,-13.768513,0 -58.733230,-13.768731,0 -58.733213,-13.768966,0 -58.733196,-13.769183,0 -58.733179,-13.769418,0 -58.733162,-13.769635,0 -58.733146,-13.769870,0 -58.733129,-13.770087,0 -58.733112,-13.770322,0 -58.733095,-13.770539,0 -58.733078,-13.770774,0 -58.733228,-13.771008,0 -58.733230,-13.771225,0 -58.733213,-13.771460,0 -58.733196,-13.771695,0 -58.733179,-13.771912,0 -58.733162,-13.772148,0 -58.733145,-13.772365,0 -58.733129,-13.772600,0 -58.733112,-13.772835,0 -58.733095,-13.773052,0 -58.733078,-13.773287,0 -58.733062,-13.773522,0 -58.733045,-13.773739,0 -58.733028,-13.773974,0 -58.733011,-13.774191,0 -58.732994,-13.774426,0 -58.732977,-13.774662,0 -58.732961,-13.774879,0 -58.732944,-13.775114,0 -58.732927,-13.775349,0 -58.732910,-13.775566,0 -58.732893,-13.775801,0 -58.732877,-13.776036,0 -58.732860,-13.776253,0 -58.732843,-13.776488,0 -58.732826,-13.776705,0 -58.732809,-13.776940,0 -58.732793,-13.777176,0 -58.732776,-13.777393,0 -58.732759,-13.777628,0 -58.732742,-13.777863,0 -58.732725,-13.778080,0 -58.732708,-13.778315,0 -58.732692,-13.778532,0 -58.732675,-13.778767,0 -58.732658,-13.779002,0 -58.732641,-13.779219,0 -58.732624,-13.779454,0 -58.732608,-13.779690,0 -58.732591,-13.779907,0 -58.732574,-13.780142,0 -58.732557,-13.780377,0 -58.732540,-13.780594,0 -58.732524,-13.780829,0 -58.732507,-13.781046,0 -58.732490,-13.781281,0 -58.732473,-13.781516,0 -58.732456,-13.781733,0 -58.732439,-13.781968,0 -58.732423,-13.782204,0 -58.732406,-13.782421,0 -58.732389,-13.782656,0 -58.732630,-13.782690,0 -58.732870,-13.782707,0 -58.733093,-13.782741,0 -58.733333,-13.782776,0 -58.733574,-13.782810,0 -58.733796,-13.782845,0 -58.734037,-13.782861,0 -58.734277,-13.782895,0 -58.734500,-13.782930,0</coordinates></LineString></Placemark>
<Placemark><name>P-19 - 5,77 km</name><description>Maxima 5774 m | Minima 3648 m | Reta 2722 m | 128.74 ha</description><styleUrl>#rota</styleUrl><LineString><tessellate>1</tessellate><coordinates>-58.742823,-13.758052,0 -58.742730,-13.757944,0 -58.742561,-13.757692,0 -58.742375,-13.757549,0 -58.742208,-13.757387,0 -58.742022,-13.757244,0 -58.741836,-13.757082,0 -58.741668,-13.756939,0 -58.741372,-13.756869,0 -58.741057,-13.756817,0 -58.740762,-13.756909,0 -58.740467,-13.757020,0 -58.740209,-13.757184,0 -58.739951,-13.757349,0 -58.739805,-13.757531,0 -58.739640,-13.757731,0 -58.739493,-13.757913,0 -58.739347,-13.758094,0 -58.739087,-13.758042,0 -58.738718,-13.758081,0 -58.738495,-13.758028,0 -58.738273,-13.757975,0 -58.738032,-13.757905,0 -58.737810,-13.757852,0 -58.737569,-13.757800,0 -58.737347,-13.757729,0 -58.737106,-13.757676,0 -58.736884,-13.757624,0 -58.736643,-13.757571,0 -58.736420,-13.757500,0 -58.736179,-13.757448,0 -58.735957,-13.757395,0 -58.735735,-13.757342,0 -58.735494,-13.757272,0 -58.735272,-13.757219,0 -58.735031,-13.757167,0 -58.734809,-13.757114,0 -58.734568,-13.757043,0 -58.734345,-13.756991,0 -58.734104,-13.756938,0 -58.734088,-13.757155,0 -58.734071,-13.757390,0 -58.734054,-13.757607,0 -58.734037,-13.757843,0 -58.734020,-13.758078,0 -58.734004,-13.758295,0 -58.733987,-13.758530,0 -58.733970,-13.758747,0 -58.733953,-13.758982,0 -58.733936,-13.759199,0 -58.733919,-13.759434,0 -58.733903,-13.759651,0 -58.733886,-13.759886,0 -58.733869,-13.760103,0 -58.733852,-13.760338,0 -58.733835,-13.760574,0 -58.733818,-13.760791,0 -58.733802,-13.761026,0 -58.733785,-13.761243,0 -58.733768,-13.761478,0 -58.733751,-13.761695,0 -58.733734,-13.761930,0 -58.733718,-13.762147,0 -58.733701,-13.762382,0 -58.733684,-13.762599,0 -58.733667,-13.762834,0 -58.733650,-13.763051,0 -58.733633,-13.763287,0 -58.733617,-13.763522,0 -58.733600,-13.763739,0 -58.733583,-13.763974,0 -58.733566,-13.764191,0 -58.733549,-13.764426,0 -58.733532,-13.764643,0 -58.733516,-13.764878,0 -58.733499,-13.765095,0 -58.733482,-13.765330,0 -58.733465,-13.765547,0 -58.733448,-13.765782,0 -58.733432,-13.766018,0 -58.733415,-13.766235,0 -58.733398,-13.766470,0 -58.733381,-13.766687,0 -58.733364,-13.766922,0 -58.733347,-13.767139,0 -58.733331,-13.767374,0 -58.733314,-13.767591,0 -58.733297,-13.767826,0 -58.733280,-13.768043,0 -58.733263,-13.768278,0 -58.733247,-13.768513,0 -58.733230,-13.768731,0 -58.733213,-13.768966,0 -58.733196,-13.769183,0 -58.733179,-13.769418,0 -58.733162,-13.769635,0 -58.733146,-13.769870,0 -58.733129,-13.770087,0 -58.733112,-13.770322,0 -58.733095,-13.770539,0 -58.733078,-13.770774,0 -58.733228,-13.771008,0 -58.733230,-13.771225,0 -58.733213,-13.771460,0 -58.733196,-13.771695,0 -58.733179,-13.771912,0 -58.733162,-13.772148,0 -58.733145,-13.772365,0 -58.733129,-13.772600,0 -58.733112,-13.772835,0 -58.733095,-13.773052,0 -58.733078,-13.773287,0 -58.733062,-13.773522,0 -58.733045,-13.773739,0 -58.733028,-13.773974,0 -58.733011,-13.774191,0 -58.732994,-13.774426,0 -58.732977,-13.774662,0 -58.732961,-13.774879,0 -58.732944,-13.775114,0 -58.732927,-13.775349,0 -58.732910,-13.775566,0 -58.732893,-13.775801,0 -58.732877,-13.776036,0 -58.732860,-13.776253,0 -58.732843,-13.776488,0 -58.732826,-13.776705,0 -58.732809,-13.776940,0 -58.732793,-13.777176,0 -58.732776,-13.777393,0 -58.732759,-13.777628,0 -58.732742,-13.777863,0 -58.732725,-13.778080,0 -58.732708,-13.778315,0 -58.732692,-13.778532,0 -58.732675,-13.778767,0 -58.732658,-13.779002,0 -58.732641,-13.779219,0 -58.732624,-13.779454,0 -58.732608,-13.779690,0 -58.732591,-13.779907,0 -58.732574,-13.780142,0 -58.732557,-13.780377,0 -58.732540,-13.780594,0 -58.732524,-13.780829,0 -58.732507,-13.781046,0 -58.732490,-13.781281,0 -58.732473,-13.781516,0 -58.732456,-13.781733,0 -58.732439,-13.781968,0 -58.732423,-13.782204,0 -58.732406,-13.782421,0 -58.732353,-13.782819,0 -58.732336,-13.783036,0 -58.732320,-13.783271,0 -58.732303,-13.783488,0 -58.732286,-13.783723,0 -58.732269,-13.783940,0 -58.732252,-13.784175,0 -58.732235,-13.784392,0 -58.732219,-13.784627,0 -58.732202,-13.784844,0 -58.732185,-13.785079,0 -58.732168,-13.785296,0 -58.732151,-13.785532,0 -58.732134,-13.785749,0 -58.732099,-13.785966,0 -58.732082,-13.786201,0 -58.732065,-13.786418,0 -58.732049,-13.786653,0 -58.732032,-13.786870,0 -58.732015,-13.787105,0 -58.731998,-13.787322,0 -58.731981,-13.787557,0 -58.731964,-13.787774,0 -58.731948,-13.788010,0 -58.731931,-13.788227,0 -58.731914,-13.788444,0 -58.731897,-13.788679,0 -58.731880,-13.788896,0 -58.731863,-13.789131,0 -58.731847,-13.789348,0 -58.731830,-13.789583,0 -58.731813,-13.789800,0 -58.731796,-13.790035,0 -58.731779,-13.790252,0 -58.731762,-13.790487,0 -58.731746,-13.790704,0 -58.731729,-13.790940,0 -58.731712,-13.791157,0 -58.731695,-13.791374,0 -58.731678,-13.791609,0 -58.731661,-13.791826,0 -58.731645,-13.792061,0 -58.731628,-13.792278,0 -58.731611,-13.792513,0 -58.731594,-13.792730,0 -58.731559,-13.792965,0 -58.731542,-13.793182,0 -58.731525,-13.793418,0 -58.731508,-13.793635,0 -58.731491,-13.793852,0 -58.731475,-13.794087,0 -58.731458,-13.794304,0 -58.731441,-13.794539,0 -58.731424,-13.794756,0 -58.731407,-13.794991,0 -58.731390,-13.795208,0 -58.731374,-13.795443,0 -58.731357,-13.795660,0 -58.731340,-13.795895,0 -58.731323,-13.796112,0 -58.731306,-13.796348,0 -58.731289,-13.796565,0 -58.731273,-13.796782,0 -58.731256,-13.797017,0 -58.731239,-13.797234,0 -58.731460,-13.797178,0 -58.731700,-13.797122,0 -58.731922,-13.797048,0</coordinates></LineString></Placemark>
<Placemark><name>P-20 - 3,40 km</name><description>Maxima 3403 m | Minima 1235 m | Reta 1059 m | 115.16 ha</description><styleUrl>#rota</styleUrl><LineString><tessellate>1</tessellate><coordinates>-58.742823,-13.758052,0 -58.742730,-13.757944,0 -58.742561,-13.757692,0 -58.742375,-13.757549,0 -58.742208,-13.757387,0 -58.742022,-13.757244,0 -58.741836,-13.757082,0 -58.741668,-13.756939,0 -58.741372,-13.756869,0 -58.741057,-13.756817,0 -58.740762,-13.756909,0 -58.740467,-13.757020,0 -58.740209,-13.757184,0 -58.739951,-13.757349,0 -58.739805,-13.757531,0 -58.739640,-13.757731,0 -58.739493,-13.757913,0 -58.739347,-13.758094,0 -58.739087,-13.758042,0 -58.738828,-13.757971,0 -58.738550,-13.757901,0 -58.738235,-13.757813,0 -58.737994,-13.757742,0 -58.737772,-13.757690,0 -58.737531,-13.757619,0 -58.737308,-13.757548,0 -58.737068,-13.757496,0 -58.736845,-13.757425,0 -58.736604,-13.757372,0 -58.736382,-13.757302,0 -58.736141,-13.757231,0 -58.735900,-13.757179,0 -58.735678,-13.757108,0 -58.735437,-13.757037,0 -58.735214,-13.756985,0 -58.734973,-13.756914,0 -58.734751,-13.756861,0 -58.734510,-13.756791,0 -58.734288,-13.756720,0 -58.734305,-13.756503,0 -58.734321,-13.756268,0 -58.734338,-13.756033,0 -58.734337,-13.755816,0 -58.734353,-13.755581,0 -58.734370,-13.755346,0 -58.734387,-13.755128,0 -58.734404,-13.754893,0 -58.734421,-13.754658,0 -58.734437,-13.754441,0 -58.734454,-13.754206,0 -58.734471,-13.753971,0 -58.734488,-13.753754,0 -58.734505,-13.753519,0 -58.734521,-13.753284,0 -58.734520,-13.753067,0 -58.734537,-13.752832,0 -58.734553,-13.752597,0 -58.734570,-13.752361,0 -58.734587,-13.752144,0 -58.734604,-13.751909,0 -58.734621,-13.751674,0 -58.734637,-13.751457,0 -58.734654,-13.751222,0 -58.734671,-13.750987,0 -58.734688,-13.750770,0 -58.734705,-13.750535,0 -58.734721,-13.750300,0 -58.734720,-13.750083,0 -58.734737,-13.749848,0 -58.734753,-13.749612,0 -58.734770,-13.749395,0 -58.734787,-13.749160,0 -58.734804,-13.748925,0 -58.734821,-13.748708,0 -58.734837,-13.748473,0 -58.734854,-13.748238,0 -58.734871,-13.748021,0 -58.734888,-13.747786,0 -58.734905,-13.747551,0 -58.734903,-13.747334,0 -58.734920,-13.747099,0 -58.734936,-13.746863,0 -58.734953,-13.746646,0 -58.734970,-13.746411,0 -58.734987,-13.746176,0 -58.735004,-13.745959,0 -58.735021,-13.745724,0 -58.735037,-13.745489,0 -58.735054,-13.745272,0 -58.735071,-13.745037,0 -58.735088,-13.744802,0 -58.735104,-13.744567,0 -58.735103,-13.744350,0 -58.734935,-13.744098,0 -58.734695,-13.744154,0 -58.734473,-13.744227,0 -58.734252,-13.744283,0 -58.734030,-13.744357,0 -58.733791,-13.744431,0 -58.733569,-13.744487,0 -58.733348,-13.744561,0 -58.733126,-13.744617,0 -58.732886,-13.744691,0 -58.732665,-13.744746,0 -58.732443,-13.744820,0 -58.732222,-13.744876,0 -58.732001,-13.744950,0 -58.731761,-13.745006,0 -58.731539,-13.745080,0 -58.731318,-13.745135,0 -58.731096,-13.745209,0 -58.730856,-13.745283,0 -58.730635,-13.745339,0 -58.730414,-13.745413,0 -58.730192,-13.745469,0 -58.729952,-13.745543,0 -58.729731,-13.745598,0 -58.729509,-13.745672,0 -58.729288,-13.745728,0 -58.729048,-13.745802,0 -58.728827,-13.745858,0 -58.728605,-13.745932,0 -58.728384,-13.745988,0 -58.728144,-13.746062,0 -58.727922,-13.746135,0</coordinates></LineString></Placemark>
<Placemark><name>P-21 - 3,68 km</name><description>Maxima 3677 m | Minima 1237 m | Reta 1045 m | 148.24 ha</description><styleUrl>#rota</styleUrl><LineString><tessellate>1</tessellate><coordinates>-58.742823,-13.758052,0 -58.742730,-13.757944,0 -58.742561,-13.757692,0 -58.742375,-13.757549,0 -58.742208,-13.757387,0 -58.742022,-13.757244,0 -58.741836,-13.757082,0 -58.741668,-13.756939,0 -58.741372,-13.756869,0 -58.741057,-13.756817,0 -58.740762,-13.756909,0 -58.740467,-13.757020,0 -58.740209,-13.757184,0 -58.739951,-13.757349,0 -58.739805,-13.757531,0 -58.739640,-13.757731,0 -58.739493,-13.757913,0 -58.739347,-13.758094,0 -58.739087,-13.758042,0 -58.738718,-13.758081,0 -58.738495,-13.758028,0 -58.738273,-13.757975,0 -58.738032,-13.757905,0 -58.737810,-13.757852,0 -58.737569,-13.757800,0 -58.737347,-13.757729,0 -58.737106,-13.757676,0 -58.736884,-13.757624,0 -58.736643,-13.757571,0 -58.736420,-13.757500,0 -58.736179,-13.757448,0 -58.735957,-13.757395,0 -58.735735,-13.757342,0 -58.735494,-13.757272,0 -58.735272,-13.757219,0 -58.735031,-13.757167,0 -58.734809,-13.757114,0 -58.734568,-13.757043,0 -58.734345,-13.756991,0 -58.734104,-13.756938,0 -58.734088,-13.757155,0 -58.734071,-13.757390,0 -58.734054,-13.757607,0 -58.733907,-13.757807,0 -58.733891,-13.758024,0 -58.733874,-13.758259,0 -58.733857,-13.758476,0 -58.733840,-13.758712,0 -58.733823,-13.758929,0 -58.733806,-13.759164,0 -58.733790,-13.759381,0 -58.733773,-13.759616,0 -58.733756,-13.759833,0 -58.733739,-13.760068,0 -58.733722,-13.760285,0 -58.733706,-13.760520,0 -58.733689,-13.760737,0 -58.733653,-13.760973,0 -58.733636,-13.761190,0 -58.733620,-13.761425,0 -58.733603,-13.761642,0 -58.733586,-13.761877,0 -58.733569,-13.762094,0 -58.733552,-13.762329,0 -58.733536,-13.762564,0 -58.733519,-13.762781,0 -58.733502,-13.763016,0 -58.733485,-13.763233,0 -58.733468,-13.763468,0 -58.733451,-13.763685,0 -58.733435,-13.763921,0 -58.733418,-13.764138,0 -58.733401,-13.764373,0 -58.733384,-13.764590,0 -58.733367,-13.764825,0 -58.733350,-13.765042,0 -58.733315,-13.765277,0 -58.733298,-13.765494,0 -58.733282,-13.765729,0 -58.733265,-13.765946,0 -58.733248,-13.766182,0 -58.733231,-13.766399,0 -58.733214,-13.766634,0 -58.733197,-13.766851,0 -58.733181,-13.767086,0 -58.733164,-13.767321,0 -58.733147,-13.767538,0 -58.733130,-13.767773,0 -58.733113,-13.767990,0 -58.733096,-13.768225,0 -58.733080,-13.768442,0 -58.733063,-13.768677,0 -58.733046,-13.768894,0 -58.732805,-13.768878,0 -58.732565,-13.768862,0 -58.732343,-13.768827,0 -58.732102,-13.768811,0 -58.731862,-13.768794,0 -58.731621,-13.768778,0 -58.731399,-13.768743,0 -58.731158,-13.768727,0 -58.730918,-13.768711,0 -58.730696,-13.768694,0 -58.730455,-13.768660,0 -58.730214,-13.768643,0 -58.729992,-13.768627,0 -58.729752,-13.768610,0 -58.729511,-13.768594,0 -58.729289,-13.768559,0 -58.729049,-13.768543,0 -58.728808,-13.768527,0 -58.728568,-13.768510,0 -58.728345,-13.768476,0 -58.728105,-13.768459,0 -58.727864,-13.768443,0 -58.727642,-13.768426,0 -58.727402,-13.768392,0 -58.727161,-13.768375,0 -58.726939,-13.768359,0 -58.726698,-13.768343,0 -58.726458,-13.768308,0 -58.726236,-13.768292,0 -58.725995,-13.768275,0 -58.725755,-13.768259,0 -58.725514,-13.768224,0 -58.725292,-13.768208,0 -58.725051,-13.768191,0 -58.724811,-13.768175,0 -58.724589,-13.768140,0 -58.724348,-13.768124,0 -58.724107,-13.768108,0 -58.724106,-13.767873,0 -58.724104,-13.767656,0 -58.724084,-13.767421,0 -58.724082,-13.767186,0 -58.724081,-13.766969,0 -58.724060,-13.766734,0</coordinates></LineString></Placemark>
<Placemark><name>P-22 - 5,80 km</name><description>Maxima 5797 m | Minima 3752 m | Reta 2549 m | 104.48 ha</description><styleUrl>#rota</styleUrl><LineString><tessellate>1</tessellate><coordinates>-58.742823,-13.758052,0 -58.742730,-13.757944,0 -58.742561,-13.757692,0 -58.742375,-13.757549,0 -58.742208,-13.757387,0 -58.742022,-13.757244,0 -58.741836,-13.757082,0 -58.741668,-13.756939,0 -58.741372,-13.756869,0 -58.741057,-13.756817,0 -58.740762,-13.756909,0 -58.740467,-13.757020,0 -58.740209,-13.757184,0 -58.739951,-13.757349,0 -58.739805,-13.757531,0 -58.739640,-13.757731,0 -58.739493,-13.757913,0 -58.739347,-13.758094,0 -58.739087,-13.758042,0 -58.738718,-13.758081,0 -58.738495,-13.758028,0 -58.738273,-13.757975,0 -58.738032,-13.757905,0 -58.737810,-13.757852,0 -58.737569,-13.757800,0 -58.737347,-13.757729,0 -58.737106,-13.757676,0 -58.736884,-13.757624,0 -58.736643,-13.757571,0 -58.736420,-13.757500,0 -58.736179,-13.757448,0 -58.735957,-13.757395,0 -58.735735,-13.757342,0 -58.735494,-13.757272,0 -58.735272,-13.757219,0 -58.735031,-13.757167,0 -58.734809,-13.757114,0 -58.734568,-13.757043,0 -58.734345,-13.756991,0 -58.734104,-13.756938,0 -58.734088,-13.757155,0 -58.734071,-13.757390,0 -58.734054,-13.757607,0 -58.734037,-13.757843,0 -58.734020,-13.758078,0 -58.734004,-13.758295,0 -58.733987,-13.758530,0 -58.733970,-13.758747,0 -58.733953,-13.758982,0 -58.733936,-13.759199,0 -58.733919,-13.759434,0 -58.733903,-13.759651,0 -58.733886,-13.759886,0 -58.733869,-13.760103,0 -58.733852,-13.760338,0 -58.733835,-13.760574,0 -58.733818,-13.760791,0 -58.733802,-13.761026,0 -58.733785,-13.761243,0 -58.733768,-13.761478,0 -58.733751,-13.761695,0 -58.733734,-13.761930,0 -58.733718,-13.762147,0 -58.733701,-13.762382,0 -58.733684,-13.762599,0 -58.733667,-13.762834,0 -58.733650,-13.763051,0 -58.733633,-13.763287,0 -58.733617,-13.763522,0 -58.733600,-13.763739,0 -58.733583,-13.763974,0 -58.733566,-13.764191,0 -58.733549,-13.764426,0 -58.733532,-13.764643,0 -58.733516,-13.764878,0 -58.733499,-13.765095,0 -58.733482,-13.765330,0 -58.733465,-13.765547,0 -58.733448,-13.765782,0 -58.733432,-13.766018,0 -58.733415,-13.766235,0 -58.733398,-13.766470,0 -58.733381,-13.766687,0 -58.733364,-13.766922,0 -58.733347,-13.767139,0 -58.733331,-13.767374,0 -58.733314,-13.767591,0 -58.733297,-13.767826,0 -58.733280,-13.768043,0 -58.733263,-13.768278,0 -58.733247,-13.768513,0 -58.733230,-13.768731,0 -58.733213,-13.768966,0 -58.733196,-13.769183,0 -58.733179,-13.769418,0 -58.733162,-13.769635,0 -58.733146,-13.769870,0 -58.733129,-13.770087,0 -58.733112,-13.770322,0 -58.733095,-13.770539,0 -58.733078,-13.770774,0 -58.733228,-13.771008,0 -58.733230,-13.771225,0 -58.733213,-13.771460,0 -58.733196,-13.771695,0 -58.733179,-13.771912,0 -58.733162,-13.772148,0 -58.733145,-13.772365,0 -58.733129,-13.772600,0 -58.733112,-13.772835,0 -58.733095,-13.773052,0 -58.733078,-13.773287,0 -58.733062,-13.773522,0 -58.733045,-13.773739,0 -58.733028,-13.773974,0 -58.733011,-13.774191,0 -58.732994,-13.774426,0 -58.732977,-13.774662,0 -58.732961,-13.774879,0 -58.732944,-13.775114,0 -58.732927,-13.775349,0 -58.732910,-13.775566,0 -58.732893,-13.775801,0 -58.732877,-13.776036,0 -58.732860,-13.776253,0 -58.732843,-13.776488,0 -58.732826,-13.776705,0 -58.732809,-13.776940,0 -58.732793,-13.777176,0 -58.732776,-13.777393,0 -58.732759,-13.777628,0 -58.732742,-13.777863,0 -58.732725,-13.778080,0 -58.732708,-13.778315,0 -58.732692,-13.778532,0 -58.732675,-13.778767,0 -58.732658,-13.779002,0 -58.732641,-13.779219,0 -58.732624,-13.779454,0 -58.732311,-13.779655,0 -58.732071,-13.779621,0 -58.731830,-13.779568,0 -58.731608,-13.779534,0 -58.731367,-13.779499,0 -58.731145,-13.779465,0 -58.730904,-13.779412,0 -58.730682,-13.779378,0 -58.730441,-13.779343,0 -58.730219,-13.779309,0 -58.729978,-13.779256,0 -58.729756,-13.779222,0 -58.729515,-13.779187,0 -58.729293,-13.779134,0 -58.729052,-13.779100,0 -58.728830,-13.779065,0 -58.728589,-13.779031,0 -58.728349,-13.778978,0 -58.728126,-13.778944,0 -58.727886,-13.778909,0 -58.727663,-13.778875,0 -58.727423,-13.778822,0 -58.727200,-13.778788,0 -58.726960,-13.778753,0 -58.726738,-13.778718,0 -58.726497,-13.778666,0 -58.726275,-13.778631,0 -58.726034,-13.778597,0 -58.725812,-13.778562,0 -58.725571,-13.778510,0 -58.725349,-13.778475,0 -58.725108,-13.778441,0 -58.724886,-13.778388,0 -58.724645,-13.778354,0 -58.724404,-13.778319,0 -58.724146,-13.778411,0 -58.723869,-13.778504,0 -58.723613,-13.778831,0 -58.723577,-13.779066,0 -58.723542,-13.779283,0 -58.723507,-13.779518,0 -58.723471,-13.779736,0 -58.723436,-13.779953,0 -58.723401,-13.780188,0 -58.723384,-13.780405,0 -58.723349,-13.780640,0 -58.723313,-13.780857,0 -58.723278,-13.781093,0 -58.723243,-13.781310,0 -58.723207,-13.781527,0 -58.723172,-13.781762,0 -58.723136,-13.781980,0 -58.723101,-13.782215,0 -58.723066,-13.782432,0 -58.723049,-13.782649,0 -58.723014,-13.782884,0 -58.722978,-13.783101,0 -58.722943,-13.783337,0 -58.722908,-13.783554,0 -58.722872,-13.783771,0 -58.722837,-13.784006,0 -58.722801,-13.784223,0 -58.722766,-13.784459,0 -58.722749,-13.784676,0 -58.722714,-13.784911,0 -58.722679,-13.785128,0 -58.722643,-13.785345,0 -58.722608,-13.785581,0 -58.722573,-13.785798,0 -58.722537,-13.786033,0 -58.722502,-13.786250,0 -58.722467,-13.786467,0 -58.722450,-13.786702,0 -58.722414,-13.786920,0 -58.722379,-13.787155,0 -58.722344,-13.787372,0 -58.722308,-13.787589,0 -58.722273,-13.787824,0 -58.722238,-13.788042,0 -58.722202,-13.788277,0</coordinates></LineString></Placemark>
<Placemark><name>P-23 - 6,93 km</name><description>Maxima 6928 m | Minima 4604 m | Reta 3350 m | 126.4 ha</description><styleUrl>#rota</styleUrl><LineString><tessellate>1</tessellate><coordinates>-58.742823,-13.758052,0 -58.742730,-13.757944,0 -58.742561,-13.757692,0 -58.742375,-13.757549,0 -58.742208,-13.757387,0 -58.742022,-13.757244,0 -58.741836,-13.757082,0 -58.741668,-13.756939,0 -58.741372,-13.756869,0 -58.741057,-13.756817,0 -58.740762,-13.756909,0 -58.740467,-13.757020,0 -58.740209,-13.757184,0 -58.739951,-13.757349,0 -58.739805,-13.757531,0 -58.739640,-13.757731,0 -58.739493,-13.757913,0 -58.739347,-13.758094,0 -58.739087,-13.758042,0 -58.738718,-13.758081,0 -58.738495,-13.758028,0 -58.738273,-13.757975,0 -58.738032,-13.757905,0 -58.737810,-13.757852,0 -58.737569,-13.757800,0 -58.737347,-13.757729,0 -58.737106,-13.757676,0 -58.736884,-13.757624,0 -58.736643,-13.757571,0 -58.736420,-13.757500,0 -58.736179,-13.757448,0 -58.735957,-13.757395,0 -58.735735,-13.757342,0 -58.735494,-13.757272,0 -58.735272,-13.757219,0 -58.735031,-13.757167,0 -58.734809,-13.757114,0 -58.734568,-13.757043,0 -58.734345,-13.756991,0 -58.734104,-13.756938,0 -58.734088,-13.757155,0 -58.734071,-13.757390,0 -58.734054,-13.757607,0 -58.734037,-13.757843,0 -58.734020,-13.758078,0 -58.734004,-13.758295,0 -58.733987,-13.758530,0 -58.733970,-13.758747,0 -58.733953,-13.758982,0 -58.733936,-13.759199,0 -58.733919,-13.759434,0 -58.733903,-13.759651,0 -58.733886,-13.759886,0 -58.733869,-13.760103,0 -58.733852,-13.760338,0 -58.733835,-13.760574,0 -58.733818,-13.760791,0 -58.733802,-13.761026,0 -58.733785,-13.761243,0 -58.733768,-13.761478,0 -58.733751,-13.761695,0 -58.733734,-13.761930,0 -58.733718,-13.762147,0 -58.733701,-13.762382,0 -58.733684,-13.762599,0 -58.733667,-13.762834,0 -58.733650,-13.763051,0 -58.733633,-13.763287,0 -58.733617,-13.763522,0 -58.733600,-13.763739,0 -58.733583,-13.763974,0 -58.733566,-13.764191,0 -58.733549,-13.764426,0 -58.733532,-13.764643,0 -58.733516,-13.764878,0 -58.733499,-13.765095,0 -58.733482,-13.765330,0 -58.733465,-13.765547,0 -58.733448,-13.765782,0 -58.733432,-13.766018,0 -58.733415,-13.766235,0 -58.733398,-13.766470,0 -58.733381,-13.766687,0 -58.733364,-13.766922,0 -58.733347,-13.767139,0 -58.733331,-13.767374,0 -58.733314,-13.767591,0 -58.733297,-13.767826,0 -58.733280,-13.768043,0 -58.733263,-13.768278,0 -58.733247,-13.768513,0 -58.733230,-13.768731,0 -58.733213,-13.768966,0 -58.733196,-13.769183,0 -58.733179,-13.769418,0 -58.733162,-13.769635,0 -58.733146,-13.769870,0 -58.733129,-13.770087,0 -58.733112,-13.770322,0 -58.733095,-13.770539,0 -58.733078,-13.770774,0 -58.733228,-13.771008,0 -58.733230,-13.771225,0 -58.733213,-13.771460,0 -58.733196,-13.771695,0 -58.733179,-13.771912,0 -58.733162,-13.772148,0 -58.733145,-13.772365,0 -58.733129,-13.772600,0 -58.733112,-13.772835,0 -58.733095,-13.773052,0 -58.733078,-13.773287,0 -58.733062,-13.773522,0 -58.733045,-13.773739,0 -58.733028,-13.773974,0 -58.733011,-13.774191,0 -58.732994,-13.774426,0 -58.732977,-13.774662,0 -58.732961,-13.774879,0 -58.732944,-13.775114,0 -58.732927,-13.775349,0 -58.732910,-13.775566,0 -58.732893,-13.775801,0 -58.732877,-13.776036,0 -58.732860,-13.776253,0 -58.732843,-13.776488,0 -58.732826,-13.776705,0 -58.732809,-13.776940,0 -58.732793,-13.777176,0 -58.732776,-13.777393,0 -58.732759,-13.777628,0 -58.732742,-13.777863,0 -58.732725,-13.778080,0 -58.732708,-13.778315,0 -58.732692,-13.778532,0 -58.732675,-13.778767,0 -58.732658,-13.779002,0 -58.732641,-13.779219,0 -58.732624,-13.779454,0 -58.732608,-13.779690,0 -58.732591,-13.779907,0 -58.732574,-13.780142,0 -58.732557,-13.780377,0 -58.732540,-13.780594,0 -58.732524,-13.780829,0 -58.732507,-13.781046,0 -58.732490,-13.781281,0 -58.732473,-13.781516,0 -58.732456,-13.781733,0 -58.732439,-13.781968,0 -58.732423,-13.782204,0 -58.732406,-13.782421,0 -58.732353,-13.782819,0 -58.732263,-13.783145,0 -58.732228,-13.783380,0 -58.732211,-13.783597,0 -58.732194,-13.783832,0 -58.732178,-13.784067,0 -58.732161,-13.784284,0 -58.732144,-13.784519,0 -58.732127,-13.784754,0 -58.732110,-13.784971,0 -58.732093,-13.785207,0 -58.732058,-13.785442,0 -58.732041,-13.785677,0 -58.732025,-13.785894,0 -58.732008,-13.786129,0 -58.731991,-13.786364,0 -58.731974,-13.786581,0 -58.731957,-13.786816,0 -58.731941,-13.787052,0 -58.731924,-13.787287,0 -58.731647,-13.787415,0 -58.731426,-13.787453,0 -58.731186,-13.787509,0 -58.730964,-13.787565,0 -58.730742,-13.787602,0 -58.730502,-13.787658,0 -58.730281,-13.787714,0 -58.730059,-13.787752,0 -58.729819,-13.787808,0 -58.729598,-13.787863,0 -58.729357,-13.787901,0 -58.729136,-13.787957,0 -58.728914,-13.788013,0 -58.728674,-13.788051,0 -58.728453,-13.788106,0 -58.728231,-13.788162,0 -58.727991,-13.788200,0 -58.727769,-13.788256,0 -58.727529,-13.788294,0 -58.727308,-13.788350,0 -58.727086,-13.788405,0 -58.726846,-13.788443,0 -58.726624,-13.788499,0 -58.726403,-13.788555,0 -58.726163,-13.788593,0 -58.725941,-13.788648,0 -58.725701,-13.788704,0 -58.725480,-13.788742,0 -58.725258,-13.788798,0 -58.725018,-13.788854,0 -58.724796,-13.788891,0 -58.724575,-13.788947,0 -58.724335,-13.788985,0 -58.724113,-13.789041,0 -58.723873,-13.789097,0 -58.723651,-13.789134,0 -58.723430,-13.789190,0 -58.723190,-13.789246,0 -58.722968,-13.789284,0 -58.722747,-13.789340,0 -58.722507,-13.789395,0 -58.722285,-13.789433,0 -58.722045,-13.789489,0 -58.722009,-13.789706,0 -58.721974,-13.789942,0 -58.721939,-13.790159,0 -58.721903,-13.790394,0 -58.721850,-13.790611,0 -58.721814,-13.790828,0 -58.721779,-13.791064,0 -58.721743,-13.791281,0 -58.721690,-13.791516,0 -58.721654,-13.791733,0 -58.721619,-13.791969,0 -58.721584,-13.792186,0 -58.721548,-13.792403,0 -58.721495,-13.792638,0 -58.721459,-13.792856,0 -58.721424,-13.793091,0 -58.721388,-13.793308,0 -58.721353,-13.793543,0 -58.721299,-13.793761,0 -58.721264,-13.793978,0 -58.721229,-13.794213,0 -58.721193,-13.794430,0 -58.721139,-13.794665,0 -58.721104,-13.794883,0 -58.721069,-13.795118,0 -58.721033,-13.795335,0 -58.720998,-13.795552,0 -58.720944,-13.795788,0 -58.720909,-13.796005,0 -58.720874,-13.796240,0 -58.720838,-13.796457,0 -58.720803,-13.796692,0 -58.720749,-13.796910,0 -58.720714,-13.797127,0 -58.720678,-13.797362,0 -58.720643,-13.797579,0 -58.720589,-13.797815,0 -58.720554,-13.798032,0 -58.720518,-13.798267,0 -58.720483,-13.798484,0 -58.720448,-13.798702,0 -58.720394,-13.798937,0 -58.720358,-13.799154,0 -58.720323,-13.799389,0 -58.720288,-13.799606,0 -58.720234,-13.799824,0 -58.720199,-13.800059,0 -58.720163,-13.800276,0 -58.720385,-13.800220,0</coordinates></LineString></Placemark>
<Placemark><name>T-01 - 5,60 km</name><description>Maxima 5603 m | Minima 3748 m | Reta 3468 m | 59.49 ha</description><styleUrl>#rota</styleUrl><LineString><tessellate>1</tessellate><coordinates>-58.742823,-13.758052,0 -58.743173,-13.757850,0 -58.743542,-13.757703,0 -58.743707,-13.757539,0 -58.743872,-13.757375,0 -58.744167,-13.757211,0 -58.744407,-13.757137,0 -58.744628,-13.757063,0 -58.744849,-13.756971,0 -58.745182,-13.756987,0 -58.745460,-13.757021,0 -58.745719,-13.757109,0 -58.745979,-13.757198,0 -58.746239,-13.757304,0 -58.746647,-13.757446,0 -58.746870,-13.757680,0 -58.746983,-13.757950,0 -58.747242,-13.757876,0 -58.747481,-13.757802,0 -58.747721,-13.757728,0 -58.747943,-13.757654,0 -58.748183,-13.757598,0 -58.748423,-13.757524,0 -58.748644,-13.757450,0 -58.748884,-13.757376,0 -58.749105,-13.757320,0 -58.749345,-13.757246,0 -58.749585,-13.757172,0 -58.749807,-13.757116,0 -58.750046,-13.757042,0 -58.750286,-13.756968,0 -58.750508,-13.756895,0 -58.750748,-13.756839,0 -58.750969,-13.756765,0 -58.751190,-13.756691,0 -58.751412,-13.756635,0 -58.751633,-13.756561,0 -58.751855,-13.756505,0 -58.752076,-13.756431,0 -58.752316,-13.756375,0 -58.752537,-13.756302,0 -58.752759,-13.756246,0 -58.752980,-13.756172,0 -58.753220,-13.756098,0 -58.753479,-13.756024,0 -58.753718,-13.755950,0 -58.753977,-13.755876,0 -58.754198,-13.755820,0 -58.754420,-13.755746,0 -58.754715,-13.755653,0 -58.754955,-13.755597,0 -58.755195,-13.755523,0 -58.755416,-13.755468,0 -58.755656,-13.755394,0 -58.755896,-13.755338,0 -58.756136,-13.755264,0 -58.756376,-13.755190,0 -58.756634,-13.755134,0 -58.756874,-13.755060,0 -58.757132,-13.754985,0 -58.757354,-13.754930,0 -58.757575,-13.754856,0 -58.757815,-13.754800,0 -58.758037,-13.754744,0 -58.758258,-13.754670,0 -58.758480,-13.754614,0 -58.758701,-13.754540,0 -58.758941,-13.754484,0 -58.759162,-13.754429,0 -58.759384,-13.754355,0 -58.759605,-13.754299,0 -58.759845,-13.754225,0 -58.760067,-13.754169,0 -58.760288,-13.754113,0 -58.760510,-13.754039,0 -58.760749,-13.753983,0 -58.760971,-13.753910,0 -58.761192,-13.753854,0 -58.761432,-13.753798,0 -58.761654,-13.753724,0 -58.761875,-13.753668,0 -58.762115,-13.753594,0 -58.762337,-13.753538,0 -58.762558,-13.753464,0 -58.762798,-13.753408,0 -58.763019,-13.753353,0 -58.763259,-13.753279,0 -58.763481,-13.753223,0 -58.763702,-13.753149,0 -58.763942,-13.753093,0 -58.764163,-13.753019,0 -58.764385,-13.752963,0 -58.764385,-13.752909,0 -58.764606,-13.752853,0 -58.764827,-13.752779,0 -58.765049,-13.752724,0 -58.765270,-13.752650,0 -58.765492,-13.752594,0 -58.765713,-13.752520,0 -58.765935,-13.752464,0 -58.766156,-13.752390,0 -58.766377,-13.752334,0 -58.766599,-13.752260,0 -58.766820,-13.752187,0 -58.767042,-13.752131,0 -58.767263,-13.752057,0 -58.767484,-13.752001,0 -58.767706,-13.751927,0 -58.767927,-13.751871,0 -58.768149,-13.751797,0 -58.768370,-13.751742,0 -58.768592,-13.751668,0 -58.768813,-13.751612,0 -58.769034,-13.751538,0 -58.769256,-13.751482,0 -58.769477,-13.751408,0 -58.769699,-13.751353,0 -58.769920,-13.751279,0 -58.770142,-13.751223,0 -58.770363,-13.751149,0 -58.770584,-13.751075,0 -58.770806,-13.751019,0 -58.771027,-13.750945,0 -58.771249,-13.750889,0 -58.771470,-13.750816,0 -58.771691,-13.750760,0 -58.771913,-13.750686,0 -58.772134,-13.750630,0 -58.772356,-13.750556,0 -58.772577,-13.750500,0 -58.772798,-13.750426,0 -58.773020,-13.750371,0 -58.773241,-13.750297,0 -58.773463,-13.750241,0 -58.773684,-13.750167,0 -58.773906,-13.750111,0 -58.774127,-13.750037,0 -58.774348,-13.749963,0 -58.774588,-13.749907,0 -58.774828,-13.749833,0 -58.775050,-13.749759,0 -58.775289,-13.749703,0 -58.775529,-13.749629,0 -58.775769,-13.749555,0 -58.775991,-13.749500,0 -58.776231,-13.749426,0 -58.776470,-13.749352,0 -58.776692,-13.749296,0 -58.776932,-13.749222,0 -58.777172,-13.749148,0 -58.777411,-13.749092,0 -58.777633,-13.749018,0 -58.777725,-13.748999,0 -58.777557,-13.748765,0 -58.777370,-13.748550,0 -58.777368,-13.748279,0 -58.777441,-13.748043,0 -58.777494,-13.747808,0 -58.777548,-13.747572,0 -58.777639,-13.747355,0 -58.777748,-13.747155,0 -58.777839,-13.746937,0 -58.777892,-13.746612,0 -58.777945,-13.746286,0 -58.777980,-13.746033,0 -58.778015,-13.745779,0 -58.778106,-13.745526,0 -58.778308,-13.745398,0 -58.778435,-13.745089,0 -58.778471,-13.744890,0 -58.778506,-13.744619,0 -58.778559,-13.744347,0 -58.778594,-13.744076,0 -58.778628,-13.743696,0 -58.778552,-13.743444,0 -58.778403,-13.743228,0 -58.778180,-13.743049,0 -58.777956,-13.742815,0 -58.777733,-13.742618,0 -58.777399,-13.742512,0 -58.777251,-13.742477,0 -58.776899,-13.742461,0 -58.776659,-13.742499,0 -58.776437,-13.742465,0 -58.776103,-13.742268,0 -58.776082,-13.741943,0 -58.776118,-13.741834,0 -58.776096,-13.741437,0 -58.776020,-13.741112,0 -58.775908,-13.740950,0 -58.775703,-13.740825,0 -58.775518,-13.740700,0 -58.775331,-13.740520,0 -58.775127,-13.740395,0 -58.774958,-13.740071,0 -58.774844,-13.739674,0 -58.774750,-13.739494,0 -58.774583,-13.739333,0 -58.774396,-13.739117,0 -58.774210,-13.738938,0 -58.774024,-13.738758,0</coordinates></LineString></Placemark>
<Placemark><name>T-02 - 6,07 km</name><description>Maxima 6069 m | Minima 3748 m | Reta 3453 m | 93.91 ha</description><styleUrl>#rota</styleUrl><LineString><tessellate>1</tessellate><coordinates>-58.742823,-13.758052,0 -58.743173,-13.757850,0 -58.743542,-13.757703,0 -58.743707,-13.757539,0 -58.743872,-13.757375,0 -58.744167,-13.757211,0 -58.744407,-13.757137,0 -58.744628,-13.757063,0 -58.744849,-13.756971,0 -58.745182,-13.756987,0 -58.745460,-13.757021,0 -58.745719,-13.757109,0 -58.745979,-13.757198,0 -58.746239,-13.757304,0 -58.746647,-13.757446,0 -58.746870,-13.757680,0 -58.746983,-13.757950,0 -58.747242,-13.757876,0 -58.747481,-13.757802,0 -58.747721,-13.757728,0 -58.747943,-13.757654,0 -58.748183,-13.757598,0 -58.748423,-13.757524,0 -58.748644,-13.757450,0 -58.748884,-13.757376,0 -58.749105,-13.757320,0 -58.749345,-13.757246,0 -58.749585,-13.757172,0 -58.749807,-13.757116,0 -58.750046,-13.757042,0 -58.750286,-13.756968,0 -58.750508,-13.756895,0 -58.750748,-13.756839,0 -58.750969,-13.756765,0 -58.751190,-13.756691,0 -58.751412,-13.756635,0 -58.751633,-13.756561,0 -58.751855,-13.756505,0 -58.752076,-13.756431,0 -58.752316,-13.756375,0 -58.752537,-13.756302,0 -58.752759,-13.756246,0 -58.752980,-13.756172,0 -58.753220,-13.756098,0 -58.753479,-13.756024,0 -58.753718,-13.755950,0 -58.753977,-13.755876,0 -58.754198,-13.755820,0 -58.754420,-13.755746,0 -58.754715,-13.755653,0 -58.754955,-13.755597,0 -58.755195,-13.755523,0 -58.755416,-13.755468,0 -58.755656,-13.755394,0 -58.755896,-13.755338,0 -58.756136,-13.755264,0 -58.756376,-13.755190,0 -58.756634,-13.755134,0 -58.756874,-13.755060,0 -58.757132,-13.754985,0 -58.757354,-13.754930,0 -58.757575,-13.754856,0 -58.757815,-13.754800,0 -58.758037,-13.754744,0 -58.758258,-13.754670,0 -58.758480,-13.754614,0 -58.758701,-13.754540,0 -58.758941,-13.754484,0 -58.759162,-13.754429,0 -58.759384,-13.754355,0 -58.759605,-13.754299,0 -58.759845,-13.754225,0 -58.760067,-13.754169,0 -58.760288,-13.754113,0 -58.760510,-13.754039,0 -58.760749,-13.753983,0 -58.760971,-13.753910,0 -58.761192,-13.753854,0 -58.761432,-13.753798,0 -58.761654,-13.753724,0 -58.761875,-13.753668,0 -58.762115,-13.753594,0 -58.762337,-13.753538,0 -58.762558,-13.753464,0 -58.762798,-13.753408,0 -58.763019,-13.753353,0 -58.763259,-13.753279,0 -58.763481,-13.753223,0 -58.763702,-13.753149,0 -58.763942,-13.753093,0 -58.764163,-13.753019,0 -58.764385,-13.752963,0 -58.764385,-13.752909,0 -58.764606,-13.752853,0 -58.764827,-13.752779,0 -58.765049,-13.752724,0 -58.765270,-13.752650,0 -58.765492,-13.752594,0 -58.765713,-13.752520,0 -58.765935,-13.752464,0 -58.766156,-13.752390,0 -58.766377,-13.752334,0 -58.766599,-13.752260,0 -58.766820,-13.752187,0 -58.767042,-13.752131,0 -58.767263,-13.752057,0 -58.767484,-13.752001,0 -58.767706,-13.751927,0 -58.767927,-13.751871,0 -58.768149,-13.751797,0 -58.768370,-13.751742,0 -58.768592,-13.751668,0 -58.768813,-13.751612,0 -58.769034,-13.751538,0 -58.769256,-13.751482,0 -58.769477,-13.751408,0 -58.769699,-13.751353,0 -58.769920,-13.751279,0 -58.770142,-13.751223,0 -58.770363,-13.751149,0 -58.770584,-13.751075,0 -58.770806,-13.751019,0 -58.771027,-13.750945,0 -58.771249,-13.750889,0 -58.771470,-13.750816,0 -58.771691,-13.750760,0 -58.771913,-13.750686,0 -58.772134,-13.750630,0 -58.772356,-13.750556,0 -58.772577,-13.750500,0 -58.772798,-13.750426,0 -58.773020,-13.750371,0 -58.773241,-13.750297,0 -58.773463,-13.750241,0 -58.773684,-13.750167,0 -58.773906,-13.750111,0 -58.774127,-13.750037,0 -58.774348,-13.749963,0 -58.774588,-13.749907,0 -58.774828,-13.749833,0 -58.775050,-13.749759,0 -58.775289,-13.749703,0 -58.775529,-13.749629,0 -58.775769,-13.749555,0 -58.775991,-13.749500,0 -58.776231,-13.749426,0 -58.776470,-13.749352,0 -58.776692,-13.749296,0 -58.776932,-13.749222,0 -58.777172,-13.749148,0 -58.777411,-13.749092,0 -58.777633,-13.749018,0 -58.777725,-13.748999,0 -58.777967,-13.749124,0 -58.778208,-13.749249,0 -58.778449,-13.749373,0 -58.778672,-13.749516,0 -58.778804,-13.749805,0 -58.778898,-13.750075,0 -58.778993,-13.750328,0 -58.779087,-13.750598,0 -58.779126,-13.750851,0 -58.779128,-13.751104,0 -58.779093,-13.751411,0 -58.779115,-13.751827,0 -58.779191,-13.752061,0 -58.779304,-13.752422,0 -58.779455,-13.752837,0 -58.779623,-13.753034,0 -58.779773,-13.753250,0 -58.779940,-13.753358,0 -58.780128,-13.753736,0 -58.780370,-13.753987,0 -58.780463,-13.754059,0 -58.780613,-13.754257,0 -58.780744,-13.754473,0 -58.780893,-13.754688,0 -58.780987,-13.754905,0 -58.781063,-13.755121,0 -58.781157,-13.755355,0 -58.781178,-13.755662,0 -58.781218,-13.755988,0 -58.781276,-13.756331,0 -58.781352,-13.756601,0 -58.781409,-13.756890,0 -58.781412,-13.757179,0 -58.781414,-13.757468,0 -58.781416,-13.757758,0 -58.781362,-13.758011,0 -58.781364,-13.758282,0 -58.781237,-13.758554,0 -58.781109,-13.758736,0 -58.780999,-13.758936,0 -58.780872,-13.759135,0 -58.780725,-13.759335,0 -58.780579,-13.759553,0 -58.780433,-13.759825,0 -58.780381,-13.760260,0 -58.780383,-13.760567,0 -58.780404,-13.760874,0 -58.780462,-13.761271,0 -58.780520,-13.761524,0 -58.780596,-13.761777,0 -58.780765,-13.762119,0 -58.780785,-13.762336,0 -58.780916,-13.762551,0 -58.780973,-13.762768,0 -58.781012,-13.763003,0 -58.781069,-13.763237,0 -58.781071,-13.763472,0 -58.781054,-13.763707,0 -58.781019,-13.763943,0 -58.780965,-13.764178,0 -58.780930,-13.764431,0 -58.780876,-13.764667,0</coordinates></LineString></Placemark>
<Placemark><name>T-03 - 7,67 km</name><description>Maxima 7675 m | Minima 5617 m | Reta 3796 m | 73.69 ha</description><styleUrl>#rota</styleUrl><LineString><tessellate>1</tessellate><coordinates>-58.742823,-13.758052,0 -58.743173,-13.757850,0 -58.743542,-13.757703,0 -58.743707,-13.757539,0 -58.743872,-13.757375,0 -58.744167,-13.757211,0 -58.744407,-13.757137,0 -58.744628,-13.757063,0 -58.744849,-13.756971,0 -58.745182,-13.756987,0 -58.745460,-13.757021,0 -58.745719,-13.757109,0 -58.745979,-13.757198,0 -58.746239,-13.757304,0 -58.746647,-13.757446,0 -58.746870,-13.757680,0 -58.746983,-13.757950,0 -58.747242,-13.757876,0 -58.747481,-13.757802,0 -58.747721,-13.757728,0 -58.747943,-13.757654,0 -58.748183,-13.757598,0 -58.748423,-13.757524,0 -58.748644,-13.757450,0 -58.748884,-13.757376,0 -58.749105,-13.757320,0 -58.749345,-13.757246,0 -58.749585,-13.757172,0 -58.749807,-13.757116,0 -58.750046,-13.757042,0 -58.750286,-13.756968,0 -58.750508,-13.756895,0 -58.750748,-13.756839,0 -58.750969,-13.756765,0 -58.751190,-13.756691,0 -58.751412,-13.756635,0 -58.751633,-13.756561,0 -58.751855,-13.756505,0 -58.752076,-13.756431,0 -58.752316,-13.756375,0 -58.752537,-13.756302,0 -58.752759,-13.756246,0 -58.752980,-13.756172,0 -58.753220,-13.756098,0 -58.753479,-13.756024,0 -58.753718,-13.755950,0 -58.753977,-13.755876,0 -58.754198,-13.755820,0 -58.754420,-13.755746,0 -58.754477,-13.755981,0 -58.754515,-13.756197,0 -58.754573,-13.756432,0 -58.754611,-13.756648,0 -58.754668,-13.756883,0 -58.754707,-13.757100,0 -58.754764,-13.757334,0 -58.754803,-13.757551,0 -58.754860,-13.757785,0 -58.754899,-13.758002,0 -58.754956,-13.758237,0 -58.755013,-13.758471,0 -58.755052,-13.758706,0 -58.755109,-13.758941,0 -58.755167,-13.759193,0 -58.755224,-13.759428,0 -58.755263,-13.759681,0 -58.755320,-13.759915,0 -58.755377,-13.760168,0 -58.755435,-13.760421,0 -58.755473,-13.760655,0 -58.755531,-13.760908,0 -58.755607,-13.761233,0 -58.755646,-13.761468,0 -58.755703,-13.761702,0 -58.755760,-13.761919,0 -58.755799,-13.762153,0 -58.755856,-13.762388,0 -58.755895,-13.762623,0 -58.755952,-13.762839,0 -58.756009,-13.763074,0 -58.756048,-13.763308,0 -58.756105,-13.763543,0 -58.756162,-13.763778,0 -58.756201,-13.764012,0 -58.756258,-13.764265,0 -58.756316,-13.764500,0 -58.756373,-13.764752,0 -58.756412,-13.764987,0 -58.756469,-13.765240,0 -58.756526,-13.765474,0 -58.756565,-13.765709,0 -58.756622,-13.765944,0 -58.756680,-13.766196,0 -58.756718,-13.766431,0 -58.756776,-13.766666,0 -58.756833,-13.766900,0 -58.756890,-13.767153,0 -58.756929,-13.767388,0 -58.756986,-13.767622,0 -58.757044,-13.767875,0 -58.757082,-13.768110,0 -58.757140,-13.768344,0 -58.757197,-13.768597,0 -58.757254,-13.768831,0 -58.757293,-13.769066,0 -58.757350,-13.769301,0 -58.757389,-13.769517,0 -58.757446,-13.769752,0 -58.757503,-13.769968,0 -58.757542,-13.770203,0 -58.757599,-13.770438,0 -58.757638,-13.770654,0 -58.757695,-13.770889,0 -58.757734,-13.771106,0 -58.757791,-13.771340,0 -58.757829,-13.771557,0 -58.757887,-13.771791,0 -58.757925,-13.772008,0 -58.758021,-13.772423,0 -58.758078,-13.772658,0 -58.758117,-13.772892,0 -58.758174,-13.773127,0 -58.758231,-13.773344,0 -58.758270,-13.773578,0 -58.758327,-13.773813,0 -58.758366,-13.774048,0 -58.758423,-13.774264,0 -58.758480,-13.774499,0 -58.758519,-13.774733,0 -58.758576,-13.774950,0 -58.758615,-13.775185,0 -58.758672,-13.775419,0 -58.758729,-13.775654,0 -58.758768,-13.775889,0 -58.758825,-13.776141,0 -58.758883,-13.776376,0 -58.758921,-13.776611,0 -58.758979,-13.776845,0 -58.759036,-13.777080,0 -58.759075,-13.777314,0 -58.759132,-13.777549,0 -58.759189,-13.777784,0 -58.759228,-13.778018,0 -58.759285,-13.778271,0 -58.759343,-13.778524,0 -58.759400,-13.778758,0 -58.759439,-13.779011,0 -58.759496,-13.779264,0 -58.759553,-13.779498,0 -58.759611,-13.779769,0 -58.759668,-13.780040,0 -58.759726,-13.780292,0 -58.759783,-13.780563,0 -58.760136,-13.780778,0 -58.760193,-13.780994,0 -58.760232,-13.781229,0 -58.760289,-13.781463,0 -58.760328,-13.781698,0 -58.760385,-13.781915,0 -58.760442,-13.782149,0 -58.760481,-13.782384,0 -58.760538,-13.782619,0 -58.760577,-13.782835,0 -58.760634,-13.783070,0 -58.760673,-13.783304,0 -58.760730,-13.783539,0 -58.760787,-13.783756,0 -58.760826,-13.783990,0 -58.760883,-13.784225,0 -58.760922,-13.784460,0 -58.760979,-13.784694,0 -58.761037,-13.784911,0 -58.761075,-13.785145,0 -58.761132,-13.785380,0 -58.761171,-13.785615,0 -58.761228,-13.785831,0 -58.761286,-13.786066,0 -58.761324,-13.786301,0 -58.761382,-13.786535,0 -58.761420,-13.786752,0 -58.761477,-13.786986,0 -58.761535,-13.787221,0 -58.761573,-13.787456,0 -58.761631,-13.787672,0 -58.761669,-13.787907,0 -58.761727,-13.788141,0 -58.761784,-13.788376,0 -58.761822,-13.788593,0 -58.761880,-13.788827,0 -58.762101,-13.788771,0 -58.762323,-13.788716,0 -58.762544,-13.788642,0 -58.762766,-13.788586,0 -58.762987,-13.788530,0 -58.763209,-13.788456,0 -58.763430,-13.788400,0 -58.763652,-13.788345,0 -58.763891,-13.788271,0 -58.764113,-13.788215,0 -58.764335,-13.788159,0 -58.764556,-13.788085,0 -58.764777,-13.788029,0 -58.764999,-13.787973,0 -58.765220,-13.787899,0 -58.765442,-13.787844,0 -58.765663,-13.787788,0 -58.765903,-13.787714,0 -58.766143,-13.787640,0 -58.766383,-13.787584,0 -58.766605,-13.787510,0 -58.766845,-13.787454,0 -58.767085,-13.787380,0 -58.767325,-13.787324,0 -58.767564,-13.787250,0 -58.767804,-13.787194,0 -58.768044,-13.787120,0 -58.768266,-13.787064,0 -58.768506,-13.786990,0 -58.768746,-13.786934,0 -58.768986,-13.786860,0 -58.769226,-13.786786,0 -58.769466,-13.786730,0 -58.769705,-13.786656,0 -58.769964,-13.786600,0 -58.770204,-13.786526,0 -58.770462,-13.786452,0 -58.770702,-13.786396,0 -58.770961,-13.786322,0 -58.771182,-13.786266,0 -58.771422,-13.786192,0 -58.771643,-13.786136,0 -58.771865,-13.786062,0 -58.772105,-13.786006,0 -58.772326,-13.785932,0 -58.772566,-13.785876,0 -58.772788,-13.785802,0 -58.773028,-13.785746,0 -58.773249,-13.785691,0 -58.773489,-13.785617,0 -58.773729,-13.785543,0 -58.773969,-13.785487,0 -58.774209,-13.785413,0 -58.774449,-13.785357,0 -58.774689,-13.785283,0 -58.774929,-13.785227,0 -58.775169,-13.785153,0 -58.775390,-13.785097,0 -58.775630,-13.785023,0 -58.775870,-13.784949,0 -58.776110,-13.784893,0 -58.776350,-13.784819,0 -58.776590,-13.784763,0 -58.776811,-13.784689,0 -58.777051,-13.784633,0 -58.777291,-13.784559,0 -58.777531,-13.784485,0 -58.777771,-13.784429,0 -58.778011,-13.784355,0 -58.778269,-13.784299,0 -58.778509,-13.784225,0 -58.778749,-13.784151,0 -58.778989,-13.784095,0 -58.779229,-13.784021,0 -58.779469,-13.783965,0 -58.779690,-13.783891,0 -58.779912,-13.783835,0 -58.780152,-13.783761,0 -58.780373,-13.783705,0 -58.780613,-13.783631,0 -58.780835,-13.783575,0 -58.780870,-13.783340,0 -58.780887,-13.783105,0 -58.780922,-13.782869,0 -58.780939,-13.782652,0 -58.780974,-13.782417,0 -58.780991,-13.782182,0 -58.781026,-13.781947,0 -58.781042,-13.781712,0 -58.781059,-13.781477,0 -58.781094,-13.781241,0</coordinates></LineString></Placemark>
<Placemark><name>T-04 - 5,26 km</name><description>Maxima 5260 m | Minima 2647 m | Reta 2368 m | 205.61 ha</description><styleUrl>#rota</styleUrl><LineString><tessellate>1</tessellate><coordinates>-58.742823,-13.758052,0 -58.743173,-13.757850,0 -58.743542,-13.757703,0 -58.743707,-13.757539,0 -58.743872,-13.757375,0 -58.744167,-13.757211,0 -58.744407,-13.757137,0 -58.744628,-13.757063,0 -58.744849,-13.756971,0 -58.745182,-13.756987,0 -58.745460,-13.757021,0 -58.745719,-13.757109,0 -58.745979,-13.757198,0 -58.746239,-13.757304,0 -58.746647,-13.757446,0 -58.746870,-13.757680,0 -58.746983,-13.757950,0 -58.747242,-13.757876,0 -58.747481,-13.757802,0 -58.747721,-13.757728,0 -58.747943,-13.757654,0 -58.748183,-13.757598,0 -58.748423,-13.757524,0 -58.748644,-13.757450,0 -58.748884,-13.757376,0 -58.749105,-13.757320,0 -58.749345,-13.757246,0 -58.749585,-13.757172,0 -58.749807,-13.757116,0 -58.750046,-13.757042,0 -58.750286,-13.756968,0 -58.750508,-13.756895,0 -58.750748,-13.756839,0 -58.750969,-13.756765,0 -58.751190,-13.756691,0 -58.751412,-13.756635,0 -58.751633,-13.756561,0 -58.751855,-13.756505,0 -58.752076,-13.756431,0 -58.752316,-13.756375,0 -58.752537,-13.756302,0 -58.752759,-13.756246,0 -58.752980,-13.756172,0 -58.753220,-13.756098,0 -58.753479,-13.756024,0 -58.753718,-13.755950,0 -58.753977,-13.755876,0 -58.754198,-13.755820,0 -58.754420,-13.755746,0 -58.754715,-13.755653,0 -58.754955,-13.755597,0 -58.755195,-13.755523,0 -58.755416,-13.755468,0 -58.755656,-13.755394,0 -58.755896,-13.755338,0 -58.756136,-13.755264,0 -58.756376,-13.755190,0 -58.756634,-13.755134,0 -58.756874,-13.755060,0 -58.757132,-13.754985,0 -58.757354,-13.754930,0 -58.757575,-13.754856,0 -58.757815,-13.754800,0 -58.758037,-13.754744,0 -58.758258,-13.754670,0 -58.758480,-13.754614,0 -58.758701,-13.754540,0 -58.758941,-13.754484,0 -58.759162,-13.754429,0 -58.759384,-13.754355,0 -58.759605,-13.754299,0 -58.759845,-13.754225,0 -58.760067,-13.754169,0 -58.760288,-13.754113,0 -58.760510,-13.754039,0 -58.760749,-13.753983,0 -58.760971,-13.753910,0 -58.761192,-13.753854,0 -58.761432,-13.753798,0 -58.761654,-13.753724,0 -58.761875,-13.753668,0 -58.762115,-13.753594,0 -58.762337,-13.753538,0 -58.762558,-13.753464,0 -58.762798,-13.753408,0 -58.763019,-13.753353,0 -58.763259,-13.753279,0 -58.763481,-13.753223,0 -58.763702,-13.753149,0 -58.763942,-13.753093,0 -58.764163,-13.753019,0 -58.764385,-13.752963,0 -58.764385,-13.752909,0 -58.764606,-13.752853,0 -58.764827,-13.752779,0 -58.765049,-13.752724,0 -58.765270,-13.752650,0 -58.765492,-13.752594,0 -58.765713,-13.752520,0 -58.765935,-13.752464,0 -58.766156,-13.752390,0 -58.766377,-13.752334,0 -58.766599,-13.752260,0 -58.766820,-13.752187,0 -58.767042,-13.752131,0 -58.767263,-13.752057,0 -58.767484,-13.752001,0 -58.767706,-13.751927,0 -58.767927,-13.751871,0 -58.768149,-13.751797,0 -58.768370,-13.751742,0 -58.768592,-13.751668,0 -58.768813,-13.751612,0 -58.769034,-13.751538,0 -58.769256,-13.751482,0 -58.769477,-13.751408,0 -58.769699,-13.751353,0 -58.769920,-13.751279,0 -58.770142,-13.751223,0 -58.770363,-13.751149,0 -58.770584,-13.751075,0 -58.770806,-13.751019,0 -58.771027,-13.750945,0 -58.771249,-13.750889,0 -58.771470,-13.750816,0 -58.771691,-13.750760,0 -58.771913,-13.750686,0 -58.772134,-13.750630,0 -58.772356,-13.750556,0 -58.772577,-13.750500,0 -58.772798,-13.750426,0 -58.773020,-13.750371,0 -58.773241,-13.750297,0 -58.773463,-13.750241,0 -58.773684,-13.750167,0 -58.773906,-13.750111,0 -58.774127,-13.750037,0 -58.774070,-13.749821,0 -58.774031,-13.749586,0 -58.773974,-13.749369,0 -58.773935,-13.749153,0 -58.773878,-13.748918,0 -58.773840,-13.748702,0 -58.773782,-13.748485,0 -58.773744,-13.748250,0 -58.773687,-13.748034,0 -58.773648,-13.747817,0 -58.773591,-13.747583,0 -58.773552,-13.747366,0 -58.773495,-13.747150,0 -58.773456,-13.746915,0 -58.773399,-13.746698,0 -58.773361,-13.746482,0 -58.773303,-13.746247,0 -58.773265,-13.746030,0 -58.773208,-13.745814,0 -58.773169,-13.745579,0 -58.773112,-13.745363,0 -58.773073,-13.745146,0 -58.773016,-13.744911,0 -58.772977,-13.744695,0 -58.772920,-13.744478,0 -58.772881,-13.744244,0 -58.772824,-13.744027,0 -58.772786,-13.743810,0 -58.772728,-13.743576,0 -58.772690,-13.743359,0 -58.772633,-13.743143,0 -58.772594,-13.742908,0 -58.772537,-13.742691,0 -58.772498,-13.742475,0 -58.772441,-13.742240,0 -58.772402,-13.742024,0 -58.772345,-13.741807,0 -58.772307,-13.741572,0 -58.772249,-13.741356,0 -58.772211,-13.741139,0 -58.772154,-13.740905,0 -58.772115,-13.740688,0 -58.772058,-13.740471,0 -58.772019,-13.740237,0 -58.771962,-13.740020,0 -58.771923,-13.739804,0 -58.771866,-13.739569,0 -58.771828,-13.739352,0 -58.771789,-13.739136,0 -58.771732,-13.738901,0 -58.771693,-13.738685,0 -58.771636,-13.738468,0 -58.771597,-13.738233,0 -58.771540,-13.738017,0 -58.771502,-13.737800,0 -58.771444,-13.737566,0 -58.771406,-13.737349,0 -58.771349,-13.737132,0 -58.771310,-13.736898,0 -58.771253,-13.736681,0</coordinates></LineString></Placemark>
<Placemark><name>T-05 - 5,60 km</name><description>Maxima 5604 m | Minima 2641 m | Reta 2356 m | 205.66 ha</description><styleUrl>#rota</styleUrl><LineString><tessellate>1</tessellate><coordinates>-58.742823,-13.758052,0 -58.743173,-13.757850,0 -58.743542,-13.757703,0 -58.743707,-13.757539,0 -58.743872,-13.757375,0 -58.744167,-13.757211,0 -58.744407,-13.757137,0 -58.744628,-13.757063,0 -58.744849,-13.756971,0 -58.745182,-13.756987,0 -58.745460,-13.757021,0 -58.745719,-13.757109,0 -58.745979,-13.757198,0 -58.746239,-13.757304,0 -58.746647,-13.757446,0 -58.746870,-13.757680,0 -58.746983,-13.757950,0 -58.747242,-13.757876,0 -58.747481,-13.757802,0 -58.747721,-13.757728,0 -58.747943,-13.757654,0 -58.748183,-13.757598,0 -58.748423,-13.757524,0 -58.748644,-13.757450,0 -58.748884,-13.757376,0 -58.749105,-13.757320,0 -58.749345,-13.757246,0 -58.749585,-13.757172,0 -58.749807,-13.757116,0 -58.750046,-13.757042,0 -58.750286,-13.756968,0 -58.750508,-13.756895,0 -58.750748,-13.756839,0 -58.750969,-13.756765,0 -58.751190,-13.756691,0 -58.751412,-13.756635,0 -58.751633,-13.756561,0 -58.751855,-13.756505,0 -58.752076,-13.756431,0 -58.752316,-13.756375,0 -58.752537,-13.756302,0 -58.752759,-13.756246,0 -58.752980,-13.756172,0 -58.753220,-13.756098,0 -58.753479,-13.756024,0 -58.753718,-13.755950,0 -58.753977,-13.755876,0 -58.754198,-13.755820,0 -58.754420,-13.755746,0 -58.754477,-13.755981,0 -58.754515,-13.756197,0 -58.754573,-13.756432,0 -58.754611,-13.756648,0 -58.754668,-13.756883,0 -58.754707,-13.757100,0 -58.754764,-13.757334,0 -58.754803,-13.757551,0 -58.754860,-13.757785,0 -58.754899,-13.758002,0 -58.754956,-13.758237,0 -58.755013,-13.758471,0 -58.755052,-13.758706,0 -58.755109,-13.758941,0 -58.755167,-13.759193,0 -58.755224,-13.759428,0 -58.755263,-13.759681,0 -58.755320,-13.759915,0 -58.755377,-13.760168,0 -58.755435,-13.760421,0 -58.755473,-13.760655,0 -58.755531,-13.760908,0 -58.755607,-13.761233,0 -58.755646,-13.761468,0 -58.755703,-13.761702,0 -58.755760,-13.761919,0 -58.755799,-13.762153,0 -58.755856,-13.762388,0 -58.755895,-13.762623,0 -58.755952,-13.762839,0 -58.756009,-13.763074,0 -58.756048,-13.763308,0 -58.756105,-13.763543,0 -58.756162,-13.763778,0 -58.756201,-13.764012,0 -58.756258,-13.764265,0 -58.756316,-13.764500,0 -58.756373,-13.764752,0 -58.756412,-13.764987,0 -58.756469,-13.765240,0 -58.756526,-13.765474,0 -58.756565,-13.765709,0 -58.756622,-13.765944,0 -58.756680,-13.766196,0 -58.756718,-13.766431,0 -58.756776,-13.766666,0 -58.756833,-13.766900,0 -58.757186,-13.767115,0 -58.757243,-13.767349,0 -58.757282,-13.767584,0 -58.757339,-13.767800,0 -58.757378,-13.768035,0 -58.757435,-13.768270,0 -58.757492,-13.768486,0 -58.757531,-13.768721,0 -58.757588,-13.768937,0 -58.757627,-13.769172,0 -58.757684,-13.769407,0 -58.757723,-13.769623,0 -58.757780,-13.769858,0 -58.757837,-13.770093,0 -58.757876,-13.770309,0 -58.757933,-13.770544,0 -58.757972,-13.770779,0 -58.758029,-13.770995,0 -58.758067,-13.771212,0 -58.758125,-13.771446,0 -58.758163,-13.771663,0 -58.758220,-13.771898,0 -58.758277,-13.772114,0 -58.758316,-13.772349,0 -58.758556,-13.772275,0 -58.758777,-13.772201,0 -58.759017,-13.772145,0 -58.759239,-13.772071,0 -58.759479,-13.771997,0 -58.759700,-13.771923,0 -58.759940,-13.771867,0 -58.760180,-13.771793,0 -58.760401,-13.771719,0 -58.760641,-13.771645,0 -58.760863,-13.771589,0 -58.761103,-13.771515,0 -58.761324,-13.771441,0 -58.761564,-13.771367,0 -58.761933,-13.771256,0 -58.762154,-13.771201,0 -58.762394,-13.771127,0 -58.762616,-13.771053,0 -58.762837,-13.770997,0 -58.763077,-13.770923,0 -58.763298,-13.770849,0 -58.763538,-13.770775,0 -58.763760,-13.770719,0 -58.764000,-13.770645,0 -58.764221,-13.770571,0 -58.764443,-13.770515,0 -58.764682,-13.770441,0 -58.764904,-13.770367,0 -58.765144,-13.770293,0 -58.765365,-13.770238,0 -58.765605,-13.770164,0 -58.765826,-13.770090,0 -58.766048,-13.770034,0 -58.766288,-13.769960,0 -58.766509,-13.769886,0 -58.766749,-13.769812,0 -58.766971,-13.769756,0 -58.767192,-13.769682,0 -58.767432,-13.769608,0 -58.767653,-13.769552,0 -58.767893,-13.769478,0 -58.768115,-13.769404,0 -58.768336,-13.769349,0 -58.768557,-13.769275,0 -58.768779,-13.769219,0 -58.769019,-13.769145,0 -58.769222,-13.769089,0 -58.769462,-13.769015,0 -58.769665,-13.768959,0 -58.769905,-13.768885,0 -58.770108,-13.768830,0 -58.770366,-13.768756,0 -58.770550,-13.768700,0 -58.770809,-13.768626,0 -58.770993,-13.768570,0 -58.771215,-13.768514,0 -58.771436,-13.768441,0 -58.771713,-13.768366,0 -58.772101,-13.768255,0 -58.772340,-13.768181,0 -58.772599,-13.768107,0 -58.772783,-13.768051,0 -58.773060,-13.767977,0 -58.773448,-13.767866,0 -58.773503,-13.767847,0 -58.773891,-13.767736,0 -58.773946,-13.767717,0 -58.774333,-13.767606,0 -58.774407,-13.767588,0 -58.774776,-13.767476,0 -58.774850,-13.767458,0 -58.775219,-13.767347,0 -58.775533,-13.767254,0 -58.775883,-13.767161,0 -58.776197,-13.767069,0 -58.776326,-13.767031,0 -58.776659,-13.766939,0 -58.776769,-13.766902,0 -58.777101,-13.766809,0 -58.777323,-13.766735,0 -58.777655,-13.766642,0</coordinates></LineString></Placemark>
<Placemark><name>T-06 - 7,28 km</name><description>Maxima 7280 m | Minima 4503 m | Reta 2870 m | 165.19 ha</description><styleUrl>#rota</styleUrl><LineString><tessellate>1</tessellate><coordinates>-58.742823,-13.758052,0 -58.743173,-13.757850,0 -58.743542,-13.757703,0 -58.743707,-13.757539,0 -58.743872,-13.757375,0 -58.744167,-13.757211,0 -58.744407,-13.757137,0 -58.744628,-13.757063,0 -58.744849,-13.756971,0 -58.745182,-13.756987,0 -58.745460,-13.757021,0 -58.745719,-13.757109,0 -58.745979,-13.757198,0 -58.746239,-13.757304,0 -58.746647,-13.757446,0 -58.746870,-13.757680,0 -58.746983,-13.757950,0 -58.747242,-13.757876,0 -58.747481,-13.757802,0 -58.747721,-13.757728,0 -58.747943,-13.757654,0 -58.748183,-13.757598,0 -58.748423,-13.757524,0 -58.748644,-13.757450,0 -58.748884,-13.757376,0 -58.749105,-13.757320,0 -58.749345,-13.757246,0 -58.749585,-13.757172,0 -58.749807,-13.757116,0 -58.750046,-13.757042,0 -58.750286,-13.756968,0 -58.750508,-13.756895,0 -58.750748,-13.756839,0 -58.750969,-13.756765,0 -58.751190,-13.756691,0 -58.751412,-13.756635,0 -58.751633,-13.756561,0 -58.751855,-13.756505,0 -58.752076,-13.756431,0 -58.752316,-13.756375,0 -58.752537,-13.756302,0 -58.752759,-13.756246,0 -58.752980,-13.756172,0 -58.753220,-13.756098,0 -58.753479,-13.756024,0 -58.753718,-13.755950,0 -58.753977,-13.755876,0 -58.754198,-13.755820,0 -58.754420,-13.755746,0 -58.754477,-13.755981,0 -58.754515,-13.756197,0 -58.754573,-13.756432,0 -58.754611,-13.756648,0 -58.754668,-13.756883,0 -58.754707,-13.757100,0 -58.754764,-13.757334,0 -58.754803,-13.757551,0 -58.754860,-13.757785,0 -58.754899,-13.758002,0 -58.754956,-13.758237,0 -58.755013,-13.758471,0 -58.755052,-13.758706,0 -58.755109,-13.758941,0 -58.755167,-13.759193,0 -58.755224,-13.759428,0 -58.755263,-13.759681,0 -58.755320,-13.759915,0 -58.755377,-13.760168,0 -58.755435,-13.760421,0 -58.755473,-13.760655,0 -58.755531,-13.760908,0 -58.755607,-13.761233,0 -58.755646,-13.761468,0 -58.755703,-13.761702,0 -58.755760,-13.761919,0 -58.755799,-13.762153,0 -58.755856,-13.762388,0 -58.755895,-13.762623,0 -58.755952,-13.762839,0 -58.756009,-13.763074,0 -58.756048,-13.763308,0 -58.756105,-13.763543,0 -58.756162,-13.763778,0 -58.756201,-13.764012,0 -58.756258,-13.764265,0 -58.756316,-13.764500,0 -58.756373,-13.764752,0 -58.756412,-13.764987,0 -58.756469,-13.765240,0 -58.756526,-13.765474,0 -58.756565,-13.765709,0 -58.756622,-13.765944,0 -58.756680,-13.766196,0 -58.756718,-13.766431,0 -58.756776,-13.766666,0 -58.756833,-13.766900,0 -58.757186,-13.767115,0 -58.757243,-13.767349,0 -58.757282,-13.767584,0 -58.757339,-13.767800,0 -58.757378,-13.768035,0 -58.757435,-13.768270,0 -58.757492,-13.768486,0 -58.757531,-13.768721,0 -58.757588,-13.768937,0 -58.757627,-13.769172,0 -58.757684,-13.769407,0 -58.757723,-13.769623,0 -58.757780,-13.769858,0 -58.757837,-13.770093,0 -58.757876,-13.770309,0 -58.757933,-13.770544,0 -58.757972,-13.770779,0 -58.758029,-13.770995,0 -58.758067,-13.771212,0 -58.758125,-13.771446,0 -58.758163,-13.771663,0 -58.758220,-13.771898,0 -58.758277,-13.772114,0 -58.758316,-13.772349,0 -58.758556,-13.772275,0 -58.758777,-13.772201,0 -58.759017,-13.772145,0 -58.759239,-13.772071,0 -58.759479,-13.771997,0 -58.759700,-13.771923,0 -58.759940,-13.771867,0 -58.760180,-13.771793,0 -58.760401,-13.771719,0 -58.760641,-13.771645,0 -58.760863,-13.771589,0 -58.761103,-13.771515,0 -58.761324,-13.771441,0 -58.761564,-13.771367,0 -58.761933,-13.771256,0 -58.762154,-13.771201,0 -58.762394,-13.771127,0 -58.762616,-13.771053,0 -58.762837,-13.770997,0 -58.763077,-13.770923,0 -58.763298,-13.770849,0 -58.763538,-13.770775,0 -58.763760,-13.770719,0 -58.764000,-13.770645,0 -58.764221,-13.770571,0 -58.764443,-13.770515,0 -58.764682,-13.770441,0 -58.764904,-13.770367,0 -58.765144,-13.770293,0 -58.765365,-13.770238,0 -58.765605,-13.770164,0 -58.765826,-13.770090,0 -58.766048,-13.770034,0 -58.766288,-13.769960,0 -58.766509,-13.769886,0 -58.766749,-13.769812,0 -58.766971,-13.769756,0 -58.767192,-13.769682,0 -58.767432,-13.769608,0 -58.767653,-13.769552,0 -58.767893,-13.769478,0 -58.768115,-13.769404,0 -58.768336,-13.769349,0 -58.768557,-13.769275,0 -58.768779,-13.769219,0 -58.769019,-13.769145,0 -58.769222,-13.769089,0 -58.769462,-13.769015,0 -58.769665,-13.768959,0 -58.769905,-13.768885,0 -58.770108,-13.768830,0 -58.770366,-13.768756,0 -58.770550,-13.768700,0 -58.770809,-13.768626,0 -58.770993,-13.768570,0 -58.771215,-13.768514,0 -58.771436,-13.768441,0 -58.771713,-13.768366,0 -58.772101,-13.768255,0 -58.772340,-13.768181,0 -58.772599,-13.768107,0 -58.772783,-13.768051,0 -58.773060,-13.767977,0 -58.773448,-13.767866,0 -58.773503,-13.767847,0 -58.773891,-13.767736,0 -58.773946,-13.767717,0 -58.774333,-13.767606,0 -58.774407,-13.767588,0 -58.774776,-13.767476,0 -58.774850,-13.767458,0 -58.775219,-13.767347,0 -58.775533,-13.767254,0 -58.775883,-13.767161,0 -58.776197,-13.767069,0 -58.776326,-13.767031,0 -58.776659,-13.766939,0 -58.776880,-13.766865,0 -58.777212,-13.766772,0 -58.777544,-13.766679,0 -58.777766,-13.766605,0 -58.777859,-13.766749,0 -58.777954,-13.767074,0 -58.778031,-13.767417,0 -58.778088,-13.767633,0 -58.778145,-13.767922,0 -58.778222,-13.768211,0 -58.778261,-13.768482,0 -58.778281,-13.768735,0 -58.778320,-13.768987,0 -58.778359,-13.769258,0 -58.778379,-13.769511,0 -58.778364,-13.769909,0 -58.778366,-13.770198,0 -58.778350,-13.770488,0 -58.778352,-13.770759,0 -58.778372,-13.771030,0 -58.778374,-13.771283,0 -58.778339,-13.771536,0 -58.778304,-13.771789,0 -58.778269,-13.772043,0 -58.778234,-13.772278,0 -58.778217,-13.772531,0 -58.778201,-13.772784,0 -58.778203,-13.773037,0 -58.778186,-13.773273,0 -58.778151,-13.773508,0 -58.778116,-13.773743,0 -58.778099,-13.773978,0 -58.778064,-13.774213,0 -58.778028,-13.774449,0 -58.778012,-13.774684,0 -58.777976,-13.774919,0 -58.777941,-13.775154,0 -58.777925,-13.775389,0 -58.777889,-13.775625,0 -58.777854,-13.775878,0 -58.777819,-13.776113,0 -58.777784,-13.776367,0 -58.777749,-13.776602,0 -58.777714,-13.776837,0 -58.777678,-13.777090,0 -58.777643,-13.777326,0 -58.777590,-13.777579,0 -58.777554,-13.777814,0 -58.777519,-13.778050,0 -58.777484,-13.778285,0 -58.777449,-13.778538,0 -58.777414,-13.778773,0 -58.777379,-13.779009,0 -58.777343,-13.779244,0 -58.777308,-13.779497,0 -58.777273,-13.779732,0 -58.777238,-13.779968,0 -58.777184,-13.780221,0 -58.777112,-13.780457,0 -58.777058,-13.780692,0 -58.776986,-13.780946,0 -58.776933,-13.781181,0 -58.776861,-13.781435,0</coordinates></LineString></Placemark>
<Placemark><name>T-07 - 4,16 km</name><description>Maxima 4155 m | Minima 1553 m | Reta 1280 m | 200.1 ha</description><styleUrl>#rota</styleUrl><LineString><tessellate>1</tessellate><coordinates>-58.742823,-13.758052,0 -58.743173,-13.757850,0 -58.743542,-13.757703,0 -58.743707,-13.757539,0 -58.743872,-13.757375,0 -58.744167,-13.757211,0 -58.744407,-13.757137,0 -58.744628,-13.757063,0 -58.744849,-13.756971,0 -58.745182,-13.756987,0 -58.745460,-13.757021,0 -58.745719,-13.757109,0 -58.745979,-13.757198,0 -58.746239,-13.757304,0 -58.746647,-13.757446,0 -58.746870,-13.757680,0 -58.746983,-13.757950,0 -58.747242,-13.757876,0 -58.747481,-13.757802,0 -58.747721,-13.757728,0 -58.747943,-13.757654,0 -58.748183,-13.757598,0 -58.748423,-13.757524,0 -58.748644,-13.757450,0 -58.748884,-13.757376,0 -58.749105,-13.757320,0 -58.749345,-13.757246,0 -58.749585,-13.757172,0 -58.749807,-13.757116,0 -58.750046,-13.757042,0 -58.750286,-13.756968,0 -58.750508,-13.756895,0 -58.750748,-13.756839,0 -58.750969,-13.756765,0 -58.751190,-13.756691,0 -58.751412,-13.756635,0 -58.751633,-13.756561,0 -58.751855,-13.756505,0 -58.752076,-13.756431,0 -58.752316,-13.756375,0 -58.752537,-13.756302,0 -58.752759,-13.756246,0 -58.752980,-13.756172,0 -58.753220,-13.756098,0 -58.753479,-13.756024,0 -58.753718,-13.755950,0 -58.753977,-13.755876,0 -58.754198,-13.755820,0 -58.754420,-13.755746,0 -58.754715,-13.755653,0 -58.754955,-13.755597,0 -58.755195,-13.755523,0 -58.755416,-13.755468,0 -58.755656,-13.755394,0 -58.755896,-13.755338,0 -58.756136,-13.755264,0 -58.756376,-13.755190,0 -58.756634,-13.755134,0 -58.756874,-13.755060,0 -58.757132,-13.754985,0 -58.757354,-13.754930,0 -58.757575,-13.754856,0 -58.757815,-13.754800,0 -58.758037,-13.754744,0 -58.758258,-13.754670,0 -58.758480,-13.754614,0 -58.758701,-13.754540,0 -58.758941,-13.754484,0 -58.759162,-13.754429,0 -58.759384,-13.754355,0 -58.759605,-13.754299,0 -58.759845,-13.754225,0 -58.760067,-13.754169,0 -58.760288,-13.754113,0 -58.760510,-13.754039,0 -58.760749,-13.753983,0 -58.760971,-13.753910,0 -58.761192,-13.753854,0 -58.761432,-13.753798,0 -58.761654,-13.753724,0 -58.761875,-13.753668,0 -58.762115,-13.753594,0 -58.762337,-13.753538,0 -58.762558,-13.753464,0 -58.762798,-13.753408,0 -58.763019,-13.753353,0 -58.763259,-13.753279,0 -58.763481,-13.753223,0 -58.763702,-13.753149,0 -58.763942,-13.753093,0 -58.764163,-13.753019,0 -58.764385,-13.752963,0 -58.764327,-13.752693,0 -58.764289,-13.752476,0 -58.764232,-13.752241,0 -58.764174,-13.752025,0 -58.764136,-13.751808,0 -58.764079,-13.751592,0 -58.764022,-13.751357,0 -58.763983,-13.751140,0 -58.763926,-13.750924,0 -58.763887,-13.750689,0 -58.763830,-13.750473,0 -58.763773,-13.750256,0 -58.763734,-13.750039,0 -58.763677,-13.749805,0 -58.763638,-13.749588,0 -58.763581,-13.749372,0 -58.763524,-13.749137,0 -58.763486,-13.748921,0 -58.763428,-13.748704,0 -58.763390,-13.748487,0 -58.763333,-13.748253,0 -58.763275,-13.748036,0 -58.763237,-13.747820,0 -58.763180,-13.747585,0 -58.763123,-13.747369,0 -58.763084,-13.747152,0 -58.763027,-13.746935,0 -58.762988,-13.746701,0 -58.762931,-13.746484,0 -58.762874,-13.746268,0 -58.762835,-13.746033,0 -58.762778,-13.745816,0 -58.762739,-13.745600,0 -58.762682,-13.745383,0 -58.762625,-13.745149,0 -58.762587,-13.744932,0 -58.762529,-13.744715,0 -58.762491,-13.744481,0 -58.762434,-13.744264,0 -58.762376,-13.744048,0 -58.762338,-13.743831,0 -58.762281,-13.743597,0 -58.762224,-13.743380,0 -58.762185,-13.743163,0 -58.762128,-13.742929,0 -58.762089,-13.742712,0 -58.762032,-13.742496,0 -58.761975,-13.742279,0 -58.761936,-13.742044,0 -58.761879,-13.741828,0 -58.761841,-13.741611,0 -58.761783,-13.741377,0 -58.761726,-13.741160,0 -58.761688,-13.740943,0 -58.761630,-13.740727,0 -58.761592,-13.740492,0 -58.761535,-13.740276,0 -58.761478,-13.740059,0 -58.761439,-13.739824,0 -58.761382,-13.739608,0</coordinates></LineString></Placemark>
<Placemark><name>T-08 - 4,50 km</name><description>Maxima 4503 m | Minima 1553 m | Reta 1272 m | 202.95 ha</description><styleUrl>#rota</styleUrl><LineString><tessellate>1</tessellate><coordinates>-58.742823,-13.758052,0 -58.743173,-13.757850,0 -58.743542,-13.757703,0 -58.743707,-13.757539,0 -58.743872,-13.757375,0 -58.744167,-13.757211,0 -58.744407,-13.757137,0 -58.744628,-13.757063,0 -58.744849,-13.756971,0 -58.745182,-13.756987,0 -58.745460,-13.757021,0 -58.745719,-13.757109,0 -58.745979,-13.757198,0 -58.746239,-13.757304,0 -58.746647,-13.757446,0 -58.746870,-13.757680,0 -58.746983,-13.757950,0 -58.747242,-13.757876,0 -58.747481,-13.757802,0 -58.747721,-13.757728,0 -58.747943,-13.757654,0 -58.748183,-13.757598,0 -58.748423,-13.757524,0 -58.748644,-13.757450,0 -58.748884,-13.757376,0 -58.749105,-13.757320,0 -58.749345,-13.757246,0 -58.749585,-13.757172,0 -58.749807,-13.757116,0 -58.750046,-13.757042,0 -58.750286,-13.756968,0 -58.750508,-13.756895,0 -58.750748,-13.756839,0 -58.750969,-13.756765,0 -58.751190,-13.756691,0 -58.751412,-13.756635,0 -58.751633,-13.756561,0 -58.751855,-13.756505,0 -58.752076,-13.756431,0 -58.752316,-13.756375,0 -58.752537,-13.756302,0 -58.752759,-13.756246,0 -58.752980,-13.756172,0 -58.753220,-13.756098,0 -58.753479,-13.756024,0 -58.753718,-13.755950,0 -58.753977,-13.755876,0 -58.754198,-13.755820,0 -58.754420,-13.755746,0 -58.754477,-13.755981,0 -58.754515,-13.756197,0 -58.754573,-13.756432,0 -58.754611,-13.756648,0 -58.754668,-13.756883,0 -58.754707,-13.757100,0 -58.754764,-13.757334,0 -58.754803,-13.757551,0 -58.754860,-13.757785,0 -58.754899,-13.758002,0 -58.754956,-13.758237,0 -58.755013,-13.758471,0 -58.755052,-13.758706,0 -58.755109,-13.758941,0 -58.755167,-13.759193,0 -58.755224,-13.759428,0 -58.755263,-13.759681,0 -58.755320,-13.759915,0 -58.755377,-13.760168,0 -58.755435,-13.760421,0 -58.755473,-13.760655,0 -58.755531,-13.760908,0 -58.755607,-13.761233,0 -58.755646,-13.761468,0 -58.755703,-13.761702,0 -58.755760,-13.761919,0 -58.755799,-13.762153,0 -58.755856,-13.762388,0 -58.755895,-13.762623,0 -58.755952,-13.762839,0 -58.756009,-13.763074,0 -58.756048,-13.763308,0 -58.756105,-13.763543,0 -58.756162,-13.763778,0 -58.756201,-13.764012,0 -58.756258,-13.764265,0 -58.756316,-13.764500,0 -58.756373,-13.764752,0 -58.756412,-13.764987,0 -58.756469,-13.765240,0 -58.756526,-13.765474,0 -58.756565,-13.765709,0 -58.756622,-13.765944,0 -58.756680,-13.766196,0 -58.756718,-13.766431,0 -58.756776,-13.766666,0 -58.756833,-13.766900,0 -58.757186,-13.767115,0 -58.757243,-13.767349,0 -58.757282,-13.767584,0 -58.757339,-13.767800,0 -58.757378,-13.768035,0 -58.757435,-13.768270,0 -58.757492,-13.768486,0 -58.757531,-13.768721,0 -58.757588,-13.768937,0 -58.757627,-13.769172,0 -58.757684,-13.769407,0 -58.757723,-13.769623,0 -58.757780,-13.769858,0 -58.757837,-13.770093,0 -58.757876,-13.770309,0 -58.757933,-13.770544,0 -58.757972,-13.770779,0 -58.758029,-13.770995,0 -58.758067,-13.771212,0 -58.758125,-13.771446,0 -58.758163,-13.771663,0 -58.758220,-13.771898,0 -58.758277,-13.772114,0 -58.758316,-13.772349,0 -58.758556,-13.772275,0 -58.758777,-13.772201,0 -58.759017,-13.772145,0 -58.759239,-13.772071,0 -58.759479,-13.771997,0 -58.759700,-13.771923,0 -58.759940,-13.771867,0 -58.760180,-13.771793,0 -58.760401,-13.771719,0 -58.760641,-13.771645,0 -58.760863,-13.771589,0 -58.761103,-13.771515,0 -58.761324,-13.771441,0 -58.761564,-13.771367,0 -58.761933,-13.771256,0 -58.762154,-13.771201,0 -58.762394,-13.771127,0 -58.762616,-13.771053,0 -58.762837,-13.770997,0 -58.763077,-13.770923,0 -58.763298,-13.770849,0 -58.763538,-13.770775,0 -58.763760,-13.770719,0 -58.764000,-13.770645,0 -58.764221,-13.770571,0 -58.764443,-13.770515,0 -58.764682,-13.770441,0 -58.764904,-13.770367,0 -58.765144,-13.770293,0 -58.765365,-13.770238,0 -58.765605,-13.770164,0 -58.765826,-13.770090,0 -58.766048,-13.770034,0 -58.766288,-13.769960,0 -58.766509,-13.769886,0 -58.766749,-13.769812,0 -58.766971,-13.769756,0 -58.767192,-13.769682,0 -58.767432,-13.769608,0 -58.767653,-13.769552,0 -58.767893,-13.769478,0</coordinates></LineString></Placemark>
<Placemark><name>T-09 - 6,64 km</name><description>Maxima 6640 m | Minima 3419 m | Reta 2159 m | 185.59 ha</description><styleUrl>#rota</styleUrl><LineString><tessellate>1</tessellate><coordinates>-58.742823,-13.758052,0 -58.743173,-13.757850,0 -58.743542,-13.757703,0 -58.743707,-13.757539,0 -58.743872,-13.757375,0 -58.744167,-13.757211,0 -58.744407,-13.757137,0 -58.744628,-13.757063,0 -58.744849,-13.756971,0 -58.745182,-13.756987,0 -58.745460,-13.757021,0 -58.745719,-13.757109,0 -58.745979,-13.757198,0 -58.746239,-13.757304,0 -58.746647,-13.757446,0 -58.746870,-13.757680,0 -58.746983,-13.757950,0 -58.747242,-13.757876,0 -58.747481,-13.757802,0 -58.747721,-13.757728,0 -58.747943,-13.757654,0 -58.748183,-13.757598,0 -58.748423,-13.757524,0 -58.748644,-13.757450,0 -58.748884,-13.757376,0 -58.749105,-13.757320,0 -58.749345,-13.757246,0 -58.749585,-13.757172,0 -58.749807,-13.757116,0 -58.750046,-13.757042,0 -58.750286,-13.756968,0 -58.750508,-13.756895,0 -58.750748,-13.756839,0 -58.750969,-13.756765,0 -58.751190,-13.756691,0 -58.751412,-13.756635,0 -58.751633,-13.756561,0 -58.751855,-13.756505,0 -58.752076,-13.756431,0 -58.752316,-13.756375,0 -58.752537,-13.756302,0 -58.752759,-13.756246,0 -58.752980,-13.756172,0 -58.753220,-13.756098,0 -58.753479,-13.756024,0 -58.753718,-13.755950,0 -58.753977,-13.755876,0 -58.754198,-13.755820,0 -58.754420,-13.755746,0 -58.754477,-13.755981,0 -58.754515,-13.756197,0 -58.754573,-13.756432,0 -58.754611,-13.756648,0 -58.754668,-13.756883,0 -58.754707,-13.757100,0 -58.754764,-13.757334,0 -58.754803,-13.757551,0 -58.754860,-13.757785,0 -58.754899,-13.758002,0 -58.754956,-13.758237,0 -58.755013,-13.758471,0 -58.755052,-13.758706,0 -58.755109,-13.758941,0 -58.755167,-13.759193,0 -58.755224,-13.759428,0 -58.755263,-13.759681,0 -58.755320,-13.759915,0 -58.755377,-13.760168,0 -58.755435,-13.760421,0 -58.755473,-13.760655,0 -58.755531,-13.760908,0 -58.755607,-13.761233,0 -58.755646,-13.761468,0 -58.755703,-13.761702,0 -58.755760,-13.761919,0 -58.755799,-13.762153,0 -58.755856,-13.762388,0 -58.755895,-13.762623,0 -58.755952,-13.762839,0 -58.756009,-13.763074,0 -58.756048,-13.763308,0 -58.756105,-13.763543,0 -58.756162,-13.763778,0 -58.756201,-13.764012,0 -58.756258,-13.764265,0 -58.756316,-13.764500,0 -58.756373,-13.764752,0 -58.756412,-13.764987,0 -58.756469,-13.765240,0 -58.756526,-13.765474,0 -58.756565,-13.765709,0 -58.756622,-13.765944,0 -58.756680,-13.766196,0 -58.756718,-13.766431,0 -58.756776,-13.766666,0 -58.756833,-13.766900,0 -58.757186,-13.767115,0 -58.757243,-13.767349,0 -58.757282,-13.767584,0 -58.757339,-13.767800,0 -58.757378,-13.768035,0 -58.757435,-13.768270,0 -58.757492,-13.768486,0 -58.757531,-13.768721,0 -58.757588,-13.768937,0 -58.757627,-13.769172,0 -58.757684,-13.769407,0 -58.757723,-13.769623,0 -58.757780,-13.769858,0 -58.757837,-13.770093,0 -58.757876,-13.770309,0 -58.757933,-13.770544,0 -58.757972,-13.770779,0 -58.758029,-13.770995,0 -58.758067,-13.771212,0 -58.758125,-13.771446,0 -58.758163,-13.771663,0 -58.758220,-13.771898,0 -58.758277,-13.772114,0 -58.758316,-13.772349,0 -58.758556,-13.772275,0 -58.758777,-13.772201,0 -58.759017,-13.772145,0 -58.759239,-13.772071,0 -58.759479,-13.771997,0 -58.759700,-13.771923,0 -58.759940,-13.771867,0 -58.760180,-13.771793,0 -58.760401,-13.771719,0 -58.760641,-13.771645,0 -58.760863,-13.771589,0 -58.761103,-13.771515,0 -58.761324,-13.771441,0 -58.761564,-13.771367,0 -58.761933,-13.771256,0 -58.762154,-13.771201,0 -58.762394,-13.771127,0 -58.762616,-13.771053,0 -58.762837,-13.770997,0 -58.763077,-13.770923,0 -58.763298,-13.770849,0 -58.763538,-13.770775,0 -58.763760,-13.770719,0 -58.764000,-13.770645,0 -58.764221,-13.770571,0 -58.764443,-13.770515,0 -58.764682,-13.770441,0 -58.764904,-13.770367,0 -58.765144,-13.770293,0 -58.765365,-13.770238,0 -58.765605,-13.770164,0 -58.765826,-13.770090,0 -58.766048,-13.770034,0 -58.766288,-13.769960,0 -58.766509,-13.769886,0 -58.766749,-13.769812,0 -58.766971,-13.769756,0 -58.767192,-13.769682,0 -58.767432,-13.769608,0 -58.767653,-13.769552,0 -58.767893,-13.769478,0 -58.767932,-13.769695,0 -58.767989,-13.769930,0 -58.768028,-13.770146,0 -58.768066,-13.770381,0 -58.768123,-13.770597,0 -58.768162,-13.770832,0 -58.768219,-13.771049,0 -58.768258,-13.771265,0 -58.768297,-13.771500,0 -58.768354,-13.771716,0 -58.768393,-13.771951,0 -58.768450,-13.772168,0 -58.768488,-13.772402,0 -58.768527,-13.772619,0 -58.768584,-13.772854,0 -58.768623,-13.773070,0 -58.768680,-13.773287,0 -58.768719,-13.773522,0 -58.768757,-13.773738,0 -58.768815,-13.773973,0 -58.768853,-13.774189,0 -58.768911,-13.774424,0 -58.768949,-13.774641,0 -58.768988,-13.774875,0 -58.769045,-13.775092,0 -58.769084,-13.775308,0 -58.769141,-13.775543,0 -58.769179,-13.775760,0 -58.769218,-13.775994,0 -58.769275,-13.776211,0 -58.769314,-13.776446,0 -58.769371,-13.776662,0 -58.769410,-13.776879,0 -58.769449,-13.777114,0 -58.769506,-13.777330,0 -58.769544,-13.777565,0 -58.769602,-13.777781,0 -58.769640,-13.778016,0 -58.769679,-13.778233,0 -58.769736,-13.778467,0 -58.769775,-13.778684,0 -58.769832,-13.778900,0 -58.769871,-13.779135,0 -58.769909,-13.779352,0 -58.769967,-13.779586,0 -58.770005,-13.779803,0 -58.770062,-13.780038,0 -58.770101,-13.780254,0 -58.770140,-13.780489,0 -58.770197,-13.780705,0 -58.770236,-13.780922,0 -58.769902,-13.780888,0 -58.769734,-13.780673,0 -58.769512,-13.780638,0 -58.769235,-13.780676,0 -58.768921,-13.780769,0 -58.768645,-13.780952,0 -58.768277,-13.781117,0 -58.768167,-13.781262,0 -58.768151,-13.781588,0 -58.768098,-13.781914,0 -58.768043,-13.782095,0 -58.767935,-13.782385,0 -58.767827,-13.782819,0 -58.767792,-13.783109,0 -58.767757,-13.783398,0 -58.767741,-13.783688,0 -58.767725,-13.783959,0 -58.767708,-13.784230,0 -58.767969,-13.784445,0 -58.768118,-13.784625,0 -58.768267,-13.784805,0 -58.768417,-13.784984,0 -58.768566,-13.785164,0 -58.768752,-13.785325,0 -58.768938,-13.785505,0 -58.769143,-13.785666,0 -58.769439,-13.785664,0</coordinates></LineString></Placemark>
<Placemark><name>T-10 - 3,03 km</name><description>Maxima 3033 m | Minima 155 m | Reta 154 m | 171.85 ha</description><styleUrl>#rota</styleUrl><LineString><tessellate>1</tessellate><coordinates>-58.742823,-13.758052,0 -58.743173,-13.757850,0 -58.743542,-13.757703,0 -58.743707,-13.757539,0 -58.743872,-13.757375,0 -58.744167,-13.757211,0 -58.744407,-13.757137,0 -58.744628,-13.757063,0 -58.744849,-13.756971,0 -58.745182,-13.756987,0 -58.745460,-13.757021,0 -58.745719,-13.757109,0 -58.745979,-13.757198,0 -58.746239,-13.757304,0 -58.746647,-13.757446,0 -58.746870,-13.757680,0 -58.746983,-13.757950,0 -58.747242,-13.757876,0 -58.747481,-13.757802,0 -58.747721,-13.757728,0 -58.747943,-13.757654,0 -58.748183,-13.757598,0 -58.748423,-13.757524,0 -58.748644,-13.757450,0 -58.748884,-13.757376,0 -58.749105,-13.757320,0 -58.749345,-13.757246,0 -58.749585,-13.757172,0 -58.749807,-13.757116,0 -58.750046,-13.757042,0 -58.750286,-13.756968,0 -58.750508,-13.756895,0 -58.750748,-13.756839,0 -58.750969,-13.756765,0 -58.751190,-13.756691,0 -58.751412,-13.756635,0 -58.751633,-13.756561,0 -58.751855,-13.756505,0 -58.752076,-13.756431,0 -58.752316,-13.756375,0 -58.752537,-13.756302,0 -58.752759,-13.756246,0 -58.752980,-13.756172,0 -58.753220,-13.756098,0 -58.753479,-13.756024,0 -58.753718,-13.755950,0 -58.753977,-13.755876,0 -58.754198,-13.755820,0 -58.754420,-13.755746,0 -58.754381,-13.755547,0 -58.754324,-13.755313,0 -58.754267,-13.755078,0 -58.754228,-13.754843,0 -58.754171,-13.754591,0 -58.754113,-13.754356,0 -58.754075,-13.754121,0 -58.754017,-13.753869,0 -58.753960,-13.753634,0 -58.753903,-13.753400,0 -58.753864,-13.753147,0 -58.753807,-13.752912,0 -58.753749,-13.752678,0 -58.753711,-13.752425,0 -58.753653,-13.752190,0 -58.753596,-13.751956,0 -58.753539,-13.751703,0 -58.753500,-13.751468,0 -58.753443,-13.751234,0 -58.753385,-13.750981,0 -58.753347,-13.750746,0 -58.753290,-13.750530,0 -58.753251,-13.750295,0 -58.753194,-13.750079,0 -58.753155,-13.749862,0 -58.753098,-13.749627,0 -58.753041,-13.749411,0 -58.753002,-13.749176,0 -58.752945,-13.748960,0 -58.752907,-13.748743,0 -58.752849,-13.748508,0 -58.752811,-13.748292,0 -58.752754,-13.748075,0 -58.752715,-13.747840,0 -58.752658,-13.747624,0 -58.752619,-13.747389,0 -58.752562,-13.747173,0 -58.752523,-13.746956,0 -58.752466,-13.746721,0 -58.752428,-13.746505,0 -58.752370,-13.746270,0 -58.752332,-13.746054,0 -58.752275,-13.745819,0 -58.752217,-13.745584,0 -58.752179,-13.745368,0 -58.752121,-13.745133,0 -58.752083,-13.744898,0 -58.752026,-13.744682,0 -58.751968,-13.744447,0 -58.751930,-13.744213,0 -58.751873,-13.743978,0 -58.751834,-13.743743,0 -58.751777,-13.743527,0 -58.751719,-13.743292,0 -58.751681,-13.743057,0 -58.751624,-13.742823,0 -58.751585,-13.742588,0 -58.751528,-13.742372,0</coordinates></LineString></Placemark>
<Placemark><name>T-11 - 3,48 km</name><description>Maxima 3484 m | Minima 679 m | Reta 258 m | 181.52 ha</description><styleUrl>#rota</styleUrl><LineString><tessellate>1</tessellate><coordinates>-58.742823,-13.758052,0 -58.743173,-13.757850,0 -58.743542,-13.757703,0 -58.743707,-13.757539,0 -58.743872,-13.757375,0 -58.744167,-13.757211,0 -58.744407,-13.757137,0 -58.744628,-13.757063,0 -58.744849,-13.756971,0 -58.745182,-13.756987,0 -58.745460,-13.757021,0 -58.745719,-13.757109,0 -58.745979,-13.757198,0 -58.746239,-13.757304,0 -58.746647,-13.757446,0 -58.746870,-13.757680,0 -58.746983,-13.757950,0 -58.747134,-13.758328,0 -58.747210,-13.758617,0 -58.747138,-13.758853,0 -58.747066,-13.759106,0 -58.746938,-13.759306,0 -58.746810,-13.759506,0 -58.746608,-13.759670,0 -58.746405,-13.759834,0 -58.746184,-13.759926,0 -58.745944,-13.760000,0 -58.745723,-13.760092,0 -58.745781,-13.760363,0 -58.745838,-13.760633,0 -58.745896,-13.760922,0 -58.745656,-13.761014,0 -58.745435,-13.761124,0 -58.745214,-13.761234,0 -58.745234,-13.761487,0 -58.745255,-13.761758,0 -58.745275,-13.762029,0 -58.745296,-13.762300,0 -58.745353,-13.762517,0 -58.745410,-13.762751,0 -58.745449,-13.762986,0 -58.745506,-13.763221,0 -58.745563,-13.763455,0 -58.745620,-13.763672,0 -58.745677,-13.763906,0 -58.745810,-13.764285,0 -58.745885,-13.764501,0 -58.745961,-13.764736,0 -58.746036,-13.764916,0 -58.746112,-13.765133,0 -58.746188,-13.765367,0 -58.746263,-13.765583,0 -58.746376,-13.765781,0 -58.746470,-13.765998,0 -58.746582,-13.766196,0 -58.746695,-13.766412,0 -58.746807,-13.766610,0 -58.746920,-13.766826,0 -58.747032,-13.767024,0 -58.747126,-13.767240,0 -58.747220,-13.767439,0 -58.747314,-13.767655,0 -58.747408,-13.767853,0 -58.747502,-13.768069,0 -58.747596,-13.768267,0 -58.747690,-13.768484,0 -58.747766,-13.768682,0 -58.747860,-13.768898,0 -58.747991,-13.769114,0 -58.748103,-13.769330,0 -58.748216,-13.769546,0 -58.748347,-13.769762,0 -58.748460,-13.769979,0 -58.748572,-13.770195,0 -58.748703,-13.770411,0 -58.748816,-13.770627,0 -58.748947,-13.770843,0 -58.749078,-13.771041,0 -58.749227,-13.771239,0 -58.749358,-13.771455,0 -58.749508,-13.771652,0 -58.749639,-13.771850,0 -58.749788,-13.772066,0 -58.749975,-13.772300,0 -58.750124,-13.772479,0 -58.750237,-13.772750,0 -58.750295,-13.773002,0 -58.750352,-13.773237,0 -58.750428,-13.773490,0 -58.750485,-13.773724,0 -58.750542,-13.773959,0 -58.750712,-13.774373,0 -58.750933,-13.774318,0 -58.751155,-13.774262,0 -58.751395,-13.774188,0 -58.751616,-13.774132,0 -58.751838,-13.774076,0 -58.752078,-13.774020,0 -58.752299,-13.773946,0 -58.752520,-13.773890,0 -58.752761,-13.773835,0 -58.752982,-13.773779,0 -58.753203,-13.773705,0 -58.753443,-13.773649,0 -58.753665,-13.773593,0 -58.753886,-13.773537,0 -58.754126,-13.773463,0 -58.754348,-13.773407,0 -58.754588,-13.773351,0 -58.754809,-13.773296,0 -58.755031,-13.773222,0 -58.755271,-13.773166,0 -58.755492,-13.773110,0 -58.755714,-13.773036,0 -58.755954,-13.772980,0 -58.756175,-13.772924,0 -58.756397,-13.772869,0 -58.756655,-13.772794,0 -58.756895,-13.772739,0 -58.757116,-13.772665,0</coordinates></LineString></Placemark>
<Placemark><name>T-12 - 5,61 km</name><description>Maxima 5608 m | Minima 2765 m | Reta 1843 m | 141.49 ha</description><styleUrl>#rota</styleUrl><LineString><tessellate>1</tessellate><coordinates>-58.742823,-13.758052,0 -58.743173,-13.757850,0 -58.743542,-13.757703,0 -58.743707,-13.757539,0 -58.743872,-13.757375,0 -58.744167,-13.757211,0 -58.744407,-13.757137,0 -58.744628,-13.757063,0 -58.744849,-13.756971,0 -58.745182,-13.756987,0 -58.745460,-13.757021,0 -58.745719,-13.757109,0 -58.745979,-13.757198,0 -58.746239,-13.757304,0 -58.746647,-13.757446,0 -58.746870,-13.757680,0 -58.746983,-13.757950,0 -58.747134,-13.758328,0 -58.747210,-13.758617,0 -58.747138,-13.758853,0 -58.747066,-13.759106,0 -58.746938,-13.759306,0 -58.746810,-13.759506,0 -58.746608,-13.759670,0 -58.746405,-13.759834,0 -58.746184,-13.759926,0 -58.745944,-13.760000,0 -58.745723,-13.760092,0 -58.745781,-13.760363,0 -58.745838,-13.760633,0 -58.745896,-13.760922,0 -58.745656,-13.761014,0 -58.745435,-13.761124,0 -58.745214,-13.761234,0 -58.745234,-13.761487,0 -58.745255,-13.761758,0 -58.745275,-13.762029,0 -58.745296,-13.762300,0 -58.745353,-13.762517,0 -58.745410,-13.762751,0 -58.745449,-13.762986,0 -58.745506,-13.763221,0 -58.745563,-13.763455,0 -58.745620,-13.763672,0 -58.745677,-13.763906,0 -58.745810,-13.764285,0 -58.745885,-13.764501,0 -58.745961,-13.764736,0 -58.746036,-13.764916,0 -58.746112,-13.765133,0 -58.746188,-13.765367,0 -58.746263,-13.765583,0 -58.746376,-13.765781,0 -58.746470,-13.765998,0 -58.746582,-13.766196,0 -58.746695,-13.766412,0 -58.746807,-13.766610,0 -58.746920,-13.766826,0 -58.747032,-13.767024,0 -58.747126,-13.767240,0 -58.747220,-13.767439,0 -58.747314,-13.767655,0 -58.747408,-13.767853,0 -58.747502,-13.768069,0 -58.747596,-13.768267,0 -58.747690,-13.768484,0 -58.747766,-13.768682,0 -58.747860,-13.768898,0 -58.747991,-13.769114,0 -58.748103,-13.769330,0 -58.748216,-13.769546,0 -58.748347,-13.769762,0 -58.748460,-13.769979,0 -58.748572,-13.770195,0 -58.748703,-13.770411,0 -58.748816,-13.770627,0 -58.748947,-13.770843,0 -58.749078,-13.771041,0 -58.749227,-13.771239,0 -58.749358,-13.771455,0 -58.749508,-13.771652,0 -58.749639,-13.771850,0 -58.749788,-13.772066,0 -58.749975,-13.772300,0 -58.750124,-13.772479,0 -58.750237,-13.772750,0 -58.750295,-13.773002,0 -58.750352,-13.773237,0 -58.750428,-13.773490,0 -58.750485,-13.773724,0 -58.750542,-13.773959,0 -58.750712,-13.774373,0 -58.750751,-13.774644,0 -58.750790,-13.774933,0 -58.750829,-13.775204,0 -58.750905,-13.775438,0 -58.750962,-13.775655,0 -58.751019,-13.775890,0 -58.751095,-13.776124,0 -58.751152,-13.776341,0 -58.751209,-13.776593,0 -58.751266,-13.776828,0 -58.751324,-13.777080,0 -58.751362,-13.777333,0 -58.751420,-13.777568,0 -58.751477,-13.777821,0 -58.751553,-13.778055,0 -58.751647,-13.778307,0 -58.751888,-13.778378,0 -58.752110,-13.778394,0 -58.752315,-13.778538,0 -58.752501,-13.778699,0 -58.752724,-13.778860,0 -58.752966,-13.779021,0 -58.753189,-13.779182,0 -58.753338,-13.779398,0 -58.753488,-13.779614,0 -58.753564,-13.779921,0 -58.753640,-13.780209,0 -58.753716,-13.780498,0 -58.753645,-13.780806,0 -58.753573,-13.781132,0 -58.753445,-13.781313,0 -58.753430,-13.781711,0 -58.753487,-13.781964,0 -58.753526,-13.782199,0 -58.753657,-13.782487,0 -58.753789,-13.782775,0 -58.753772,-13.783010,0 -58.753737,-13.783264,0 -58.753369,-13.783465,0 -58.753110,-13.783521,0 -58.752741,-13.783578,0 -58.752743,-13.783921,0 -58.752727,-13.784157,0 -58.752728,-13.784374,0 -58.752711,-13.784609,0 -58.752695,-13.784844,0 -58.752678,-13.785061,0 -58.752680,-13.785296,0 -58.752663,-13.785531,0 -58.752646,-13.785748,0 -58.752629,-13.785983,0 -58.752631,-13.786218,0 -58.752614,-13.786435,0 -58.752597,-13.786670,0 -58.752581,-13.786905,0 -58.752564,-13.787122,0 -58.752565,-13.787357,0 -58.752549,-13.787574,0 -58.752532,-13.787809,0 -58.752515,-13.788045,0 -58.752517,-13.788262,0 -58.752500,-13.788497,0 -58.752483,-13.788732,0 -58.752466,-13.788949,0 -58.752468,-13.789184,0 -58.752451,-13.789419,0 -58.752434,-13.789636,0 -58.752418,-13.789871,0 -58.752419,-13.790106,0 -58.752403,-13.790323,0 -58.752386,-13.790558,0 -58.752369,-13.790793,0 -58.752352,-13.791010,0 -58.752354,-13.791245,0 -58.752337,-13.791480,0 -58.752559,-13.791407,0 -58.752799,-13.791351,0 -58.753020,-13.791277,0 -58.753260,-13.791221,0 -58.753482,-13.791147,0 -58.753722,-13.791091,0 -58.753943,-13.791035,0 -58.754183,-13.790961,0 -58.754404,-13.790905,0 -58.754644,-13.790831,0 -58.754866,-13.790776,0 -58.755106,-13.790701,0 -58.755327,-13.790646,0 -58.755567,-13.790572,0 -58.755789,-13.790516,0 -58.756029,-13.790442,0 -58.756250,-13.790386,0 -58.756490,-13.790330,0 -58.756730,-13.790256,0 -58.756952,-13.790200,0 -58.757192,-13.790126,0 -58.757413,-13.790070,0 -58.757653,-13.789996,0 -58.757874,-13.789941,0 -58.758114,-13.789867,0 -58.758354,-13.789811,0 -58.758576,-13.789737,0 -58.758816,-13.789681,0</coordinates></LineString></Placemark>
<Placemark><name>T-13 - 3,13 km</name><description>Maxima 3126 m | Minima 1247 m | Reta 308 m | 56.86 ha</description><styleUrl>#rota</styleUrl><LineString><tessellate>1</tessellate><coordinates>-58.742823,-13.758052,0 -58.742730,-13.757944,0 -58.742561,-13.757692,0 -58.742375,-13.757549,0 -58.742208,-13.757387,0 -58.742022,-13.757244,0 -58.741836,-13.757082,0 -58.741668,-13.756939,0 -58.741372,-13.756869,0 -58.741057,-13.756817,0 -58.740762,-13.756909,0 -58.740467,-13.757020,0 -58.740209,-13.757184,0 -58.739951,-13.757349,0 -58.739805,-13.757531,0 -58.739640,-13.757731,0 -58.739493,-13.757913,0 -58.739422,-13.758256,0 -58.739644,-13.758309,0 -58.739776,-13.758616,0 -58.739908,-13.758940,0 -58.740021,-13.759210,0 -58.740115,-13.759481,0 -58.740265,-13.759751,0 -58.740415,-13.760021,0 -58.740675,-13.760146,0 -58.740935,-13.760270,0 -58.741212,-13.760287,0 -58.741490,-13.760303,0 -58.741658,-13.760536,0 -58.741845,-13.760770,0 -58.742031,-13.760968,0 -58.742236,-13.761165,0 -58.742441,-13.761344,0 -58.742424,-13.761579,0 -58.742389,-13.761815,0 -58.742372,-13.762050,0 -58.742521,-13.762266,0 -58.742578,-13.762482,0 -58.742636,-13.762717,0 -58.742693,-13.762933,0 -58.742750,-13.763150,0 -58.742807,-13.763366,0 -58.742864,-13.763601,0 -58.742921,-13.763817,0 -58.742978,-13.764034,0 -58.743017,-13.764251,0 -58.743074,-13.764485,0 -58.743131,-13.764702,0 -58.743188,-13.764918,0 -58.743245,-13.765135,0 -58.743303,-13.765369,0 -58.743360,-13.765586,0 -58.743417,-13.765802,0 -58.743474,-13.766019,0 -58.743531,-13.766254,0 -58.743588,-13.766470,0 -58.743645,-13.766687,0 -58.743702,-13.766903,0 -58.743760,-13.767138,0 -58.743798,-13.767354,0 -58.743855,-13.767571,0 -58.743912,-13.767787,0 -58.743970,-13.768022,0 -58.744027,-13.768239,0 -58.744084,-13.768455,0 -58.744141,-13.768672,0 -58.744198,-13.768906,0 -58.744255,-13.769123,0 -58.744312,-13.769339,0 -58.744369,-13.769556,0 -58.744426,-13.769790,0 -58.744484,-13.770007,0 -58.744686,-13.769897,0 -58.744907,-13.769769,0 -58.745148,-13.769839,0 -58.745370,-13.769892,0 -58.745484,-13.770289,0 -58.745375,-13.770525,0 -58.745247,-13.770761,0 -58.744989,-13.770817,0 -58.744712,-13.770873,0 -58.744769,-13.771107,0 -58.744826,-13.771324,0 -58.744883,-13.771540,0 -58.744940,-13.771757,0 -58.744998,-13.771974,0 -58.745055,-13.772208,0 -58.745112,-13.772425,0 -58.745169,-13.772641,0 -58.745226,-13.772858,0 -58.745283,-13.773092,0 -58.745340,-13.773309,0 -58.745397,-13.773525,0 -58.745455,-13.773742,0 -58.745512,-13.773976,0 -58.745569,-13.774193,0 -58.745626,-13.774409,0 -58.745683,-13.774626,0 -58.745740,-13.774842,0 -58.745797,-13.775077,0 -58.745854,-13.775294,0 -58.745912,-13.775510,0 -58.745969,-13.775727,0 -58.746209,-13.775671,0 -58.746430,-13.775615,0 -58.746652,-13.775541,0 -58.746892,-13.775485,0 -58.747113,-13.775429,0 -58.747334,-13.775355,0</coordinates></LineString></Placemark>
<Placemark><name>T-14 - 5,20 km</name><description>Maxima 5197 m | Minima 2790 m | Reta 1828 m | 81.07 ha</description><styleUrl>#rota</styleUrl><LineString><tessellate>1</tessellate><coordinates>-58.742823,-13.758052,0 -58.743173,-13.757850,0 -58.743542,-13.757703,0 -58.743707,-13.757539,0 -58.743872,-13.757375,0 -58.744167,-13.757211,0 -58.744407,-13.757137,0 -58.744628,-13.757063,0 -58.744849,-13.756971,0 -58.745182,-13.756987,0 -58.745460,-13.757021,0 -58.745719,-13.757109,0 -58.745979,-13.757198,0 -58.746239,-13.757304,0 -58.746647,-13.757446,0 -58.746870,-13.757680,0 -58.746983,-13.757950,0 -58.747134,-13.758328,0 -58.747210,-13.758617,0 -58.747138,-13.758853,0 -58.747066,-13.759106,0 -58.746938,-13.759306,0 -58.746810,-13.759506,0 -58.746608,-13.759670,0 -58.746405,-13.759834,0 -58.746184,-13.759926,0 -58.745944,-13.760000,0 -58.745723,-13.760092,0 -58.745781,-13.760363,0 -58.745838,-13.760633,0 -58.745896,-13.760922,0 -58.745656,-13.761014,0 -58.745435,-13.761124,0 -58.745214,-13.761234,0 -58.745234,-13.761487,0 -58.745255,-13.761758,0 -58.745275,-13.762029,0 -58.745296,-13.762300,0 -58.745353,-13.762517,0 -58.745410,-13.762751,0 -58.745449,-13.762986,0 -58.745506,-13.763221,0 -58.745563,-13.763455,0 -58.745620,-13.763672,0 -58.745677,-13.763906,0 -58.745810,-13.764285,0 -58.745885,-13.764501,0 -58.745961,-13.764736,0 -58.746036,-13.764916,0 -58.746112,-13.765133,0 -58.746188,-13.765367,0 -58.746263,-13.765583,0 -58.746376,-13.765781,0 -58.746470,-13.765998,0 -58.746582,-13.766196,0 -58.746695,-13.766412,0 -58.746807,-13.766610,0 -58.746920,-13.766826,0 -58.747032,-13.767024,0 -58.747126,-13.767240,0 -58.747220,-13.767439,0 -58.747314,-13.767655,0 -58.747408,-13.767853,0 -58.747502,-13.768069,0 -58.747596,-13.768267,0 -58.747690,-13.768484,0 -58.747766,-13.768682,0 -58.747860,-13.768898,0 -58.747991,-13.769114,0 -58.748103,-13.769330,0 -58.748216,-13.769546,0 -58.748347,-13.769762,0 -58.748460,-13.769979,0 -58.748572,-13.770195,0 -58.748703,-13.770411,0 -58.748816,-13.770627,0 -58.748947,-13.770843,0 -58.749078,-13.771041,0 -58.749227,-13.771239,0 -58.749358,-13.771455,0 -58.749508,-13.771652,0 -58.749639,-13.771850,0 -58.749788,-13.772066,0 -58.749975,-13.772300,0 -58.750124,-13.772479,0 -58.750237,-13.772750,0 -58.750295,-13.773002,0 -58.750352,-13.773237,0 -58.750428,-13.773490,0 -58.750485,-13.773724,0 -58.750542,-13.773959,0 -58.750712,-13.774373,0 -58.750751,-13.774644,0 -58.750790,-13.774933,0 -58.750829,-13.775204,0 -58.750905,-13.775438,0 -58.750962,-13.775655,0 -58.751019,-13.775890,0 -58.751095,-13.776124,0 -58.751152,-13.776341,0 -58.751209,-13.776593,0 -58.751266,-13.776828,0 -58.751324,-13.777080,0 -58.751362,-13.777333,0 -58.751420,-13.777568,0 -58.751477,-13.777821,0 -58.751553,-13.778055,0 -58.751647,-13.778307,0 -58.751888,-13.778378,0 -58.752110,-13.778394,0 -58.752315,-13.778538,0 -58.752501,-13.778699,0 -58.752724,-13.778860,0 -58.752966,-13.779021,0 -58.753189,-13.779182,0 -58.753338,-13.779398,0 -58.753488,-13.779614,0 -58.753564,-13.779921,0 -58.753640,-13.780209,0 -58.753716,-13.780498,0 -58.753645,-13.780806,0 -58.753573,-13.781132,0 -58.753445,-13.781313,0 -58.753430,-13.781711,0 -58.753487,-13.781964,0 -58.753526,-13.782199,0 -58.753657,-13.782487,0 -58.753789,-13.782775,0 -58.753772,-13.783010,0 -58.753737,-13.783264,0 -58.753369,-13.783465,0 -58.753110,-13.783521,0 -58.752741,-13.783578,0 -58.752724,-13.783795,0 -58.752707,-13.784030,0 -58.752690,-13.784265,0 -58.752673,-13.784482,0 -58.752657,-13.784717,0 -58.752640,-13.784953,0 -58.752623,-13.785170,0 -58.752625,-13.785405,0 -58.752608,-13.785640,0 -58.752591,-13.785857,0 -58.752574,-13.786092,0 -58.752558,-13.786327,0 -58.752541,-13.786544,0 -58.752524,-13.786779,0 -58.752507,-13.787014,0 -58.752491,-13.787231,0 -58.752474,-13.787466,0 -58.752457,-13.787702,0 -58.752440,-13.787919,0 -58.752442,-13.788154,0 -58.752425,-13.788389,0 -58.752408,-13.788606,0 -58.752392,-13.788841,0 -58.752375,-13.789076,0 -58.752358,-13.789293,0 -58.752341,-13.789528,0 -58.752324,-13.789763,0 -58.752308,-13.789980,0 -58.752291,-13.790215,0 -58.752274,-13.790451,0 -58.752276,-13.790667,0 -58.752259,-13.790903,0 -58.752242,-13.791138,0 -58.752225,-13.791355,0 -58.751985,-13.791429,0 -58.751764,-13.791485,0 -58.751542,-13.791540,0 -58.751302,-13.791596,0 -58.751081,-13.791652,0 -58.750859,-13.791708,0 -58.750619,-13.791764,0 -58.750398,-13.791820,0 -58.750176,-13.791875,0 -58.749936,-13.791931,0 -58.749715,-13.791987,0 -58.749475,-13.792043,0 -58.749253,-13.792099,0</coordinates></LineString></Placemark>
<Placemark><name>T-16 - 2,75 km</name><description>Maxima 2748 m | Minima 763 m | Reta 591 m | 70.63 ha</description><styleUrl>#rota</styleUrl><LineString><tessellate>1</tessellate><coordinates>-58.742823,-13.758052,0 -58.742730,-13.757944,0 -58.742561,-13.757692,0 -58.742375,-13.757549,0 -58.742208,-13.757387,0 -58.742022,-13.757244,0 -58.741836,-13.757082,0 -58.741668,-13.756939,0 -58.741372,-13.756869,0 -58.741057,-13.756817,0 -58.740762,-13.756909,0 -58.740467,-13.757020,0 -58.740209,-13.757184,0 -58.739951,-13.757349,0 -58.739805,-13.757531,0 -58.739640,-13.757731,0 -58.739493,-13.757913,0 -58.739347,-13.758094,0 -58.739087,-13.758042,0 -58.738828,-13.757971,0 -58.738550,-13.757901,0 -58.738291,-13.757831,0 -58.738307,-13.757595,0 -58.738324,-13.757342,0 -58.738341,-13.757107,0 -58.738376,-13.756854,0 -58.738393,-13.756619,0 -58.738409,-13.756366,0 -58.738426,-13.756130,0 -58.738443,-13.755877,0 -58.738459,-13.755642,0 -58.738476,-13.755389,0 -58.738493,-13.755154,0 -58.738509,-13.754919,0 -58.738526,-13.754702,0 -58.738543,-13.754467,0 -58.738560,-13.754249,0 -58.738577,-13.754014,0 -58.738594,-13.753797,0 -58.738610,-13.753562,0 -58.738627,-13.753345,0 -58.738644,-13.753110,0 -58.738661,-13.752893,0 -58.738678,-13.752658,0 -58.738695,-13.752441,0 -58.738711,-13.752206,0 -58.738728,-13.751989,0 -58.738745,-13.751754,0 -58.738762,-13.751537,0 -58.738779,-13.751301,0 -58.738796,-13.751084,0 -58.738812,-13.750849,0 -58.738829,-13.750632,0 -58.738846,-13.750397,0 -58.738863,-13.750180,0 -58.738880,-13.749963,0 -58.738896,-13.749728,0 -58.738913,-13.749511,0 -58.738912,-13.749276,0 -58.738929,-13.749059,0 -58.738945,-13.748824,0 -58.738962,-13.748607,0 -58.738979,-13.748372,0 -58.738996,-13.748154,0 -58.739013,-13.747919,0 -58.739029,-13.747702,0 -58.739046,-13.747467,0 -58.739063,-13.747250,0 -58.739080,-13.747015,0 -58.739097,-13.746798,0 -58.739114,-13.746563,0 -58.739130,-13.746346,0 -58.739147,-13.746111,0 -58.739164,-13.745894,0 -58.739181,-13.745659,0 -58.739198,-13.745442,0 -58.739214,-13.745206,0 -58.739231,-13.744989,0 -58.739248,-13.744754,0 -58.739265,-13.744537,0 -58.739282,-13.744302,0 -58.739299,-13.744085,0 -58.739315,-13.743850,0 -58.739332,-13.743633,0 -58.739349,-13.743398,0 -58.739366,-13.743181,0 -58.739383,-13.742946,0 -58.739143,-13.743002,0 -58.738903,-13.743057,0 -58.738681,-13.743113,0 -58.738441,-13.743169,0 -58.738201,-13.743207,0 -58.737961,-13.743263,0 -58.737740,-13.743319,0 -58.737500,-13.743375,0 -58.737260,-13.743412,0 -58.737020,-13.743468,0 -58.736798,-13.743524,0 -58.736558,-13.743580,0 -58.736318,-13.743636,0</coordinates></LineString></Placemark>
</Folder><Folder><name>Malha usada no calculo</name>
<Placemark><name>divisa 0</name><styleUrl>#malha</styleUrl><LineString><tessellate>1</tessellate><coordinates>-58.777720,-13.749000,0 -58.778680,-13.749510,0 -58.779080,-13.750600,0 -58.779120,-13.751830,0 -58.779450,-13.752830,0 -58.779930,-13.753370,0 -58.780260,-13.753970,0 -58.780460,-13.754050,0 -58.781160,-13.755350,0 -58.781400,-13.756890,0 -58.781360,-13.758290,0 -58.780430,-13.759830,0 -58.780380,-13.760250,0 -58.780380,-13.761010,0 -58.781070,-13.763230,0 -58.780670,-13.765770,0</coordinates></LineString></Placemark>
<Placemark><name>divisa 1</name><styleUrl>#malha</styleUrl><LineString><tessellate>1</tessellate><coordinates>-58.780670,-13.765770,0 -58.780370,-13.768070,0 -58.780410,-13.768710,0 -58.781130,-13.771490,0 -58.781140,-13.772860,0 -58.781300,-13.774250,0 -58.781540,-13.775030,0 -58.781830,-13.776900,0 -58.781660,-13.779200,0 -58.781230,-13.780460,0 -58.780840,-13.783580,0 -58.776350,-13.784820,0</coordinates></LineString></Placemark>
<Placemark><name>divisa 2</name><styleUrl>#malha</styleUrl><LineString><tessellate>1</tessellate><coordinates>-58.780670,-13.765770,0 -58.777900,-13.766570,0</coordinates></LineString></Placemark>
<Placemark><name>divisa 3</name><styleUrl>#malha</styleUrl><LineString><tessellate>1</tessellate><coordinates>-58.777770,-13.766610,0 -58.777900,-13.766570,0</coordinates></LineString></Placemark>
<Placemark><name>divisa 4</name><styleUrl>#malha</styleUrl><LineString><tessellate>1</tessellate><coordinates>-58.777900,-13.766570,0 -58.777660,-13.766640,0</coordinates></LineString></Placemark>
<Placemark><name>divisa 5</name><styleUrl>#malha</styleUrl><LineString><tessellate>1</tessellate><coordinates>-58.770810,-13.734600,0 -58.772950,-13.737760,0 -58.774750,-13.739490,0 -58.775130,-13.740390,0 -58.776030,-13.741120,0 -58.776090,-13.742270,0 -58.776500,-13.742510,0 -58.777250,-13.742480,0 -58.777720,-13.742620,0 -58.778550,-13.743440,0 -58.778630,-13.743700,0 -58.778440,-13.745090,0 -58.778010,-13.745780,0 -58.777830,-13.746940,0 -58.777380,-13.748280,0 -58.777380,-13.748550,0 -58.777720,-13.749000,0</coordinates></LineString></Placemark>
<Placemark><name>divisa 6</name><styleUrl>#malha</styleUrl><LineString><tessellate>1</tessellate><coordinates>-58.777720,-13.749000,0 -58.774120,-13.750040,0</coordinates></LineString></Placemark>
<Placemark><name>divisa 7</name><styleUrl>#malha</styleUrl><LineString><tessellate>1</tessellate><coordinates>-58.776350,-13.784820,0 -58.776750,-13.782640,0 -58.776740,-13.781920,0 -58.777240,-13.779970,0 -58.777890,-13.775630,0 -58.778370,-13.771290,0 -58.778390,-13.769510,0 -58.778220,-13.768220,0 -58.777770,-13.766610,0</coordinates></LineString></Placemark>
<Placemark><name>divisa 8</name><styleUrl>#malha</styleUrl><LineString><tessellate>1</tessellate><coordinates>-58.767890,-13.769480,0 -58.777770,-13.766610,0</coordinates></LineString></Placemark>
<Placemark><name>divisa 9</name><styleUrl>#malha</styleUrl><LineString><tessellate>1</tessellate><coordinates>-58.774120,-13.750040,0 -58.777660,-13.766640,0</coordinates></LineString></Placemark>
<Placemark><name>divisa 10</name><styleUrl>#malha</styleUrl><LineString><tessellate>1</tessellate><coordinates>-58.777660,-13.766640,0 -58.774120,-13.750040,0</coordinates></LineString></Placemark>
<Placemark><name>divisa 11</name><styleUrl>#malha</styleUrl><LineString><tessellate>1</tessellate><coordinates>-58.777660,-13.766640,0 -58.767890,-13.769480,0</coordinates></LineString></Placemark>
<Placemark><name>divisa 12</name><styleUrl>#malha</styleUrl><LineString><tessellate>1</tessellate><coordinates>-58.776350,-13.784820,0 -58.770950,-13.786320,0</coordinates></LineString></Placemark>
<Placemark><name>divisa 13</name><styleUrl>#malha</styleUrl><LineString><tessellate>1</tessellate><coordinates>-58.774120,-13.750040,0 -58.770810,-13.734600,0</coordinates></LineString></Placemark>
<Placemark><name>divisa 14</name><styleUrl>#malha</styleUrl><LineString><tessellate>1</tessellate><coordinates>-58.774120,-13.750040,0 -58.764380,-13.752910,0</coordinates></LineString></Placemark>
<Placemark><name>divisa 15</name><styleUrl>#malha</styleUrl><LineString><tessellate>1</tessellate><coordinates>-58.760680,-13.736510,0 -58.770530,-13.733610,0 -58.770810,-13.734600,0</coordinates></LineString></Placemark>
<Placemark><name>divisa 16</name><styleUrl>#malha</styleUrl><LineString><tessellate>1</tessellate><coordinates>-58.770240,-13.780930,0 -58.769910,-13.780890,0 -58.769740,-13.780680,0 -58.769510,-13.780630,0 -58.768970,-13.780740,0 -58.768320,-13.781060,0 -58.768170,-13.781260,0 -58.768110,-13.781910,0 -58.767820,-13.782810,0 -58.767720,-13.784230,0 -58.769160,-13.785700,0 -58.770010,-13.785580,0 -58.770660,-13.785210,0 -58.771240,-13.785130,0 -58.770950,-13.786320,0</coordinates></LineString></Placemark>
<Placemark><name>divisa 17</name><styleUrl>#malha</styleUrl><LineString><tessellate>1</tessellate><coordinates>-58.770950,-13.786320,0 -58.771240,-13.785130,0 -58.771380,-13.785140,0 -58.771660,-13.784290,0 -58.772240,-13.783510,0 -58.772370,-13.782800,0 -58.772320,-13.782290,0 -58.771560,-13.781440,0 -58.771510,-13.780830,0 -58.771300,-13.780660,0 -58.770240,-13.780930,0</coordinates></LineString></Placemark>
<Placemark><name>divisa 18</name><styleUrl>#malha</styleUrl><LineString><tessellate>1</tessellate><coordinates>-58.770950,-13.786320,0 -58.761870,-13.788830,0 -58.758320,-13.772350,0</coordinates></LineString></Placemark>
<Placemark><name>divisa 19</name><styleUrl>#malha</styleUrl><LineString><tessellate>1</tessellate><coordinates>-58.770240,-13.780930,0 -58.770240,-13.780930,0</coordinates></LineString></Placemark>
<Placemark><name>divisa 20</name><styleUrl>#malha</styleUrl><LineString><tessellate>1</tessellate><coordinates>-58.767890,-13.769480,0 -58.770240,-13.780930,0</coordinates></LineString></Placemark>
<Placemark><name>divisa 21</name><styleUrl>#malha</styleUrl><LineString><tessellate>1</tessellate><coordinates>-58.770240,-13.780930,0 -58.770240,-13.780930,0</coordinates></LineString></Placemark>
<Placemark><name>divisa 22</name><styleUrl>#malha</styleUrl><LineString><tessellate>1</tessellate><coordinates>-58.770240,-13.780930,0 -58.767890,-13.769480,0</coordinates></LineString></Placemark>
<Placemark><name>divisa 23</name><styleUrl>#malha</styleUrl><LineString><tessellate>1</tessellate><coordinates>-58.767890,-13.769480,0 -58.764390,-13.752960,0</coordinates></LineString></Placemark>
<Placemark><name>divisa 24</name><styleUrl>#malha</styleUrl><LineString><tessellate>1</tessellate><coordinates>-58.764390,-13.752960,0 -58.767890,-13.769480,0</coordinates></LineString></Placemark>
<Placemark><name>divisa 25</name><styleUrl>#malha</styleUrl><LineString><tessellate>1</tessellate><coordinates>-58.767890,-13.769480,0 -58.758320,-13.772350,0</coordinates></LineString></Placemark>
<Placemark><name>divisa 26</name><styleUrl>#malha</styleUrl><LineString><tessellate>1</tessellate><coordinates>-58.764380,-13.752910,0 -58.764390,-13.752960,0</coordinates></LineString></Placemark>
<Placemark><name>divisa 27</name><styleUrl>#malha</styleUrl><LineString><tessellate>1</tessellate><coordinates>-58.764390,-13.752960,0 -58.764390,-13.752960,0</coordinates></LineString></Placemark>
<Placemark><name>divisa 28</name><styleUrl>#malha</styleUrl><LineString><tessellate>1</tessellate><coordinates>-58.764390,-13.752960,0 -58.764380,-13.752910,0</coordinates></LineString></Placemark>
<Placemark><name>divisa 29</name><styleUrl>#malha</styleUrl><LineString><tessellate>1</tessellate><coordinates>-58.764390,-13.752960,0 -58.754720,-13.755660,0</coordinates></LineString></Placemark>
<Placemark><name>divisa 30</name><styleUrl>#malha</styleUrl><LineString><tessellate>1</tessellate><coordinates>-58.764380,-13.752910,0 -58.760680,-13.736510,0</coordinates></LineString></Placemark>
<Placemark><name>divisa 31</name><styleUrl>#malha</styleUrl><LineString><tessellate>1</tessellate><coordinates>-58.754720,-13.755660,0 -58.751190,-13.739300,0 -58.760680,-13.736510,0</coordinates></LineString></Placemark>
<Placemark><name>divisa 32</name><styleUrl>#malha</styleUrl><LineString><tessellate>1</tessellate><coordinates>-58.758320,-13.772350,0 -58.754720,-13.755660,0</coordinates></LineString></Placemark>
<Placemark><name>divisa 33</name><styleUrl>#malha</styleUrl><LineString><tessellate>1</tessellate><coordinates>-58.754420,-13.755750,0 -58.758020,-13.772430,0</coordinates></LineString></Placemark>
<Placemark><name>divisa 34</name><styleUrl>#malha</styleUrl><LineString><tessellate>1</tessellate><coordinates>-58.758020,-13.772430,0 -58.760340,-13.783150,0 -58.760000,-13.782420,0 -58.759130,-13.781570,0 -58.758440,-13.781420,0 -58.757770,-13.781790,0 -58.757470,-13.782180,0 -58.757060,-13.782970,0 -58.756820,-13.783780,0 -58.756900,-13.784310,0 -58.757180,-13.784730,0 -58.757570,-13.784930,0 -58.758330,-13.785190,0 -58.758910,-13.785250,0 -58.759640,-13.785080,0 -58.759980,-13.784740,0 -58.760370,-13.784020,0 -58.760430,-13.783550,0 -58.761590,-13.788910,0 -58.752340,-13.791470,0 -58.752770,-13.783460,0 -58.752860,-13.783590,0 -58.753730,-13.783270,0 -58.753800,-13.782770,0 -58.753520,-13.782210,0 -58.753440,-13.781720,0 -58.753440,-13.781320,0 -58.753710,-13.780490,0 -58.753490,-13.779620,0 -58.753180,-13.779180,0 -58.752110,-13.778390,0 -58.751640,-13.778300,0 -58.750710,-13.774380,0</coordinates></LineString></Placemark>
<Placemark><name>divisa 35</name><styleUrl>#malha</styleUrl><LineString><tessellate>1</tessellate><coordinates>-58.758020,-13.772430,0 -58.750710,-13.774380,0</coordinates></LineString></Placemark>
<Placemark><name>divisa 36</name><styleUrl>#malha</styleUrl><LineString><tessellate>1</tessellate><coordinates>-58.746990,-13.757940,0 -58.746650,-13.757440,0 -58.745460,-13.757010,0 -58.744850,-13.756980,0 -58.744170,-13.757220,0 -58.743540,-13.757710,0 -58.742830,-13.758050,0 -58.742720,-13.757940,0 -58.743660,-13.752570,0 -58.744730,-13.747900,0 -58.745190,-13.741100,0 -58.750880,-13.739360,0 -58.754420,-13.755750,0</coordinates></LineString></Placemark>
<Placemark><name>divisa 37</name><styleUrl>#malha</styleUrl><LineString><tessellate>1</tessellate><coordinates>-58.754420,-13.755750,0 -58.747480,-13.757800,0</coordinates></LineString></Placemark>
<Placemark><name>divisa 38</name><styleUrl>#malha</styleUrl><LineString><tessellate>1</tessellate><coordinates>-58.750710,-13.774380,0 -58.750160,-13.772510,0 -58.748940,-13.770840,0 -58.747870,-13.768900,0 -58.746260,-13.765580,0 -58.745720,-13.764050,0</coordinates></LineString></Placemark>
<Placemark><name>divisa 39</name><styleUrl>#malha</styleUrl><LineString><tessellate>1</tessellate><coordinates>-58.747240,-13.757870,0 -58.748080,-13.766770,0 -58.748380,-13.766740,0 -58.747480,-13.757800,0</coordinates></LineString></Placemark>
<Placemark><name>divisa 40</name><styleUrl>#malha</styleUrl><LineString><tessellate>1</tessellate><coordinates>-58.747480,-13.757800,0 -58.747240,-13.757870,0</coordinates></LineString></Placemark>
<Placemark><name>divisa 41</name><styleUrl>#malha</styleUrl><LineString><tessellate>1</tessellate><coordinates>-58.747240,-13.757870,0 -58.746990,-13.757940,0</coordinates></LineString></Placemark>
<Placemark><name>divisa 42</name><styleUrl>#malha</styleUrl><LineString><tessellate>1</tessellate><coordinates>-58.745680,-13.763910,0 -58.745290,-13.762290,0 -58.745210,-13.761230,0 -58.745890,-13.760910,0 -58.745720,-13.760100,0 -58.746410,-13.759830,0 -58.747070,-13.759100,0 -58.747220,-13.758620,0 -58.746990,-13.757940,0</coordinates></LineString></Placemark>
<Placemark><name>divisa 43</name><styleUrl>#malha</styleUrl><LineString><tessellate>1</tessellate><coordinates>-58.745720,-13.764050,0 -58.745680,-13.763910,0</coordinates></LineString></Placemark>
<Placemark><name>divisa 44</name><styleUrl>#malha</styleUrl><LineString><tessellate>1</tessellate><coordinates>-58.745680,-13.763910,0 -58.745720,-13.764050,0</coordinates></LineString></Placemark>
<Placemark><name>divisa 45</name><styleUrl>#malha</styleUrl><LineString><tessellate>1</tessellate><coordinates>-58.745720,-13.764050,0 -58.746430,-13.766110,0 -58.747460,-13.768060,0 -58.748100,-13.769560,0 -58.749050,-13.771150,0 -58.750120,-13.772480,0 -58.750510,-13.774480,0 -58.745980,-13.775730,0 -58.744710,-13.770880,0 -58.745250,-13.770750,0 -58.745480,-13.770290,0 -58.745380,-13.769900,0 -58.744900,-13.769770,0 -58.744480,-13.770000,0 -58.742520,-13.762270,0 -58.745100,-13.761850,0 -58.745680,-13.763910,0</coordinates></LineString></Placemark>
<Placemark><name>divisa 46</name><styleUrl>#malha</styleUrl><LineString><tessellate>1</tessellate><coordinates>-58.740370,-13.783710,0 -58.740590,-13.783730,0</coordinates></LineString></Placemark>
<Placemark><name>divisa 47</name><styleUrl>#malha</styleUrl><LineString><tessellate>1</tessellate><coordinates>-58.740370,-13.783710,0 -58.732400,-13.782650,0 -58.733250,-13.770770,0 -58.741880,-13.768360,0 -58.740590,-13.783730,0</coordinates></LineString></Placemark>
<Placemark><name>divisa 48</name><styleUrl>#malha</styleUrl><LineString><tessellate>1</tessellate><coordinates>-58.740590,-13.783730,0 -58.739910,-13.794860,0 -58.731240,-13.797240,0 -58.732350,-13.782820,0 -58.740370,-13.783710,0</coordinates></LineString></Placemark>
<Placemark><name>divisa 49</name><styleUrl>#malha</styleUrl><LineString><tessellate>1</tessellate><coordinates>-58.740590,-13.783730,0 -58.740370,-13.783710,0</coordinates></LineString></Placemark>
<Placemark><name>divisa 50</name><styleUrl>#malha</styleUrl><LineString><tessellate>1</tessellate><coordinates>-58.739380,-13.742950,0 -58.739390,-13.742850,0 -58.745010,-13.741260,0 -58.744500,-13.748010,0 -58.742740,-13.757850,0 -58.741660,-13.756930,0 -58.741060,-13.756810,0 -58.740460,-13.757020,0 -58.739950,-13.757350,0 -58.739350,-13.758100,0 -58.738300,-13.757830,0 -58.738490,-13.755150,0</coordinates></LineString></Placemark>
<Placemark><name>divisa 51</name><styleUrl>#malha</styleUrl><LineString><tessellate>1</tessellate><coordinates>-58.739380,-13.742950,0 -58.739690,-13.742890,0 -58.738490,-13.755150,0</coordinates></LineString></Placemark>
<Placemark><name>divisa 52</name><styleUrl>#malha</styleUrl><LineString><tessellate>1</tessellate><coordinates>-58.738490,-13.755150,0 -58.739380,-13.742950,0</coordinates></LineString></Placemark>
<Placemark><name>divisa 53</name><styleUrl>#malha</styleUrl><LineString><tessellate>1</tessellate><coordinates>-58.738490,-13.755150,0 -58.738230,-13.757810,0 -58.734280,-13.756730,0 -58.735140,-13.743890,0 -58.739380,-13.742950,0</coordinates></LineString></Placemark>
<Placemark><name>divisa 54</name><styleUrl>#malha</styleUrl><LineString><tessellate>1</tessellate><coordinates>-58.751490,-13.778230,0 -58.750720,-13.778360,0 -58.750210,-13.778730,0 -58.749900,-13.779360,0 -58.749950,-13.779940,0 -58.750290,-13.780740,0 -58.750630,-13.782320,0 -58.751490,-13.783490,0 -58.752140,-13.783690,0 -58.752740,-13.783570,0 -58.752220,-13.791360,0 -58.747200,-13.792610,0 -58.747930,-13.775230,0 -58.750510,-13.774650,0 -58.751490,-13.778230,0</coordinates></LineString></Placemark>
<Placemark><name>divisa 55</name><styleUrl>#malha</styleUrl><LineString><tessellate>1</tessellate><coordinates>-58.745780,-13.793070,0 -58.739950,-13.794780,0 -58.741320,-13.776940,0 -58.746210,-13.775690,0 -58.745780,-13.793070,0</coordinates></LineString></Placemark>
<Placemark><name>divisa 56</name><styleUrl>#malha</styleUrl><LineString><tessellate>1</tessellate><coordinates>-58.741840,-13.768230,0 -58.733080,-13.770770,0 -58.734110,-13.756930,0 -58.739650,-13.758310,0 -58.740420,-13.760020,0 -58.740940,-13.760270,0 -58.741490,-13.760310,0 -58.742440,-13.761350,0 -58.741840,-13.768230,0</coordinates></LineString></Placemark>
<Placemark><name>divisa 57</name><styleUrl>#malha</styleUrl><LineString><tessellate>1</tessellate><coordinates>-58.733040,-13.768900,0 -58.724110,-13.768110,0 -58.723770,-13.757850,0 -58.724330,-13.754390,0 -58.733980,-13.756890,0 -58.733040,-13.768900,0</coordinates></LineString></Placemark>
<Placemark><name>divisa 58</name><styleUrl>#malha</styleUrl><LineString><tessellate>1</tessellate><coordinates>-58.732530,-13.779690,0 -58.731920,-13.787280,0 -58.722040,-13.789390,0 -58.723610,-13.778840,0 -58.723870,-13.778490,0 -58.724410,-13.778320,0 -58.732530,-13.779690,0</coordinates></LineString></Placemark>
<Placemark><name>divisa 59</name><styleUrl>#malha</styleUrl><LineString><tessellate>1</tessellate><coordinates>-58.731150,-13.797490,0 -58.720160,-13.800280,0 -58.722050,-13.789490,0 -58.731880,-13.787360,0 -58.731150,-13.797490,0</coordinates></LineString></Placemark>
<Placemark><name>divisa 60</name><styleUrl>#malha</styleUrl><LineString><tessellate>1</tessellate><coordinates>-58.724370,-13.754270,0 -58.725440,-13.746850,0 -58.734930,-13.744100,0 -58.734030,-13.756810,0 -58.724370,-13.754270,0</coordinates></LineString></Placemark>
</Folder><Folder><name>Estradas extras</name>
<Placemark><name>ESTRADA 01 - PONTE DE PEDRA</name><styleUrl>#extra</styleUrl><LineString><tessellate>1</tessellate><coordinates>-57.475096,-13.560327,0 -57.475134,-13.559923,0 -57.474906,-13.559553,0 -57.474968,-13.559292,0 -57.475702,-13.558849,0 -57.476770,-13.558147,0 -57.477580,-13.557621,0 -57.478202,-13.557300,0 -57.480029,-13.556653,0 -57.481029,-13.556374,0 -57.482240,-13.556040,0 -57.484200,-13.555561,0 -57.485734,-13.554956,0 -57.486822,-13.557173,0 -57.489803,-13.563659,0 -57.498769,-13.583329,0 -57.498800,-13.583550,0 -57.498716,-13.583704,0 -57.498448,-13.583975,0 -57.498246,-13.584218,0 -57.497385,-13.584833,0 -57.497275,-13.584849,0 -57.497085,-13.584700,0 -57.495840,-13.583848,0 -57.495580,-13.583655,0 -57.494108,-13.582625,0 -57.492241,-13.581418,0 -57.491265,-13.580706,0 -57.491104,-13.580539,0 -57.490087,-13.579624,0 -57.489851,-13.579535,0 -57.489586,-13.579496,0 -57.489350,-13.579410,0 -57.488703,-13.579043,0 -57.488228,-13.578740,0 -57.486530,-13.577490,0 -57.486005,-13.577017,0 -57.485715,-13.576219,0 -57.485605,-13.575935,0 -57.485501,-13.575627,0 -57.485407,-13.575233,0 -57.485393,-13.574430,0 -57.485372,-13.573659,0 -57.485299,-13.572274,0 -57.485286,-13.571750,0 -57.485203,-13.570410,0 -57.485109,-13.570063,0 -57.484658,-13.568606,0 -57.484307,-13.567487,0 -57.484189,-13.566804,0 -57.483543,-13.566968,0 -57.483170,-13.566989,0 -57.481933,-13.567226,0 -57.481335,-13.567372,0 -57.480555,-13.567563,0 -57.480064,-13.567602,0 -57.479761,-13.567492,0 -57.479514,-13.567325,0 -57.479213,-13.567187,0 -57.478755,-13.567005,0 -57.478366,-13.566830,0 -57.477792,-13.566554,0 -57.477470,-13.566454,0 -57.477270,-13.566410,0 -57.476451,-13.567273,0 -57.475834,-13.567907,0 -57.474064,-13.569761,0 -57.472017,-13.571849,0 -57.471513,-13.572347,0 -57.471725,-13.572663,0 -57.476711,-13.577215,0 -57.478935,-13.579259,0 -57.480791,-13.580967,0 -57.481504,-13.581652,0 -57.491840,-13.590690,0 -57.491891,-13.590724,0 -57.493703,-13.588872,0 -57.488751,-13.593966,0 -57.442907,-13.641295,0 -57.437745,-13.646644,0 -57.436604,-13.647817,0 -57.436502,-13.647942,0 -57.435603,-13.648883,0 -57.433404,-13.651145,0 -57.430794,-13.653858,0 -57.429737,-13.655029,0 -57.429684,-13.655094,0</coordinates></LineString></Placemark>
<Placemark><name>ESTRADA 02 - PONTE DE PEDRA</name><styleUrl>#extra</styleUrl><LineString><tessellate>1</tessellate><coordinates>-57.428880,-13.515290,0 -57.428552,-13.515950,0 -57.425945,-13.524681,0 -57.423796,-13.531780,0 -57.423737,-13.531999,0</coordinates></LineString></Placemark>
<Placemark><name>ESTRADA 03 - PONTE DE PEDRA</name><styleUrl>#extra</styleUrl><LineString><tessellate>1</tessellate><coordinates>-57.414387,-13.517092,0 -57.409830,-13.527850,0 -57.409841,-13.527987,0 -57.436234,-13.535706,0 -57.441820,-13.537430,0 -57.443859,-13.537996,0 -57.445898,-13.538587,0 -57.448820,-13.539458,0 -57.450873,-13.540082,0 -57.451461,-13.540338,0 -57.452585,-13.540879,0 -57.454021,-13.541600,0 -57.454567,-13.541879,0 -57.455255,-13.542066,0 -57.455583,-13.542102,0 -57.457201,-13.542176,0 -57.458316,-13.542246,0 -57.458640,-13.542377,0 -57.458638,-13.542541,0 -57.458727,-13.542716,0 -57.458759,-13.542893,0 -57.459739,-13.544986,0 -57.459987,-13.545326,0 -57.461135,-13.546784,0 -57.461350,-13.547180,0 -57.461634,-13.547738,0 -57.461865,-13.548103,0 -57.462364,-13.548656,0 -57.462444,-13.548656,0 -57.462520,-13.548850,0 -57.462670,-13.549167,0 -57.462852,-13.549501,0 -57.463002,-13.549824,0 -57.463297,-13.550570,0 -57.463490,-13.550867,0 -57.463802,-13.551368,0 -57.464198,-13.551738,0 -57.464697,-13.551868,0 -57.466820,-13.552560,0 -57.467047,-13.552656,0 -57.467347,-13.552937,0 -57.467510,-13.553150,0 -57.467675,-13.553344,0 -57.467927,-13.553788,0 -57.468318,-13.554343,0 -57.468989,-13.555102,0 -57.469466,-13.555522,0 -57.469651,-13.555654,0 -57.470767,-13.556421,0 -57.471443,-13.556870,0 -57.472554,-13.557521,0 -57.473439,-13.557931,0 -57.474353,-13.558544,0 -57.474646,-13.558890,0 -57.474968,-13.559292,0</coordinates></LineString></Placemark>
<Placemark><name>ESTRADA 04 - PONTE DE PEDRA</name><styleUrl>#extra</styleUrl><LineString><tessellate>1</tessellate><coordinates>-57.441705,-13.537422,0 -57.440472,-13.539190,0 -57.439452,-13.540546,0 -57.438229,-13.542205,0 -57.437001,-13.543837,0 -57.432901,-13.549323,0 -57.430969,-13.551935,0 -57.429469,-13.553926,0 -57.429362,-13.554108,0 -57.429343,-13.554279,0 -57.429382,-13.554412,0 -57.429496,-13.554546,0 -57.429697,-13.554687,0 -57.430002,-13.554807,0 -57.430368,-13.554958,0 -57.430974,-13.555248,0 -57.431417,-13.555407,0 -57.432055,-13.555610,0 -57.432508,-13.555725,0 -57.432948,-13.555759,0 -57.433568,-13.555459,0 -57.434380,-13.555034,0 -57.434791,-13.554964,0 -57.435137,-13.554977,0 -57.435528,-13.555052,0 -57.435783,-13.555117,0 -57.436350,-13.555330,0 -57.437207,-13.555923,0 -57.437615,-13.556160,0 -57.438101,-13.556439,0 -57.438599,-13.556786,0 -57.439018,-13.556969,0 -57.439544,-13.557196,0 -57.440018,-13.557323,0 -57.440300,-13.557490,0 -57.440507,-13.557754,0 -57.440893,-13.558431,0 -57.440965,-13.558737,0 -57.441160,-13.559550,0 -57.441595,-13.559965,0 -57.442183,-13.560606,0 -57.442454,-13.560877,0 -57.442698,-13.561146,0 -57.443057,-13.561623,0 -57.443272,-13.561829,0 -57.443430,-13.561871,0 -57.443425,-13.562210,0 -57.443430,-13.562450,0 -57.443500,-13.562770,0 -57.443631,-13.562945,0 -57.444224,-13.563508,0 -57.444688,-13.563863,0 -57.445620,-13.564540,0 -57.446386,-13.565151,0 -57.447276,-13.565993,0 -57.447400,-13.566180,0 -57.447555,-13.566319,0 -57.447633,-13.566548,0 -57.447901,-13.566955,0 -57.448145,-13.567297,0 -57.449385,-13.568984,0 -57.450087,-13.569904,0 -57.450492,-13.570509,0 -57.451160,-13.571410,0 -57.452170,-13.572660,0 -57.452799,-13.573580,0 -57.453008,-13.573776,0 -57.453153,-13.574024,0 -57.453424,-13.574443,0 -57.453537,-13.574767,0 -57.453542,-13.575249,0 -57.453526,-13.575564,0 -57.453491,-13.575802,0 -57.453494,-13.578508,0 -57.452880,-13.580239,0 -57.452700,-13.580557,0 -57.451587,-13.581668,0 -57.450972,-13.581970,0 -57.449647,-13.582296,0 -57.448870,-13.582416,0 -57.447896,-13.582886,0 -57.445919,-13.583863,0 -57.445627,-13.584426,0 -57.444460,-13.586228,0 -57.444235,-13.587065,0 -57.444187,-13.588079,0 -57.444157,-13.588277,0 -57.443967,-13.588726,0 -57.443851,-13.588958,0 -57.443540,-13.589203,0 -57.442743,-13.589630,0 -57.442135,-13.589865,0 -57.441848,-13.590034,0 -57.440375,-13.591004,0 -57.439222,-13.591745,0 -57.438610,-13.591927,0 -57.437591,-13.592305,0 -57.436132,-13.592725,0 -57.435864,-13.592722,0 -57.435646,-13.592696,0 -57.435515,-13.592605,0 -57.435241,-13.592378,0 -57.435046,-13.592130,0 -57.434850,-13.591961,0 -57.434329,-13.591982,0 -57.433417,-13.592144,0 -57.433214,-13.592039,0 -57.433086,-13.591915,0 -57.433027,-13.591833,0 -57.432826,-13.591567,0 -57.432763,-13.591441,0 -57.432633,-13.591230,0 -57.432463,-13.590957,0 -57.432367,-13.590800,0 -57.432263,-13.590659,0 -57.432196,-13.590532,0 -57.431990,-13.590220,0 -57.431893,-13.590015,0 -57.431764,-13.589775,0 -57.431665,-13.589570,0 -57.431537,-13.589300,0 -57.431447,-13.589117,0 -57.431374,-13.588971,0 -57.431170,-13.588758,0 -57.430942,-13.588617,0 -57.430624,-13.588535,0 -57.430330,-13.588513,0 -57.430187,-13.588524,0 -57.429941,-13.588524,0 -57.429623,-13.588538,0 -57.429402,-13.588542,0 -57.426682,-13.588475,0 -57.425838,-13.588486,0 -57.425148,-13.588546,0 -57.424440,-13.588520,0 -57.423311,-13.588499,0 -57.422200,-13.588488,0 -57.421940,-13.588423,0 -57.421795,-13.588348,0 -57.420736,-13.587571,0 -57.420444,-13.587485,0 -57.419658,-13.587581,0 -57.417209,-13.587967,0 -57.415382,-13.588209,0 -57.415028,-13.588202,0 -57.414199,-13.588204,0 -57.413596,-13.587998,0 -57.413065,-13.587847,0 -57.412759,-13.587737,0 -57.412590,-13.587730,0 -57.411930,-13.587513,0 -57.411410,-13.587340,0 -57.410804,-13.586932,0 -57.410342,-13.586697,0 -57.410058,-13.586538,0 -57.409441,-13.586225,0 -57.408494,-13.585727,0 -57.407204,-13.584930,0 -57.406829,-13.584713,0 -57.406628,-13.584708,0 -57.406560,-13.584765,0 -57.405903,-13.585654,0 -57.405506,-13.586178,0 -57.404924,-13.586958,0 -57.404087,-13.588113,0 -57.403363,-13.589075,0</coordinates></LineString></Placemark>
<Placemark><name>ESTRADA 05 - PONTE DE PEDRA</name><styleUrl>#extra</styleUrl><LineString><tessellate>1</tessellate><coordinates>-57.412740,-13.587826,0 -57.413344,-13.588348,0 -57.413717,-13.588668,0 -57.415828,-13.590592,0 -57.416565,-13.591283,0 -57.417933,-13.592566,0 -57.418925,-13.593460,0 -57.420178,-13.594599,0 -57.421299,-13.595660,0 -57.422520,-13.596763,0 -57.423877,-13.598035,0 -57.425910,-13.599913,0 -57.427374,-13.601266,0 -57.428659,-13.602457,0 -57.429724,-13.603414,0 -57.431229,-13.604816,0 -57.433042,-13.606490,0 -57.434970,-13.608268,0 -57.435920,-13.609190,0 -57.443851,-13.616487,0 -57.446359,-13.618818,0 -57.449484,-13.621719,0 -57.449213,-13.622600,0 -57.449047,-13.623051,0 -57.449505,-13.624042,0 -57.449736,-13.624284,0 -57.450106,-13.624660,0 -57.450320,-13.624780,0 -57.450538,-13.624868,0 -57.451697,-13.625337,0 -57.452104,-13.625530,0 -57.452485,-13.625640,0 -57.452933,-13.625684,0 -57.453416,-13.625726,0 -57.454003,-13.625757,0 -57.454328,-13.625681,0 -57.456230,-13.627400,0 -57.456230,-13.627400,0</coordinates></LineString></Placemark>
<Placemark><name>ESTRADA 06 - PONTE DE PEDRA</name><styleUrl>#extra</styleUrl><LineString><tessellate>1</tessellate><coordinates>-57.427159,-13.637939,0 -57.428184,-13.636873,0 -57.429004,-13.636025,0 -57.432758,-13.632180,0 -57.435383,-13.629521,0 -57.437092,-13.627780,0 -57.439383,-13.625405,0 -57.441475,-13.623247,0 -57.444492,-13.620126,0 -57.446195,-13.618390,0 -57.447985,-13.616495,0 -57.449841,-13.614589,0 -57.451592,-13.612754,0 -57.453295,-13.610989,0 -57.455049,-13.609183,0 -57.456881,-13.607241,0 -57.458690,-13.605350,0 -57.460054,-13.603912,0 -57.461680,-13.602233,0 -57.463909,-13.599928,0 -57.465628,-13.598174,0 -57.467718,-13.595994,0 -57.469558,-13.594081,0 -57.471160,-13.592420,0 -57.472441,-13.591085,0 -57.474099,-13.589372,0 -57.478940,-13.584340,0 -57.480622,-13.582604,0 -57.481520,-13.581700,0 -57.481543,-13.581673,0</coordinates></LineString></Placemark>
<Placemark><name>ESTRADA 07 - PONTE DE PEDRA</name><styleUrl>#extra</styleUrl><LineString><tessellate>1</tessellate><coordinates>-57.471450,-13.572380,0 -57.471513,-13.572347,0 -57.471140,-13.572728,0 -57.470925,-13.572952,0 -57.468774,-13.575194,0 -57.466425,-13.577666,0 -57.465851,-13.578240,0 -57.461983,-13.582255,0 -57.461227,-13.583021,0 -57.460218,-13.584069,0 -57.455782,-13.588653,0 -57.452252,-13.592308,0 -57.448540,-13.596182,0 -57.435810,-13.609363,0 -57.430054,-13.615343,0 -57.427769,-13.617710,0 -57.425226,-13.620348,0 -57.424861,-13.620708,0 -57.424349,-13.621339,0 -57.423497,-13.622270,0 -57.423268,-13.622500,0 -57.422805,-13.622985,0 -57.422758,-13.622944,0 -57.422536,-13.623119,0 -57.421948,-13.623724,0 -57.416740,-13.629120,0 -57.411203,-13.634857,0 -57.410820,-13.635200,0</coordinates></LineString></Placemark>
<Placemark><name>ESTRADA 08 - PONTE DE PEDRA</name><styleUrl>#extra</styleUrl><LineString><tessellate>1</tessellate><coordinates>-57.442074,-13.589871,0 -57.442258,-13.590066,0 -57.442832,-13.590621,0 -57.443654,-13.591356,0 -57.444113,-13.591790,0 -57.446373,-13.593901,0 -57.447106,-13.594571,0 -57.448498,-13.595891,0 -57.448768,-13.596128,0 -57.449241,-13.596549,0 -57.450124,-13.597368,0 -57.450808,-13.598026,0 -57.451805,-13.598947,0 -57.452601,-13.599695,0 -57.453892,-13.600897,0 -57.455173,-13.602075,0 -57.456470,-13.603296,0 -57.457632,-13.604356,0 -57.458845,-13.605495,0 -57.459431,-13.606018,0 -57.460146,-13.606695,0 -57.461532,-13.607969,0 -57.462962,-13.609301,0 -57.464404,-13.610611,0 -57.466391,-13.612469,0 -57.468714,-13.614580,0</coordinates></LineString></Placemark>
<Placemark><name>ESTRADA 09 - PONTE DE PEDRA</name><styleUrl>#extra</styleUrl><LineString><tessellate>1</tessellate><coordinates>-57.439530,-13.540480,0 -57.440555,-13.541602,0 -57.441424,-13.542614,0 -57.442561,-13.543887,0 -57.443336,-13.544810,0 -57.444323,-13.545910,0 -57.445318,-13.547005,0 -57.445396,-13.547159,0 -57.446397,-13.548286,0 -57.447290,-13.549297,0 -57.447590,-13.549621,0 -57.447955,-13.550086,0 -57.448486,-13.550656,0 -57.448609,-13.550791,0 -57.449236,-13.551514,0 -57.449386,-13.551696,0 -57.449932,-13.552296,0 -57.450110,-13.552563,0 -57.450271,-13.552735,0 -57.450365,-13.552825,0 -57.450523,-13.552979,0 -57.451027,-13.553563,0 -57.451187,-13.553768,0 -57.451345,-13.553885,0 -57.451601,-13.554100,0 -57.451823,-13.554291,0 -57.452351,-13.554804,0 -57.452725,-13.555146,0 -57.452932,-13.555342,0 -57.453488,-13.555860,0 -57.454030,-13.556343,0 -57.454274,-13.556576,0 -57.454783,-13.557036,0 -57.455434,-13.557630,0 -57.456061,-13.558202,0 -57.456586,-13.558697,0 -57.457198,-13.559249,0 -57.457417,-13.559451,0 -57.458111,-13.560083,0 -57.458882,-13.560816,0 -57.459128,-13.561042,0 -57.460209,-13.562032,0 -57.460869,-13.562632,0 -57.461380,-13.563080,0 -57.461491,-13.563211,0 -57.461755,-13.563433,0 -57.462460,-13.564095,0 -57.463384,-13.564964,0 -57.464174,-13.565689,0 -57.465043,-13.566481,0 -57.465916,-13.567278,0 -57.466767,-13.568087,0 -57.467925,-13.569150,0 -57.468864,-13.570007,0 -57.469812,-13.570852,0 -57.470472,-13.571519,0 -57.471450,-13.572380,0</coordinates></LineString></Placemark>
<Placemark><name>ESTRADA 10 - PONTE DE PEDRA</name><styleUrl>#extra</styleUrl><LineString><tessellate>1</tessellate><coordinates>-57.469072,-13.555177,0 -57.468613,-13.555537,0 -57.468112,-13.556069,0 -57.466502,-13.557720,0 -57.465084,-13.559229,0 -57.463708,-13.560643,0 -57.461728,-13.562700,0 -57.461347,-13.563097,0 -57.460679,-13.563775,0 -57.458672,-13.565870,0 -57.456163,-13.568487,0 -57.454006,-13.570744,0 -57.452170,-13.572660,0</coordinates></LineString></Placemark>
<Placemark><name>ESTRADA 11 - PONTE DE PEDRA</name><styleUrl>#extra</styleUrl><LineString><tessellate>1</tessellate><coordinates>-57.474101,-13.569721,0 -57.473726,-13.569407,0 -57.473486,-13.569174,0 -57.470250,-13.566203,0 -57.468820,-13.564878,0 -57.467327,-13.563506,0 -57.465368,-13.561695,0 -57.464000,-13.560430,0 -57.463957,-13.560387,0</coordinates></LineString></Placemark>
<Placemark><name>ESTRADA 12 - PONTE DE PEDRA</name><styleUrl>#extra</styleUrl><LineString><tessellate>1</tessellate><coordinates>-57.475767,-13.547235,0 -57.479683,-13.548387,0 -57.483288,-13.549438,0 -57.483725,-13.549595,0</coordinates></LineString></Placemark>
<Placemark><name>ESTRADA 13 - PONTE DE PEDRA</name><styleUrl>#extra</styleUrl><LineString><tessellate>1</tessellate><coordinates>-57.483430,-13.549563,0 -57.484100,-13.551232,0 -57.485480,-13.554232,0 -57.485788,-13.554924,0 -57.485734,-13.554956,0</coordinates></LineString></Placemark>
<Placemark><name>ESTRADA 14 - PONTE DE PEDRA</name><styleUrl>#extra</styleUrl><LineString><tessellate>1</tessellate><coordinates>-57.403363,-13.589075,0 -57.402384,-13.590394,0 -57.402620,-13.590986,0 -57.402996,-13.591870,0 -57.403428,-13.592764,0 -57.404031,-13.594120,0 -57.404444,-13.595017,0 -57.404928,-13.596208,0 -57.404896,-13.596530,0 -57.404749,-13.597105,0 -57.404597,-13.597771,0 -57.404387,-13.598612,0 -57.404212,-13.599385,0 -57.404066,-13.600044,0 -57.403869,-13.600841,0 -57.403721,-13.601620,0 -57.403582,-13.602444,0 -57.403331,-13.603641,0 -57.403228,-13.604310,0 -57.403102,-13.604936,0 -57.402403,-13.608828,0 -57.402124,-13.610288,0 -57.401775,-13.612090,0 -57.401612,-13.612585,0 -57.401502,-13.612905,0 -57.401022,-13.614506,0 -57.400650,-13.615740,0 -57.400507,-13.616146,0 -57.400515,-13.616318,0 -57.400433,-13.617340,0 -57.400390,-13.617676,0 -57.400292,-13.618300,0 -57.400257,-13.618665,0 -57.400269,-13.619161,0 -57.400300,-13.619720,0 -57.400453,-13.620047,0 -57.400749,-13.620759,0 -57.401058,-13.621406,0 -57.401393,-13.621886,0 -57.401750,-13.622401,0 -57.402057,-13.622817,0 -57.402414,-13.623351,0 -57.402745,-13.623815,0 -57.403167,-13.624420,0 -57.403705,-13.625172,0 -57.404429,-13.626214,0 -57.405171,-13.627275,0 -57.405754,-13.628109,0 -57.406154,-13.628692,0 -57.406531,-13.629342,0 -57.406669,-13.629808,0 -57.406759,-13.630230,0 -57.407066,-13.630635,0 -57.407580,-13.631158,0 -57.408100,-13.631734,0 -57.408202,-13.631969,0 -57.408438,-13.632495,0 -57.408649,-13.632979,0 -57.409007,-13.633759,0 -57.409236,-13.634197,0 -57.409362,-13.634260,0 -57.409768,-13.634523,0 -57.410647,-13.635065,0 -57.410820,-13.635200,0</coordinates></LineString></Placemark>
<Placemark><name>ESTRADA 15 - PONTE DE PEDRA</name><styleUrl>#extra</styleUrl><LineString><tessellate>1</tessellate><coordinates>-57.407204,-13.608551,0 -57.408669,-13.604975,0 -57.409653,-13.602504,0</coordinates></LineString></Placemark>
<Placemark><name>ESTRADA 16 - PONTE DE PEDRA</name><styleUrl>#extra</styleUrl><LineString><tessellate>1</tessellate><coordinates>-57.403139,-13.604745,0 -57.403383,-13.605012,0 -57.404763,-13.606288,0 -57.405639,-13.607103,0 -57.406328,-13.607744,0 -57.407204,-13.608551,0 -57.408470,-13.609720,0 -57.409172,-13.610360,0 -57.409932,-13.611068,0 -57.410758,-13.611826,0 -57.411328,-13.612350,0 -57.412637,-13.613564,0 -57.413359,-13.614217,0 -57.414413,-13.615194,0 -57.415131,-13.615875,0 -57.417784,-13.618319,0 -57.421836,-13.622063,0 -57.422805,-13.622985,0 -57.423779,-13.623906,0 -57.424086,-13.624181,0 -57.424722,-13.624777,0 -57.425910,-13.625860,0 -57.426517,-13.626439,0 -57.427838,-13.627675,0 -57.428990,-13.628742,0 -57.430671,-13.630299,0 -57.432740,-13.632199,0 -57.437374,-13.636489,0 -57.442762,-13.641444,0</coordinates></LineString></Placemark>
<Placemark><name>ESTRADA 17 - PONTE DE PEDRA</name><styleUrl>#extra</styleUrl><LineString><tessellate>1</tessellate><coordinates>-57.412637,-13.613564,0 -57.413703,-13.612503,0 -57.414674,-13.611495,0 -57.416367,-13.609732,0 -57.416903,-13.609182,0 -57.417862,-13.608175,0 -57.419399,-13.606616,0 -57.420245,-13.605725,0 -57.420972,-13.604988,0 -57.424553,-13.601267,0 -57.425898,-13.599881,0 -57.427482,-13.598252,0 -57.430633,-13.594944,0 -57.431949,-13.593583,0 -57.433354,-13.592120,0 -57.433365,-13.592111,0</coordinates></LineString></Placemark>
<Placemark><name>ESTRADA 18 - PONTE DE PEDRA</name><styleUrl>#extra</styleUrl><LineString><tessellate>1</tessellate><coordinates>-57.453510,-13.575662,0 -57.453715,-13.575832,0 -57.454332,-13.576411,0 -57.455147,-13.577155,0 -57.455779,-13.577717,0 -57.456647,-13.578522,0 -57.457391,-13.579211,0 -57.458056,-13.579856,0 -57.459083,-13.580804,0 -57.460012,-13.581668,0 -57.461359,-13.582891,0 -57.462113,-13.583596,0 -57.463155,-13.584559,0 -57.463793,-13.585151,0 -57.464811,-13.586096,0 -57.465825,-13.587032,0 -57.466743,-13.587873,0 -57.467471,-13.588559,0 -57.469004,-13.589967,0 -57.471420,-13.592150,0 -57.471580,-13.592347,0 -57.471811,-13.592535,0 -57.471923,-13.592657,0 -57.474096,-13.594646,0 -57.476926,-13.597256,0 -57.479728,-13.599842,0 -57.480166,-13.600249,0 -57.481490,-13.601430,0</coordinates></LineString></Placemark>
<Placemark><name>ESTRADA 19 - PONTE DE PEDRA</name><styleUrl>#extra</styleUrl><LineString><tessellate>1</tessellate><coordinates>-57.425258,-13.620311,0 -57.425516,-13.620596,0 -57.426138,-13.621207,0 -57.426876,-13.621916,0 -57.428176,-13.623170,0 -57.428901,-13.623863,0 -57.430105,-13.625014,0 -57.430970,-13.625867,0 -57.432115,-13.626985,0 -57.433179,-13.628013,0 -57.434246,-13.629044,0 -57.435079,-13.629830,0</coordinates></LineString></Placemark>
<Placemark><name>ESTRADA 20 - PONTE DE PEDRA</name><styleUrl>#extra</styleUrl><LineString><tessellate>1</tessellate><coordinates>-57.427159,-13.637939,0 -57.426460,-13.638627,0 -57.425249,-13.639850,0 -57.423532,-13.641624,0</coordinates></LineString></Placemark>
<Placemark><name>ESTRADA 21 - PONTE DE PEDRA</name><styleUrl>#extra</styleUrl><LineString><tessellate>1</tessellate><coordinates>-57.482240,-13.556040,0 -57.482145,-13.556246,0 -57.482159,-13.556752,0 -57.482263,-13.558468,0 -57.482287,-13.558953,0 -57.481748,-13.559813,0 -57.481703,-13.560001,0 -57.481788,-13.560251,0 -57.482490,-13.561940,0 -57.482826,-13.562483,0 -57.483200,-13.563160,0 -57.483787,-13.564507,0 -57.484120,-13.565330,0 -57.484229,-13.565868,0 -57.484189,-13.566804,0</coordinates></LineString></Placemark>
<Placemark><name>ESTRADA 22 - PONTE DE PEDRA</name><styleUrl>#extra</styleUrl><LineString><tessellate>1</tessellate><coordinates>-57.477270,-13.566410,0 -57.477080,-13.565545,0 -57.476771,-13.564210,0 -57.476530,-13.563349,0 -57.476824,-13.562747,0 -57.476289,-13.562091,0 -57.476000,-13.561822,0 -57.475661,-13.561470,0 -57.475525,-13.561109,0 -57.475470,-13.560961,0 -57.475367,-13.560755,0 -57.475141,-13.560486,0 -57.475096,-13.560327,0</coordinates></LineString></Placemark>
<Placemark><name>ESTRADA 23 - PONTE DE PEDRA</name><styleUrl>#extra</styleUrl><LineString><tessellate>1</tessellate><coordinates>-57.474906,-13.559553,0 -57.474694,-13.559571,0 -57.474721,-13.559876,0 -57.474922,-13.560270,0 -57.474992,-13.560598,0 -57.474954,-13.561044,0 -57.475311,-13.561516,0 -57.475568,-13.561858,0 -57.476129,-13.562676,0 -57.476491,-13.563380,0 -57.476569,-13.563537,0 -57.476590,-13.563550,0</coordinates></LineString></Placemark>
<Placemark><name>ESTRADA 24 - PONTE DE PEDRA</name><styleUrl>#extra</styleUrl><LineString><tessellate>1</tessellate><coordinates>-57.436184,-13.535691,0 -57.436334,-13.535163,0 -57.436597,-13.534318,0 -57.436971,-13.532985,0 -57.437193,-13.532164,0 -57.437419,-13.531370,0 -57.437642,-13.530568,0 -57.437838,-13.529829,0 -57.438064,-13.529083,0 -57.439034,-13.525656,0 -57.439131,-13.525176,0 -57.439318,-13.523982,0 -57.439613,-13.522182,0 -57.440032,-13.519601,0 -57.440252,-13.518677,0 -57.440697,-13.517759,0 -57.441105,-13.517300,0 -57.441663,-13.516935,0 -57.441786,-13.516633,0 -57.442156,-13.515454,0 -57.442526,-13.514338,0 -57.443111,-13.512580,0 -57.442993,-13.512497,0 -57.442274,-13.512351,0 -57.440423,-13.511902,0 -57.436936,-13.511099,0 -57.435150,-13.510681,0 -57.433552,-13.510316,0 -57.431411,-13.509769,0 -57.431213,-13.509701,0 -57.430708,-13.509414,0 -57.429512,-13.508637,0 -57.428707,-13.508152,0 -57.427463,-13.507312,0 -57.426637,-13.506764,0 -57.425231,-13.505831,0 -57.423043,-13.504417,0 -57.421927,-13.503687,0 -57.422136,-13.502878,0 -57.422571,-13.501517,0 -57.423102,-13.499764,0 -57.423998,-13.496838,0 -57.424427,-13.495482,0 -57.424346,-13.495257,0 -57.424352,-13.495049,0 -57.424475,-13.494548,0 -57.424582,-13.494078,0 -57.424850,-13.493974,0 -57.425038,-13.493447,0 -57.425199,-13.492988,0 -57.425376,-13.492378,0 -57.426535,-13.488680,0 -57.426707,-13.488643,0 -57.427045,-13.488763,0 -57.427415,-13.488956,0 -57.431760,-13.491079,0 -57.436780,-13.493550,0 -57.438326,-13.489060,0 -57.438524,-13.489128,0 -57.438766,-13.489316,0 -57.447810,-13.497770,0 -57.447783,-13.497985,0 -57.445689,-13.504699,0 -57.445115,-13.506519,0 -57.443116,-13.512591,0</coordinates></LineString></Placemark>
<Placemark><name>ESTRADA 25 - PONTE DE PEDRA</name><styleUrl>#extra</styleUrl><LineString><tessellate>1</tessellate><coordinates>-57.436780,-13.493550,0 -57.436129,-13.495377,0 -57.434842,-13.499157,0 -57.433718,-13.502456,0 -57.432857,-13.505069,0 -57.431312,-13.509735,0</coordinates></LineString></Placemark>
<Placemark><name>ESTRADA 26 - PONTE DE PEDRA</name><styleUrl>#extra</styleUrl><LineString><tessellate>1</tessellate><coordinates>-57.445121,-13.506492,0 -57.444807,-13.506243,0 -57.444237,-13.505836,0 -57.443323,-13.505182,0 -57.442336,-13.504484,0 -57.441303,-13.503734,0 -57.440368,-13.503070,0 -57.439436,-13.502406,0 -57.437991,-13.501371,0 -57.434854,-13.499124,0 -57.434697,-13.499010,0 -57.434439,-13.498833,0 -57.434201,-13.498656,0 -57.433090,-13.497858,0 -57.431805,-13.496947,0 -57.430140,-13.495742,0</coordinates></LineString></Placemark>
</Folder></Document></kml>