<?xml version="1.0" encoding="UTF-8"?>
<kml xmlns="http://www.opengis.net/kml/2.2"><Document>
<name>FAZENDA MATO GROSSO - rotas ate a sede</name>
<Style id="rota"><LineStyle><color>ff2d2dff</color><width>4</width></LineStyle></Style>
<Style id="malha"><LineStyle><color>ff00e5ff</color><width>1</width></LineStyle></Style>
<Style id="extra"><LineStyle><color>ff008aff</color><width>3</width></LineStyle></Style>
<Style id="sede"><IconStyle><color>ff2d2dff</color><scale>1.3</scale></IconStyle></Style>
<Placemark><name>SEDE</name><styleUrl>#sede</styleUrl><Point><coordinates>-59.164748,-13.825901,0</coordinates></Point></Placemark>
<Folder><name>Rotas por talhao (ponto mais extremo)</name>
<Placemark><name>A-01 - 7,67 km</name><description>Maxima 7666 m | Minima 5396 m | Reta 2446 m | 37.65 ha</description><styleUrl>#rota</styleUrl><LineString><tessellate>1</tessellate><coordinates>-59.165127,-13.826325,0 -59.165093,-13.826560,0 -59.165058,-13.826778,0 -59.165023,-13.827013,0 -59.164988,-13.827230,0 -59.164953,-13.827447,0 -59.164918,-13.827682,0 -59.164883,-13.827900,0 -59.164848,-13.828135,0 -59.164813,-13.828352,0 -59.164778,-13.828569,0 -59.164744,-13.828805,0 -59.164709,-13.829022,0 -59.164674,-13.829257,0 -59.164639,-13.829474,0 -59.164604,-13.829691,0 -59.164569,-13.829927,0 -59.164534,-13.830144,0 -59.164499,-13.830379,0 -59.164464,-13.830596,0 -59.164429,-13.830813,0 -59.164394,-13.831049,0 -59.164359,-13.831266,0 -59.164325,-13.831501,0 -59.164290,-13.831718,0 -59.164255,-13.831935,0 -59.164220,-13.832171,0 -59.164185,-13.832388,0 -59.164150,-13.832623,0 -59.164134,-13.832840,0 -59.164099,-13.833057,0 -59.164064,-13.833293,0 -59.164029,-13.833510,0 -59.163994,-13.833745,0 -59.163959,-13.833962,0 -59.163924,-13.834179,0 -59.163889,-13.834415,0 -59.163854,-13.834632,0 -59.163819,-13.834867,0 -59.163784,-13.835084,0 -59.163749,-13.835301,0 -59.163715,-13.835537,0 -59.163680,-13.835754,0 -59.163645,-13.835989,0 -59.163610,-13.836206,0 -59.163575,-13.836423,0 -59.163540,-13.836659,0 -59.163505,-13.836876,0 -59.163470,-13.837111,0 -59.163435,-13.837328,0 -59.163400,-13.837546,0 -59.163365,-13.837781,0 -59.163330,-13.837998,0 -59.163296,-13.838233,0 -59.163261,-13.838450,0 -59.163226,-13.838668,0 -59.163191,-13.838903,0 -59.163156,-13.839120,0 -59.163121,-13.839355,0 -59.163105,-13.839572,0 -59.163070,-13.839789,0 -59.163035,-13.840025,0 -59.163000,-13.840242,0 -59.162965,-13.840477,0 -59.162930,-13.840694,0 -59.162895,-13.840911,0 -59.162860,-13.841147,0 -59.162825,-13.841364,0 -59.162790,-13.841599,0 -59.162755,-13.841816,0 -59.162720,-13.842034,0 -59.162686,-13.842269,0 -59.162651,-13.842486,0 -59.162616,-13.842721,0 -59.162581,-13.842938,0 -59.162546,-13.843156,0 -59.162511,-13.843391,0 -59.162476,-13.843608,0 -59.162441,-13.843843,0 -59.162406,-13.844060,0 -59.162371,-13.844278,0 -59.162336,-13.844513,0 -59.162301,-13.844730,0 -59.162267,-13.844965,0 -59.162232,-13.845183,0 -59.162197,-13.845400,0 -59.162162,-13.845635,0 -59.162127,-13.845852,0 -59.162111,-13.846087,0 -59.162076,-13.846304,0 -59.162041,-13.846522,0 -59.162006,-13.846757,0 -59.161971,-13.846974,0 -59.161936,-13.847209,0 -59.161901,-13.847426,0 -59.161866,-13.847644,0 -59.161831,-13.847879,0 -59.161796,-13.848096,0 -59.161761,-13.848331,0 -59.161726,-13.848549,0 -59.161691,-13.848766,0 -59.161657,-13.849001,0 -59.161622,-13.849218,0 -59.161587,-13.849453,0 -59.161552,-13.849671,0 -59.161517,-13.849888,0 -59.161482,-13.850123,0 -59.161447,-13.850340,0 -59.161412,-13.850575,0 -59.161377,-13.850793,0 -59.161342,-13.851010,0 -59.161307,-13.851245,0 -59.161272,-13.851462,0 -59.161238,-13.851697,0 -59.161203,-13.851915,0 -59.161168,-13.852132,0 -59.161133,-13.852367,0 -59.161116,-13.852584,0 -59.161081,-13.852819,0 -59.161046,-13.853037,0 -59.161011,-13.853254,0 -59.160977,-13.853489,0 -59.160942,-13.853706,0 -59.160907,-13.853941,0 -59.160872,-13.854159,0 -59.160837,-13.854376,0 -59.160802,-13.854611,0 -59.160767,-13.854828,0 -59.160732,-13.855063,0 -59.160697,-13.855281,0 -59.160662,-13.855498,0 -59.160627,-13.855733,0 -59.160593,-13.855950,0 -59.160558,-13.856186,0 -59.160523,-13.856403,0 -59.160488,-13.856620,0 -59.160453,-13.856855,0 -59.160418,-13.857072,0 -59.160383,-13.857308,0 -59.160348,-13.857525,0 -59.160313,-13.857742,0 -59.160278,-13.857977,0 -59.160243,-13.858194,0 -59.160209,-13.858430,0 -59.160174,-13.858647,0 -59.160139,-13.858864,0 -59.160104,-13.859099,0 -59.160087,-13.859316,0 -59.160052,-13.859552,0 -59.160017,-13.859769,0 -59.159982,-13.859986,0 -59.159948,-13.860221,0 -59.159913,-13.860438,0 -59.159878,-13.860674,0 -59.159843,-13.860891,0 -59.159808,-13.861108,0 -59.159773,-13.861343,0 -59.159738,-13.861560,0 -59.159703,-13.861796,0 -59.159668,-13.862013,0 -59.159633,-13.862230,0 -59.159598,-13.862465,0 -59.159563,-13.862682,0 -59.159529,-13.862918,0 -59.159494,-13.863135,0 -59.159459,-13.863352,0 -59.159424,-13.863587,0 -59.159389,-13.863804,0 -59.159354,-13.864040,0 -59.159319,-13.864257,0 -59.159284,-13.864474,0 -59.159249,-13.864709,0 -59.159214,-13.864927,0 -59.159179,-13.865162,0 -59.159144,-13.865379,0 -59.159109,-13.865596,0 -59.159093,-13.865831,0 -59.159058,-13.866048,0 -59.159023,-13.866284,0 -59.158988,-13.866501,0 -59.158953,-13.866718,0 -59.158919,-13.866953,0 -59.158884,-13.867170,0 -59.158849,-13.867406,0 -59.158476,-13.867138,0 -59.158383,-13.867085,0 -59.158272,-13.867085,0 -59.158107,-13.867250,0 -59.157942,-13.867414,0 -59.157777,-13.867578,0 -59.157613,-13.867760,0 -59.157483,-13.867743,0 -59.157335,-13.867690,0 -59.157111,-13.867548,0 -59.156831,-13.867297,0 -59.156663,-13.867136,0 -59.156477,-13.866957,0 -59.156309,-13.866778,0 -59.156141,-13.866598,0 -59.155954,-13.866419,0 -59.155600,-13.866187,0 -59.155265,-13.865973,0 -59.155042,-13.865831,0 -59.154800,-13.865688,0 -59.154577,-13.865546,0 -59.154335,-13.865385,0 -59.154149,-13.865224,0 -59.153962,-13.865063,0 -59.153776,-13.864902,0 -59.153588,-13.864597,0 -59.153475,-13.864381,0 -59.153380,-13.864147,0 -59.153304,-13.863912,0 -59.153228,-13.863660,0 -59.153151,-13.863408,0 -59.153094,-13.863173,0 -59.153036,-13.862939,0 -59.152978,-13.862686,0 -59.152901,-13.862271,0 -59.152786,-13.861857,0 -59.152708,-13.861496,0 -59.152669,-13.861261,0 -59.152630,-13.861027,0 -59.152591,-13.860792,0 -59.152552,-13.860575,0 -59.152512,-13.860251,0 -59.152435,-13.859980,0 -59.152378,-13.859728,0 -59.152319,-13.859403,0 -59.152242,-13.859096,0 -59.152147,-13.858808,0 -59.152034,-13.858520,0 -59.151957,-13.858195,0 -59.151880,-13.857889,0 -59.151822,-13.857636,0 -59.151764,-13.857384,0 -59.151706,-13.857131,0 -59.151630,-13.856861,0 -59.151572,-13.856608,0 -59.151496,-13.856338,0 -59.151438,-13.856085,0 -59.151361,-13.855815,0 -59.151303,-13.855562,0 -59.151227,-13.855292,0 -59.151169,-13.855039,0 -59.151093,-13.854805,0 -59.151035,-13.854571,0 -59.150978,-13.854354,0 -59.150902,-13.854120,0 -59.150844,-13.853885,0 -59.150749,-13.853651,0 -59.150673,-13.853399,0 -59.150578,-13.853147,0 -59.150428,-13.852877,0 -59.150240,-13.852535,0 -59.150108,-13.852247,0 -59.150013,-13.851977,0 -59.149918,-13.851725,0 -59.149859,-13.851400,0 -59.149820,-13.851165,0 -59.149762,-13.850913,0 -59.149723,-13.850678,0 -59.149684,-13.850426,0 -59.149626,-13.850191,0 -59.149587,-13.849939,0 -59.149585,-13.849686,0 -59.149582,-13.849433,0 -59.149654,-13.849125,0 -59.149651,-13.848799,0 -59.149836,-13.848870,0 -59.150058,-13.848814,0 -59.150279,-13.848758,0 -59.150500,-13.848684,0 -59.150740,-13.848627,0 -59.150962,-13.848571,0 -59.151183,-13.848515,0 -59.151405,-13.848459,0 -59.151644,-13.848384,0 -59.151866,-13.848328,0 -59.152087,-13.848272,0 -59.152309,-13.848216,0 -59.152548,-13.848141,0 -59.152770,-13.848085,0 -59.152991,-13.848047,0 -59.153213,-13.847991,0 -59.153453,-13.847935,0 -59.153674,-13.847878,0</coordinates></LineString></Placemark>
<Placemark><name>P-02 - 6,19 km</name><description>Maxima 6191 m | Minima 1003 m | Reta 767 m | 78.38 ha</description><styleUrl>#rota</styleUrl><LineString><tessellate>1</tessellate><coordinates>-59.165249,-13.825439,0 -59.165284,-13.825203,0 -59.165319,-13.824986,0 -59.165354,-13.824769,0 -59.165388,-13.824534,0 -59.165423,-13.824316,0 -59.165458,-13.824081,0 -59.165493,-13.823864,0 -59.165528,-13.823647,0 -59.165563,-13.823412,0 -59.165598,-13.823194,0 -59.165633,-13.822959,0 -59.165668,-13.822742,0 -59.165703,-13.822525,0 -59.165737,-13.822290,0 -59.165772,-13.822072,0 -59.165807,-13.821837,0 -59.165842,-13.821620,0 -59.165877,-13.821403,0 -59.165912,-13.821167,0 -59.165947,-13.820950,0 -59.165982,-13.820715,0 -59.166017,-13.820498,0 -59.166052,-13.820281,0 -59.166087,-13.820045,0 -59.166122,-13.819828,0 -59.166138,-13.819593,0 -59.166173,-13.819376,0 -59.166208,-13.819159,0 -59.166243,-13.818924,0 -59.166278,-13.818706,0 -59.166312,-13.818471,0 -59.166347,-13.818254,0 -59.166382,-13.818037,0 -59.166417,-13.817802,0 -59.166452,-13.817584,0 -59.166487,-13.817349,0 -59.166522,-13.817132,0 -59.166557,-13.816915,0 -59.166592,-13.816679,0 -59.166627,-13.816462,0 -59.166647,-13.816697,0 -59.166668,-13.816932,0 -59.166670,-13.817185,0 -59.166691,-13.817420,0 -59.166712,-13.817654,0 -59.166732,-13.817889,0 -59.166735,-13.818142,0 -59.166755,-13.818377,0 -59.166776,-13.818612,0 -59.166797,-13.818864,0 -59.166799,-13.819099,0 -59.166820,-13.819316,0 -59.166840,-13.819551,0 -59.166861,-13.819768,0 -59.166881,-13.820002,0 -59.166902,-13.820219,0 -59.166904,-13.820454,0 -59.166925,-13.820689,0 -59.166945,-13.820905,0 -59.166966,-13.821140,0 -59.166986,-13.821357,0 -59.167007,-13.821592,0 -59.167009,-13.821808,0 -59.167030,-13.822043,0 -59.167050,-13.822260,0 -59.167071,-13.822495,0 -59.167091,-13.822711,0 -59.167112,-13.822946,0 -59.167114,-13.823163,0 -59.167135,-13.823398,0 -59.167155,-13.823632,0 -59.167176,-13.823849,0 -59.167197,-13.824084,0 -59.167217,-13.824301,0 -59.167219,-13.824536,0 -59.167240,-13.824752,0 -59.167260,-13.824987,0 -59.167281,-13.825204,0 -59.167302,-13.825438,0 -59.167304,-13.825655,0 -59.167324,-13.825890,0 -59.167345,-13.826107,0 -59.167365,-13.826342,0 -59.167386,-13.826558,0 -59.167407,-13.826793,0 -59.167409,-13.827028,0 -59.167429,-13.827245,0 -59.167450,-13.827479,0 -59.167470,-13.827696,0 -59.167491,-13.827931,0 -59.167512,-13.828148,0 -59.167514,-13.828382,0 -59.167534,-13.828599,0 -59.167555,-13.828834,0 -59.167575,-13.829051,0 -59.167596,-13.829285,0 -59.167617,-13.829502,0 -59.167619,-13.829737,0 -59.167639,-13.829954,0 -59.167660,-13.830188,0 -59.167681,-13.830423,0 -59.167701,-13.830640,0 -59.167722,-13.830875,0 -59.167742,-13.831109,0 -59.167763,-13.831344,0 -59.167765,-13.831561,0 -59.167786,-13.831796,0 -59.167807,-13.832031,0 -59.167827,-13.832247,0 -59.167848,-13.832482,0 -59.167868,-13.832717,0 -59.167889,-13.832933,0 -59.167910,-13.833168,0 -59.167912,-13.833403,0 -59.167932,-13.833620,0 -59.167953,-13.833855,0 -59.167974,-13.834089,0 -59.167994,-13.834306,0 -59.168015,-13.834541,0 -59.168035,-13.834776,0 -59.168056,-13.834992,0 -59.168077,-13.835227,0 -59.168079,-13.835462,0 -59.168099,-13.835679,0 -59.168120,-13.835913,0 -59.168141,-13.836148,0 -59.168161,-13.836365,0 -59.168182,-13.836600,0 -59.168202,-13.836834,0 -59.168223,-13.837051,0 -59.168225,-13.837286,0 -59.168246,-13.837521,0 -59.168266,-13.837737,0 -59.168287,-13.837972,0 -59.168308,-13.838207,0 -59.168328,-13.838424,0 -59.168349,-13.838658,0 -59.168369,-13.838893,0 -59.168371,-13.839110,0 -59.168392,-13.839345,0 -59.168413,-13.839580,0 -59.168433,-13.839796,0 -59.168454,-13.840031,0 -59.168475,-13.840266,0 -59.168495,-13.840482,0 -59.168516,-13.840717,0 -59.168537,-13.840952,0 -59.168539,-13.841169,0 -59.168559,-13.841404,0 -59.168580,-13.841638,0 -59.168600,-13.841855,0 -59.168621,-13.842090,0 -59.168642,-13.842325,0 -59.168662,-13.842559,0 -59.168683,-13.842776,0 -59.168685,-13.843011,0 -59.168706,-13.843246,0 -59.168726,-13.843462,0 -59.168747,-13.843697,0 -59.168768,-13.843932,0 -59.168768,-13.843986,0 -59.168676,-13.844005,0 -59.168436,-13.844061,0 -59.168196,-13.844136,0 -59.167956,-13.844192,0 -59.167716,-13.844248,0 -59.167476,-13.844305,0 -59.167236,-13.844361,0 -59.166997,-13.844436,0 -59.166757,-13.844492,0 -59.166517,-13.844548,0 -59.166296,-13.844622,0 -59.166056,-13.844679,0 -59.165834,-13.844735,0 -59.165613,-13.844791,0 -59.165373,-13.844866,0 -59.165152,-13.844922,0 -59.164912,-13.844978,0 -59.164690,-13.845052,0 -59.164469,-13.845109,0 -59.164229,-13.845165,0 -59.164008,-13.845239,0 -59.163768,-13.845295,0 -59.163546,-13.845352,0 -59.163306,-13.845408,0 -59.163085,-13.845482,0 -59.162845,-13.845539,0 -59.162624,-13.845595,0 -59.162384,-13.845651,0 -59.162163,-13.845725,0 -59.161923,-13.845782,0 -59.161683,-13.845838,0 -59.161462,-13.845912,0 -59.161222,-13.845969,0 -59.160982,-13.846043,0 -59.160742,-13.846099,0 -59.160502,-13.846174,0 -59.160281,-13.846230,0 -59.160041,-13.846304,0 -59.159801,-13.846361,0 -59.159561,-13.846435,0 -59.159340,-13.846491,0 -59.159118,-13.846547,0 -59.158879,-13.846622,0 -59.158657,-13.846678,0 -59.158436,-13.846734,0 -59.158214,-13.846808,0 -59.157975,-13.846865,0 -59.157753,-13.846921,0 -59.157532,-13.846995,0 -59.157552,-13.847212,0 -59.157535,-13.847320,0 -59.157533,-13.847085,0 -59.157512,-13.846851,0 -59.157511,-13.846778,0 -59.157582,-13.846398,0 -59.157561,-13.846163,0 -59.157541,-13.845947,0 -59.157520,-13.845712,0 -59.157500,-13.845495,0 -59.157479,-13.845261,0 -59.157458,-13.845044,0 -59.157438,-13.844809,0 -59.157417,-13.844574,0 -59.157397,-13.844358,0 -59.157376,-13.844123,0 -59.157355,-13.843906,0 -59.157335,-13.843671,0 -59.157314,-13.843455,0 -59.157294,-13.843220,0 -59.157273,-13.843003,0 -59.157252,-13.842769,0 -59.157232,-13.842534,0 -59.157211,-13.842317,0 -59.157209,-13.842082,0 -59.157189,-13.841865,0 -59.157168,-13.841631,0 -59.157147,-13.841414,0 -59.157127,-13.841179,0 -59.157106,-13.840963,0 -59.157086,-13.840728,0 -59.157065,-13.840493,0</coordinates></LineString></Placemark>
<Placemark><name>P-26 - 11,13 km</name><description>Maxima 11127 m | Minima 7712 m | Reta 4243 m | 38.37 ha</description><styleUrl>#rota</styleUrl><LineString><tessellate>1</tessellate><coordinates>-59.165127,-13.826325,0 -59.165093,-13.826560,0 -59.165058,-13.826778,0 -59.165023,-13.827013,0 -59.164988,-13.827230,0 -59.164953,-13.827447,0 -59.164918,-13.827682,0 -59.164883,-13.827900,0 -59.164848,-13.828135,0 -59.164813,-13.828352,0 -59.164778,-13.828569,0 -59.164744,-13.828805,0 -59.164709,-13.829022,0 -59.164674,-13.829257,0 -59.164639,-13.829474,0 -59.164604,-13.829691,0 -59.164569,-13.829927,0 -59.164534,-13.830144,0 -59.164499,-13.830379,0 -59.164464,-13.830596,0 -59.164429,-13.830813,0 -59.164394,-13.831049,0 -59.164359,-13.831266,0 -59.164325,-13.831501,0 -59.164290,-13.831718,0 -59.164255,-13.831935,0 -59.164220,-13.832171,0 -59.164185,-13.832388,0 -59.164150,-13.832623,0 -59.164134,-13.832840,0 -59.164099,-13.833057,0 -59.164064,-13.833293,0 -59.164029,-13.833510,0 -59.163994,-13.833745,0 -59.163959,-13.833962,0 -59.163924,-13.834179,0 -59.163889,-13.834415,0 -59.163854,-13.834632,0 -59.163819,-13.834867,0 -59.163784,-13.835084,0 -59.163749,-13.835301,0 -59.163715,-13.835537,0 -59.163680,-13.835754,0 -59.163645,-13.835989,0 -59.163610,-13.836206,0 -59.163575,-13.836423,0 -59.163540,-13.836659,0 -59.163505,-13.836876,0 -59.163470,-13.837111,0 -59.163435,-13.837328,0 -59.163400,-13.837546,0 -59.163365,-13.837781,0 -59.163330,-13.837998,0 -59.163296,-13.838233,0 -59.163261,-13.838450,0 -59.163226,-13.838668,0 -59.163191,-13.838903,0 -59.163156,-13.839120,0 -59.163121,-13.839355,0 -59.163105,-13.839572,0 -59.163070,-13.839789,0 -59.163035,-13.840025,0 -59.163000,-13.840242,0 -59.162965,-13.840477,0 -59.162930,-13.840694,0 -59.162895,-13.840911,0 -59.162860,-13.841147,0 -59.162825,-13.841364,0 -59.162790,-13.841599,0 -59.162755,-13.841816,0 -59.162720,-13.842034,0 -59.162686,-13.842269,0 -59.162651,-13.842486,0 -59.162616,-13.842721,0 -59.162581,-13.842938,0 -59.162546,-13.843156,0 -59.162511,-13.843391,0 -59.162476,-13.843608,0 -59.162441,-13.843843,0 -59.162406,-13.844060,0 -59.162371,-13.844278,0 -59.162336,-13.844513,0 -59.162301,-13.844730,0 -59.162267,-13.844965,0 -59.162232,-13.845183,0 -59.162197,-13.845400,0 -59.162162,-13.845635,0 -59.162127,-13.845852,0 -59.162111,-13.846087,0 -59.162076,-13.846304,0 -59.162041,-13.846522,0 -59.162006,-13.846757,0 -59.161971,-13.846974,0 -59.161936,-13.847209,0 -59.161901,-13.847426,0 -59.161866,-13.847644,0 -59.161831,-13.847879,0 -59.161796,-13.848096,0 -59.161761,-13.848331,0 -59.161726,-13.848549,0 -59.161691,-13.848766,0 -59.161657,-13.849001,0 -59.161622,-13.849218,0 -59.161587,-13.849453,0 -59.161552,-13.849671,0 -59.161517,-13.849888,0 -59.161482,-13.850123,0 -59.161447,-13.850340,0 -59.161412,-13.850575,0 -59.161377,-13.850793,0 -59.161342,-13.851010,0 -59.161307,-13.851245,0 -59.161272,-13.851462,0 -59.161238,-13.851697,0 -59.161203,-13.851915,0 -59.161168,-13.852132,0 -59.161133,-13.852367,0 -59.161116,-13.852584,0 -59.161081,-13.852819,0 -59.161046,-13.853037,0 -59.161011,-13.853254,0 -59.160977,-13.853489,0 -59.160942,-13.853706,0 -59.160907,-13.853941,0 -59.160872,-13.854159,0 -59.160837,-13.854376,0 -59.160802,-13.854611,0 -59.160767,-13.854828,0 -59.160732,-13.855063,0 -59.160697,-13.855281,0 -59.160662,-13.855498,0 -59.160627,-13.855733,0 -59.160593,-13.855950,0 -59.160558,-13.856186,0 -59.160523,-13.856403,0 -59.160488,-13.856620,0 -59.160453,-13.856855,0 -59.160418,-13.857072,0 -59.160383,-13.857308,0 -59.160348,-13.857525,0 -59.160313,-13.857742,0 -59.160278,-13.857977,0 -59.160243,-13.858194,0 -59.160209,-13.858430,0 -59.160174,-13.858647,0 -59.160139,-13.858864,0 -59.160104,-13.859099,0 -59.160087,-13.859316,0 -59.160052,-13.859552,0 -59.160017,-13.859769,0 -59.159982,-13.859986,0 -59.159948,-13.860221,0 -59.159913,-13.860438,0 -59.159878,-13.860674,0 -59.159843,-13.860891,0 -59.159808,-13.861108,0 -59.159773,-13.861343,0 -59.159738,-13.861560,0 -59.159703,-13.861796,0 -59.159668,-13.862013,0 -59.159633,-13.862230,0 -59.159598,-13.862465,0 -59.159563,-13.862682,0 -59.159529,-13.862918,0 -59.159494,-13.863135,0 -59.159459,-13.863352,0 -59.159424,-13.863587,0 -59.159389,-13.863804,0 -59.159354,-13.864040,0 -59.159319,-13.864257,0 -59.159284,-13.864474,0 -59.159249,-13.864709,0 -59.159214,-13.864927,0 -59.159179,-13.865162,0 -59.159144,-13.865379,0 -59.159109,-13.865596,0 -59.159093,-13.865831,0 -59.159058,-13.866048,0 -59.159023,-13.866284,0 -59.158988,-13.866501,0 -59.158953,-13.866718,0 -59.158919,-13.866953,0 -59.158884,-13.867170,0 -59.158849,-13.867406,0 -59.158476,-13.867138,0 -59.158383,-13.867085,0 -59.158272,-13.867085,0 -59.158107,-13.867250,0 -59.157942,-13.867414,0 -59.157777,-13.867578,0 -59.157613,-13.867760,0 -59.157483,-13.867743,0 -59.157335,-13.867690,0 -59.157111,-13.867548,0 -59.156831,-13.867297,0 -59.156663,-13.867136,0 -59.156477,-13.866957,0 -59.156309,-13.866778,0 -59.156141,-13.866598,0 -59.155954,-13.866419,0 -59.155600,-13.866187,0 -59.155265,-13.865973,0 -59.155042,-13.865831,0 -59.154800,-13.865688,0 -59.154577,-13.865546,0 -59.154335,-13.865385,0 -59.154149,-13.865224,0 -59.153962,-13.865063,0 -59.153776,-13.864902,0 -59.153588,-13.864597,0 -59.153475,-13.864381,0 -59.153380,-13.864147,0 -59.153304,-13.863912,0 -59.153228,-13.863660,0 -59.153151,-13.863408,0 -59.153094,-13.863173,0 -59.153036,-13.862939,0 -59.152978,-13.862686,0 -59.152901,-13.862271,0 -59.153140,-13.862215,0 -59.153380,-13.862159,0 -59.153620,-13.862084,0 -59.153860,-13.862028,0 -59.154100,-13.861953,0 -59.154321,-13.861897,0 -59.154561,-13.861841,0 -59.154783,-13.861767,0 -59.155023,-13.861710,0 -59.155244,-13.861654,0 -59.155484,-13.861598,0 -59.155705,-13.861524,0 -59.155945,-13.861467,0 -59.156167,-13.861411,0 -59.156406,-13.861337,0 -59.156628,-13.861281,0 -59.156868,-13.861224,0 -59.157089,-13.861168,0 -59.157311,-13.861094,0 -59.157551,-13.861037,0 -59.157772,-13.860981,0 -59.158012,-13.860925,0 -59.158233,-13.860851,0 -59.158473,-13.860794,0 -59.158695,-13.860738,0 -59.158934,-13.860664,0 -59.159156,-13.860608,0 -59.159396,-13.860551,0 -59.159617,-13.860495,0 -59.159857,-13.860421,0 -59.160078,-13.860365,0 -59.160300,-13.860308,0 -59.160540,-13.860234,0 -59.160761,-13.860178,0 -59.161001,-13.860121,0 -59.161222,-13.860065,0 -59.161444,-13.859991,0 -59.161684,-13.859935,0 -59.161905,-13.859879,0 -59.162126,-13.859804,0 -59.162366,-13.859748,0 -59.162588,-13.859692,0 -59.162809,-13.859618,0 -59.163049,-13.859561,0 -59.163270,-13.859505,0 -59.163492,-13.859431,0 -59.163732,-13.859374,0 -59.163953,-13.859318,0 -59.164175,-13.859262,0 -59.164414,-13.859188,0 -59.164636,-13.859131,0 -59.164857,-13.859075,0 -59.165097,-13.859001,0 -59.165318,-13.858945,0 -59.165558,-13.858888,0 -59.165780,-13.858814,0 -59.166020,-13.858758,0 -59.166260,-13.858701,0 -59.166481,-13.858627,0 -59.166721,-13.858571,0 -59.166961,-13.858515,0 -59.167182,-13.858440,0 -59.167422,-13.858384,0 -59.167643,-13.858328,0 -59.167883,-13.858253,0 -59.168105,-13.858197,0 -59.168326,-13.858141,0 -59.168547,-13.858085,0 -59.168769,-13.858011,0 -59.168990,-13.857954,0 -59.169230,-13.857898,0 -59.169452,-13.857842,0 -59.169673,-13.857768,0 -59.169894,-13.857711,0 -59.170116,-13.857655,0 -59.170337,-13.857599,0 -59.170577,-13.857525,0 -59.170798,-13.857468,0 -59.171020,-13.857412,0 -59.171241,-13.857356,0 -59.171463,-13.857282,0 -59.171684,-13.857226,0 -59.171924,-13.857169,0 -59.172145,-13.857113,0 -59.172367,-13.857039,0 -59.172588,-13.856983,0 -59.172810,-13.856926,0 -59.173031,-13.856870,0 -59.173271,-13.856796,0 -59.173492,-13.856740,0 -59.173714,-13.856684,0 -59.173935,-13.856627,0 -59.174156,-13.856571,0 -59.174378,-13.856497,0 -59.174618,-13.856441,0 -59.174839,-13.856384,0 -59.175061,-13.856328,0 -59.175282,-13.856254,0 -59.175503,-13.856198,0 -59.175743,-13.856141,0 -59.175965,-13.856085,0 -59.176186,-13.856011,0 -59.176407,-13.855955,0 -59.176629,-13.855899,0 -59.176850,-13.855842,0 -59.177090,-13.855768,0 -59.177311,-13.855712,0 -59.177533,-13.855656,0 -59.177588,-13.855655,0 -59.177664,-13.855889,0 -59.177667,-13.856124,0 -59.177669,-13.856341,0 -59.177671,-13.856576,0 -59.177673,-13.856811,0 -59.177675,-13.857028,0 -59.177677,-13.857263,0 -59.177679,-13.857498,0 -59.177682,-13.857733,0 -59.177684,-13.857949,0 -59.177686,-13.858184,0 -59.177688,-13.858419,0 -59.177690,-13.858636,0 -59.177711,-13.858871,0 -59.177713,-13.859106,0 -59.177715,-13.859323,0 -59.177717,-13.859558,0 -59.177719,-13.859793,0 -59.177721,-13.860009,0 -59.177724,-13.860244,0 -59.177726,-13.860479,0 -59.177728,-13.860714,0 -59.177730,-13.860931,0 -59.177732,-13.861166,0 -59.177734,-13.861401,0 -59.177736,-13.861618,0 -59.177739,-13.861853,0 -59.177741,-13.862088,0 -59.177742,-13.862268,0 -59.177745,-13.862539,0 -59.177729,-13.862792,0 -59.177803,-13.862792,0 -59.178043,-13.862717,0 -59.178264,-13.862625,0 -59.178503,-13.862533,0 -59.178725,-13.862458,0 -59.178946,-13.862366,0 -59.179185,-13.862292,0 -59.179407,-13.862199,0 -59.179628,-13.862125,0 -59.179849,-13.862033,0 -59.180089,-13.861958,0 -59.180310,-13.861866,0 -59.180531,-13.861792,0 -59.180752,-13.861699,0 -59.180973,-13.861625,0 -59.181213,-13.861533,0 -59.181434,-13.861440,0 -59.181674,-13.861366,0 -59.181914,-13.861273,0 -59.182172,-13.861199,0 -59.182522,-13.861087,0 -59.182762,-13.860995,0 -59.183001,-13.860902,0 -59.183241,-13.860810,0 -59.183481,-13.860717,0 -59.183720,-13.860625,0 -59.183960,-13.860532,0 -59.184329,-13.860402,0 -59.184365,-13.860384,0 -59.184423,-13.860600,0 -59.184480,-13.860817,0 -59.184556,-13.861033,0 -59.184614,-13.861267,0 -59.184690,-13.861520,0 -59.184767,-13.861772,0 -59.184843,-13.862024,0 -59.184919,-13.862277,0 -59.184996,-13.862547,0 -59.185072,-13.862799,0 -59.185149,-13.863052,0 -59.185206,-13.863286,0 -59.185283,-13.863520,0 -59.185340,-13.863755,0 -59.185416,-13.863989,0 -59.185474,-13.864223,0 -59.185550,-13.864458,0 -59.185608,-13.864692,0 -59.185684,-13.864926,0 -59.185482,-13.865037,0 -59.185279,-13.865165,0 -59.185077,-13.865275,0 -59.184893,-13.865403,0 -59.184691,-13.865514,0 -59.184489,-13.865642,0 -59.184286,-13.865752,0 -59.184084,-13.865862,0 -59.183900,-13.865991,0 -59.183697,-13.866101,0 -59.183495,-13.866229,0 -59.183293,-13.866339,0 -59.183109,-13.866467,0 -59.182906,-13.866578,0 -59.182704,-13.866706,0 -59.182502,-13.866816,0 -59.182299,-13.866945,0 -59.182116,-13.867055,0 -59.181913,-13.867165,0 -59.181711,-13.867293,0 -59.181508,-13.867403,0 -59.181325,-13.867532,0 -59.181122,-13.867642,0 -59.180920,-13.867770,0</coordinates></LineString></Placemark>
<Placemark><name>R-08 - 3,08 km</name><description>Maxima 3084 m | Minima 610 m | Reta 121 m | 53.1 ha</description><styleUrl>#rota</styleUrl><LineString><tessellate>1</tessellate><coordinates>-59.164611,-13.826438,0 -59.164668,-13.826691,0 -59.164708,-13.826943,0 -59.164747,-13.827214,0 -59.164787,-13.827503,0 -59.164789,-13.827774,0 -59.164810,-13.828045,0 -59.164813,-13.828334,0 -59.164834,-13.828587,0 -59.164836,-13.828822,0 -59.164857,-13.829075,0 -59.164859,-13.829328,0 -59.164880,-13.829580,0 -59.164882,-13.829815,0 -59.164903,-13.830068,0 -59.164905,-13.830303,0 -59.164926,-13.830538,0 -59.164928,-13.830773,0 -59.165040,-13.830916,0 -59.165078,-13.830934,0 -59.164819,-13.830991,0 -59.164561,-13.831065,0 -59.164321,-13.831122,0 -59.164302,-13.831104,0 -59.164226,-13.830815,0 -59.164131,-13.830545,0 -59.164110,-13.830292,0 -59.164089,-13.830057,0 -59.164050,-13.829805,0 -59.164029,-13.829570,0 -59.164009,-13.829335,0 -59.163988,-13.829082,0 -59.163949,-13.828848,0 -59.163928,-13.828595,0 -59.163907,-13.828324,0 -59.163867,-13.828053,0 -59.163846,-13.827800,0 -59.163807,-13.827530,0 -59.163786,-13.827259,0 -59.163765,-13.827024,0 -59.163745,-13.826789,0 -59.163706,-13.826573,0 -59.163685,-13.826338,0 -59.163664,-13.826103,0 -59.163644,-13.825886,0 -59.163605,-13.825652,0 -59.163584,-13.825417,0 -59.163545,-13.825182,0 -59.163524,-13.824966,0 -59.163485,-13.824731,0 -59.163465,-13.824496,0 -59.163425,-13.824262,0 -59.163405,-13.824045,0 -59.163366,-13.823811,0 -59.163345,-13.823576,0 -59.163306,-13.823341,0 -59.163285,-13.823124,0 -59.163265,-13.822890,0 -59.163244,-13.822673,0 -59.163224,-13.822438,0 -59.163185,-13.822222,0 -59.163164,-13.822005,0 -59.163143,-13.821752,0 -59.163104,-13.821518,0 -59.163083,-13.821283,0 -59.163063,-13.821048,0 -59.163024,-13.820813,0 -59.163003,-13.820579,0 -59.162964,-13.820326,0 -59.162943,-13.820091,0 -59.162922,-13.819856,0 -59.162883,-13.819622,0 -59.162863,-13.819387,0 -59.162823,-13.819153,0 -59.162803,-13.818900,0 -59.162782,-13.818665,0 -59.162743,-13.818430,0 -59.162722,-13.818196,0 -59.162682,-13.817889,0 -59.162642,-13.817582,0 -59.162385,-13.817692,0 -59.162144,-13.817731,0 -59.161923,-13.817787,0 -59.161683,-13.817825,0 -59.161462,-13.817881,0 -59.161222,-13.817920,0 -59.160982,-13.817976,0 -59.160760,-13.818014,0 -59.160520,-13.818070,0 -59.160299,-13.818108,0 -59.160059,-13.818165,0 -59.159837,-13.818221,0 -59.159597,-13.818259,0 -59.159560,-13.818278,0 -59.159581,-13.818494,0 -59.159602,-13.818729,0 -59.159622,-13.818946,0 -59.159643,-13.819181,0 -59.159682,-13.819397,0 -59.159702,-13.819614,0 -59.159723,-13.819849,0 -59.159743,-13.820065,0 -59.159764,-13.820300,0 -59.159784,-13.820517,0 -59.159824,-13.820751,0 -59.159844,-13.820968,0 -59.159865,-13.821203,0 -59.159885,-13.821419,0 -59.159906,-13.821654,0 -59.159926,-13.821871,0 -59.159966,-13.822105,0 -59.159986,-13.822322,0 -59.160007,-13.822557,0 -59.160027,-13.822774,0 -59.160048,-13.823008,0 -59.160068,-13.823225,0 -59.160089,-13.823460,0</coordinates></LineString></Placemark>
<Placemark><name>T-01 - 7,43 km</name><description>Maxima 7433 m | Minima 4687 m | Reta 2898 m | 151.93 ha</description><styleUrl>#rota</styleUrl><LineString><tessellate>1</tessellate><coordinates>-59.164611,-13.826438,0 -59.164668,-13.826691,0 -59.164708,-13.826943,0 -59.164747,-13.827214,0 -59.164787,-13.827503,0 -59.164789,-13.827774,0 -59.164810,-13.828045,0 -59.164813,-13.828334,0 -59.164834,-13.828587,0 -59.164836,-13.828822,0 -59.164857,-13.829075,0 -59.164859,-13.829328,0 -59.164880,-13.829580,0 -59.164882,-13.829815,0 -59.164903,-13.830068,0 -59.164905,-13.830303,0 -59.164926,-13.830538,0 -59.164928,-13.830773,0 -59.165040,-13.830916,0 -59.165078,-13.830934,0 -59.165317,-13.830860,0 -59.165576,-13.830785,0 -59.165816,-13.830729,0 -59.166055,-13.830654,0 -59.166314,-13.830598,0 -59.166553,-13.830524,0 -59.166793,-13.830449,0 -59.167052,-13.830393,0 -59.167291,-13.830318,0 -59.167550,-13.830262,0 -59.167789,-13.830187,0 -59.168029,-13.830113,0 -59.168269,-13.830057,0 -59.168509,-13.829982,0 -59.168749,-13.829926,0 -59.168989,-13.829869,0 -59.169228,-13.829795,0 -59.169468,-13.829739,0 -59.169708,-13.829664,0 -59.169948,-13.829608,0 -59.170188,-13.829534,0 -59.170428,-13.829477,0 -59.170649,-13.829403,0 -59.170889,-13.829347,0 -59.171129,-13.829290,0 -59.171368,-13.829216,0 -59.171590,-13.829160,0 -59.171830,-13.829103,0 -59.172069,-13.829029,0 -59.172291,-13.828973,0 -59.172531,-13.828898,0 -59.172771,-13.828842,0 -59.172992,-13.828786,0 -59.173232,-13.828711,0 -59.173472,-13.828655,0 -59.173693,-13.828599,0 -59.173933,-13.828524,0 -59.174173,-13.828468,0 -59.174394,-13.828412,0 -59.174634,-13.828337,0 -59.174855,-13.828281,0 -59.175095,-13.828225,0 -59.175317,-13.828169,0 -59.175538,-13.828094,0 -59.175778,-13.828038,0 -59.175999,-13.827982,0 -59.176220,-13.827908,0 -59.176460,-13.827851,0 -59.176700,-13.827777,0 -59.176940,-13.827721,0 -59.177180,-13.827646,0 -59.177438,-13.827590,0 -59.177678,-13.827533,0 -59.177918,-13.827459,0 -59.178194,-13.827384,0 -59.178471,-13.827309,0 -59.178748,-13.827235,0 -59.178969,-13.827160,0 -59.179209,-13.827104,0 -59.179430,-13.827048,0 -59.179670,-13.826973,0 -59.179892,-13.826917,0 -59.180113,-13.826861,0 -59.180353,-13.826787,0 -59.180574,-13.826730,0 -59.180795,-13.826656,0 -59.181035,-13.826600,0 -59.181256,-13.826526,0 -59.181478,-13.826469,0 -59.181718,-13.826413,0 -59.181939,-13.826339,0 -59.182160,-13.826283,0 -59.182400,-13.826208,0 -59.182622,-13.826152,0 -59.182843,-13.826096,0 -59.183064,-13.826040,0 -59.183304,-13.825965,0 -59.183526,-13.825909,0 -59.183747,-13.825853,0 -59.183968,-13.825797,0 -59.184190,-13.825740,0 -59.184429,-13.825666,0 -59.184651,-13.825610,0 -59.184872,-13.825554,0 -59.185131,-13.825479,0 -59.185370,-13.825423,0 -59.185610,-13.825366,0 -59.185869,-13.825292,0 -59.186108,-13.825235,0 -59.186274,-13.825125,0 -59.186421,-13.825052,0 -59.186623,-13.824924,0 -59.186900,-13.824849,0 -59.187177,-13.824774,0 -59.187454,-13.824717,0 -59.187712,-13.824661,0 -59.187989,-13.824586,0 -59.188265,-13.824511,0 -59.188561,-13.824436,0 -59.188856,-13.824361,0 -59.189077,-13.824305,0 -59.189317,-13.824231,0 -59.189538,-13.824175,0 -59.189778,-13.824118,0 -59.190000,-13.824062,0 -59.190406,-13.823968,0 -59.190646,-13.823912,0 -59.190886,-13.823873,0 -59.191162,-13.823781,0 -59.191402,-13.823724,0 -59.191642,-13.823650,0 -59.191882,-13.823593,0 -59.192122,-13.823537,0 -59.192380,-13.823463,0 -59.192620,-13.823406,0 -59.192878,-13.823332,0 -59.193118,-13.823275,0 -59.193357,-13.823147,0 -59.193523,-13.823127,0 -59.193929,-13.823033,0 -59.194151,-13.822977,0 -59.194390,-13.822902,0 -59.194612,-13.822846,0 -59.194852,-13.822772,0 -59.195073,-13.822716,0 -59.195294,-13.822641,0 -59.195534,-13.822585,0 -59.195645,-13.822602,0 -59.195754,-13.822402,0 -59.195882,-13.822220,0 -59.195991,-13.822021,0 -59.196119,-13.821821,0 -59.196228,-13.821621,0 -59.196355,-13.821421,0 -59.196465,-13.821239,0 -59.196592,-13.821039,0 -59.196701,-13.820840,0 -59.196829,-13.820640,0 -59.196938,-13.820458,0 -59.197066,-13.820258,0 -59.197175,-13.820058,0 -59.197302,-13.819858,0 -59.197412,-13.819677,0 -59.197539,-13.819477,0 -59.197648,-13.819277,0 -59.197776,-13.819077,0 -59.197885,-13.818895,0 -59.198013,-13.818695,0 -59.198122,-13.818495,0 -59.198249,-13.818295,0 -59.198359,-13.818096,0 -59.198486,-13.817914,0 -59.198595,-13.817714,0 -59.198723,-13.817514,0 -59.198832,-13.817314,0 -59.198960,-13.817133,0 -59.199069,-13.816933,0 -59.199196,-13.816733,0 -59.199305,-13.816533,0 -59.199433,-13.816351,0 -59.199542,-13.816151,0 -59.199670,-13.815951,0 -59.199779,-13.815752,0 -59.199907,-13.815552,0 -59.200016,-13.815370,0 -59.200143,-13.815170,0 -59.200252,-13.814970,0 -59.200380,-13.814770,0 -59.200489,-13.814589,0 -59.200617,-13.814389,0 -59.200726,-13.814189,0 -59.200854,-13.813989,0 -59.200963,-13.813807,0 -59.201090,-13.813607,0 -59.201199,-13.813408,0 -59.201327,-13.813208,0 -59.201436,-13.813008,0 -59.201564,-13.812826,0 -59.201673,-13.812626,0 -59.201801,-13.812426,0 -59.201910,-13.812227,0 -59.202037,-13.812045,0 -59.202146,-13.811845,0 -59.202274,-13.811645,0 -59.202383,-13.811445,0 -59.202511,-13.811263,0 -59.202620,-13.811064,0 -59.202747,-13.810864,0 -59.202857,-13.810664,0 -59.202984,-13.810464,0 -59.203093,-13.810282,0 -59.203221,-13.810082,0 -59.203330,-13.809882,0 -59.203458,-13.809682,0 -59.203567,-13.809501,0 -59.203694,-13.809301,0 -59.203803,-13.809101,0 -59.203931,-13.808901,0 -59.204040,-13.808719,0 -59.204168,-13.808519,0 -59.204277,-13.808320,0 -59.204405,-13.808120,0 -59.204514,-13.807920,0 -59.204641,-13.807738,0 -59.204750,-13.807538,0 -59.204878,-13.807338,0 -59.204987,-13.807139,0 -59.205115,-13.806957,0 -59.205224,-13.806757,0 -59.205351,-13.806557,0 -59.205461,-13.806357,0 -59.205588,-13.806175,0 -59.205697,-13.805976,0 -59.205825,-13.805776,0 -59.205934,-13.805576,0 -59.206062,-13.805376,0 -59.206027,-13.805647,0 -59.205992,-13.805883,0 -59.205958,-13.806136,0 -59.205923,-13.806371,0 -59.205888,-13.806625,0 -59.205872,-13.806860,0 -59.205837,-13.807113,0 -59.205803,-13.807348,0 -59.205768,-13.807583,0 -59.205733,-13.807837,0 -59.205699,-13.808072,0 -59.205664,-13.808307,0 -59.205610,-13.808525,0 -59.205576,-13.808760,0 -59.205541,-13.808995,0 -59.205506,-13.809230,0 -59.205471,-13.809448,0 -59.205418,-13.809683,0 -59.205383,-13.809936,0 -59.205330,-13.810172,0 -59.205295,-13.810407,0 -59.205242,-13.810642,0 -59.205207,-13.810878,0 -59.205099,-13.811168,0 -59.204991,-13.811458,0 -59.204900,-13.811694,0 -59.204810,-13.811929,0 -59.204701,-13.812165,0 -59.204611,-13.812401,0 -59.204521,-13.812637,0 -59.204449,-13.812872,0 -59.204377,-13.813090,0 -59.204324,-13.813307,0 -59.204234,-13.813633,0 -59.204164,-13.813959,0 -59.203941,-13.813907,0 -59.203720,-13.813999,0 -59.203499,-13.814092,0 -59.203259,-13.814166,0 -59.203038,-13.814259,0 -59.202817,-13.814333,0 -59.202596,-13.814425,0 -59.202375,-13.814518,0 -59.202135,-13.814592,0</coordinates></LineString></Placemark>
<Placemark><name>T-02 - 10,46 km</name><description>Maxima 10455 m | Minima 3476 m | Reta 2842 m | 99.23 ha</description><styleUrl>#rota</styleUrl><LineString><tessellate>1</tessellate><coordinates>-59.164611,-13.826438,0 -59.164668,-13.826691,0 -59.164708,-13.826943,0 -59.164747,-13.827214,0 -59.164787,-13.827503,0 -59.164789,-13.827774,0 -59.164810,-13.828045,0 -59.164813,-13.828334,0 -59.164834,-13.828587,0 -59.164836,-13.828822,0 -59.164857,-13.829075,0 -59.164859,-13.829328,0 -59.164880,-13.829580,0 -59.164882,-13.829815,0 -59.164903,-13.830068,0 -59.164905,-13.830303,0 -59.164926,-13.830538,0 -59.164928,-13.830773,0 -59.165040,-13.830916,0 -59.165078,-13.830934,0 -59.165317,-13.830860,0 -59.165576,-13.830785,0 -59.165816,-13.830729,0 -59.166055,-13.830654,0 -59.166314,-13.830598,0 -59.166553,-13.830524,0 -59.166793,-13.830449,0 -59.167052,-13.830393,0 -59.167291,-13.830318,0 -59.167550,-13.830262,0 -59.167789,-13.830187,0 -59.168029,-13.830113,0 -59.168269,-13.830057,0 -59.168509,-13.829982,0 -59.168749,-13.829926,0 -59.168989,-13.829869,0 -59.169228,-13.829795,0 -59.169468,-13.829739,0 -59.169708,-13.829664,0 -59.169948,-13.829608,0 -59.170188,-13.829534,0 -59.170428,-13.829477,0 -59.170649,-13.829403,0 -59.170889,-13.829347,0 -59.171129,-13.829290,0 -59.171368,-13.829216,0 -59.171590,-13.829160,0 -59.171830,-13.829103,0 -59.172069,-13.829029,0 -59.172291,-13.828973,0 -59.172531,-13.828898,0 -59.172771,-13.828842,0 -59.172992,-13.828786,0 -59.173232,-13.828711,0 -59.173472,-13.828655,0 -59.173693,-13.828599,0 -59.173933,-13.828524,0 -59.174173,-13.828468,0 -59.174394,-13.828412,0 -59.174634,-13.828337,0 -59.174855,-13.828281,0 -59.175095,-13.828225,0 -59.175317,-13.828169,0 -59.175538,-13.828094,0 -59.175778,-13.828038,0 -59.175999,-13.827982,0 -59.176220,-13.827908,0 -59.176460,-13.827851,0 -59.176700,-13.827777,0 -59.176940,-13.827721,0 -59.177180,-13.827646,0 -59.177438,-13.827590,0 -59.177678,-13.827533,0 -59.177918,-13.827459,0 -59.178194,-13.827384,0 -59.178471,-13.827309,0 -59.178748,-13.827235,0 -59.178969,-13.827160,0 -59.179209,-13.827104,0 -59.179430,-13.827048,0 -59.179670,-13.826973,0 -59.179892,-13.826917,0 -59.180113,-13.826861,0 -59.180353,-13.826787,0 -59.180574,-13.826730,0 -59.180795,-13.826656,0 -59.181035,-13.826600,0 -59.181256,-13.826526,0 -59.181478,-13.826469,0 -59.181718,-13.826413,0 -59.181939,-13.826339,0 -59.182160,-13.826283,0 -59.182400,-13.826208,0 -59.182622,-13.826152,0 -59.182843,-13.826096,0 -59.183064,-13.826040,0 -59.183304,-13.825965,0 -59.183526,-13.825909,0 -59.183747,-13.825853,0 -59.183968,-13.825797,0 -59.184190,-13.825740,0 -59.184429,-13.825666,0 -59.184651,-13.825610,0 -59.184872,-13.825554,0 -59.185131,-13.825479,0 -59.185370,-13.825423,0 -59.185610,-13.825366,0 -59.185869,-13.825292,0 -59.186108,-13.825235,0 -59.186274,-13.825125,0 -59.186421,-13.825052,0 -59.186623,-13.824924,0 -59.186900,-13.824849,0 -59.187177,-13.824774,0 -59.187454,-13.824717,0 -59.187712,-13.824661,0 -59.187989,-13.824586,0 -59.188265,-13.824511,0 -59.188561,-13.824436,0 -59.188856,-13.824361,0 -59.189077,-13.824305,0 -59.189317,-13.824231,0 -59.189538,-13.824175,0 -59.189778,-13.824118,0 -59.190000,-13.824062,0 -59.190406,-13.823968,0 -59.190646,-13.823912,0 -59.190886,-13.823873,0 -59.191162,-13.823781,0 -59.191402,-13.823724,0 -59.191642,-13.823650,0 -59.191882,-13.823593,0 -59.192122,-13.823537,0 -59.192380,-13.823463,0 -59.192620,-13.823406,0 -59.192878,-13.823332,0 -59.193118,-13.823275,0 -59.193357,-13.823147,0 -59.193523,-13.823127,0 -59.193929,-13.823033,0 -59.194151,-13.822977,0 -59.194390,-13.822902,0 -59.194612,-13.822846,0 -59.194852,-13.822772,0 -59.195073,-13.822716,0 -59.195294,-13.822641,0 -59.195534,-13.822585,0 -59.195645,-13.822602,0 -59.195754,-13.822402,0 -59.195882,-13.822220,0 -59.195991,-13.822021,0 -59.196119,-13.821821,0 -59.196228,-13.821621,0 -59.196355,-13.821421,0 -59.196465,-13.821239,0 -59.196592,-13.821039,0 -59.196701,-13.820840,0 -59.196829,-13.820640,0 -59.196938,-13.820458,0 -59.197066,-13.820258,0 -59.197175,-13.820058,0 -59.197302,-13.819858,0 -59.197412,-13.819677,0 -59.197539,-13.819477,0 -59.197648,-13.819277,0 -59.197776,-13.819077,0 -59.197885,-13.818895,0 -59.198013,-13.818695,0 -59.198122,-13.818495,0 -59.198249,-13.818295,0 -59.198359,-13.818096,0 -59.198486,-13.817914,0 -59.198595,-13.817714,0 -59.198723,-13.817514,0 -59.198832,-13.817314,0 -59.198960,-13.817133,0 -59.199069,-13.816933,0 -59.199196,-13.816733,0 -59.199305,-13.816533,0 -59.199433,-13.816351,0 -59.199542,-13.816151,0 -59.199670,-13.815951,0 -59.199779,-13.815752,0 -59.199907,-13.815552,0 -59.200016,-13.815370,0 -59.200143,-13.815170,0 -59.200252,-13.814970,0 -59.200380,-13.814770,0 -59.200489,-13.814589,0 -59.200617,-13.814389,0 -59.200726,-13.814189,0 -59.200854,-13.813989,0 -59.200963,-13.813807,0 -59.201090,-13.813607,0 -59.201199,-13.813408,0 -59.201327,-13.813208,0 -59.201436,-13.813008,0 -59.201564,-13.812826,0 -59.201673,-13.812626,0 -59.201801,-13.812426,0 -59.201910,-13.812227,0 -59.202037,-13.812045,0 -59.202146,-13.811845,0 -59.202274,-13.811645,0 -59.202383,-13.811445,0 -59.202511,-13.811263,0 -59.202620,-13.811064,0 -59.202747,-13.810864,0 -59.202857,-13.810664,0 -59.202984,-13.810464,0 -59.203093,-13.810282,0 -59.203221,-13.810082,0 -59.203330,-13.809882,0 -59.203458,-13.809682,0 -59.203567,-13.809501,0 -59.203694,-13.809301,0 -59.203803,-13.809101,0 -59.203931,-13.808901,0 -59.204040,-13.808719,0 -59.204168,-13.808519,0 -59.204277,-13.808320,0 -59.204405,-13.808120,0 -59.204514,-13.807920,0 -59.204641,-13.807738,0 -59.204750,-13.807538,0 -59.204878,-13.807338,0 -59.204987,-13.807139,0 -59.205115,-13.806957,0 -59.205224,-13.806757,0 -59.205351,-13.806557,0 -59.205461,-13.806357,0 -59.205588,-13.806175,0 -59.205697,-13.805976,0 -59.205825,-13.805776,0 -59.205934,-13.805576,0 -59.206062,-13.805376,0 -59.206027,-13.805647,0 -59.205992,-13.805883,0 -59.205958,-13.806136,0 -59.205923,-13.806371,0 -59.205888,-13.806625,0 -59.205872,-13.806860,0 -59.205837,-13.807113,0 -59.205803,-13.807348,0 -59.205768,-13.807583,0 -59.205733,-13.807837,0 -59.205699,-13.808072,0 -59.205664,-13.808307,0 -59.205610,-13.808525,0 -59.205576,-13.808760,0 -59.205541,-13.808995,0 -59.205506,-13.809230,0 -59.205471,-13.809448,0 -59.205418,-13.809683,0 -59.205383,-13.809936,0 -59.205330,-13.810172,0 -59.205295,-13.810407,0 -59.205242,-13.810642,0 -59.205207,-13.810878,0 -59.205099,-13.811168,0 -59.204991,-13.811458,0 -59.204900,-13.811694,0 -59.204810,-13.811929,0 -59.204701,-13.812165,0 -59.204611,-13.812401,0 -59.204521,-13.812637,0 -59.204449,-13.812872,0 -59.204377,-13.813090,0 -59.204324,-13.813307,0 -59.204234,-13.813633,0 -59.204164,-13.813959,0 -59.204092,-13.814195,0 -59.204039,-13.814448,0 -59.203986,-13.814702,0 -59.203914,-13.814956,0 -59.203824,-13.815173,0 -59.203752,-13.815391,0 -59.203680,-13.815608,0 -59.203553,-13.815899,0 -59.203499,-13.816080,0 -59.203410,-13.816406,0 -59.203284,-13.816768,0 -59.203212,-13.816986,0 -59.203121,-13.817186,0 -59.203049,-13.817403,0 -59.202923,-13.817711,0 -59.202796,-13.818020,0 -59.202669,-13.818292,0 -59.202561,-13.818546,0 -59.202434,-13.818818,0 -59.202197,-13.819182,0 -59.202088,-13.819400,0 -59.201979,-13.819636,0 -59.201870,-13.819853,0 -59.201761,-13.820071,0 -59.201671,-13.820271,0 -59.201562,-13.820489,0 -59.201453,-13.820707,0 -59.201363,-13.820924,0 -59.201253,-13.821124,0 -59.201145,-13.821342,0 -59.201017,-13.821578,0 -59.200890,-13.821814,0 -59.200763,-13.822050,0 -59.200635,-13.822268,0 -59.200508,-13.822504,0 -59.200381,-13.822704,0 -59.200272,-13.822922,0 -59.200144,-13.823122,0 -59.200035,-13.823322,0 -59.199889,-13.823522,0 -59.199761,-13.823722,0 -59.199634,-13.823922,0 -59.199506,-13.824122,0 -59.199397,-13.824339,0 -59.199234,-13.824684,0 -59.199126,-13.824956,0 -59.199017,-13.825228,0 -59.198927,-13.825464,0 -59.198818,-13.825700,0 -59.198728,-13.825918,0 -59.198638,-13.826154,0 -59.198529,-13.826371,0 -59.198438,-13.826589,0 -59.198330,-13.826879,0 -59.198222,-13.827151,0 -59.198150,-13.827387,0 -59.198060,-13.827623,0 -59.197969,-13.827858,0 -59.197897,-13.828076,0 -59.197807,-13.828293,0 -59.197735,-13.828511,0 -59.197645,-13.828729,0 -59.197554,-13.828964,0 -59.197464,-13.829182,0 -59.197374,-13.829418,0 -59.197284,-13.829672,0 -59.197212,-13.829943,0 -59.197122,-13.830197,0 -59.197032,-13.830469,0 -59.196943,-13.830777,0 -59.196834,-13.831085,0 -59.196726,-13.831394,0 -59.196582,-13.831774,0 -59.196510,-13.832010,0 -59.196439,-13.832264,0 -59.196385,-13.832499,0 -59.196333,-13.832825,0 -59.196280,-13.833133,0 -59.196246,-13.833368,0 -59.196192,-13.833603,0 -59.196157,-13.833838,0 -59.196123,-13.834074,0 -59.196070,-13.834345,0 -59.196017,-13.834599,0 -59.196001,-13.834870,0 -59.195966,-13.835123,0 -59.195950,-13.835395,0 -59.195934,-13.835648,0 -59.195900,-13.835919,0 -59.195884,-13.836226,0 -59.195868,-13.836534,0 -59.195721,-13.836553,0 -59.195481,-13.836610,0 -59.195241,-13.836684,0 -59.195001,-13.836758,0 -59.194761,-13.836815,0 -59.194522,-13.836889,0 -59.194282,-13.836964,0 -59.194042,-13.837020,0 -59.193802,-13.837094,0 -59.193562,-13.837151,0 -59.193323,-13.837225,0 -59.193083,-13.837282,0 -59.192843,-13.837356,0 -59.192566,-13.837449,0 -59.192271,-13.837524,0 -59.192251,-13.837307,0 -59.192230,-13.837072,0 -59.192209,-13.836856,0 -59.192189,-13.836621,0 -59.192168,-13.836404,0 -59.192147,-13.836170,0 -59.192127,-13.835953,0</coordinates></LineString></Placemark>
<Placemark><name>T-03 - 13,47 km</name><description>Maxima 13473 m | Minima 6054 m | Reta 2795 m | 124.45 ha</description><styleUrl>#rota</styleUrl><LineString><tessellate>1</tessellate><coordinates>-59.165127,-13.826325,0 -59.165093,-13.826560,0 -59.165058,-13.826778,0 -59.165023,-13.827013,0 -59.164988,-13.827230,0 -59.164953,-13.827447,0 -59.164918,-13.827682,0 -59.164883,-13.827900,0 -59.164848,-13.828135,0 -59.164813,-13.828352,0 -59.164778,-13.828569,0 -59.164744,-13.828805,0 -59.164709,-13.829022,0 -59.164674,-13.829257,0 -59.164639,-13.829474,0 -59.164604,-13.829691,0 -59.164569,-13.829927,0 -59.164534,-13.830144,0 -59.164499,-13.830379,0 -59.164464,-13.830596,0 -59.164429,-13.830813,0 -59.164394,-13.831049,0 -59.164359,-13.831266,0 -59.164325,-13.831501,0 -59.164290,-13.831718,0 -59.164255,-13.831935,0 -59.164220,-13.832171,0 -59.164185,-13.832388,0 -59.164150,-13.832623,0 -59.164134,-13.832840,0 -59.164099,-13.833057,0 -59.164064,-13.833293,0 -59.164029,-13.833510,0 -59.163994,-13.833745,0 -59.163959,-13.833962,0 -59.163924,-13.834179,0 -59.163889,-13.834415,0 -59.163854,-13.834632,0 -59.163819,-13.834867,0 -59.163784,-13.835084,0 -59.163749,-13.835301,0 -59.163715,-13.835537,0 -59.163680,-13.835754,0 -59.163645,-13.835989,0 -59.163610,-13.836206,0 -59.163575,-13.836423,0 -59.163540,-13.836659,0 -59.163505,-13.836876,0 -59.163470,-13.837111,0 -59.163435,-13.837328,0 -59.163400,-13.837546,0 -59.163365,-13.837781,0 -59.163330,-13.837998,0 -59.163296,-13.838233,0 -59.163261,-13.838450,0 -59.163226,-13.838668,0 -59.163191,-13.838903,0 -59.163156,-13.839120,0 -59.163121,-13.839355,0 -59.163105,-13.839572,0 -59.163070,-13.839789,0 -59.163035,-13.840025,0 -59.163000,-13.840242,0 -59.162965,-13.840477,0 -59.162930,-13.840694,0 -59.162895,-13.840911,0 -59.162860,-13.841147,0 -59.162825,-13.841364,0 -59.162790,-13.841599,0 -59.162755,-13.841816,0 -59.162720,-13.842034,0 -59.162686,-13.842269,0 -59.162651,-13.842486,0 -59.162616,-13.842721,0 -59.162581,-13.842938,0 -59.162546,-13.843156,0 -59.162511,-13.843391,0 -59.162476,-13.843608,0 -59.162441,-13.843843,0 -59.162406,-13.844060,0 -59.162371,-13.844278,0 -59.162336,-13.844513,0 -59.162301,-13.844730,0 -59.162267,-13.844965,0 -59.162232,-13.845183,0 -59.162197,-13.845400,0 -59.162162,-13.845635,0 -59.162127,-13.845852,0 -59.162111,-13.846087,0 -59.162076,-13.846304,0 -59.162041,-13.846522,0 -59.162006,-13.846757,0 -59.161971,-13.846974,0 -59.161936,-13.847209,0 -59.161901,-13.847426,0 -59.161866,-13.847644,0 -59.161831,-13.847879,0 -59.161796,-13.848096,0 -59.161761,-13.848331,0 -59.161726,-13.848549,0 -59.161691,-13.848766,0 -59.161657,-13.849001,0 -59.161622,-13.849218,0 -59.161587,-13.849453,0 -59.161552,-13.849671,0 -59.161517,-13.849888,0 -59.161482,-13.850123,0 -59.161447,-13.850340,0 -59.161412,-13.850575,0 -59.161377,-13.850793,0 -59.161342,-13.851010,0 -59.161307,-13.851245,0 -59.161272,-13.851462,0 -59.161238,-13.851697,0 -59.161203,-13.851915,0 -59.161168,-13.852132,0 -59.161133,-13.852367,0 -59.161116,-13.852584,0 -59.161081,-13.852819,0 -59.161046,-13.853037,0 -59.161011,-13.853254,0 -59.160977,-13.853489,0 -59.160942,-13.853706,0 -59.160907,-13.853941,0 -59.160872,-13.854159,0 -59.160837,-13.854376,0 -59.160802,-13.854611,0 -59.160767,-13.854828,0 -59.160732,-13.855063,0 -59.160697,-13.855281,0 -59.160662,-13.855498,0 -59.160627,-13.855733,0 -59.160593,-13.855950,0 -59.160558,-13.856186,0 -59.160523,-13.856403,0 -59.160488,-13.856620,0 -59.160453,-13.856855,0 -59.160418,-13.857072,0 -59.160383,-13.857308,0 -59.160348,-13.857525,0 -59.160313,-13.857742,0 -59.160278,-13.857977,0 -59.160243,-13.858194,0 -59.160209,-13.858430,0 -59.160174,-13.858647,0 -59.160139,-13.858864,0 -59.160104,-13.859099,0 -59.160087,-13.859316,0 -59.160052,-13.859552,0 -59.160017,-13.859769,0 -59.159982,-13.859986,0 -59.159948,-13.860221,0 -59.159913,-13.860438,0 -59.159878,-13.860674,0 -59.159843,-13.860891,0 -59.159808,-13.861108,0 -59.159773,-13.861343,0 -59.159738,-13.861560,0 -59.159703,-13.861796,0 -59.159668,-13.862013,0 -59.159633,-13.862230,0 -59.159598,-13.862465,0 -59.159563,-13.862682,0 -59.159529,-13.862918,0 -59.159494,-13.863135,0 -59.159459,-13.863352,0 -59.159424,-13.863587,0 -59.159389,-13.863804,0 -59.159354,-13.864040,0 -59.159319,-13.864257,0 -59.159284,-13.864474,0 -59.159249,-13.864709,0 -59.159214,-13.864927,0 -59.159179,-13.865162,0 -59.159144,-13.865379,0 -59.159109,-13.865596,0 -59.159093,-13.865831,0 -59.159058,-13.866048,0 -59.159023,-13.866284,0 -59.158988,-13.866501,0 -59.158953,-13.866718,0 -59.158919,-13.866953,0 -59.158884,-13.867170,0 -59.158849,-13.867406,0 -59.158476,-13.867138,0 -59.158383,-13.867085,0 -59.158272,-13.867085,0 -59.158107,-13.867250,0 -59.157942,-13.867414,0 -59.157777,-13.867578,0 -59.157613,-13.867760,0 -59.157483,-13.867743,0 -59.157335,-13.867690,0 -59.157111,-13.867548,0 -59.156831,-13.867297,0 -59.156663,-13.867136,0 -59.156477,-13.866957,0 -59.156309,-13.866778,0 -59.156141,-13.866598,0 -59.155954,-13.866419,0 -59.155600,-13.866187,0 -59.155265,-13.865973,0 -59.155042,-13.865831,0 -59.154800,-13.865688,0 -59.154577,-13.865546,0 -59.154335,-13.865385,0 -59.154149,-13.865224,0 -59.153962,-13.865063,0 -59.153776,-13.864902,0 -59.153588,-13.864597,0 -59.153475,-13.864381,0 -59.153380,-13.864147,0 -59.153304,-13.863912,0 -59.153228,-13.863660,0 -59.153151,-13.863408,0 -59.153094,-13.863173,0 -59.153036,-13.862939,0 -59.152978,-13.862686,0 -59.152901,-13.862271,0 -59.153140,-13.862215,0 -59.153380,-13.862159,0 -59.153620,-13.862084,0 -59.153860,-13.862028,0 -59.154100,-13.861953,0 -59.154321,-13.861897,0 -59.154561,-13.861841,0 -59.154783,-13.861767,0 -59.155023,-13.861710,0 -59.155244,-13.861654,0 -59.155484,-13.861598,0 -59.155705,-13.861524,0 -59.155945,-13.861467,0 -59.156167,-13.861411,0 -59.156406,-13.861337,0 -59.156628,-13.861281,0 -59.156868,-13.861224,0 -59.157089,-13.861168,0 -59.157311,-13.861094,0 -59.157551,-13.861037,0 -59.157772,-13.860981,0 -59.158012,-13.860925,0 -59.158233,-13.860851,0 -59.158473,-13.860794,0 -59.158695,-13.860738,0 -59.158934,-13.860664,0 -59.159156,-13.860608,0 -59.159396,-13.860551,0 -59.159617,-13.860495,0 -59.159857,-13.860421,0 -59.160078,-13.860365,0 -59.160300,-13.860308,0 -59.160540,-13.860234,0 -59.160761,-13.860178,0 -59.161001,-13.860121,0 -59.161222,-13.860065,0 -59.161444,-13.859991,0 -59.161684,-13.859935,0 -59.161905,-13.859879,0 -59.162126,-13.859804,0 -59.162366,-13.859748,0 -59.162588,-13.859692,0 -59.162809,-13.859618,0 -59.163049,-13.859561,0 -59.163270,-13.859505,0 -59.163492,-13.859431,0 -59.163732,-13.859374,0 -59.163953,-13.859318,0 -59.164175,-13.859262,0 -59.164414,-13.859188,0 -59.164636,-13.859131,0 -59.164857,-13.859075,0 -59.165097,-13.859001,0 -59.165318,-13.858945,0 -59.165558,-13.858888,0 -59.165780,-13.858814,0 -59.166020,-13.858758,0 -59.166260,-13.858701,0 -59.166481,-13.858627,0 -59.166721,-13.858571,0 -59.166961,-13.858515,0 -59.167182,-13.858440,0 -59.167422,-13.858384,0 -59.167643,-13.858328,0 -59.167883,-13.858253,0 -59.168105,-13.858197,0 -59.168326,-13.858141,0 -59.168547,-13.858085,0 -59.168769,-13.858011,0 -59.168990,-13.857954,0 -59.169230,-13.857898,0 -59.169452,-13.857842,0 -59.169673,-13.857768,0 -59.169894,-13.857711,0 -59.170116,-13.857655,0 -59.170337,-13.857599,0 -59.170577,-13.857525,0 -59.170798,-13.857468,0 -59.171020,-13.857412,0 -59.171241,-13.857356,0 -59.171463,-13.857282,0 -59.171684,-13.857226,0 -59.171924,-13.857169,0 -59.172145,-13.857113,0 -59.172367,-13.857039,0 -59.172588,-13.856983,0 -59.172810,-13.856926,0 -59.173031,-13.856870,0 -59.173271,-13.856796,0 -59.173492,-13.856740,0 -59.173714,-13.856684,0 -59.173935,-13.856627,0 -59.174156,-13.856571,0 -59.174378,-13.856497,0 -59.174618,-13.856441,0 -59.174839,-13.856384,0 -59.175061,-13.856328,0 -59.175282,-13.856254,0 -59.175503,-13.856198,0 -59.175743,-13.856141,0 -59.175965,-13.856085,0 -59.176186,-13.856011,0 -59.176407,-13.855955,0 -59.176629,-13.855899,0 -59.176850,-13.855842,0 -59.177090,-13.855768,0 -59.177311,-13.855712,0 -59.177533,-13.855656,0 -59.177588,-13.855655,0 -59.177664,-13.855889,0 -59.177667,-13.856124,0 -59.177669,-13.856341,0 -59.177671,-13.856576,0 -59.177673,-13.856811,0 -59.177675,-13.857028,0 -59.177677,-13.857263,0 -59.177679,-13.857498,0 -59.177682,-13.857733,0 -59.177684,-13.857949,0 -59.177686,-13.858184,0 -59.177688,-13.858419,0 -59.177690,-13.858636,0 -59.177711,-13.858871,0 -59.177713,-13.859106,0 -59.177715,-13.859323,0 -59.177717,-13.859558,0 -59.177719,-13.859793,0 -59.177721,-13.860009,0 -59.177724,-13.860244,0 -59.177726,-13.860479,0 -59.177728,-13.860714,0 -59.177730,-13.860931,0 -59.177732,-13.861166,0 -59.177734,-13.861401,0 -59.177736,-13.861618,0 -59.177739,-13.861853,0 -59.177741,-13.862088,0 -59.177742,-13.862268,0 -59.177745,-13.862539,0 -59.177729,-13.862792,0 -59.177803,-13.862792,0 -59.178043,-13.862717,0 -59.178264,-13.862625,0 -59.178503,-13.862533,0 -59.178725,-13.862458,0 -59.178946,-13.862366,0 -59.179185,-13.862292,0 -59.179407,-13.862199,0 -59.179628,-13.862125,0 -59.179849,-13.862033,0 -59.180089,-13.861958,0 -59.180310,-13.861866,0 -59.180531,-13.861792,0 -59.180752,-13.861699,0 -59.180973,-13.861625,0 -59.181213,-13.861533,0 -59.181434,-13.861440,0 -59.181674,-13.861366,0 -59.181914,-13.861273,0 -59.182172,-13.861199,0 -59.182522,-13.861087,0 -59.182762,-13.860995,0 -59.183001,-13.860902,0 -59.183241,-13.860810,0 -59.183481,-13.860717,0 -59.183720,-13.860625,0 -59.183960,-13.860532,0 -59.184329,-13.860402,0 -59.184476,-13.860311,0 -59.184678,-13.860182,0 -59.184862,-13.860054,0 -59.185064,-13.859944,0 -59.185266,-13.859816,0 -59.185469,-13.859705,0 -59.185653,-13.859577,0 -59.185855,-13.859467,0 -59.186057,-13.859339,0 -59.186260,-13.859228,0 -59.186462,-13.859100,0 -59.186646,-13.858990,0 -59.186848,-13.858862,0 -59.187051,-13.858751,0 -59.187253,-13.858623,0 -59.187437,-13.858513,0 -59.187639,-13.858385,0 -59.187841,-13.858274,0 -59.188044,-13.858146,0 -59.188246,-13.858036,0 -59.188430,-13.857908,0 -59.188632,-13.857798,0 -59.188835,-13.857669,0 -59.189037,-13.857559,0 -59.189221,-13.857431,0 -59.189423,-13.857321,0 -59.189626,-13.857192,0 -59.189828,-13.857082,0 -59.190030,-13.856954,0 -59.190214,-13.856844,0 -59.190416,-13.856715,0 -59.190619,-13.856605,0 -59.190821,-13.856477,0 -59.191042,-13.856330,0 -59.191281,-13.856202,0 -59.191223,-13.855967,0 -59.191166,-13.855751,0 -59.191108,-13.855534,0 -59.191051,-13.855318,0 -59.190993,-13.855084,0 -59.190936,-13.854867,0 -59.190878,-13.854651,0 -59.190820,-13.854435,0 -59.190763,-13.854200,0 -59.190705,-13.853984,0 -59.190648,-13.853767,0 -59.190590,-13.853551,0 -59.190533,-13.853317,0 -59.190475,-13.853100,0 -59.190418,-13.852884,0 -59.190360,-13.852650,0 -59.190284,-13.852433,0 -59.190226,-13.852217,0 -59.190169,-13.852001,0 -59.190111,-13.851766,0 -59.190054,-13.851550,0 -59.189996,-13.851333,0 -59.189938,-13.851099,0 -59.189881,-13.850883,0 -59.189823,-13.850666,0 -59.189766,-13.850450,0 -59.189708,-13.850216,0 -59.189651,-13.849999,0 -59.189593,-13.849783,0 -59.189536,-13.849566,0 -59.189478,-13.849332,0 -59.189420,-13.849116,0 -59.189363,-13.848899,0 -59.189305,-13.848665,0 -59.189248,-13.848449,0 -59.189190,-13.848232,0 -59.189133,-13.848016,0 -59.189075,-13.847781,0 -59.189017,-13.847565,0 -59.188960,-13.847349,0 -59.188902,-13.847132,0 -59.188845,-13.846898,0 -59.188787,-13.846682,0 -59.188730,-13.846465,0 -59.188672,-13.846231,0 -59.188615,-13.846014,0 -59.188557,-13.845798,0 -59.188500,-13.845582,0 -59.188442,-13.845347,0 -59.188384,-13.845131,0 -59.188327,-13.844915,0 -59.188269,-13.844698,0 -59.188193,-13.844464,0 -59.188136,-13.844248,0 -59.188078,-13.844031,0 -59.188020,-13.843797,0 -59.187963,-13.843580,0 -59.187905,-13.843364,0 -59.187848,-13.843148,0 -59.187790,-13.842913,0 -59.187733,-13.842697,0 -59.187675,-13.842481,0 -59.187618,-13.842264,0 -59.187560,-13.842030,0 -59.187672,-13.842192,0 -59.187730,-13.842408,0 -59.187788,-13.842642,0 -59.187845,-13.842859,0 -59.187903,-13.843075,0 -59.187979,-13.843309,0 -59.188036,-13.843526,0 -59.188094,-13.843742,0 -59.188152,-13.843976,0 -59.188209,-13.844193,0 -59.188267,-13.844427,0 -59.188324,-13.844644,0 -59.188400,-13.844878,0 -59.188458,-13.845094,0 -59.188515,-13.845311,0 -59.188591,-13.845527,0 -59.188649,-13.845761,0 -59.188707,-13.845977,0 -59.188764,-13.846194,0 -59.188822,-13.846428,0 -59.188898,-13.846644,0 -59.188956,-13.846879,0 -59.189013,-13.847095,0 -59.189089,-13.847330,0 -59.189147,-13.847546,0 -59.189204,-13.847780,0 -59.189262,-13.847997,0 -59.189320,-13.848231,0 -59.189396,-13.848465,0 -59.189453,-13.848682,0 -59.189511,-13.848916,0 -59.189569,-13.849132,0 -59.189645,-13.849367,0 -59.189702,-13.849583,0 -59.189760,-13.849818,0 -59.189818,-13.850052,0 -59.189894,-13.850268,0 -59.189951,-13.850503,0</coordinates></LineString></Placemark>
<Placemark><name>T-04 - 13,49 km</name><description>Maxima 13492 m | Minima 11435 m | Reta 4020 m | 69.11 ha</description><styleUrl>#rota</styleUrl><LineString><tessellate>1</tessellate><coordinates>-59.164611,-13.826438,0 -59.164668,-13.826691,0 -59.164708,-13.826943,0 -59.164747,-13.827214,0 -59.164787,-13.827503,0 -59.164789,-13.827774,0 -59.164810,-13.828045,0 -59.164813,-13.828334,0 -59.164834,-13.828587,0 -59.164836,-13.828822,0 -59.164857,-13.829075,0 -59.164859,-13.829328,0 -59.164880,-13.829580,0 -59.164882,-13.829815,0 -59.164903,-13.830068,0 -59.164905,-13.830303,0 -59.164926,-13.830538,0 -59.164928,-13.830773,0 -59.165040,-13.830916,0 -59.165078,-13.830934,0 -59.165317,-13.830860,0 -59.165576,-13.830785,0 -59.165816,-13.830729,0 -59.166055,-13.830654,0 -59.166314,-13.830598,0 -59.166553,-13.830524,0 -59.166793,-13.830449,0 -59.167052,-13.830393,0 -59.167291,-13.830318,0 -59.167550,-13.830262,0 -59.167789,-13.830187,0 -59.168029,-13.830113,0 -59.168269,-13.830057,0 -59.168509,-13.829982,0 -59.168749,-13.829926,0 -59.168989,-13.829869,0 -59.169228,-13.829795,0 -59.169468,-13.829739,0 -59.169708,-13.829664,0 -59.169948,-13.829608,0 -59.170188,-13.829534,0 -59.170428,-13.829477,0 -59.170649,-13.829403,0 -59.170889,-13.829347,0 -59.171129,-13.829290,0 -59.171368,-13.829216,0 -59.171590,-13.829160,0 -59.171830,-13.829103,0 -59.172069,-13.829029,0 -59.172291,-13.828973,0 -59.172531,-13.828898,0 -59.172771,-13.828842,0 -59.172992,-13.828786,0 -59.173232,-13.828711,0 -59.173472,-13.828655,0 -59.173693,-13.828599,0 -59.173933,-13.828524,0 -59.174173,-13.828468,0 -59.174394,-13.828412,0 -59.174634,-13.828337,0 -59.174855,-13.828281,0 -59.175095,-13.828225,0 -59.175317,-13.828169,0 -59.175538,-13.828094,0 -59.175778,-13.828038,0 -59.175999,-13.827982,0 -59.176220,-13.827908,0 -59.176460,-13.827851,0 -59.176700,-13.827777,0 -59.176940,-13.827721,0 -59.177180,-13.827646,0 -59.177438,-13.827590,0 -59.177678,-13.827533,0 -59.177918,-13.827459,0 -59.178194,-13.827384,0 -59.178471,-13.827309,0 -59.178748,-13.827235,0 -59.178969,-13.827160,0 -59.179209,-13.827104,0 -59.179430,-13.827048,0 -59.179670,-13.826973,0 -59.179892,-13.826917,0 -59.180113,-13.826861,0 -59.180353,-13.826787,0 -59.180574,-13.826730,0 -59.180795,-13.826656,0 -59.181035,-13.826600,0 -59.181256,-13.826526,0 -59.181478,-13.826469,0 -59.181718,-13.826413,0 -59.181939,-13.826339,0 -59.182160,-13.826283,0 -59.182400,-13.826208,0 -59.182622,-13.826152,0 -59.182843,-13.826096,0 -59.183064,-13.826040,0 -59.183304,-13.825965,0 -59.183526,-13.825909,0 -59.183747,-13.825853,0 -59.183968,-13.825797,0 -59.184190,-13.825740,0 -59.184429,-13.825666,0 -59.184651,-13.825610,0 -59.184872,-13.825554,0 -59.185131,-13.825479,0 -59.185370,-13.825423,0 -59.185610,-13.825366,0 -59.185869,-13.825292,0 -59.186108,-13.825235,0 -59.186274,-13.825125,0 -59.186421,-13.825052,0 -59.186623,-13.824924,0 -59.186900,-13.824849,0 -59.187177,-13.824774,0 -59.187454,-13.824717,0 -59.187712,-13.824661,0 -59.187989,-13.824586,0 -59.188265,-13.824511,0 -59.188561,-13.824436,0 -59.188856,-13.824361,0 -59.189077,-13.824305,0 -59.189317,-13.824231,0 -59.189538,-13.824175,0 -59.189778,-13.824118,0 -59.190000,-13.824062,0 -59.190406,-13.823968,0 -59.190646,-13.823912,0 -59.190886,-13.823873,0 -59.191162,-13.823781,0 -59.191402,-13.823724,0 -59.191642,-13.823650,0 -59.191882,-13.823593,0 -59.192122,-13.823537,0 -59.192380,-13.823463,0 -59.192620,-13.823406,0 -59.192878,-13.823332,0 -59.193118,-13.823275,0 -59.193357,-13.823147,0 -59.193523,-13.823127,0 -59.193929,-13.823033,0 -59.194151,-13.822977,0 -59.194390,-13.822902,0 -59.194612,-13.822846,0 -59.194852,-13.822772,0 -59.195073,-13.822716,0 -59.195294,-13.822641,0 -59.195534,-13.822585,0 -59.195645,-13.822602,0 -59.195754,-13.822402,0 -59.195882,-13.822220,0 -59.195991,-13.822021,0 -59.196119,-13.821821,0 -59.196228,-13.821621,0 -59.196355,-13.821421,0 -59.196465,-13.821239,0 -59.196592,-13.821039,0 -59.196701,-13.820840,0 -59.196829,-13.820640,0 -59.196938,-13.820458,0 -59.197066,-13.820258,0 -59.197175,-13.820058,0 -59.197302,-13.819858,0 -59.197412,-13.819677,0 -59.197539,-13.819477,0 -59.197648,-13.819277,0 -59.197776,-13.819077,0 -59.197885,-13.818895,0 -59.198013,-13.818695,0 -59.198122,-13.818495,0 -59.198249,-13.818295,0 -59.198359,-13.818096,0 -59.198486,-13.817914,0 -59.198595,-13.817714,0 -59.198723,-13.817514,0 -59.198832,-13.817314,0 -59.198960,-13.817133,0 -59.199069,-13.816933,0 -59.199196,-13.816733,0 -59.199305,-13.816533,0 -59.199433,-13.816351,0 -59.199542,-13.816151,0 -59.199670,-13.815951,0 -59.199779,-13.815752,0 -59.199907,-13.815552,0 -59.200016,-13.815370,0 -59.200143,-13.815170,0 -59.200252,-13.814970,0 -59.200380,-13.814770,0 -59.200489,-13.814589,0 -59.200617,-13.814389,0 -59.200726,-13.814189,0 -59.200854,-13.813989,0 -59.200963,-13.813807,0 -59.201090,-13.813607,0 -59.201199,-13.813408,0 -59.201327,-13.813208,0 -59.201436,-13.813008,0 -59.201564,-13.812826,0 -59.201673,-13.812626,0 -59.201801,-13.812426,0 -59.201910,-13.812227,0 -59.202037,-13.812045,0 -59.202146,-13.811845,0 -59.202274,-13.811645,0 -59.202383,-13.811445,0 -59.202511,-13.811263,0 -59.202620,-13.811064,0 -59.202747,-13.810864,0 -59.202857,-13.810664,0 -59.202984,-13.810464,0 -59.203093,-13.810282,0 -59.203221,-13.810082,0 -59.203330,-13.809882,0 -59.203458,-13.809682,0 -59.203567,-13.809501,0 -59.203694,-13.809301,0 -59.203803,-13.809101,0 -59.203931,-13.808901,0 -59.204040,-13.808719,0 -59.204168,-13.808519,0 -59.204277,-13.808320,0 -59.204405,-13.808120,0 -59.204514,-13.807920,0 -59.204641,-13.807738,0 -59.204750,-13.807538,0 -59.204878,-13.807338,0 -59.204987,-13.807139,0 -59.205115,-13.806957,0 -59.205224,-13.806757,0 -59.205351,-13.806557,0 -59.205461,-13.806357,0 -59.205588,-13.806175,0 -59.205697,-13.805976,0 -59.205825,-13.805776,0 -59.205934,-13.805576,0 -59.206062,-13.805376,0 -59.206027,-13.805647,0 -59.205992,-13.805883,0 -59.205958,-13.806136,0 -59.205923,-13.806371,0 -59.205888,-13.806625,0 -59.205872,-13.806860,0 -59.205837,-13.807113,0 -59.205803,-13.807348,0 -59.205768,-13.807583,0 -59.205733,-13.807837,0 -59.205699,-13.808072,0 -59.205664,-13.808307,0 -59.205610,-13.808525,0 -59.205576,-13.808760,0 -59.205541,-13.808995,0 -59.205506,-13.809230,0 -59.205471,-13.809448,0 -59.205418,-13.809683,0 -59.205383,-13.809936,0 -59.205330,-13.810172,0 -59.205295,-13.810407,0 -59.205242,-13.810642,0 -59.205207,-13.810878,0 -59.205099,-13.811168,0 -59.204991,-13.811458,0 -59.204900,-13.811694,0 -59.204810,-13.811929,0 -59.204701,-13.812165,0 -59.204611,-13.812401,0 -59.204521,-13.812637,0 -59.204449,-13.812872,0 -59.204377,-13.813090,0 -59.204324,-13.813307,0 -59.204234,-13.813633,0 -59.204164,-13.813959,0 -59.204092,-13.814195,0 -59.204039,-13.814448,0 -59.203986,-13.814702,0 -59.203914,-13.814956,0 -59.203824,-13.815173,0 -59.203752,-13.815391,0 -59.203680,-13.815608,0 -59.203553,-13.815899,0 -59.203499,-13.816080,0 -59.203410,-13.816406,0 -59.203284,-13.816768,0 -59.203212,-13.816986,0 -59.203121,-13.817186,0 -59.203049,-13.817403,0 -59.202923,-13.817711,0 -59.202796,-13.818020,0 -59.202669,-13.818292,0 -59.202561,-13.818546,0 -59.202434,-13.818818,0 -59.202197,-13.819182,0 -59.202088,-13.819400,0 -59.201979,-13.819636,0 -59.201870,-13.819853,0 -59.201761,-13.820071,0 -59.201671,-13.820271,0 -59.201562,-13.820489,0 -59.201453,-13.820707,0 -59.201363,-13.820924,0 -59.201253,-13.821124,0 -59.201145,-13.821342,0 -59.201017,-13.821578,0 -59.200890,-13.821814,0 -59.200763,-13.822050,0 -59.200635,-13.822268,0 -59.200508,-13.822504,0 -59.200381,-13.822704,0 -59.200272,-13.822922,0 -59.200144,-13.823122,0 -59.200035,-13.823322,0 -59.199889,-13.823522,0 -59.199761,-13.823722,0 -59.199634,-13.823922,0 -59.199506,-13.824122,0 -59.199397,-13.824339,0 -59.199234,-13.824684,0 -59.199126,-13.824956,0 -59.199017,-13.825228,0 -59.198927,-13.825464,0 -59.198818,-13.825700,0 -59.198728,-13.825918,0 -59.198638,-13.826154,0 -59.198529,-13.826371,0 -59.198438,-13.826589,0 -59.198330,-13.826879,0 -59.198222,-13.827151,0 -59.198150,-13.827387,0 -59.198060,-13.827623,0 -59.197969,-13.827858,0 -59.197897,-13.828076,0 -59.197807,-13.828293,0 -59.197735,-13.828511,0 -59.197645,-13.828729,0 -59.197554,-13.828964,0 -59.197464,-13.829182,0 -59.197374,-13.829418,0 -59.197284,-13.829672,0 -59.197212,-13.829943,0 -59.197122,-13.830197,0 -59.197032,-13.830469,0 -59.196943,-13.830777,0 -59.196834,-13.831085,0 -59.196726,-13.831394,0 -59.196582,-13.831774,0 -59.196510,-13.832010,0 -59.196439,-13.832264,0 -59.196385,-13.832499,0 -59.196333,-13.832825,0 -59.196280,-13.833133,0 -59.196246,-13.833368,0 -59.196192,-13.833603,0 -59.196157,-13.833838,0 -59.196123,-13.834074,0 -59.196070,-13.834345,0 -59.196017,-13.834599,0 -59.196001,-13.834870,0 -59.195966,-13.835123,0 -59.195950,-13.835395,0 -59.195934,-13.835648,0 -59.195900,-13.835919,0 -59.195884,-13.836226,0 -59.195868,-13.836534,0 -59.195815,-13.836769,0 -59.195725,-13.837077,0 -59.195654,-13.837349,0 -59.195620,-13.837638,0 -59.195603,-13.837874,0 -59.195587,-13.838109,0 -59.195536,-13.838525,0 -59.195520,-13.838778,0 -59.195503,-13.839031,0 -59.195487,-13.839284,0 -59.195509,-13.839609,0 -59.195529,-13.839808,0 -59.195550,-13.840079,0 -59.195515,-13.840278,0 -59.195481,-13.840567,0 -59.195447,-13.840875,0 -59.195450,-13.841200,0 -59.195452,-13.841489,0 -59.195474,-13.841796,0 -59.195477,-13.842086,0 -59.195498,-13.842375,0 -59.195501,-13.842682,0 -59.195522,-13.842971,0 -59.195525,-13.843278,0 -59.195528,-13.843585,0 -59.195586,-13.843910,0 -59.195663,-13.844198,0 -59.195721,-13.844433,0 -59.195778,-13.844685,0 -59.195818,-13.844920,0 -59.195894,-13.845190,0 -59.195952,-13.845479,0 -59.195973,-13.845732,0 -59.195994,-13.846003,0 -59.196052,-13.846255,0 -59.196147,-13.846507,0 -59.196242,-13.846741,0 -59.196318,-13.846958,0 -59.196412,-13.847192,0 -59.196507,-13.847408,0 -59.196583,-13.847624,0 -59.196678,-13.847858,0 -59.196772,-13.848074,0 -59.196848,-13.848290,0 -59.196943,-13.848524,0 -59.197019,-13.848758,0 -59.197114,-13.848993,0 -59.197190,-13.849245,0 -59.197285,-13.849479,0 -59.197361,-13.849731,0 -59.197437,-13.849966,0 -59.197532,-13.850218,0 -59.197608,-13.850434,0 -59.197666,-13.850650,0 -59.197742,-13.850866,0 -59.197818,-13.851083,0 -59.197875,-13.851299,0 -59.197933,-13.851533,0 -59.198009,-13.851750,0 -59.198066,-13.851966,0 -59.198124,-13.852182,0 -59.198200,-13.852399,0 -59.198258,-13.852633,0 -59.198334,-13.852867,0 -59.198391,-13.853102,0 -59.198449,-13.853354,0 -59.198526,-13.853588,0 -59.198583,-13.853823,0 -59.198659,-13.854057,0 -59.198736,-13.854291,0 -59.198812,-13.854526,0 -59.198869,-13.854760,0 -59.198964,-13.855030,0 -59.199041,-13.855319,0 -59.199137,-13.855643,0 -59.199175,-13.855805,0 -59.199214,-13.856004,0 -59.199254,-13.856329,0 -59.199294,-13.856654,0 -59.199167,-13.856854,0 -59.198909,-13.857019,0 -59.198670,-13.857111,0 -59.198467,-13.857221,0 -59.198265,-13.857350,0 -59.198063,-13.857460,0 -59.197879,-13.857588,0 -59.197676,-13.857698,0 -59.197474,-13.857827,0 -59.197272,-13.857937,0 -59.197069,-13.858065,0 -59.196867,-13.858176,0 -59.196665,-13.858304,0 -59.196462,-13.858414,0 -59.196279,-13.858542,0 -59.196076,-13.858653,0 -59.195874,-13.858781,0 -59.195671,-13.858891,0 -59.195469,-13.859019,0 -59.195267,-13.859148,0 -59.195064,-13.859258,0 -59.194862,-13.859386,0 -59.194678,-13.859496,0 -59.194476,-13.859625,0 -59.194274,-13.859735,0 -59.194071,-13.859863,0 -59.193869,-13.859974,0 -59.193667,-13.860102,0 -59.193464,-13.860212,0 -59.193262,-13.860340,0 -59.193078,-13.860451,0 -59.192876,-13.860579,0 -59.192673,-13.860689,0 -59.192616,-13.860473,0 -59.192558,-13.860256,0 -59.192501,-13.860040,0 -59.192443,-13.859806,0 -59.192386,-13.859589,0 -59.192328,-13.859373,0 -59.192271,-13.859157,0 -59.192213,-13.858940,0 -59.192155,-13.858724,0 -59.192098,-13.858489,0 -59.192059,-13.858273,0 -59.192001,-13.858057,0 -59.191944,-13.857840,0 -59.191886,-13.857624,0 -59.191828,-13.857389,0 -59.191771,-13.857173,0 -59.191713,-13.856957,0 -59.191656,-13.856740,0 -59.191598,-13.856524,0</coordinates></LineString></Placemark>
<Placemark><name>T-05 - 6,59 km</name><description>Maxima 6587 m | Minima 2107 m | Reta 1498 m | 130.25 ha</description><styleUrl>#rota</styleUrl><LineString><tessellate>1</tessellate><coordinates>-59.164611,-13.826438,0 -59.164668,-13.826691,0 -59.164708,-13.826943,0 -59.164747,-13.827214,0 -59.164787,-13.827503,0 -59.164789,-13.827774,0 -59.164810,-13.828045,0 -59.164813,-13.828334,0 -59.164834,-13.828587,0 -59.164836,-13.828822,0 -59.164857,-13.829075,0 -59.164859,-13.829328,0 -59.164880,-13.829580,0 -59.164882,-13.829815,0 -59.164903,-13.830068,0 -59.164905,-13.830303,0 -59.164926,-13.830538,0 -59.164928,-13.830773,0 -59.165040,-13.830916,0 -59.165078,-13.830934,0 -59.164819,-13.830991,0 -59.164561,-13.831065,0 -59.164321,-13.831122,0 -59.164302,-13.831104,0 -59.164226,-13.830815,0 -59.164131,-13.830545,0 -59.164110,-13.830292,0 -59.164089,-13.830057,0 -59.164050,-13.829805,0 -59.164029,-13.829570,0 -59.164009,-13.829335,0 -59.163988,-13.829082,0 -59.163949,-13.828848,0 -59.163928,-13.828595,0 -59.163907,-13.828324,0 -59.163867,-13.828053,0 -59.163846,-13.827800,0 -59.163807,-13.827530,0 -59.163786,-13.827259,0 -59.163765,-13.827024,0 -59.163745,-13.826789,0 -59.163706,-13.826573,0 -59.163685,-13.826338,0 -59.163664,-13.826103,0 -59.163644,-13.825886,0 -59.163605,-13.825652,0 -59.163584,-13.825417,0 -59.163545,-13.825182,0 -59.163524,-13.824966,0 -59.163485,-13.824731,0 -59.163465,-13.824496,0 -59.163425,-13.824262,0 -59.163405,-13.824045,0 -59.163366,-13.823811,0 -59.163345,-13.823576,0 -59.163306,-13.823341,0 -59.163285,-13.823124,0 -59.163265,-13.822890,0 -59.163244,-13.822673,0 -59.163224,-13.822438,0 -59.163185,-13.822222,0 -59.163164,-13.822005,0 -59.163143,-13.821752,0 -59.163104,-13.821518,0 -59.163083,-13.821283,0 -59.163063,-13.821048,0 -59.163024,-13.820813,0 -59.163003,-13.820579,0 -59.162964,-13.820326,0 -59.162943,-13.820091,0 -59.162922,-13.819856,0 -59.162883,-13.819622,0 -59.162863,-13.819387,0 -59.162823,-13.819153,0 -59.162803,-13.818900,0 -59.162782,-13.818665,0 -59.162743,-13.818430,0 -59.162722,-13.818196,0 -59.162682,-13.817889,0 -59.162642,-13.817582,0 -59.162919,-13.817507,0 -59.163177,-13.817432,0 -59.163436,-13.817358,0 -59.163694,-13.817283,0 -59.163934,-13.817227,0 -59.164155,-13.817171,0 -59.164395,-13.817096,0 -59.164616,-13.817040,0 -59.164838,-13.816984,0 -59.165078,-13.816928,0 -59.165299,-13.816854,0 -59.165539,-13.816797,0 -59.165760,-13.816741,0 -59.165981,-13.816667,0 -59.166221,-13.816610,0 -59.166443,-13.816554,0 -59.166682,-13.816480,0 -59.166904,-13.816424,0 -59.167125,-13.816368,0 -59.167365,-13.816293,0 -59.167586,-13.816237,0 -59.167826,-13.816181,0 -59.168047,-13.816106,0 -59.168269,-13.816050,0 -59.168509,-13.815994,0 -59.168730,-13.815920,0 -59.168970,-13.815863,0 -59.169191,-13.815807,0 -59.169413,-13.815733,0 -59.169652,-13.815676,0 -59.169874,-13.815620,0 -59.170114,-13.815564,0 -59.170335,-13.815490,0 -59.170556,-13.815434,0 -59.170796,-13.815377,0 -59.171018,-13.815303,0 -59.171257,-13.815247,0 -59.171479,-13.815190,0 -59.171700,-13.815116,0 -59.171940,-13.815060,0 -59.172161,-13.815004,0 -59.172383,-13.814929,0 -59.172622,-13.814873,0 -59.172844,-13.814799,0 -59.173084,-13.814742,0 -59.173305,-13.814686,0 -59.173526,-13.814612,0 -59.173766,-13.814556,0 -59.173988,-13.814500,0 -59.174209,-13.814425,0 -59.174449,-13.814369,0 -59.174670,-13.814313,0 -59.174910,-13.814238,0 -59.175131,-13.814182,0 -59.175353,-13.814126,0 -59.175592,-13.814052,0 -59.175814,-13.813995,0 -59.176035,-13.813921,0 -59.176275,-13.813865,0 -59.176496,-13.813809,0 -59.176736,-13.813734,0 -59.176957,-13.813678,0 -59.177179,-13.813622,0 -59.177418,-13.813547,0 -59.177640,-13.813491,0 -59.177861,-13.813435,0 -59.178082,-13.813361,0 -59.178322,-13.813304,0 -59.178544,-13.813230,0 -59.178765,-13.813174,0 -59.178986,-13.813118,0 -59.179208,-13.813044,0 -59.179448,-13.812987,0 -59.179669,-13.812913,0 -59.179890,-13.812857,0 -59.180112,-13.812801,0 -59.180333,-13.812726,0 -59.180554,-13.812670,0 -59.180794,-13.812596,0 -59.181015,-13.812540,0 -59.181237,-13.812483,0 -59.181458,-13.812409,0 -59.181679,-13.812353,0 -59.181919,-13.812279,0 -59.182140,-13.812222,0 -59.182362,-13.812148,0 -59.182583,-13.812092,0 -59.182804,-13.812036,0 -59.183026,-13.811961,0 -59.183266,-13.811905,0 -59.183487,-13.811831,0 -59.183708,-13.811775,0 -59.183930,-13.811718,0 -59.184169,-13.811644,0 -59.184391,-13.811588,0 -59.184612,-13.811514,0 -59.184852,-13.811457,0 -59.185073,-13.811383,0 -59.185294,-13.811327,0 -59.185534,-13.811270,0 -59.185756,-13.811196,0 -59.185977,-13.811140,0 -59.186217,-13.811066,0 -59.186438,-13.811009,0 -59.186659,-13.810935,0 -59.186899,-13.810879,0 -59.187121,-13.810823,0 -59.187342,-13.810748,0 -59.187582,-13.810692,0 -59.187803,-13.810618,0 -59.188024,-13.810562,0 -59.188264,-13.810487,0 -59.188485,-13.810431,0 -59.188707,-13.810375,0 -59.188946,-13.810300,0 -59.189168,-13.810244,0 -59.189389,-13.810170,0 -59.189629,-13.810113,0 -59.189850,-13.810039,0 -59.189943,-13.810056,0 -59.189963,-13.810291,0 -59.189984,-13.810508,0 -59.190005,-13.810743,0 -59.190025,-13.810977,0 -59.190027,-13.811194,0 -59.190048,-13.811429,0 -59.190069,-13.811664,0 -59.190089,-13.811899,0 -59.190110,-13.812115,0 -59.190112,-13.812350,0 -59.190133,-13.812585,0 -59.190154,-13.812820,0 -59.190174,-13.813036,0 -59.190195,-13.813271,0 -59.190197,-13.813506,0 -59.190218,-13.813741,0 -59.190238,-13.813957,0 -59.190259,-13.814192,0 -59.190280,-13.814427,0 -59.190282,-13.814662,0 -59.190302,-13.814879,0 -59.190323,-13.815113,0 -59.190344,-13.815348,0 -59.190364,-13.815583,0 -59.190366,-13.815800,0 -59.190387,-13.816034,0 -59.190408,-13.816269,0 -59.190313,-13.816035,0 -59.190200,-13.815783,0 -59.190105,-13.815549,0 -59.189992,-13.815315,0 -59.189897,-13.815081,0 -59.189580,-13.814777,0 -59.189357,-13.814688,0 -59.189153,-13.814582,0 -59.188855,-13.814367,0 -59.188668,-13.814098,0 -59.188462,-13.813829,0 -59.188349,-13.813613,0 -59.188087,-13.813344,0 -59.187847,-13.813364,0 -59.187625,-13.813366,0 -59.187348,-13.813423,0 -59.187090,-13.813480,0 -59.186813,-13.813536,0 -59.186481,-13.813630,0 -59.186223,-13.813758,0 -59.185984,-13.813905,0</coordinates></LineString></Placemark>
<Placemark><name>T-06 - 6,39 km</name><description>Maxima 6393 m | Minima 2114 m | Reta 1530 m | 180.3 ha</description><styleUrl>#rota</styleUrl><LineString><tessellate>1</tessellate><coordinates>-59.164611,-13.826438,0 -59.164668,-13.826691,0 -59.164708,-13.826943,0 -59.164747,-13.827214,0 -59.164787,-13.827503,0 -59.164789,-13.827774,0 -59.164810,-13.828045,0 -59.164813,-13.828334,0 -59.164834,-13.828587,0 -59.164836,-13.828822,0 -59.164857,-13.829075,0 -59.164859,-13.829328,0 -59.164880,-13.829580,0 -59.164882,-13.829815,0 -59.164903,-13.830068,0 -59.164905,-13.830303,0 -59.164926,-13.830538,0 -59.164928,-13.830773,0 -59.165040,-13.830916,0 -59.165078,-13.830934,0 -59.165317,-13.830860,0 -59.165576,-13.830785,0 -59.165816,-13.830729,0 -59.166055,-13.830654,0 -59.166314,-13.830598,0 -59.166553,-13.830524,0 -59.166793,-13.830449,0 -59.167052,-13.830393,0 -59.167291,-13.830318,0 -59.167550,-13.830262,0 -59.167789,-13.830187,0 -59.168029,-13.830113,0 -59.168269,-13.830057,0 -59.168509,-13.829982,0 -59.168749,-13.829926,0 -59.168989,-13.829869,0 -59.169228,-13.829795,0 -59.169468,-13.829739,0 -59.169708,-13.829664,0 -59.169948,-13.829608,0 -59.170188,-13.829534,0 -59.170428,-13.829477,0 -59.170649,-13.829403,0 -59.170889,-13.829347,0 -59.171129,-13.829290,0 -59.171368,-13.829216,0 -59.171590,-13.829160,0 -59.171830,-13.829103,0 -59.172069,-13.829029,0 -59.172291,-13.828973,0 -59.172531,-13.828898,0 -59.172771,-13.828842,0 -59.172992,-13.828786,0 -59.173232,-13.828711,0 -59.173472,-13.828655,0 -59.173693,-13.828599,0 -59.173933,-13.828524,0 -59.174173,-13.828468,0 -59.174394,-13.828412,0 -59.174634,-13.828337,0 -59.174855,-13.828281,0 -59.175095,-13.828225,0 -59.175317,-13.828169,0 -59.175538,-13.828094,0 -59.175778,-13.828038,0 -59.175999,-13.827982,0 -59.176220,-13.827908,0 -59.176460,-13.827851,0 -59.176700,-13.827777,0 -59.176940,-13.827721,0 -59.177180,-13.827646,0 -59.177438,-13.827590,0 -59.177678,-13.827533,0 -59.177918,-13.827459,0 -59.178194,-13.827384,0 -59.178471,-13.827309,0 -59.178748,-13.827235,0 -59.178969,-13.827160,0 -59.179209,-13.827104,0 -59.179430,-13.827048,0 -59.179670,-13.826973,0 -59.179892,-13.826917,0 -59.180113,-13.826861,0 -59.180353,-13.826787,0 -59.180574,-13.826730,0 -59.180795,-13.826656,0 -59.181035,-13.826600,0 -59.181256,-13.826526,0 -59.181478,-13.826469,0 -59.181718,-13.826413,0 -59.181939,-13.826339,0 -59.182160,-13.826283,0 -59.182400,-13.826208,0 -59.182622,-13.826152,0 -59.182843,-13.826096,0 -59.183064,-13.826040,0 -59.183304,-13.825965,0 -59.183526,-13.825909,0 -59.183747,-13.825853,0 -59.183968,-13.825797,0 -59.184190,-13.825740,0 -59.184429,-13.825666,0 -59.184651,-13.825610,0 -59.184872,-13.825554,0 -59.185131,-13.825479,0 -59.185370,-13.825423,0 -59.185610,-13.825366,0 -59.185869,-13.825292,0 -59.186108,-13.825235,0 -59.186274,-13.825125,0 -59.186421,-13.825052,0 -59.186623,-13.824924,0 -59.186900,-13.824849,0 -59.187177,-13.824774,0 -59.187454,-13.824717,0 -59.187712,-13.824661,0 -59.187989,-13.824586,0 -59.188265,-13.824511,0 -59.188561,-13.824436,0 -59.188856,-13.824361,0 -59.189077,-13.824305,0 -59.189317,-13.824231,0 -59.189538,-13.824175,0 -59.189778,-13.824118,0 -59.190000,-13.824062,0 -59.190406,-13.823968,0 -59.190646,-13.823912,0 -59.190886,-13.823873,0 -59.191162,-13.823781,0 -59.191402,-13.823724,0 -59.191642,-13.823650,0 -59.191882,-13.823593,0 -59.192122,-13.823537,0 -59.192380,-13.823463,0 -59.192620,-13.823406,0 -59.192878,-13.823332,0 -59.193118,-13.823275,0 -59.193357,-13.823147,0 -59.193523,-13.823127,0 -59.193929,-13.823033,0 -59.194151,-13.822977,0 -59.194390,-13.822902,0 -59.194612,-13.822846,0 -59.194852,-13.822772,0 -59.195073,-13.822716,0 -59.195294,-13.822641,0 -59.195534,-13.822585,0 -59.195645,-13.822602,0 -59.195518,-13.822820,0 -59.195409,-13.823038,0 -59.195300,-13.823256,0 -59.195191,-13.823455,0 -59.195082,-13.823673,0 -59.194973,-13.823873,0 -59.194845,-13.824091,0 -59.194736,-13.824291,0 -59.194627,-13.824509,0 -59.194518,-13.824708,0 -59.194409,-13.824926,0 -59.194300,-13.825126,0 -59.194191,-13.825326,0 -59.194082,-13.825544,0 -59.193973,-13.825743,0 -59.193864,-13.825943,0 -59.193755,-13.826143,0 -59.193628,-13.826379,0 -59.193519,-13.826597,0 -59.193391,-13.826815,0 -59.193282,-13.827033,0 -59.193174,-13.827269,0 -59.193046,-13.827487,0 -59.192937,-13.827705,0 -59.192810,-13.827923,0 -59.192701,-13.828140,0 -59.192592,-13.828358,0 -59.192465,-13.828576,0 -59.192356,-13.828794,0 -59.192228,-13.828994,0 -59.192119,-13.829212,0 -59.191992,-13.829430,0 -59.191883,-13.829648,0 -59.191755,-13.829866,0 -59.191647,-13.830084,0 -59.191519,-13.830302,0 -59.191410,-13.830519,0 -59.191283,-13.830737,0 -59.191174,-13.830955,0 -59.191065,-13.831155,0 -59.190956,-13.831355,0 -59.190847,-13.831573,0 -59.190738,-13.831772,0 -59.190629,-13.831972,0 -59.190520,-13.832190,0 -59.190411,-13.832390,0 -59.190283,-13.832590,0 -59.190174,-13.832808,0 -59.190065,-13.833007,0 -59.189956,-13.833207,0 -59.189847,-13.833425,0 -59.189738,-13.833643,0 -59.189611,-13.833861,0 -59.189502,-13.834079,0 -59.189393,-13.834297,0 -59.189265,-13.834515,0 -59.189156,-13.834714,0 -59.189047,-13.834932,0 -59.188920,-13.835150,0 -59.188811,-13.835368,0 -59.188683,-13.835586,0 -59.188574,-13.835804,0 -59.188466,-13.836022,0 -59.188338,-13.836240,0 -59.188229,-13.836458,0 -59.188120,-13.836675,0 -59.187993,-13.836893,0 -59.187884,-13.837111,0 -59.187551,-13.837060,0 -59.187311,-13.837116,0 -59.187089,-13.837173,0 -59.186849,-13.837211,0 -59.186628,-13.837267,0 -59.186388,-13.837305,0 -59.186166,-13.837362,0 -59.185926,-13.837400,0 -59.185705,-13.837456,0 -59.185465,-13.837512,0 -59.185243,-13.837550,0 -59.185003,-13.837607,0 -59.184763,-13.837645,0 -59.184542,-13.837701,0 -59.184302,-13.837758,0 -59.184080,-13.837796,0 -59.183840,-13.837852,0 -59.183619,-13.837890,0 -59.183379,-13.837947,0 -59.183157,-13.837985,0 -59.182917,-13.838041,0 -59.182696,-13.838097,0</coordinates></LineString></Placemark>
<Placemark><name>T-07 - 13,47 km</name><description>Maxima 13473 m | Minima 5262 m | Reta 2279 m | 133.59 ha</description><styleUrl>#rota</styleUrl><LineString><tessellate>1</tessellate><coordinates>-59.165127,-13.826325,0 -59.165093,-13.826560,0 -59.165058,-13.826778,0 -59.165023,-13.827013,0 -59.164988,-13.827230,0 -59.164953,-13.827447,0 -59.164918,-13.827682,0 -59.164883,-13.827900,0 -59.164848,-13.828135,0 -59.164813,-13.828352,0 -59.164778,-13.828569,0 -59.164744,-13.828805,0 -59.164709,-13.829022,0 -59.164674,-13.829257,0 -59.164639,-13.829474,0 -59.164604,-13.829691,0 -59.164569,-13.829927,0 -59.164534,-13.830144,0 -59.164499,-13.830379,0 -59.164464,-13.830596,0 -59.164429,-13.830813,0 -59.164394,-13.831049,0 -59.164359,-13.831266,0 -59.164325,-13.831501,0 -59.164290,-13.831718,0 -59.164255,-13.831935,0 -59.164220,-13.832171,0 -59.164185,-13.832388,0 -59.164150,-13.832623,0 -59.164134,-13.832840,0 -59.164099,-13.833057,0 -59.164064,-13.833293,0 -59.164029,-13.833510,0 -59.163994,-13.833745,0 -59.163959,-13.833962,0 -59.163924,-13.834179,0 -59.163889,-13.834415,0 -59.163854,-13.834632,0 -59.163819,-13.834867,0 -59.163784,-13.835084,0 -59.163749,-13.835301,0 -59.163715,-13.835537,0 -59.163680,-13.835754,0 -59.163645,-13.835989,0 -59.163610,-13.836206,0 -59.163575,-13.836423,0 -59.163540,-13.836659,0 -59.163505,-13.836876,0 -59.163470,-13.837111,0 -59.163435,-13.837328,0 -59.163400,-13.837546,0 -59.163365,-13.837781,0 -59.163330,-13.837998,0 -59.163296,-13.838233,0 -59.163261,-13.838450,0 -59.163226,-13.838668,0 -59.163191,-13.838903,0 -59.163156,-13.839120,0 -59.163121,-13.839355,0 -59.163105,-13.839572,0 -59.163070,-13.839789,0 -59.163035,-13.840025,0 -59.163000,-13.840242,0 -59.162965,-13.840477,0 -59.162930,-13.840694,0 -59.162895,-13.840911,0 -59.162860,-13.841147,0 -59.162825,-13.841364,0 -59.162790,-13.841599,0 -59.162755,-13.841816,0 -59.162720,-13.842034,0 -59.162686,-13.842269,0 -59.162651,-13.842486,0 -59.162616,-13.842721,0 -59.162581,-13.842938,0 -59.162546,-13.843156,0 -59.162511,-13.843391,0 -59.162476,-13.843608,0 -59.162441,-13.843843,0 -59.162406,-13.844060,0 -59.162371,-13.844278,0 -59.162336,-13.844513,0 -59.162301,-13.844730,0 -59.162267,-13.844965,0 -59.162232,-13.845183,0 -59.162197,-13.845400,0 -59.162162,-13.845635,0 -59.162127,-13.845852,0 -59.162111,-13.846087,0 -59.162076,-13.846304,0 -59.162041,-13.846522,0 -59.162006,-13.846757,0 -59.161971,-13.846974,0 -59.161936,-13.847209,0 -59.161901,-13.847426,0 -59.161866,-13.847644,0 -59.161831,-13.847879,0 -59.161796,-13.848096,0 -59.161761,-13.848331,0 -59.161726,-13.848549,0 -59.161691,-13.848766,0 -59.161657,-13.849001,0 -59.161622,-13.849218,0 -59.161587,-13.849453,0 -59.161552,-13.849671,0 -59.161517,-13.849888,0 -59.161482,-13.850123,0 -59.161447,-13.850340,0 -59.161412,-13.850575,0 -59.161377,-13.850793,0 -59.161342,-13.851010,0 -59.161307,-13.851245,0 -59.161272,-13.851462,0 -59.161238,-13.851697,0 -59.161203,-13.851915,0 -59.161168,-13.852132,0 -59.161133,-13.852367,0 -59.161116,-13.852584,0 -59.161081,-13.852819,0 -59.161046,-13.853037,0 -59.161011,-13.853254,0 -59.160977,-13.853489,0 -59.160942,-13.853706,0 -59.160907,-13.853941,0 -59.160872,-13.854159,0 -59.160837,-13.854376,0 -59.160802,-13.854611,0 -59.160767,-13.854828,0 -59.160732,-13.855063,0 -59.160697,-13.855281,0 -59.160662,-13.855498,0 -59.160627,-13.855733,0 -59.160593,-13.855950,0 -59.160558,-13.856186,0 -59.160523,-13.856403,0 -59.160488,-13.856620,0 -59.160453,-13.856855,0 -59.160418,-13.857072,0 -59.160383,-13.857308,0 -59.160348,-13.857525,0 -59.160313,-13.857742,0 -59.160278,-13.857977,0 -59.160243,-13.858194,0 -59.160209,-13.858430,0 -59.160174,-13.858647,0 -59.160139,-13.858864,0 -59.160104,-13.859099,0 -59.160087,-13.859316,0 -59.160052,-13.859552,0 -59.160017,-13.859769,0 -59.159982,-13.859986,0 -59.159948,-13.860221,0 -59.159913,-13.860438,0 -59.159878,-13.860674,0 -59.159843,-13.860891,0 -59.159808,-13.861108,0 -59.159773,-13.861343,0 -59.159738,-13.861560,0 -59.159703,-13.861796,0 -59.159668,-13.862013,0 -59.159633,-13.862230,0 -59.159598,-13.862465,0 -59.159563,-13.862682,0 -59.159529,-13.862918,0 -59.159494,-13.863135,0 -59.159459,-13.863352,0 -59.159424,-13.863587,0 -59.159389,-13.863804,0 -59.159354,-13.864040,0 -59.159319,-13.864257,0 -59.159284,-13.864474,0 -59.159249,-13.864709,0 -59.159214,-13.864927,0 -59.159179,-13.865162,0 -59.159144,-13.865379,0 -59.159109,-13.865596,0 -59.159093,-13.865831,0 -59.159058,-13.866048,0 -59.159023,-13.866284,0 -59.158988,-13.866501,0 -59.158953,-13.866718,0 -59.158919,-13.866953,0 -59.158884,-13.867170,0 -59.158849,-13.867406,0 -59.158476,-13.867138,0 -59.158383,-13.867085,0 -59.158272,-13.867085,0 -59.158107,-13.867250,0 -59.157942,-13.867414,0 -59.157777,-13.867578,0 -59.157613,-13.867760,0 -59.157483,-13.867743,0 -59.157335,-13.867690,0 -59.157111,-13.867548,0 -59.156831,-13.867297,0 -59.156663,-13.867136,0 -59.156477,-13.866957,0 -59.156309,-13.866778,0 -59.156141,-13.866598,0 -59.155954,-13.866419,0 -59.155600,-13.866187,0 -59.155265,-13.865973,0 -59.155042,-13.865831,0 -59.154800,-13.865688,0 -59.154577,-13.865546,0 -59.154335,-13.865385,0 -59.154149,-13.865224,0 -59.153962,-13.865063,0 -59.153776,-13.864902,0 -59.153588,-13.864597,0 -59.153475,-13.864381,0 -59.153380,-13.864147,0 -59.153304,-13.863912,0 -59.153228,-13.863660,0 -59.153151,-13.863408,0 -59.153094,-13.863173,0 -59.153036,-13.862939,0 -59.152978,-13.862686,0 -59.152901,-13.862271,0 -59.153140,-13.862215,0 -59.153380,-13.862159,0 -59.153620,-13.862084,0 -59.153860,-13.862028,0 -59.154100,-13.861953,0 -59.154321,-13.861897,0 -59.154561,-13.861841,0 -59.154783,-13.861767,0 -59.155023,-13.861710,0 -59.155244,-13.861654,0 -59.155484,-13.861598,0 -59.155705,-13.861524,0 -59.155945,-13.861467,0 -59.156167,-13.861411,0 -59.156406,-13.861337,0 -59.156628,-13.861281,0 -59.156868,-13.861224,0 -59.157089,-13.861168,0 -59.157311,-13.861094,0 -59.157551,-13.861037,0 -59.157772,-13.860981,0 -59.158012,-13.860925,0 -59.158233,-13.860851,0 -59.158473,-13.860794,0 -59.158695,-13.860738,0 -59.158934,-13.860664,0 -59.159156,-13.860608,0 -59.159396,-13.860551,0 -59.159617,-13.860495,0 -59.159857,-13.860421,0 -59.160078,-13.860365,0 -59.160300,-13.860308,0 -59.160540,-13.860234,0 -59.160761,-13.860178,0 -59.161001,-13.860121,0 -59.161222,-13.860065,0 -59.161444,-13.859991,0 -59.161684,-13.859935,0 -59.161905,-13.859879,0 -59.162126,-13.859804,0 -59.162366,-13.859748,0 -59.162588,-13.859692,0 -59.162809,-13.859618,0 -59.163049,-13.859561,0 -59.163270,-13.859505,0 -59.163492,-13.859431,0 -59.163732,-13.859374,0 -59.163953,-13.859318,0 -59.164175,-13.859262,0 -59.164414,-13.859188,0 -59.164636,-13.859131,0 -59.164857,-13.859075,0 -59.165097,-13.859001,0 -59.165318,-13.858945,0 -59.165558,-13.858888,0 -59.165780,-13.858814,0 -59.166020,-13.858758,0 -59.166260,-13.858701,0 -59.166481,-13.858627,0 -59.166721,-13.858571,0 -59.166961,-13.858515,0 -59.167182,-13.858440,0 -59.167422,-13.858384,0 -59.167643,-13.858328,0 -59.167883,-13.858253,0 -59.168105,-13.858197,0 -59.168326,-13.858141,0 -59.168547,-13.858085,0 -59.168769,-13.858011,0 -59.168990,-13.857954,0 -59.169230,-13.857898,0 -59.169452,-13.857842,0 -59.169673,-13.857768,0 -59.169894,-13.857711,0 -59.170116,-13.857655,0 -59.170337,-13.857599,0 -59.170577,-13.857525,0 -59.170798,-13.857468,0 -59.171020,-13.857412,0 -59.171241,-13.857356,0 -59.171463,-13.857282,0 -59.171684,-13.857226,0 -59.171924,-13.857169,0 -59.172145,-13.857113,0 -59.172367,-13.857039,0 -59.172588,-13.856983,0 -59.172810,-13.856926,0 -59.173031,-13.856870,0 -59.173271,-13.856796,0 -59.173492,-13.856740,0 -59.173714,-13.856684,0 -59.173935,-13.856627,0 -59.174156,-13.856571,0 -59.174378,-13.856497,0 -59.174618,-13.856441,0 -59.174839,-13.856384,0 -59.175061,-13.856328,0 -59.175282,-13.856254,0 -59.175503,-13.856198,0 -59.175743,-13.856141,0 -59.175965,-13.856085,0 -59.176186,-13.856011,0 -59.176407,-13.855955,0 -59.176629,-13.855899,0 -59.176850,-13.855842,0 -59.177090,-13.855768,0 -59.177311,-13.855712,0 -59.177533,-13.855656,0 -59.177588,-13.855655,0 -59.177664,-13.855889,0 -59.177667,-13.856124,0 -59.177669,-13.856341,0 -59.177671,-13.856576,0 -59.177673,-13.856811,0 -59.177675,-13.857028,0 -59.177677,-13.857263,0 -59.177679,-13.857498,0 -59.177682,-13.857733,0 -59.177684,-13.857949,0 -59.177686,-13.858184,0 -59.177688,-13.858419,0 -59.177690,-13.858636,0 -59.177711,-13.858871,0 -59.177713,-13.859106,0 -59.177715,-13.859323,0 -59.177717,-13.859558,0 -59.177719,-13.859793,0 -59.177721,-13.860009,0 -59.177724,-13.860244,0 -59.177726,-13.860479,0 -59.177728,-13.860714,0 -59.177730,-13.860931,0 -59.177732,-13.861166,0 -59.177734,-13.861401,0 -59.177736,-13.861618,0 -59.177739,-13.861853,0 -59.177741,-13.862088,0 -59.177742,-13.862268,0 -59.177745,-13.862539,0 -59.177729,-13.862792,0 -59.177803,-13.862792,0 -59.178043,-13.862717,0 -59.178264,-13.862625,0 -59.178503,-13.862533,0 -59.178725,-13.862458,0 -59.178946,-13.862366,0 -59.179185,-13.862292,0 -59.179407,-13.862199,0 -59.179628,-13.862125,0 -59.179849,-13.862033,0 -59.180089,-13.861958,0 -59.180310,-13.861866,0 -59.180531,-13.861792,0 -59.180752,-13.861699,0 -59.180973,-13.861625,0 -59.181213,-13.861533,0 -59.181434,-13.861440,0 -59.181674,-13.861366,0 -59.181914,-13.861273,0 -59.182172,-13.861199,0 -59.182522,-13.861087,0 -59.182762,-13.860995,0 -59.183001,-13.860902,0 -59.183241,-13.860810,0 -59.183481,-13.860717,0 -59.183720,-13.860625,0 -59.183960,-13.860532,0 -59.184329,-13.860402,0 -59.184476,-13.860311,0 -59.184678,-13.860182,0 -59.184862,-13.860054,0 -59.185064,-13.859944,0 -59.185266,-13.859816,0 -59.185469,-13.859705,0 -59.185653,-13.859577,0 -59.185855,-13.859467,0 -59.186057,-13.859339,0 -59.186260,-13.859228,0 -59.186462,-13.859100,0 -59.186646,-13.858990,0 -59.186848,-13.858862,0 -59.187051,-13.858751,0 -59.187253,-13.858623,0 -59.187437,-13.858513,0 -59.187639,-13.858385,0 -59.187841,-13.858274,0 -59.188044,-13.858146,0 -59.188246,-13.858036,0 -59.188430,-13.857908,0 -59.188632,-13.857798,0 -59.188835,-13.857669,0 -59.189037,-13.857559,0 -59.189221,-13.857431,0 -59.189423,-13.857321,0 -59.189626,-13.857192,0 -59.189828,-13.857082,0 -59.190030,-13.856954,0 -59.190214,-13.856844,0 -59.190416,-13.856715,0 -59.190619,-13.856605,0 -59.190821,-13.856477,0 -59.191042,-13.856330,0 -59.191281,-13.856202,0 -59.191223,-13.855967,0 -59.191166,-13.855751,0 -59.191108,-13.855534,0 -59.191051,-13.855318,0 -59.190993,-13.855084,0 -59.190936,-13.854867,0 -59.190878,-13.854651,0 -59.190820,-13.854435,0 -59.190763,-13.854200,0 -59.190705,-13.853984,0 -59.190648,-13.853767,0 -59.190590,-13.853551,0 -59.190533,-13.853317,0 -59.190475,-13.853100,0 -59.190418,-13.852884,0 -59.190360,-13.852650,0 -59.190284,-13.852433,0 -59.190226,-13.852217,0 -59.190169,-13.852001,0 -59.190111,-13.851766,0 -59.190054,-13.851550,0 -59.189996,-13.851333,0 -59.189938,-13.851099,0 -59.189881,-13.850883,0 -59.189823,-13.850666,0 -59.189766,-13.850450,0 -59.189708,-13.850216,0 -59.189651,-13.849999,0 -59.189593,-13.849783,0 -59.189536,-13.849566,0 -59.189478,-13.849332,0 -59.189420,-13.849116,0 -59.189363,-13.848899,0 -59.189305,-13.848665,0 -59.189248,-13.848449,0 -59.189190,-13.848232,0 -59.189133,-13.848016,0 -59.189075,-13.847781,0 -59.189017,-13.847565,0 -59.188960,-13.847349,0 -59.188902,-13.847132,0 -59.188845,-13.846898,0 -59.188787,-13.846682,0 -59.188730,-13.846465,0 -59.188672,-13.846231,0 -59.188615,-13.846014,0 -59.188557,-13.845798,0 -59.188500,-13.845582,0 -59.188442,-13.845347,0 -59.188384,-13.845131,0 -59.188327,-13.844915,0 -59.188269,-13.844698,0 -59.188193,-13.844464,0 -59.188136,-13.844248,0 -59.188078,-13.844031,0 -59.188020,-13.843797,0 -59.187963,-13.843580,0 -59.187905,-13.843364,0 -59.187848,-13.843148,0 -59.187790,-13.842913,0 -59.187733,-13.842697,0 -59.187675,-13.842481,0 -59.187618,-13.842264,0 -59.187560,-13.842030,0 -59.187672,-13.842192,0 -59.187730,-13.842408,0 -59.187788,-13.842642,0 -59.187845,-13.842859,0 -59.187903,-13.843075,0 -59.187979,-13.843309,0 -59.188036,-13.843526,0 -59.188094,-13.843742,0 -59.188152,-13.843976,0 -59.188209,-13.844193,0 -59.188267,-13.844427,0 -59.188324,-13.844644,0 -59.188400,-13.844878,0 -59.188458,-13.845094,0 -59.188515,-13.845311,0 -59.188591,-13.845527,0 -59.188649,-13.845761,0 -59.188707,-13.845977,0 -59.188764,-13.846194,0 -59.188822,-13.846428,0 -59.188898,-13.846644,0 -59.188956,-13.846879,0 -59.189013,-13.847095,0 -59.189089,-13.847330,0 -59.189147,-13.847546,0 -59.189204,-13.847780,0 -59.189262,-13.847997,0 -59.189320,-13.848231,0 -59.189396,-13.848465,0 -59.189453,-13.848682,0 -59.189511,-13.848916,0 -59.189569,-13.849132,0 -59.189645,-13.849367,0 -59.189702,-13.849583,0 -59.189760,-13.849818,0 -59.189818,-13.850052,0 -59.189894,-13.850268,0 -59.189951,-13.850503,0</coordinates></LineString></Placemark>
<Placemark><name>T-08 - 13,49 km</name><description>Maxima 13491 m | Minima 9009 m | Reta 3696 m | 94.59 ha</description><styleUrl>#rota</styleUrl><LineString><tessellate>1</tessellate><coordinates>-59.164611,-13.826438,0 -59.164668,-13.826691,0 -59.164708,-13.826943,0 -59.164747,-13.827214,0 -59.164787,-13.827503,0 -59.164789,-13.827774,0 -59.164810,-13.828045,0 -59.164813,-13.828334,0 -59.164834,-13.828587,0 -59.164836,-13.828822,0 -59.164857,-13.829075,0 -59.164859,-13.829328,0 -59.164880,-13.829580,0 -59.164882,-13.829815,0 -59.164903,-13.830068,0 -59.164905,-13.830303,0 -59.164926,-13.830538,0 -59.164928,-13.830773,0 -59.165040,-13.830916,0 -59.165078,-13.830934,0 -59.165317,-13.830860,0 -59.165576,-13.830785,0 -59.165816,-13.830729,0 -59.166055,-13.830654,0 -59.166314,-13.830598,0 -59.166553,-13.830524,0 -59.166793,-13.830449,0 -59.167052,-13.830393,0 -59.167291,-13.830318,0 -59.167550,-13.830262,0 -59.167789,-13.830187,0 -59.168029,-13.830113,0 -59.168269,-13.830057,0 -59.168509,-13.829982,0 -59.168749,-13.829926,0 -59.168989,-13.829869,0 -59.169228,-13.829795,0 -59.169468,-13.829739,0 -59.169708,-13.829664,0 -59.169948,-13.829608,0 -59.170188,-13.829534,0 -59.170428,-13.829477,0 -59.170649,-13.829403,0 -59.170889,-13.829347,0 -59.171129,-13.829290,0 -59.171368,-13.829216,0 -59.171590,-13.829160,0 -59.171830,-13.829103,0 -59.172069,-13.829029,0 -59.172291,-13.828973,0 -59.172531,-13.828898,0 -59.172771,-13.828842,0 -59.172992,-13.828786,0 -59.173232,-13.828711,0 -59.173472,-13.828655,0 -59.173693,-13.828599,0 -59.173933,-13.828524,0 -59.174173,-13.828468,0 -59.174394,-13.828412,0 -59.174634,-13.828337,0 -59.174855,-13.828281,0 -59.175095,-13.828225,0 -59.175317,-13.828169,0 -59.175538,-13.828094,0 -59.175778,-13.828038,0 -59.175999,-13.827982,0 -59.176220,-13.827908,0 -59.176460,-13.827851,0 -59.176700,-13.827777,0 -59.176940,-13.827721,0 -59.177180,-13.827646,0 -59.177438,-13.827590,0 -59.177678,-13.827533,0 -59.177918,-13.827459,0 -59.178194,-13.827384,0 -59.178471,-13.827309,0 -59.178748,-13.827235,0 -59.178969,-13.827160,0 -59.179209,-13.827104,0 -59.179430,-13.827048,0 -59.179670,-13.826973,0 -59.179892,-13.826917,0 -59.180113,-13.826861,0 -59.180353,-13.826787,0 -59.180574,-13.826730,0 -59.180795,-13.826656,0 -59.181035,-13.826600,0 -59.181256,-13.826526,0 -59.181478,-13.826469,0 -59.181718,-13.826413,0 -59.181939,-13.826339,0 -59.182160,-13.826283,0 -59.182400,-13.826208,0 -59.182622,-13.826152,0 -59.182843,-13.826096,0 -59.183064,-13.826040,0 -59.183304,-13.825965,0 -59.183526,-13.825909,0 -59.183747,-13.825853,0 -59.183968,-13.825797,0 -59.184190,-13.825740,0 -59.184429,-13.825666,0 -59.184651,-13.825610,0 -59.184872,-13.825554,0 -59.185131,-13.825479,0 -59.185370,-13.825423,0 -59.185610,-13.825366,0 -59.185869,-13.825292,0 -59.186108,-13.825235,0 -59.186274,-13.825125,0 -59.186421,-13.825052,0 -59.186623,-13.824924,0 -59.186900,-13.824849,0 -59.187177,-13.824774,0 -59.187454,-13.824717,0 -59.187712,-13.824661,0 -59.187989,-13.824586,0 -59.188265,-13.824511,0 -59.188561,-13.824436,0 -59.188856,-13.824361,0 -59.189077,-13.824305,0 -59.189317,-13.824231,0 -59.189538,-13.824175,0 -59.189778,-13.824118,0 -59.190000,-13.824062,0 -59.190406,-13.823968,0 -59.190646,-13.823912,0 -59.190886,-13.823873,0 -59.191162,-13.823781,0 -59.191402,-13.823724,0 -59.191642,-13.823650,0 -59.191882,-13.823593,0 -59.192122,-13.823537,0 -59.192380,-13.823463,0 -59.192620,-13.823406,0 -59.192878,-13.823332,0 -59.193118,-13.823275,0 -59.193357,-13.823147,0 -59.193523,-13.823127,0 -59.193929,-13.823033,0 -59.194151,-13.822977,0 -59.194390,-13.822902,0 -59.194612,-13.822846,0 -59.194852,-13.822772,0 -59.195073,-13.822716,0 -59.195294,-13.822641,0 -59.195534,-13.822585,0 -59.195645,-13.822602,0 -59.195754,-13.822402,0 -59.195882,-13.822220,0 -59.195991,-13.822021,0 -59.196119,-13.821821,0 -59.196228,-13.821621,0 -59.196355,-13.821421,0 -59.196465,-13.821239,0 -59.196592,-13.821039,0 -59.196701,-13.820840,0 -59.196829,-13.820640,0 -59.196938,-13.820458,0 -59.197066,-13.820258,0 -59.197175,-13.820058,0 -59.197302,-13.819858,0 -59.197412,-13.819677,0 -59.197539,-13.819477,0 -59.197648,-13.819277,0 -59.197776,-13.819077,0 -59.197885,-13.818895,0 -59.198013,-13.818695,0 -59.198122,-13.818495,0 -59.198249,-13.818295,0 -59.198359,-13.818096,0 -59.198486,-13.817914,0 -59.198595,-13.817714,0 -59.198723,-13.817514,0 -59.198832,-13.817314,0 -59.198960,-13.817133,0 -59.199069,-13.816933,0 -59.199196,-13.816733,0 -59.199305,-13.816533,0 -59.199433,-13.816351,0 -59.199542,-13.816151,0 -59.199670,-13.815951,0 -59.199779,-13.815752,0 -59.199907,-13.815552,0 -59.200016,-13.815370,0 -59.200143,-13.815170,0 -59.200252,-13.814970,0 -59.200380,-13.814770,0 -59.200489,-13.814589,0 -59.200617,-13.814389,0 -59.200726,-13.814189,0 -59.200854,-13.813989,0 -59.200963,-13.813807,0 -59.201090,-13.813607,0 -59.201199,-13.813408,0 -59.201327,-13.813208,0 -59.201436,-13.813008,0 -59.201564,-13.812826,0 -59.201673,-13.812626,0 -59.201801,-13.812426,0 -59.201910,-13.812227,0 -59.202037,-13.812045,0 -59.202146,-13.811845,0 -59.202274,-13.811645,0 -59.202383,-13.811445,0 -59.202511,-13.811263,0 -59.202620,-13.811064,0 -59.202747,-13.810864,0 -59.202857,-13.810664,0 -59.202984,-13.810464,0 -59.203093,-13.810282,0 -59.203221,-13.810082,0 -59.203330,-13.809882,0 -59.203458,-13.809682,0 -59.203567,-13.809501,0 -59.203694,-13.809301,0 -59.203803,-13.809101,0 -59.203931,-13.808901,0 -59.204040,-13.808719,0 -59.204168,-13.808519,0 -59.204277,-13.808320,0 -59.204405,-13.808120,0 -59.204514,-13.807920,0 -59.204641,-13.807738,0 -59.204750,-13.807538,0 -59.204878,-13.807338,0 -59.204987,-13.807139,0 -59.205115,-13.806957,0 -59.205224,-13.806757,0 -59.205351,-13.806557,0 -59.205461,-13.806357,0 -59.205588,-13.806175,0 -59.205697,-13.805976,0 -59.205825,-13.805776,0 -59.205934,-13.805576,0 -59.206062,-13.805376,0 -59.206027,-13.805647,0 -59.205992,-13.805883,0 -59.205958,-13.806136,0 -59.205923,-13.806371,0 -59.205888,-13.806625,0 -59.205872,-13.806860,0 -59.205837,-13.807113,0 -59.205803,-13.807348,0 -59.205768,-13.807583,0 -59.205733,-13.807837,0 -59.205699,-13.808072,0 -59.205664,-13.808307,0 -59.205610,-13.808525,0 -59.205576,-13.808760,0 -59.205541,-13.808995,0 -59.205506,-13.809230,0 -59.205471,-13.809448,0 -59.205418,-13.809683,0 -59.205383,-13.809936,0 -59.205330,-13.810172,0 -59.205295,-13.810407,0 -59.205242,-13.810642,0 -59.205207,-13.810878,0 -59.205099,-13.811168,0 -59.204991,-13.811458,0 -59.204900,-13.811694,0 -59.204810,-13.811929,0 -59.204701,-13.812165,0 -59.204611,-13.812401,0 -59.204521,-13.812637,0 -59.204449,-13.812872,0 -59.204377,-13.813090,0 -59.204324,-13.813307,0 -59.204234,-13.813633,0 -59.204164,-13.813959,0 -59.204092,-13.814195,0 -59.204039,-13.814448,0 -59.203986,-13.814702,0 -59.203914,-13.814956,0 -59.203824,-13.815173,0 -59.203752,-13.815391,0 -59.203680,-13.815608,0 -59.203553,-13.815899,0 -59.203499,-13.816080,0 -59.203410,-13.816406,0 -59.203284,-13.816768,0 -59.203212,-13.816986,0 -59.203121,-13.817186,0 -59.203049,-13.817403,0 -59.202923,-13.817711,0 -59.202796,-13.818020,0 -59.202669,-13.818292,0 -59.202561,-13.818546,0 -59.202434,-13.818818,0 -59.202197,-13.819182,0 -59.202088,-13.819400,0 -59.201979,-13.819636,0 -59.201870,-13.819853,0 -59.201761,-13.820071,0 -59.201671,-13.820271,0 -59.201562,-13.820489,0 -59.201453,-13.820707,0 -59.201363,-13.820924,0 -59.201253,-13.821124,0 -59.201145,-13.821342,0 -59.201017,-13.821578,0 -59.200890,-13.821814,0 -59.200763,-13.822050,0 -59.200635,-13.822268,0 -59.200508,-13.822504,0 -59.200381,-13.822704,0 -59.200272,-13.822922,0 -59.200144,-13.823122,0 -59.200035,-13.823322,0 -59.199889,-13.823522,0 -59.199761,-13.823722,0 -59.199634,-13.823922,0 -59.199506,-13.824122,0 -59.199397,-13.824339,0 -59.199234,-13.824684,0 -59.199126,-13.824956,0 -59.199017,-13.825228,0 -59.198927,-13.825464,0 -59.198818,-13.825700,0 -59.198728,-13.825918,0 -59.198638,-13.826154,0 -59.198529,-13.826371,0 -59.198438,-13.826589,0 -59.198330,-13.826879,0 -59.198222,-13.827151,0 -59.198150,-13.827387,0 -59.198060,-13.827623,0 -59.197969,-13.827858,0 -59.197897,-13.828076,0 -59.197807,-13.828293,0 -59.197735,-13.828511,0 -59.197645,-13.828729,0 -59.197554,-13.828964,0 -59.197464,-13.829182,0 -59.197374,-13.829418,0 -59.197284,-13.829672,0 -59.197212,-13.829943,0 -59.197122,-13.830197,0 -59.197032,-13.830469,0 -59.196943,-13.830777,0 -59.196834,-13.831085,0 -59.196726,-13.831394,0 -59.196582,-13.831774,0 -59.196510,-13.832010,0 -59.196439,-13.832264,0 -59.196385,-13.832499,0 -59.196333,-13.832825,0 -59.196280,-13.833133,0 -59.196246,-13.833368,0 -59.196192,-13.833603,0 -59.196157,-13.833838,0 -59.196123,-13.834074,0 -59.196070,-13.834345,0 -59.196017,-13.834599,0 -59.196001,-13.834870,0 -59.195966,-13.835123,0 -59.195950,-13.835395,0 -59.195934,-13.835648,0 -59.195900,-13.835919,0 -59.195884,-13.836226,0 -59.195868,-13.836534,0 -59.195815,-13.836769,0 -59.195725,-13.837077,0 -59.195654,-13.837349,0 -59.195620,-13.837638,0 -59.195603,-13.837874,0 -59.195587,-13.838109,0 -59.195536,-13.838525,0 -59.195520,-13.838778,0 -59.195503,-13.839031,0 -59.195487,-13.839284,0 -59.195509,-13.839609,0 -59.195529,-13.839808,0 -59.195550,-13.840079,0 -59.195515,-13.840278,0 -59.195481,-13.840567,0 -59.195447,-13.840875,0 -59.195450,-13.841200,0 -59.195452,-13.841489,0 -59.195474,-13.841796,0 -59.195477,-13.842086,0 -59.195498,-13.842375,0 -59.195501,-13.842682,0 -59.195522,-13.842971,0 -59.195525,-13.843278,0 -59.195528,-13.843585,0 -59.195586,-13.843910,0 -59.195663,-13.844198,0 -59.195721,-13.844433,0 -59.195778,-13.844685,0 -59.195818,-13.844920,0 -59.195894,-13.845190,0 -59.195952,-13.845479,0 -59.195973,-13.845732,0 -59.195994,-13.846003,0 -59.196052,-13.846255,0 -59.196147,-13.846507,0 -59.196242,-13.846741,0 -59.196318,-13.846958,0 -59.196412,-13.847192,0 -59.196507,-13.847408,0 -59.196583,-13.847624,0 -59.196678,-13.847858,0 -59.196772,-13.848074,0 -59.196848,-13.848290,0 -59.196943,-13.848524,0 -59.197019,-13.848758,0 -59.197114,-13.848993,0 -59.197190,-13.849245,0 -59.197285,-13.849479,0 -59.197361,-13.849731,0 -59.197437,-13.849966,0 -59.197532,-13.850218,0 -59.197608,-13.850434,0 -59.197666,-13.850650,0 -59.197742,-13.850866,0 -59.197818,-13.851083,0 -59.197875,-13.851299,0 -59.197933,-13.851533,0 -59.198009,-13.851750,0 -59.198066,-13.851966,0 -59.198124,-13.852182,0 -59.198200,-13.852399,0 -59.198258,-13.852633,0 -59.198334,-13.852867,0 -59.198391,-13.853102,0 -59.198449,-13.853354,0 -59.198526,-13.853588,0 -59.198583,-13.853823,0 -59.198659,-13.854057,0 -59.198736,-13.854291,0 -59.198812,-13.854526,0 -59.198869,-13.854760,0 -59.198964,-13.855030,0 -59.199041,-13.855319,0 -59.199137,-13.855643,0 -59.199175,-13.855805,0 -59.199214,-13.856004,0 -59.199254,-13.856329,0 -59.199294,-13.856654,0 -59.199167,-13.856854,0 -59.198909,-13.857019,0 -59.198670,-13.857111,0 -59.198467,-13.857221,0 -59.198265,-13.857350,0 -59.198063,-13.857460,0 -59.197879,-13.857588,0 -59.197676,-13.857698,0 -59.197474,-13.857827,0 -59.197272,-13.857937,0 -59.197069,-13.858065,0 -59.196867,-13.858176,0 -59.196665,-13.858304,0 -59.196462,-13.858414,0 -59.196279,-13.858542,0 -59.196076,-13.858653,0 -59.195874,-13.858781,0 -59.195671,-13.858891,0 -59.195469,-13.859019,0 -59.195267,-13.859148,0 -59.195064,-13.859258,0 -59.194862,-13.859386,0 -59.194678,-13.859496,0 -59.194476,-13.859625,0 -59.194274,-13.859735,0 -59.194071,-13.859863,0 -59.193869,-13.859974,0 -59.193667,-13.860102,0 -59.193464,-13.860212,0 -59.193262,-13.860340,0 -59.193078,-13.860451,0 -59.192876,-13.860579,0 -59.192673,-13.860689,0 -59.192616,-13.860473,0 -59.192558,-13.860256,0 -59.192501,-13.860040,0 -59.192443,-13.859806,0 -59.192386,-13.859589,0 -59.192328,-13.859373,0 -59.192271,-13.859157,0 -59.192213,-13.858940,0 -59.192155,-13.858724,0 -59.192080,-13.858526,0 -59.192022,-13.858309,0 -59.191965,-13.858093,0 -59.191907,-13.857877,0 -59.191849,-13.857642,0 -59.191792,-13.857426,0 -59.191734,-13.857210,0 -59.191677,-13.856993,0 -59.191619,-13.856759,0 -59.191562,-13.856542,0</coordinates></LineString></Placemark>
<Placemark><name>T-09 - 4,59 km</name><description>Maxima 4593 m | Minima 292 m | Reta 291 m | 182.48 ha</description><styleUrl>#rota</styleUrl><LineString><tessellate>1</tessellate><coordinates>-59.164611,-13.826438,0 -59.164668,-13.826691,0 -59.164708,-13.826943,0 -59.164747,-13.827214,0 -59.164787,-13.827503,0 -59.164789,-13.827774,0 -59.164810,-13.828045,0 -59.164813,-13.828334,0 -59.164834,-13.828587,0 -59.164836,-13.828822,0 -59.164857,-13.829075,0 -59.164859,-13.829328,0 -59.164880,-13.829580,0 -59.164882,-13.829815,0 -59.164903,-13.830068,0 -59.164905,-13.830303,0 -59.164926,-13.830538,0 -59.164928,-13.830773,0 -59.165040,-13.830916,0 -59.165078,-13.830934,0 -59.164819,-13.830991,0 -59.164561,-13.831065,0 -59.164321,-13.831122,0 -59.164302,-13.831104,0 -59.164226,-13.830815,0 -59.164131,-13.830545,0 -59.164110,-13.830292,0 -59.164089,-13.830057,0 -59.164050,-13.829805,0 -59.164029,-13.829570,0 -59.164009,-13.829335,0 -59.163988,-13.829082,0 -59.163949,-13.828848,0 -59.163928,-13.828595,0 -59.163907,-13.828324,0 -59.163867,-13.828053,0 -59.163846,-13.827800,0 -59.163807,-13.827530,0 -59.163786,-13.827259,0 -59.163765,-13.827024,0 -59.163745,-13.826789,0 -59.163706,-13.826573,0 -59.163685,-13.826338,0 -59.163664,-13.826103,0 -59.163644,-13.825886,0 -59.163605,-13.825652,0 -59.163584,-13.825417,0 -59.163545,-13.825182,0 -59.163524,-13.824966,0 -59.163485,-13.824731,0 -59.163465,-13.824496,0 -59.163425,-13.824262,0 -59.163405,-13.824045,0 -59.163366,-13.823811,0 -59.163345,-13.823576,0 -59.163306,-13.823341,0 -59.163285,-13.823124,0 -59.163265,-13.822890,0 -59.163244,-13.822673,0 -59.163224,-13.822438,0 -59.163185,-13.822222,0 -59.163164,-13.822005,0 -59.163143,-13.821752,0 -59.163104,-13.821518,0 -59.163083,-13.821283,0 -59.163063,-13.821048,0 -59.163024,-13.820813,0 -59.163003,-13.820579,0 -59.162964,-13.820326,0 -59.162943,-13.820091,0 -59.162922,-13.819856,0 -59.162883,-13.819622,0 -59.162863,-13.819387,0 -59.162823,-13.819153,0 -59.162803,-13.818900,0 -59.162782,-13.818665,0 -59.162743,-13.818430,0 -59.162722,-13.818196,0 -59.162682,-13.817889,0 -59.162642,-13.817582,0 -59.162919,-13.817507,0 -59.163177,-13.817432,0 -59.163436,-13.817358,0 -59.163694,-13.817283,0 -59.163934,-13.817227,0 -59.164155,-13.817171,0 -59.164395,-13.817096,0 -59.164616,-13.817040,0 -59.164838,-13.816984,0 -59.165078,-13.816928,0 -59.165299,-13.816854,0 -59.165539,-13.816797,0 -59.165760,-13.816741,0 -59.165981,-13.816667,0 -59.166221,-13.816610,0 -59.166443,-13.816554,0 -59.166682,-13.816480,0 -59.166904,-13.816424,0 -59.167125,-13.816368,0 -59.167365,-13.816293,0 -59.167586,-13.816237,0 -59.167826,-13.816181,0 -59.168047,-13.816106,0 -59.168269,-13.816050,0 -59.168509,-13.815994,0 -59.168730,-13.815920,0 -59.168970,-13.815863,0 -59.169191,-13.815807,0 -59.169413,-13.815733,0 -59.169652,-13.815676,0 -59.169874,-13.815620,0 -59.170114,-13.815564,0 -59.170335,-13.815490,0 -59.170556,-13.815434,0 -59.170796,-13.815377,0 -59.171018,-13.815303,0 -59.171257,-13.815247,0 -59.171479,-13.815190,0 -59.171700,-13.815116,0 -59.171940,-13.815060,0 -59.172161,-13.815004,0 -59.172383,-13.814929,0 -59.172622,-13.814873,0 -59.172844,-13.814799,0 -59.173084,-13.814742,0 -59.173305,-13.814686,0 -59.173526,-13.814612,0 -59.173766,-13.814556,0 -59.173988,-13.814500,0 -59.174209,-13.814425,0 -59.174449,-13.814369,0 -59.174670,-13.814313,0 -59.174910,-13.814238,0 -59.175131,-13.814182,0 -59.175353,-13.814126,0 -59.175592,-13.814052,0 -59.175814,-13.813995,0 -59.176035,-13.813921,0 -59.176275,-13.813865,0 -59.176496,-13.813809,0 -59.176736,-13.813734,0 -59.176957,-13.813678,0 -59.177179,-13.813622,0 -59.177418,-13.813547,0 -59.177640,-13.813491,0 -59.177640,-13.813545,0 -59.177661,-13.813780,0 -59.177682,-13.814033,0 -59.177703,-13.814268,0 -59.177723,-13.814503,0 -59.177744,-13.814737,0 -59.177765,-13.814972,0 -59.177785,-13.815207,0 -59.177806,-13.815442,0 -59.177827,-13.815676,0 -59.177847,-13.815911,0 -59.177868,-13.816146,0 -59.177889,-13.816399,0 -59.177909,-13.816633,0 -59.177930,-13.816868,0 -59.177951,-13.817103,0 -59.177972,-13.817338,0 -59.177992,-13.817573,0 -59.178013,-13.817807,0 -59.178015,-13.818042,0 -59.178036,-13.818295,0 -59.178057,-13.818530,0 -59.178077,-13.818783,0 -59.178098,-13.819017,0 -59.178119,-13.819252,0 -59.178140,-13.819505,0 -59.178160,-13.819722,0 -59.178181,-13.819956,0 -59.178201,-13.820191,0</coordinates></LineString></Placemark>
<Placemark><name>T-10 - 5,83 km</name><description>Maxima 5827 m | Minima 873 m | Reta 567 m | 156.94 ha</description><styleUrl>#rota</styleUrl><LineString><tessellate>1</tessellate><coordinates>-59.165249,-13.825439,0 -59.165284,-13.825203,0 -59.165319,-13.824986,0 -59.165354,-13.824769,0 -59.165388,-13.824534,0 -59.165423,-13.824316,0 -59.165458,-13.824081,0 -59.165493,-13.823864,0 -59.165528,-13.823647,0 -59.165563,-13.823412,0 -59.165598,-13.823194,0 -59.165633,-13.822959,0 -59.165668,-13.822742,0 -59.165703,-13.822525,0 -59.165737,-13.822290,0 -59.165772,-13.822072,0 -59.165807,-13.821837,0 -59.165842,-13.821620,0 -59.165877,-13.821403,0 -59.165912,-13.821167,0 -59.165947,-13.820950,0 -59.165982,-13.820715,0 -59.166017,-13.820498,0 -59.166052,-13.820281,0 -59.166087,-13.820045,0 -59.166122,-13.819828,0 -59.166138,-13.819593,0 -59.166173,-13.819376,0 -59.166208,-13.819159,0 -59.166243,-13.818924,0 -59.166278,-13.818706,0 -59.166312,-13.818471,0 -59.166347,-13.818254,0 -59.166382,-13.818037,0 -59.166417,-13.817802,0 -59.166452,-13.817584,0 -59.166487,-13.817349,0 -59.166522,-13.817132,0 -59.166557,-13.816915,0 -59.166592,-13.816679,0 -59.166627,-13.816462,0 -59.166647,-13.816697,0 -59.166668,-13.816932,0 -59.166670,-13.817185,0 -59.166691,-13.817420,0 -59.166712,-13.817654,0 -59.166732,-13.817889,0 -59.166735,-13.818142,0 -59.166755,-13.818377,0 -59.166776,-13.818612,0 -59.166797,-13.818864,0 -59.166799,-13.819099,0 -59.166820,-13.819316,0 -59.166840,-13.819551,0 -59.166861,-13.819768,0 -59.166881,-13.820002,0 -59.166902,-13.820219,0 -59.166904,-13.820454,0 -59.166925,-13.820689,0 -59.166945,-13.820905,0 -59.166966,-13.821140,0 -59.166986,-13.821357,0 -59.167007,-13.821592,0 -59.167009,-13.821808,0 -59.167030,-13.822043,0 -59.167050,-13.822260,0 -59.167071,-13.822495,0 -59.167091,-13.822711,0 -59.167112,-13.822946,0 -59.167114,-13.823163,0 -59.167135,-13.823398,0 -59.167155,-13.823632,0 -59.167176,-13.823849,0 -59.167197,-13.824084,0 -59.167217,-13.824301,0 -59.167219,-13.824536,0 -59.167240,-13.824752,0 -59.167260,-13.824987,0 -59.167281,-13.825204,0 -59.167302,-13.825438,0 -59.167304,-13.825655,0 -59.167324,-13.825890,0 -59.167345,-13.826107,0 -59.167365,-13.826342,0 -59.167386,-13.826558,0 -59.167407,-13.826793,0 -59.167409,-13.827028,0 -59.167429,-13.827245,0 -59.167450,-13.827479,0 -59.167470,-13.827696,0 -59.167491,-13.827931,0 -59.167512,-13.828148,0 -59.167514,-13.828382,0 -59.167534,-13.828599,0 -59.167555,-13.828834,0 -59.167575,-13.829051,0 -59.167596,-13.829285,0 -59.167617,-13.829502,0 -59.167619,-13.829737,0 -59.167639,-13.829954,0 -59.167660,-13.830188,0 -59.167681,-13.830423,0 -59.167701,-13.830640,0 -59.167722,-13.830875,0 -59.167742,-13.831109,0 -59.167763,-13.831344,0 -59.167765,-13.831561,0 -59.167786,-13.831796,0 -59.167807,-13.832031,0 -59.167827,-13.832247,0 -59.167848,-13.832482,0 -59.167868,-13.832717,0 -59.167889,-13.832933,0 -59.167910,-13.833168,0 -59.167912,-13.833403,0 -59.167932,-13.833620,0 -59.167953,-13.833855,0 -59.167974,-13.834089,0 -59.167994,-13.834306,0 -59.168015,-13.834541,0 -59.168035,-13.834776,0 -59.168056,-13.834992,0 -59.168077,-13.835227,0 -59.168079,-13.835462,0 -59.168099,-13.835679,0 -59.168120,-13.835913,0 -59.168141,-13.836148,0 -59.168161,-13.836365,0 -59.168182,-13.836600,0 -59.168202,-13.836834,0 -59.168223,-13.837051,0 -59.168225,-13.837286,0 -59.168246,-13.837521,0 -59.168266,-13.837737,0 -59.168287,-13.837972,0 -59.168308,-13.838207,0 -59.168328,-13.838424,0 -59.168349,-13.838658,0 -59.168369,-13.838893,0 -59.168371,-13.839110,0 -59.168392,-13.839345,0 -59.168413,-13.839580,0 -59.168433,-13.839796,0 -59.168454,-13.840031,0 -59.168475,-13.840266,0 -59.168495,-13.840482,0 -59.168516,-13.840717,0 -59.168537,-13.840952,0 -59.168539,-13.841169,0 -59.168559,-13.841404,0 -59.168580,-13.841638,0 -59.168600,-13.841855,0 -59.168621,-13.842090,0 -59.168642,-13.842325,0 -59.168662,-13.842559,0 -59.168683,-13.842776,0 -59.168685,-13.843011,0 -59.168706,-13.843246,0 -59.168726,-13.843462,0 -59.168747,-13.843697,0 -59.168768,-13.843932,0 -59.168768,-13.843986,0 -59.169045,-13.843911,0 -59.169322,-13.843837,0 -59.169598,-13.843744,0 -59.169875,-13.843669,0 -59.170115,-13.843613,0 -59.170355,-13.843538,0 -59.170576,-13.843482,0 -59.170816,-13.843426,0 -59.171056,-13.843351,0 -59.171296,-13.843295,0 -59.171535,-13.843221,0 -59.171775,-13.843164,0 -59.172015,-13.843108,0 -59.172255,-13.843034,0 -59.172476,-13.842977,0 -59.172698,-13.842921,0 -59.172919,-13.842847,0 -59.173141,-13.842791,0 -59.173362,-13.842735,0 -59.173583,-13.842660,0 -59.173823,-13.842604,0 -59.174045,-13.842548,0 -59.174266,-13.842492,0 -59.174487,-13.842417,0 -59.174709,-13.842361,0 -59.174930,-13.842305,0 -59.175151,-13.842249,0 -59.175373,-13.842193,0 -59.175594,-13.842118,0 -59.175834,-13.842062,0 -59.176056,-13.842006,0 -59.176277,-13.841950,0 -59.176498,-13.841875,0 -59.176738,-13.841819,0 -59.176717,-13.841494,0 -59.176733,-13.841277,0 -59.176768,-13.841042,0 -59.176803,-13.840824,0 -59.176838,-13.840589,0 -59.176873,-13.840372,0 -59.176907,-13.840137,0 -59.176942,-13.839902,0 -59.176959,-13.839684,0 -59.176994,-13.839449,0 -59.177028,-13.839232,0 -59.177063,-13.838997,0 -59.177098,-13.838780,0 -59.177133,-13.838544,0 -59.177168,-13.838327,0 -59.177203,-13.838092,0 -59.177219,-13.837875,0 -59.177254,-13.837640,0 -59.177289,-13.837422,0 -59.177324,-13.837187,0 -59.177359,-13.836952,0 -59.177394,-13.836735,0 -59.177428,-13.836500,0 -59.177445,-13.836283,0 -59.177480,-13.836047,0 -59.177515,-13.835830,0 -59.177549,-13.835595,0 -59.177584,-13.835378,0 -59.177619,-13.835142,0 -59.177654,-13.834925,0 -59.177671,-13.834690,0</coordinates></LineString></Placemark>
<Placemark><name>T-10A - 10,51 km</name><description>Maxima 10508 m | Minima 2119 m | Reta 1527 m | 25.3 ha</description><styleUrl>#rota</styleUrl><LineString><tessellate>1</tessellate><coordinates>-59.165127,-13.826325,0 -59.165093,-13.826560,0 -59.165058,-13.826778,0 -59.165023,-13.827013,0 -59.164988,-13.827230,0 -59.164953,-13.827447,0 -59.164918,-13.827682,0 -59.164883,-13.827900,0 -59.164848,-13.828135,0 -59.164813,-13.828352,0 -59.164778,-13.828569,0 -59.164744,-13.828805,0 -59.164709,-13.829022,0 -59.164674,-13.829257,0 -59.164639,-13.829474,0 -59.164604,-13.829691,0 -59.164569,-13.829927,0 -59.164534,-13.830144,0 -59.164499,-13.830379,0 -59.164464,-13.830596,0 -59.164429,-13.830813,0 -59.164394,-13.831049,0 -59.164359,-13.831266,0 -59.164325,-13.831501,0 -59.164290,-13.831718,0 -59.164255,-13.831935,0 -59.164220,-13.832171,0 -59.164185,-13.832388,0 -59.164150,-13.832623,0 -59.164134,-13.832840,0 -59.164099,-13.833057,0 -59.164064,-13.833293,0 -59.164029,-13.833510,0 -59.163994,-13.833745,0 -59.163959,-13.833962,0 -59.163924,-13.834179,0 -59.163889,-13.834415,0 -59.163854,-13.834632,0 -59.163819,-13.834867,0 -59.163784,-13.835084,0 -59.163749,-13.835301,0 -59.163715,-13.835537,0 -59.163680,-13.835754,0 -59.163645,-13.835989,0 -59.163610,-13.836206,0 -59.163575,-13.836423,0 -59.163540,-13.836659,0 -59.163505,-13.836876,0 -59.163470,-13.837111,0 -59.163435,-13.837328,0 -59.163400,-13.837546,0 -59.163365,-13.837781,0 -59.163330,-13.837998,0 -59.163296,-13.838233,0 -59.163261,-13.838450,0 -59.163226,-13.838668,0 -59.163191,-13.838903,0 -59.163156,-13.839120,0 -59.163121,-13.839355,0 -59.163105,-13.839572,0 -59.163070,-13.839789,0 -59.163035,-13.840025,0 -59.163000,-13.840242,0 -59.162965,-13.840477,0 -59.162930,-13.840694,0 -59.162895,-13.840911,0 -59.162860,-13.841147,0 -59.162825,-13.841364,0 -59.162790,-13.841599,0 -59.162755,-13.841816,0 -59.162720,-13.842034,0 -59.162686,-13.842269,0 -59.162651,-13.842486,0 -59.162616,-13.842721,0 -59.162581,-13.842938,0 -59.162546,-13.843156,0 -59.162511,-13.843391,0 -59.162476,-13.843608,0 -59.162441,-13.843843,0 -59.162406,-13.844060,0 -59.162371,-13.844278,0 -59.162336,-13.844513,0 -59.162301,-13.844730,0 -59.162267,-13.844965,0 -59.162232,-13.845183,0 -59.162197,-13.845400,0 -59.162162,-13.845635,0 -59.162127,-13.845852,0 -59.162111,-13.846087,0 -59.162076,-13.846304,0 -59.162041,-13.846522,0 -59.162006,-13.846757,0 -59.161971,-13.846974,0 -59.161936,-13.847209,0 -59.161901,-13.847426,0 -59.161866,-13.847644,0 -59.161831,-13.847879,0 -59.161796,-13.848096,0 -59.161761,-13.848331,0 -59.161726,-13.848549,0 -59.161691,-13.848766,0 -59.161657,-13.849001,0 -59.161622,-13.849218,0 -59.161587,-13.849453,0 -59.161552,-13.849671,0 -59.161517,-13.849888,0 -59.161482,-13.850123,0 -59.161447,-13.850340,0 -59.161412,-13.850575,0 -59.161377,-13.850793,0 -59.161342,-13.851010,0 -59.161307,-13.851245,0 -59.161272,-13.851462,0 -59.161238,-13.851697,0 -59.161203,-13.851915,0 -59.161168,-13.852132,0 -59.161133,-13.852367,0 -59.161116,-13.852584,0 -59.161081,-13.852819,0 -59.161046,-13.853037,0 -59.161011,-13.853254,0 -59.160977,-13.853489,0 -59.160942,-13.853706,0 -59.160907,-13.853941,0 -59.160872,-13.854159,0 -59.160837,-13.854376,0 -59.160802,-13.854611,0 -59.160767,-13.854828,0 -59.160732,-13.855063,0 -59.160697,-13.855281,0 -59.160662,-13.855498,0 -59.160627,-13.855733,0 -59.160593,-13.855950,0 -59.160558,-13.856186,0 -59.160523,-13.856403,0 -59.160488,-13.856620,0 -59.160453,-13.856855,0 -59.160418,-13.857072,0 -59.160383,-13.857308,0 -59.160348,-13.857525,0 -59.160313,-13.857742,0 -59.160278,-13.857977,0 -59.160243,-13.858194,0 -59.160209,-13.858430,0 -59.160174,-13.858647,0 -59.160139,-13.858864,0 -59.160104,-13.859099,0 -59.160087,-13.859316,0 -59.160052,-13.859552,0 -59.160017,-13.859769,0 -59.159982,-13.859986,0 -59.159948,-13.860221,0 -59.159913,-13.860438,0 -59.159878,-13.860674,0 -59.159843,-13.860891,0 -59.159808,-13.861108,0 -59.159773,-13.861343,0 -59.159738,-13.861560,0 -59.159703,-13.861796,0 -59.159668,-13.862013,0 -59.159633,-13.862230,0 -59.159598,-13.862465,0 -59.159563,-13.862682,0 -59.159529,-13.862918,0 -59.159494,-13.863135,0 -59.159459,-13.863352,0 -59.159424,-13.863587,0 -59.159389,-13.863804,0 -59.159354,-13.864040,0 -59.159319,-13.864257,0 -59.159284,-13.864474,0 -59.159249,-13.864709,0 -59.159214,-13.864927,0 -59.159179,-13.865162,0 -59.159144,-13.865379,0 -59.159109,-13.865596,0 -59.159093,-13.865831,0 -59.159058,-13.866048,0 -59.159023,-13.866284,0 -59.158988,-13.866501,0 -59.158953,-13.866718,0 -59.158919,-13.866953,0 -59.158884,-13.867170,0 -59.158849,-13.867406,0 -59.158476,-13.867138,0 -59.158383,-13.867085,0 -59.158272,-13.867085,0 -59.158107,-13.867250,0 -59.157942,-13.867414,0 -59.157777,-13.867578,0 -59.157613,-13.867760,0 -59.157483,-13.867743,0 -59.157335,-13.867690,0 -59.157111,-13.867548,0 -59.156831,-13.867297,0 -59.156663,-13.867136,0 -59.156477,-13.866957,0 -59.156309,-13.866778,0 -59.156141,-13.866598,0 -59.155954,-13.866419,0 -59.155600,-13.866187,0 -59.155265,-13.865973,0 -59.155042,-13.865831,0 -59.154800,-13.865688,0 -59.154577,-13.865546,0 -59.154335,-13.865385,0 -59.154149,-13.865224,0 -59.153962,-13.865063,0 -59.153776,-13.864902,0 -59.153588,-13.864597,0 -59.153475,-13.864381,0 -59.153380,-13.864147,0 -59.153304,-13.863912,0 -59.153228,-13.863660,0 -59.153151,-13.863408,0 -59.153094,-13.863173,0 -59.153036,-13.862939,0 -59.152978,-13.862686,0 -59.152901,-13.862271,0 -59.153140,-13.862215,0 -59.153380,-13.862159,0 -59.153620,-13.862084,0 -59.153860,-13.862028,0 -59.154100,-13.861953,0 -59.154321,-13.861897,0 -59.154561,-13.861841,0 -59.154783,-13.861767,0 -59.155023,-13.861710,0 -59.155244,-13.861654,0 -59.155484,-13.861598,0 -59.155705,-13.861524,0 -59.155945,-13.861467,0 -59.156167,-13.861411,0 -59.156406,-13.861337,0 -59.156628,-13.861281,0 -59.156868,-13.861224,0 -59.157089,-13.861168,0 -59.157311,-13.861094,0 -59.157551,-13.861037,0 -59.157772,-13.860981,0 -59.158012,-13.860925,0 -59.158233,-13.860851,0 -59.158473,-13.860794,0 -59.158695,-13.860738,0 -59.158934,-13.860664,0 -59.159156,-13.860608,0 -59.159396,-13.860551,0 -59.159617,-13.860495,0 -59.159857,-13.860421,0 -59.160078,-13.860365,0 -59.160300,-13.860308,0 -59.160540,-13.860234,0 -59.160761,-13.860178,0 -59.161001,-13.860121,0 -59.161222,-13.860065,0 -59.161444,-13.859991,0 -59.161684,-13.859935,0 -59.161905,-13.859879,0 -59.162126,-13.859804,0 -59.162366,-13.859748,0 -59.162588,-13.859692,0 -59.162809,-13.859618,0 -59.163049,-13.859561,0 -59.163270,-13.859505,0 -59.163492,-13.859431,0 -59.163732,-13.859374,0 -59.163953,-13.859318,0 -59.164175,-13.859262,0 -59.164414,-13.859188,0 -59.164636,-13.859131,0 -59.164857,-13.859075,0 -59.165097,-13.859001,0 -59.165318,-13.858945,0 -59.165558,-13.858888,0 -59.165780,-13.858814,0 -59.166020,-13.858758,0 -59.166260,-13.858701,0 -59.166481,-13.858627,0 -59.166721,-13.858571,0 -59.166961,-13.858515,0 -59.167182,-13.858440,0 -59.167422,-13.858384,0 -59.167643,-13.858328,0 -59.167883,-13.858253,0 -59.168105,-13.858197,0 -59.168326,-13.858141,0 -59.168547,-13.858085,0 -59.168769,-13.858011,0 -59.168990,-13.857954,0 -59.169230,-13.857898,0 -59.169452,-13.857842,0 -59.169673,-13.857768,0 -59.169894,-13.857711,0 -59.170116,-13.857655,0 -59.170337,-13.857599,0 -59.170577,-13.857525,0 -59.170798,-13.857468,0 -59.171020,-13.857412,0 -59.171241,-13.857356,0 -59.171463,-13.857282,0 -59.171684,-13.857226,0 -59.171924,-13.857169,0 -59.172145,-13.857113,0 -59.172367,-13.857039,0 -59.172588,-13.856983,0 -59.172810,-13.856926,0 -59.173031,-13.856870,0 -59.173271,-13.856796,0 -59.173492,-13.856740,0 -59.173714,-13.856684,0 -59.173935,-13.856627,0 -59.174156,-13.856571,0 -59.174378,-13.856497,0 -59.174618,-13.856441,0 -59.174839,-13.856384,0 -59.175061,-13.856328,0 -59.175282,-13.856254,0 -59.175503,-13.856198,0 -59.175743,-13.856141,0 -59.175965,-13.856085,0 -59.176186,-13.856011,0 -59.176407,-13.855955,0 -59.176629,-13.855899,0 -59.176850,-13.855842,0 -59.177090,-13.855768,0 -59.177311,-13.855712,0 -59.177533,-13.855656,0 -59.177754,-13.855599,0 -59.177976,-13.855525,0 -59.178197,-13.855469,0 -59.178437,-13.855413,0 -59.178658,-13.855356,0 -59.178880,-13.855282,0 -59.179101,-13.855226,0 -59.179322,-13.855170,0 -59.179544,-13.855114,0 -59.179784,-13.855039,0 -59.180005,-13.854983,0 -59.180227,-13.854927,0 -59.180448,-13.854871,0 -59.180669,-13.854796,0 -59.180891,-13.854740,0 -59.181131,-13.854684,0 -59.181352,-13.854628,0 -59.181573,-13.854571,0 -59.181795,-13.854497,0 -59.182016,-13.854441,0 -59.182238,-13.854385,0 -59.182478,-13.854328,0 -59.182569,-13.854255,0 -59.182588,-13.854237,0 -59.182530,-13.853985,0 -59.182454,-13.853768,0 -59.182396,-13.853552,0 -59.182339,-13.853336,0 -59.182281,-13.853101,0 -59.182205,-13.852885,0 -59.182148,-13.852669,0 -59.182090,-13.852452,0 -59.182014,-13.852218,0 -59.181956,-13.852002,0 -59.181899,-13.851785,0 -59.181823,-13.851569,0 -59.181765,-13.851353,0 -59.181708,-13.851118,0 -59.181632,-13.850902,0 -59.181574,-13.850686,0 -59.181517,-13.850469,0 -59.181459,-13.850235,0 -59.181383,-13.850019,0 -59.181326,-13.849802,0 -59.181268,-13.849586,0 -59.181192,-13.849352,0 -59.181134,-13.849135,0 -59.181077,-13.848919,0 -59.181001,-13.848703,0 -59.180943,-13.848487,0 -59.180886,-13.848270,0 -59.180828,-13.848054,0 -59.180752,-13.847838,0 -59.180695,-13.847621,0 -59.180637,-13.847387,0 -59.180561,-13.847171,0 -59.180504,-13.846954,0 -59.180446,-13.846738,0 -59.180389,-13.846522,0 -59.180313,-13.846305,0 -59.180255,-13.846089,0 -59.180198,-13.845873,0 -59.180140,-13.845656,0 -59.180064,-13.845440,0 -59.180007,-13.845224,0 -59.179949,-13.845007,0 -59.179873,-13.844791,0 -59.179815,-13.844557,0 -59.179758,-13.844340,0 -59.179700,-13.844124,0 -59.179624,-13.843908,0 -59.179567,-13.843691,0 -59.179509,-13.843475,0 -59.179433,-13.843259,0 -59.179376,-13.843043,0 -59.179318,-13.842826,0 -59.179261,-13.842610,0 -59.179185,-13.842394,0 -59.179127,-13.842177,0 -59.179070,-13.841925,0 -59.178993,-13.841691,0 -59.178917,-13.841456,0 -59.178878,-13.841240,0 -59.178878,-13.841167,0</coordinates></LineString></Placemark>
<Placemark><name>T-11 - 8,90 km</name><description>Maxima 8900 m | Minima 4144 m | Reta 2039 m | 98.26 ha</description><styleUrl>#rota</styleUrl><LineString><tessellate>1</tessellate><coordinates>-59.165127,-13.826325,0 -59.165093,-13.826560,0 -59.165058,-13.826778,0 -59.165023,-13.827013,0 -59.164988,-13.827230,0 -59.164953,-13.827447,0 -59.164918,-13.827682,0 -59.164883,-13.827900,0 -59.164848,-13.828135,0 -59.164813,-13.828352,0 -59.164778,-13.828569,0 -59.164744,-13.828805,0 -59.164709,-13.829022,0 -59.164674,-13.829257,0 -59.164639,-13.829474,0 -59.164604,-13.829691,0 -59.164569,-13.829927,0 -59.164534,-13.830144,0 -59.164499,-13.830379,0 -59.164464,-13.830596,0 -59.164429,-13.830813,0 -59.164394,-13.831049,0 -59.164359,-13.831266,0 -59.164325,-13.831501,0 -59.164290,-13.831718,0 -59.164255,-13.831935,0 -59.164220,-13.832171,0 -59.164185,-13.832388,0 -59.164150,-13.832623,0 -59.164134,-13.832840,0 -59.164099,-13.833057,0 -59.164064,-13.833293,0 -59.164029,-13.833510,0 -59.163994,-13.833745,0 -59.163959,-13.833962,0 -59.163924,-13.834179,0 -59.163889,-13.834415,0 -59.163854,-13.834632,0 -59.163819,-13.834867,0 -59.163784,-13.835084,0 -59.163749,-13.835301,0 -59.163715,-13.835537,0 -59.163680,-13.835754,0 -59.163645,-13.835989,0 -59.163610,-13.836206,0 -59.163575,-13.836423,0 -59.163540,-13.836659,0 -59.163505,-13.836876,0 -59.163470,-13.837111,0 -59.163435,-13.837328,0 -59.163400,-13.837546,0 -59.163365,-13.837781,0 -59.163330,-13.837998,0 -59.163296,-13.838233,0 -59.163261,-13.838450,0 -59.163226,-13.838668,0 -59.163191,-13.838903,0 -59.163156,-13.839120,0 -59.163121,-13.839355,0 -59.163105,-13.839572,0 -59.163070,-13.839789,0 -59.163035,-13.840025,0 -59.163000,-13.840242,0 -59.162965,-13.840477,0 -59.162930,-13.840694,0 -59.162895,-13.840911,0 -59.162860,-13.841147,0 -59.162825,-13.841364,0 -59.162790,-13.841599,0 -59.162755,-13.841816,0 -59.162720,-13.842034,0 -59.162686,-13.842269,0 -59.162651,-13.842486,0 -59.162616,-13.842721,0 -59.162581,-13.842938,0 -59.162546,-13.843156,0 -59.162511,-13.843391,0 -59.162476,-13.843608,0 -59.162441,-13.843843,0 -59.162406,-13.844060,0 -59.162371,-13.844278,0 -59.162336,-13.844513,0 -59.162301,-13.844730,0 -59.162267,-13.844965,0 -59.162232,-13.845183,0 -59.162197,-13.845400,0 -59.162162,-13.845635,0 -59.162127,-13.845852,0 -59.162111,-13.846087,0 -59.162076,-13.846304,0 -59.162041,-13.846522,0 -59.162006,-13.846757,0 -59.161971,-13.846974,0 -59.161936,-13.847209,0 -59.161901,-13.847426,0 -59.161866,-13.847644,0 -59.161831,-13.847879,0 -59.161796,-13.848096,0 -59.161761,-13.848331,0 -59.161726,-13.848549,0 -59.161691,-13.848766,0 -59.161657,-13.849001,0 -59.161622,-13.849218,0 -59.161587,-13.849453,0 -59.161552,-13.849671,0 -59.161517,-13.849888,0 -59.161482,-13.850123,0 -59.161447,-13.850340,0 -59.161412,-13.850575,0 -59.161377,-13.850793,0 -59.161342,-13.851010,0 -59.161307,-13.851245,0 -59.161272,-13.851462,0 -59.161238,-13.851697,0 -59.161203,-13.851915,0 -59.161168,-13.852132,0 -59.161133,-13.852367,0 -59.161116,-13.852584,0 -59.161081,-13.852819,0 -59.161046,-13.853037,0 -59.161011,-13.853254,0 -59.160977,-13.853489,0 -59.160942,-13.853706,0 -59.160907,-13.853941,0 -59.160872,-13.854159,0 -59.160837,-13.854376,0 -59.160802,-13.854611,0 -59.160767,-13.854828,0 -59.160732,-13.855063,0 -59.160697,-13.855281,0 -59.160662,-13.855498,0 -59.160627,-13.855733,0 -59.160593,-13.855950,0 -59.160558,-13.856186,0 -59.160523,-13.856403,0 -59.160488,-13.856620,0 -59.160453,-13.856855,0 -59.160418,-13.857072,0 -59.160383,-13.857308,0 -59.160348,-13.857525,0 -59.160313,-13.857742,0 -59.160278,-13.857977,0 -59.160243,-13.858194,0 -59.160209,-13.858430,0 -59.160174,-13.858647,0 -59.160139,-13.858864,0 -59.160104,-13.859099,0 -59.160087,-13.859316,0 -59.160052,-13.859552,0 -59.160017,-13.859769,0 -59.159982,-13.859986,0 -59.159948,-13.860221,0 -59.159913,-13.860438,0 -59.159878,-13.860674,0 -59.159843,-13.860891,0 -59.159808,-13.861108,0 -59.159773,-13.861343,0 -59.159738,-13.861560,0 -59.159703,-13.861796,0 -59.159668,-13.862013,0 -59.159633,-13.862230,0 -59.159598,-13.862465,0 -59.159563,-13.862682,0 -59.159529,-13.862918,0 -59.159494,-13.863135,0 -59.159459,-13.863352,0 -59.159424,-13.863587,0 -59.159389,-13.863804,0 -59.159354,-13.864040,0 -59.159319,-13.864257,0 -59.159284,-13.864474,0 -59.159249,-13.864709,0 -59.159214,-13.864927,0 -59.159179,-13.865162,0 -59.159144,-13.865379,0 -59.159109,-13.865596,0 -59.159093,-13.865831,0 -59.159058,-13.866048,0 -59.159023,-13.866284,0 -59.158988,-13.866501,0 -59.158953,-13.866718,0 -59.158919,-13.866953,0 -59.158884,-13.867170,0 -59.158849,-13.867406,0 -59.158476,-13.867138,0 -59.158383,-13.867085,0 -59.158272,-13.867085,0 -59.158107,-13.867250,0 -59.157942,-13.867414,0 -59.157777,-13.867578,0 -59.157613,-13.867760,0 -59.157483,-13.867743,0 -59.157335,-13.867690,0 -59.157111,-13.867548,0 -59.156831,-13.867297,0 -59.156663,-13.867136,0 -59.156477,-13.866957,0 -59.156309,-13.866778,0 -59.156141,-13.866598,0 -59.155954,-13.866419,0 -59.155600,-13.866187,0 -59.155265,-13.865973,0 -59.155042,-13.865831,0 -59.154800,-13.865688,0 -59.154577,-13.865546,0 -59.154335,-13.865385,0 -59.154149,-13.865224,0 -59.153962,-13.865063,0 -59.153776,-13.864902,0 -59.153588,-13.864597,0 -59.153475,-13.864381,0 -59.153380,-13.864147,0 -59.153304,-13.863912,0 -59.153228,-13.863660,0 -59.153151,-13.863408,0 -59.153094,-13.863173,0 -59.153036,-13.862939,0 -59.152978,-13.862686,0 -59.152901,-13.862271,0 -59.153140,-13.862215,0 -59.153380,-13.862159,0 -59.153620,-13.862084,0 -59.153860,-13.862028,0 -59.154100,-13.861953,0 -59.154321,-13.861897,0 -59.154561,-13.861841,0 -59.154783,-13.861767,0 -59.155023,-13.861710,0 -59.155244,-13.861654,0 -59.155484,-13.861598,0 -59.155705,-13.861524,0 -59.155945,-13.861467,0 -59.156167,-13.861411,0 -59.156406,-13.861337,0 -59.156628,-13.861281,0 -59.156868,-13.861224,0 -59.157089,-13.861168,0 -59.157311,-13.861094,0 -59.157551,-13.861037,0 -59.157772,-13.860981,0 -59.158012,-13.860925,0 -59.158233,-13.860851,0 -59.158473,-13.860794,0 -59.158695,-13.860738,0 -59.158934,-13.860664,0 -59.159156,-13.860608,0 -59.159396,-13.860551,0 -59.159617,-13.860495,0 -59.159857,-13.860421,0 -59.160078,-13.860365,0 -59.160300,-13.860308,0 -59.160540,-13.860234,0 -59.160761,-13.860178,0 -59.161001,-13.860121,0 -59.161222,-13.860065,0 -59.161444,-13.859991,0 -59.161684,-13.859935,0 -59.161905,-13.859879,0 -59.162126,-13.859804,0 -59.162366,-13.859748,0 -59.162588,-13.859692,0 -59.162809,-13.859618,0 -59.163049,-13.859561,0 -59.163270,-13.859505,0 -59.163492,-13.859431,0 -59.163732,-13.859374,0 -59.163953,-13.859318,0 -59.164175,-13.859262,0 -59.164414,-13.859188,0 -59.164636,-13.859131,0 -59.164857,-13.859075,0 -59.165097,-13.859001,0 -59.165318,-13.858945,0 -59.165558,-13.858888,0 -59.165780,-13.858814,0 -59.166020,-13.858758,0 -59.166260,-13.858701,0 -59.166481,-13.858627,0 -59.166721,-13.858571,0 -59.166961,-13.858515,0 -59.167182,-13.858440,0 -59.167422,-13.858384,0 -59.167643,-13.858328,0 -59.167883,-13.858253,0 -59.168105,-13.858197,0 -59.168326,-13.858141,0 -59.168547,-13.858085,0 -59.168769,-13.858011,0 -59.168990,-13.857954,0 -59.169230,-13.857898,0 -59.169452,-13.857842,0 -59.169673,-13.857768,0 -59.169894,-13.857711,0 -59.170116,-13.857655,0 -59.170337,-13.857599,0 -59.170577,-13.857525,0 -59.170798,-13.857468,0 -59.171020,-13.857412,0 -59.171241,-13.857356,0 -59.171463,-13.857282,0 -59.171684,-13.857226,0 -59.171924,-13.857169,0 -59.172145,-13.857113,0 -59.172367,-13.857039,0 -59.172588,-13.856983,0 -59.172810,-13.856926,0 -59.173031,-13.856870,0 -59.173271,-13.856796,0 -59.173492,-13.856740,0 -59.173714,-13.856684,0 -59.173935,-13.856627,0 -59.174156,-13.856571,0 -59.174193,-13.856517,0 -59.174246,-13.856299,0 -59.174300,-13.856082,0 -59.174353,-13.855846,0 -59.174407,-13.855629,0 -59.174460,-13.855412,0 -59.174514,-13.855194,0 -59.174549,-13.854977,0 -59.174602,-13.854760,0 -59.174655,-13.854524,0 -59.174709,-13.854307,0 -59.174762,-13.854090,0 -59.174816,-13.853872,0 -59.174869,-13.853655,0 -59.174922,-13.853420,0 -59.174976,-13.853202,0 -59.175048,-13.852985,0 -59.175101,-13.852749,0 -59.175155,-13.852532,0 -59.175208,-13.852315,0 -59.175280,-13.852079,0 -59.175333,-13.851862,0 -59.175387,-13.851644,0 -59.175459,-13.851409,0 -59.175512,-13.851192,0 -59.175566,-13.850974,0 -59.175619,-13.850739,0 -59.175691,-13.850521,0 -59.175744,-13.850304,0 -59.175798,-13.850068,0 -59.175870,-13.849851,0 -59.175923,-13.849634,0 -59.175976,-13.849398,0 -59.176048,-13.849181,0</coordinates></LineString></Placemark>
<Placemark><name>T-11A - 10,27 km</name><description>Maxima 10273 m | Minima 5107 m | Reta 2214 m | 77.29 ha</description><styleUrl>#rota</styleUrl><LineString><tessellate>1</tessellate><coordinates>-59.165127,-13.826325,0 -59.165093,-13.826560,0 -59.165058,-13.826778,0 -59.165023,-13.827013,0 -59.164988,-13.827230,0 -59.164953,-13.827447,0 -59.164918,-13.827682,0 -59.164883,-13.827900,0 -59.164848,-13.828135,0 -59.164813,-13.828352,0 -59.164778,-13.828569,0 -59.164744,-13.828805,0 -59.164709,-13.829022,0 -59.164674,-13.829257,0 -59.164639,-13.829474,0 -59.164604,-13.829691,0 -59.164569,-13.829927,0 -59.164534,-13.830144,0 -59.164499,-13.830379,0 -59.164464,-13.830596,0 -59.164429,-13.830813,0 -59.164394,-13.831049,0 -59.164359,-13.831266,0 -59.164325,-13.831501,0 -59.164290,-13.831718,0 -59.164255,-13.831935,0 -59.164220,-13.832171,0 -59.164185,-13.832388,0 -59.164150,-13.832623,0 -59.164134,-13.832840,0 -59.164099,-13.833057,0 -59.164064,-13.833293,0 -59.164029,-13.833510,0 -59.163994,-13.833745,0 -59.163959,-13.833962,0 -59.163924,-13.834179,0 -59.163889,-13.834415,0 -59.163854,-13.834632,0 -59.163819,-13.834867,0 -59.163784,-13.835084,0 -59.163749,-13.835301,0 -59.163715,-13.835537,0 -59.163680,-13.835754,0 -59.163645,-13.835989,0 -59.163610,-13.836206,0 -59.163575,-13.836423,0 -59.163540,-13.836659,0 -59.163505,-13.836876,0 -59.163470,-13.837111,0 -59.163435,-13.837328,0 -59.163400,-13.837546,0 -59.163365,-13.837781,0 -59.163330,-13.837998,0 -59.163296,-13.838233,0 -59.163261,-13.838450,0 -59.163226,-13.838668,0 -59.163191,-13.838903,0 -59.163156,-13.839120,0 -59.163121,-13.839355,0 -59.163105,-13.839572,0 -59.163070,-13.839789,0 -59.163035,-13.840025,0 -59.163000,-13.840242,0 -59.162965,-13.840477,0 -59.162930,-13.840694,0 -59.162895,-13.840911,0 -59.162860,-13.841147,0 -59.162825,-13.841364,0 -59.162790,-13.841599,0 -59.162755,-13.841816,0 -59.162720,-13.842034,0 -59.162686,-13.842269,0 -59.162651,-13.842486,0 -59.162616,-13.842721,0 -59.162581,-13.842938,0 -59.162546,-13.843156,0 -59.162511,-13.843391,0 -59.162476,-13.843608,0 -59.162441,-13.843843,0 -59.162406,-13.844060,0 -59.162371,-13.844278,0 -59.162336,-13.844513,0 -59.162301,-13.844730,0 -59.162267,-13.844965,0 -59.162232,-13.845183,0 -59.162197,-13.845400,0 -59.162162,-13.845635,0 -59.162127,-13.845852,0 -59.162111,-13.846087,0 -59.162076,-13.846304,0 -59.162041,-13.846522,0 -59.162006,-13.846757,0 -59.161971,-13.846974,0 -59.161936,-13.847209,0 -59.161901,-13.847426,0 -59.161866,-13.847644,0 -59.161831,-13.847879,0 -59.161796,-13.848096,0 -59.161761,-13.848331,0 -59.161726,-13.848549,0 -59.161691,-13.848766,0 -59.161657,-13.849001,0 -59.161622,-13.849218,0 -59.161587,-13.849453,0 -59.161552,-13.849671,0 -59.161517,-13.849888,0 -59.161482,-13.850123,0 -59.161447,-13.850340,0 -59.161412,-13.850575,0 -59.161377,-13.850793,0 -59.161342,-13.851010,0 -59.161307,-13.851245,0 -59.161272,-13.851462,0 -59.161238,-13.851697,0 -59.161203,-13.851915,0 -59.161168,-13.852132,0 -59.161133,-13.852367,0 -59.161116,-13.852584,0 -59.161081,-13.852819,0 -59.161046,-13.853037,0 -59.161011,-13.853254,0 -59.160977,-13.853489,0 -59.160942,-13.853706,0 -59.160907,-13.853941,0 -59.160872,-13.854159,0 -59.160837,-13.854376,0 -59.160802,-13.854611,0 -59.160767,-13.854828,0 -59.160732,-13.855063,0 -59.160697,-13.855281,0 -59.160662,-13.855498,0 -59.160627,-13.855733,0 -59.160593,-13.855950,0 -59.160558,-13.856186,0 -59.160523,-13.856403,0 -59.160488,-13.856620,0 -59.160453,-13.856855,0 -59.160418,-13.857072,0 -59.160383,-13.857308,0 -59.160348,-13.857525,0 -59.160313,-13.857742,0 -59.160278,-13.857977,0 -59.160243,-13.858194,0 -59.160209,-13.858430,0 -59.160174,-13.858647,0 -59.160139,-13.858864,0 -59.160104,-13.859099,0 -59.160087,-13.859316,0 -59.160052,-13.859552,0 -59.160017,-13.859769,0 -59.159982,-13.859986,0 -59.159948,-13.860221,0 -59.159913,-13.860438,0 -59.159878,-13.860674,0 -59.159843,-13.860891,0 -59.159808,-13.861108,0 -59.159773,-13.861343,0 -59.159738,-13.861560,0 -59.159703,-13.861796,0 -59.159668,-13.862013,0 -59.159633,-13.862230,0 -59.159598,-13.862465,0 -59.159563,-13.862682,0 -59.159529,-13.862918,0 -59.159494,-13.863135,0 -59.159459,-13.863352,0 -59.159424,-13.863587,0 -59.159389,-13.863804,0 -59.159354,-13.864040,0 -59.159319,-13.864257,0 -59.159284,-13.864474,0 -59.159249,-13.864709,0 -59.159214,-13.864927,0 -59.159179,-13.865162,0 -59.159144,-13.865379,0 -59.159109,-13.865596,0 -59.159093,-13.865831,0 -59.159058,-13.866048,0 -59.159023,-13.866284,0 -59.158988,-13.866501,0 -59.158953,-13.866718,0 -59.158919,-13.866953,0 -59.158884,-13.867170,0 -59.158849,-13.867406,0 -59.158476,-13.867138,0 -59.158383,-13.867085,0 -59.158272,-13.867085,0 -59.158107,-13.867250,0 -59.157942,-13.867414,0 -59.157777,-13.867578,0 -59.157613,-13.867760,0 -59.157483,-13.867743,0 -59.157335,-13.867690,0 -59.157111,-13.867548,0 -59.156831,-13.867297,0 -59.156663,-13.867136,0 -59.156477,-13.866957,0 -59.156309,-13.866778,0 -59.156141,-13.866598,0 -59.155954,-13.866419,0 -59.155600,-13.866187,0 -59.155265,-13.865973,0 -59.155042,-13.865831,0 -59.154800,-13.865688,0 -59.154577,-13.865546,0 -59.154335,-13.865385,0 -59.154149,-13.865224,0 -59.153962,-13.865063,0 -59.153776,-13.864902,0 -59.153588,-13.864597,0 -59.153475,-13.864381,0 -59.153380,-13.864147,0 -59.153304,-13.863912,0 -59.153228,-13.863660,0 -59.153151,-13.863408,0 -59.153094,-13.863173,0 -59.153036,-13.862939,0 -59.152978,-13.862686,0 -59.152901,-13.862271,0 -59.153140,-13.862215,0 -59.153380,-13.862159,0 -59.153620,-13.862084,0 -59.153860,-13.862028,0 -59.154100,-13.861953,0 -59.154321,-13.861897,0 -59.154561,-13.861841,0 -59.154783,-13.861767,0 -59.155023,-13.861710,0 -59.155244,-13.861654,0 -59.155484,-13.861598,0 -59.155705,-13.861524,0 -59.155945,-13.861467,0 -59.156167,-13.861411,0 -59.156406,-13.861337,0 -59.156628,-13.861281,0 -59.156868,-13.861224,0 -59.157089,-13.861168,0 -59.157311,-13.861094,0 -59.157551,-13.861037,0 -59.157772,-13.860981,0 -59.158012,-13.860925,0 -59.158233,-13.860851,0 -59.158473,-13.860794,0 -59.158695,-13.860738,0 -59.158934,-13.860664,0 -59.159156,-13.860608,0 -59.159396,-13.860551,0 -59.159617,-13.860495,0 -59.159857,-13.860421,0 -59.160078,-13.860365,0 -59.160300,-13.860308,0 -59.160540,-13.860234,0 -59.160761,-13.860178,0 -59.161001,-13.860121,0 -59.161222,-13.860065,0 -59.161444,-13.859991,0 -59.161684,-13.859935,0 -59.161905,-13.859879,0 -59.162126,-13.859804,0 -59.162366,-13.859748,0 -59.162588,-13.859692,0 -59.162809,-13.859618,0 -59.163049,-13.859561,0 -59.163270,-13.859505,0 -59.163492,-13.859431,0 -59.163732,-13.859374,0 -59.163953,-13.859318,0 -59.164175,-13.859262,0 -59.164414,-13.859188,0 -59.164636,-13.859131,0 -59.164857,-13.859075,0 -59.165097,-13.859001,0 -59.165318,-13.858945,0 -59.165558,-13.858888,0 -59.165780,-13.858814,0 -59.166020,-13.858758,0 -59.166260,-13.858701,0 -59.166481,-13.858627,0 -59.166721,-13.858571,0 -59.166961,-13.858515,0 -59.167182,-13.858440,0 -59.167422,-13.858384,0 -59.167643,-13.858328,0 -59.167883,-13.858253,0 -59.168105,-13.858197,0 -59.168326,-13.858141,0 -59.168547,-13.858085,0 -59.168769,-13.858011,0 -59.168990,-13.857954,0 -59.169230,-13.857898,0 -59.169452,-13.857842,0 -59.169673,-13.857768,0 -59.169894,-13.857711,0 -59.170116,-13.857655,0 -59.170337,-13.857599,0 -59.170577,-13.857525,0 -59.170798,-13.857468,0 -59.171020,-13.857412,0 -59.171241,-13.857356,0 -59.171463,-13.857282,0 -59.171684,-13.857226,0 -59.171924,-13.857169,0 -59.172145,-13.857113,0 -59.172367,-13.857039,0 -59.172588,-13.856983,0 -59.172810,-13.856926,0 -59.173031,-13.856870,0 -59.173271,-13.856796,0 -59.173492,-13.856740,0 -59.173714,-13.856684,0 -59.173935,-13.856627,0 -59.174156,-13.856571,0 -59.174378,-13.856497,0 -59.174618,-13.856441,0 -59.174839,-13.856384,0 -59.175061,-13.856328,0 -59.175282,-13.856254,0 -59.175503,-13.856198,0 -59.175743,-13.856141,0 -59.175965,-13.856085,0 -59.176186,-13.856011,0 -59.176407,-13.855955,0 -59.176629,-13.855899,0 -59.176850,-13.855842,0 -59.177090,-13.855768,0 -59.177311,-13.855712,0 -59.177533,-13.855656,0 -59.177754,-13.855599,0 -59.177976,-13.855525,0 -59.178197,-13.855469,0 -59.178437,-13.855413,0 -59.178658,-13.855356,0 -59.178880,-13.855282,0 -59.179101,-13.855226,0 -59.179322,-13.855170,0 -59.179544,-13.855114,0 -59.179784,-13.855039,0 -59.180005,-13.854983,0 -59.180227,-13.854927,0 -59.180448,-13.854871,0 -59.180669,-13.854796,0 -59.180891,-13.854740,0 -59.181131,-13.854684,0 -59.181352,-13.854628,0 -59.181573,-13.854571,0 -59.181795,-13.854497,0 -59.182016,-13.854441,0 -59.182238,-13.854385,0 -59.182478,-13.854328,0 -59.182569,-13.854255,0 -59.182588,-13.854237,0 -59.182530,-13.853985,0 -59.182454,-13.853768,0 -59.182396,-13.853552,0 -59.182339,-13.853336,0 -59.182281,-13.853101,0 -59.182205,-13.852885,0 -59.182148,-13.852669,0 -59.182090,-13.852452,0 -59.182014,-13.852218,0 -59.181956,-13.852002,0 -59.181899,-13.851785,0 -59.181823,-13.851569,0 -59.181765,-13.851353,0 -59.181708,-13.851118,0 -59.181632,-13.850902,0 -59.181574,-13.850686,0 -59.181517,-13.850469,0 -59.181459,-13.850235,0 -59.181383,-13.850019,0 -59.181326,-13.849802,0 -59.181268,-13.849586,0 -59.181192,-13.849352,0 -59.181134,-13.849135,0 -59.181077,-13.848919,0 -59.181001,-13.848703,0 -59.180943,-13.848487,0 -59.180886,-13.848270,0 -59.180828,-13.848054,0 -59.180752,-13.847838,0 -59.180695,-13.847621,0 -59.180637,-13.847387,0 -59.180561,-13.847171,0 -59.180504,-13.846954,0 -59.180446,-13.846738,0 -59.180389,-13.846522,0 -59.180313,-13.846305,0 -59.180255,-13.846089,0 -59.180198,-13.845873,0 -59.180140,-13.845656,0 -59.180064,-13.845440,0 -59.180007,-13.845224,0 -59.179949,-13.845007,0 -59.179873,-13.844791,0 -59.179705,-13.844576,0 -59.179647,-13.844359,0 -59.179590,-13.844143,0 -59.179532,-13.843927,0 -59.179456,-13.843692,0 -59.179398,-13.843476,0 -59.179341,-13.843260,0</coordinates></LineString></Placemark>
<Placemark><name>T-12 - 10,95 km</name><description>Maxima 10952 m | Minima 5677 m | Reta 3547 m | 123.95 ha</description><styleUrl>#rota</styleUrl><LineString><tessellate>1</tessellate><coordinates>-59.165127,-13.826325,0 -59.165093,-13.826560,0 -59.165058,-13.826778,0 -59.165023,-13.827013,0 -59.164988,-13.827230,0 -59.164953,-13.827447,0 -59.164918,-13.827682,0 -59.164883,-13.827900,0 -59.164848,-13.828135,0 -59.164813,-13.828352,0 -59.164778,-13.828569,0 -59.164744,-13.828805,0 -59.164709,-13.829022,0 -59.164674,-13.829257,0 -59.164639,-13.829474,0 -59.164604,-13.829691,0 -59.164569,-13.829927,0 -59.164534,-13.830144,0 -59.164499,-13.830379,0 -59.164464,-13.830596,0 -59.164429,-13.830813,0 -59.164394,-13.831049,0 -59.164359,-13.831266,0 -59.164325,-13.831501,0 -59.164290,-13.831718,0 -59.164255,-13.831935,0 -59.164220,-13.832171,0 -59.164185,-13.832388,0 -59.164150,-13.832623,0 -59.164134,-13.832840,0 -59.164099,-13.833057,0 -59.164064,-13.833293,0 -59.164029,-13.833510,0 -59.163994,-13.833745,0 -59.163959,-13.833962,0 -59.163924,-13.834179,0 -59.163889,-13.834415,0 -59.163854,-13.834632,0 -59.163819,-13.834867,0 -59.163784,-13.835084,0 -59.163749,-13.835301,0 -59.163715,-13.835537,0 -59.163680,-13.835754,0 -59.163645,-13.835989,0 -59.163610,-13.836206,0 -59.163575,-13.836423,0 -59.163540,-13.836659,0 -59.163505,-13.836876,0 -59.163470,-13.837111,0 -59.163435,-13.837328,0 -59.163400,-13.837546,0 -59.163365,-13.837781,0 -59.163330,-13.837998,0 -59.163296,-13.838233,0 -59.163261,-13.838450,0 -59.163226,-13.838668,0 -59.163191,-13.838903,0 -59.163156,-13.839120,0 -59.163121,-13.839355,0 -59.163105,-13.839572,0 -59.163070,-13.839789,0 -59.163035,-13.840025,0 -59.163000,-13.840242,0 -59.162965,-13.840477,0 -59.162930,-13.840694,0 -59.162895,-13.840911,0 -59.162860,-13.841147,0 -59.162825,-13.841364,0 -59.162790,-13.841599,0 -59.162755,-13.841816,0 -59.162720,-13.842034,0 -59.162686,-13.842269,0 -59.162651,-13.842486,0 -59.162616,-13.842721,0 -59.162581,-13.842938,0 -59.162546,-13.843156,0 -59.162511,-13.843391,0 -59.162476,-13.843608,0 -59.162441,-13.843843,0 -59.162406,-13.844060,0 -59.162371,-13.844278,0 -59.162336,-13.844513,0 -59.162301,-13.844730,0 -59.162267,-13.844965,0 -59.162232,-13.845183,0 -59.162197,-13.845400,0 -59.162162,-13.845635,0 -59.162127,-13.845852,0 -59.162111,-13.846087,0 -59.162076,-13.846304,0 -59.162041,-13.846522,0 -59.162006,-13.846757,0 -59.161971,-13.846974,0 -59.161936,-13.847209,0 -59.161901,-13.847426,0 -59.161866,-13.847644,0 -59.161831,-13.847879,0 -59.161796,-13.848096,0 -59.161761,-13.848331,0 -59.161726,-13.848549,0 -59.161691,-13.848766,0 -59.161657,-13.849001,0 -59.161622,-13.849218,0 -59.161587,-13.849453,0 -59.161552,-13.849671,0 -59.161517,-13.849888,0 -59.161482,-13.850123,0 -59.161447,-13.850340,0 -59.161412,-13.850575,0 -59.161377,-13.850793,0 -59.161342,-13.851010,0 -59.161307,-13.851245,0 -59.161272,-13.851462,0 -59.161238,-13.851697,0 -59.161203,-13.851915,0 -59.161168,-13.852132,0 -59.161133,-13.852367,0 -59.161116,-13.852584,0 -59.161081,-13.852819,0 -59.161046,-13.853037,0 -59.161011,-13.853254,0 -59.160977,-13.853489,0 -59.160942,-13.853706,0 -59.160907,-13.853941,0 -59.160872,-13.854159,0 -59.160837,-13.854376,0 -59.160802,-13.854611,0 -59.160767,-13.854828,0 -59.160732,-13.855063,0 -59.160697,-13.855281,0 -59.160662,-13.855498,0 -59.160627,-13.855733,0 -59.160593,-13.855950,0 -59.160558,-13.856186,0 -59.160523,-13.856403,0 -59.160488,-13.856620,0 -59.160453,-13.856855,0 -59.160418,-13.857072,0 -59.160383,-13.857308,0 -59.160348,-13.857525,0 -59.160313,-13.857742,0 -59.160278,-13.857977,0 -59.160243,-13.858194,0 -59.160209,-13.858430,0 -59.160174,-13.858647,0 -59.160139,-13.858864,0 -59.160104,-13.859099,0 -59.160087,-13.859316,0 -59.160052,-13.859552,0 -59.160017,-13.859769,0 -59.159982,-13.859986,0 -59.159948,-13.860221,0 -59.159913,-13.860438,0 -59.159878,-13.860674,0 -59.159843,-13.860891,0 -59.159808,-13.861108,0 -59.159773,-13.861343,0 -59.159738,-13.861560,0 -59.159703,-13.861796,0 -59.159668,-13.862013,0 -59.159633,-13.862230,0 -59.159598,-13.862465,0 -59.159563,-13.862682,0 -59.159529,-13.862918,0 -59.159494,-13.863135,0 -59.159459,-13.863352,0 -59.159424,-13.863587,0 -59.159389,-13.863804,0 -59.159354,-13.864040,0 -59.159319,-13.864257,0 -59.159284,-13.864474,0 -59.159249,-13.864709,0 -59.159214,-13.864927,0 -59.159179,-13.865162,0 -59.159144,-13.865379,0 -59.159109,-13.865596,0 -59.159093,-13.865831,0 -59.159058,-13.866048,0 -59.159023,-13.866284,0 -59.158988,-13.866501,0 -59.158953,-13.866718,0 -59.158919,-13.866953,0 -59.158884,-13.867170,0 -59.158849,-13.867406,0 -59.158476,-13.867138,0 -59.158383,-13.867085,0 -59.158272,-13.867085,0 -59.158107,-13.867250,0 -59.157942,-13.867414,0 -59.157777,-13.867578,0 -59.157613,-13.867760,0 -59.157483,-13.867743,0 -59.157335,-13.867690,0 -59.157111,-13.867548,0 -59.156831,-13.867297,0 -59.156663,-13.867136,0 -59.156477,-13.866957,0 -59.156309,-13.866778,0 -59.156141,-13.866598,0 -59.155954,-13.866419,0 -59.155600,-13.866187,0 -59.155265,-13.865973,0 -59.155042,-13.865831,0 -59.154800,-13.865688,0 -59.154577,-13.865546,0 -59.154335,-13.865385,0 -59.154149,-13.865224,0 -59.153962,-13.865063,0 -59.153776,-13.864902,0 -59.153588,-13.864597,0 -59.153475,-13.864381,0 -59.153380,-13.864147,0 -59.153304,-13.863912,0 -59.153228,-13.863660,0 -59.153151,-13.863408,0 -59.153094,-13.863173,0 -59.153036,-13.862939,0 -59.152978,-13.862686,0 -59.152901,-13.862271,0 -59.153140,-13.862215,0 -59.153380,-13.862159,0 -59.153620,-13.862084,0 -59.153860,-13.862028,0 -59.154100,-13.861953,0 -59.154321,-13.861897,0 -59.154561,-13.861841,0 -59.154783,-13.861767,0 -59.155023,-13.861710,0 -59.155244,-13.861654,0 -59.155484,-13.861598,0 -59.155705,-13.861524,0 -59.155945,-13.861467,0 -59.156167,-13.861411,0 -59.156406,-13.861337,0 -59.156628,-13.861281,0 -59.156868,-13.861224,0 -59.157089,-13.861168,0 -59.157311,-13.861094,0 -59.157551,-13.861037,0 -59.157772,-13.860981,0 -59.158012,-13.860925,0 -59.158233,-13.860851,0 -59.158473,-13.860794,0 -59.158695,-13.860738,0 -59.158934,-13.860664,0 -59.159156,-13.860608,0 -59.159396,-13.860551,0 -59.159617,-13.860495,0 -59.159857,-13.860421,0 -59.160078,-13.860365,0 -59.160300,-13.860308,0 -59.160540,-13.860234,0 -59.160761,-13.860178,0 -59.161001,-13.860121,0 -59.161222,-13.860065,0 -59.161444,-13.859991,0 -59.161684,-13.859935,0 -59.161905,-13.859879,0 -59.162126,-13.859804,0 -59.162366,-13.859748,0 -59.162588,-13.859692,0 -59.162809,-13.859618,0 -59.163049,-13.859561,0 -59.163270,-13.859505,0 -59.163492,-13.859431,0 -59.163732,-13.859374,0 -59.163953,-13.859318,0 -59.164175,-13.859262,0 -59.164414,-13.859188,0 -59.164636,-13.859131,0 -59.164857,-13.859075,0 -59.165097,-13.859001,0 -59.165318,-13.858945,0 -59.165558,-13.858888,0 -59.165780,-13.858814,0 -59.166020,-13.858758,0 -59.166260,-13.858701,0 -59.166481,-13.858627,0 -59.166721,-13.858571,0 -59.166961,-13.858515,0 -59.167182,-13.858440,0 -59.167422,-13.858384,0 -59.167643,-13.858328,0 -59.167883,-13.858253,0 -59.168105,-13.858197,0 -59.168326,-13.858141,0 -59.168547,-13.858085,0 -59.168769,-13.858011,0 -59.168990,-13.857954,0 -59.169230,-13.857898,0 -59.169452,-13.857842,0 -59.169673,-13.857768,0 -59.169894,-13.857711,0 -59.170116,-13.857655,0 -59.170337,-13.857599,0 -59.170577,-13.857525,0 -59.170798,-13.857468,0 -59.171020,-13.857412,0 -59.171241,-13.857356,0 -59.171463,-13.857282,0 -59.171684,-13.857226,0 -59.171924,-13.857169,0 -59.172145,-13.857113,0 -59.172367,-13.857039,0 -59.172588,-13.856983,0 -59.172810,-13.856926,0 -59.173031,-13.856870,0 -59.173271,-13.856796,0 -59.173492,-13.856740,0 -59.173714,-13.856684,0 -59.173935,-13.856627,0 -59.174156,-13.856571,0 -59.174378,-13.856497,0 -59.174618,-13.856441,0 -59.174839,-13.856384,0 -59.175061,-13.856328,0 -59.175282,-13.856254,0 -59.175503,-13.856198,0 -59.175743,-13.856141,0 -59.175965,-13.856085,0 -59.176186,-13.856011,0 -59.176407,-13.855955,0 -59.176629,-13.855899,0 -59.176850,-13.855842,0 -59.177090,-13.855768,0 -59.177311,-13.855712,0 -59.177533,-13.855656,0 -59.177588,-13.855655,0 -59.177664,-13.855889,0 -59.177667,-13.856124,0 -59.177669,-13.856341,0 -59.177671,-13.856576,0 -59.177673,-13.856811,0 -59.177675,-13.857028,0 -59.177677,-13.857263,0 -59.177679,-13.857498,0 -59.177682,-13.857733,0 -59.177684,-13.857949,0 -59.177686,-13.858184,0 -59.177688,-13.858419,0 -59.177690,-13.858636,0 -59.177711,-13.858871,0 -59.177713,-13.859106,0 -59.177715,-13.859323,0 -59.177717,-13.859558,0 -59.177719,-13.859793,0 -59.177721,-13.860009,0 -59.177724,-13.860244,0 -59.177726,-13.860479,0 -59.177728,-13.860714,0 -59.177730,-13.860931,0 -59.177732,-13.861166,0 -59.177734,-13.861401,0 -59.177736,-13.861618,0 -59.177739,-13.861853,0 -59.177741,-13.862088,0 -59.177742,-13.862268,0 -59.177745,-13.862539,0 -59.177729,-13.862792,0 -59.177803,-13.862792,0 -59.178043,-13.862717,0 -59.178264,-13.862625,0 -59.178503,-13.862533,0 -59.178725,-13.862458,0 -59.178946,-13.862366,0 -59.179185,-13.862292,0 -59.179407,-13.862199,0 -59.179628,-13.862125,0 -59.179849,-13.862033,0 -59.180089,-13.861958,0 -59.180310,-13.861866,0 -59.180531,-13.861792,0 -59.180752,-13.861699,0 -59.180973,-13.861625,0 -59.181213,-13.861533,0 -59.181434,-13.861440,0 -59.181674,-13.861366,0 -59.181914,-13.861273,0 -59.182172,-13.861199,0 -59.182522,-13.861087,0 -59.182762,-13.860995,0 -59.183001,-13.860902,0 -59.183241,-13.860810,0 -59.183481,-13.860717,0 -59.183720,-13.860625,0 -59.183960,-13.860532,0 -59.184329,-13.860402,0 -59.184271,-13.860168,0 -59.184050,-13.860242,0 -59.183810,-13.860298,0 -59.183588,-13.860355,0 -59.183367,-13.860429,0 -59.183145,-13.860485,0 -59.182924,-13.860541,0 -59.182684,-13.860616,0 -59.182463,-13.860672,0 -59.182241,-13.860728,0 -59.182020,-13.860802,0 -59.181780,-13.860859,0 -59.181559,-13.860933,0 -59.181337,-13.860989,0 -59.181116,-13.861045,0 -59.180876,-13.861120,0 -59.180655,-13.861176,0 -59.180433,-13.861232,0 -59.180212,-13.861306,0 -59.179991,-13.861363,0 -59.179751,-13.861437,0 -59.179529,-13.861493,0 -59.179308,-13.861549,0 -59.179087,-13.861624,0 -59.178847,-13.861680,0 -59.178923,-13.861896,0 -59.178980,-13.862131,0 -59.179056,-13.862347,0 -59.179114,-13.862563,0 -59.179190,-13.862779,0 -59.179248,-13.863014,0 -59.179306,-13.863284,0 -59.179363,-13.863519,0 -59.179440,-13.863753,0 -59.179516,-13.863987,0 -59.179573,-13.864222,0 -59.179650,-13.864456,0</coordinates></LineString></Placemark>
<Placemark><name>T-13 - 2,60 km</name><description>Maxima 2597 m | Minima 142 m | Reta 142 m | 42.11 ha</description><styleUrl>#rota</styleUrl><LineString><tessellate>1</tessellate><coordinates>-59.165249,-13.825439,0 -59.165284,-13.825203,0 -59.165319,-13.824986,0 -59.165354,-13.824769,0 -59.165388,-13.824534,0 -59.165423,-13.824316,0 -59.165458,-13.824081,0 -59.165493,-13.823864,0 -59.165528,-13.823647,0 -59.165563,-13.823412,0 -59.165598,-13.823194,0 -59.165633,-13.822959,0 -59.165668,-13.822742,0 -59.165703,-13.822525,0 -59.165737,-13.822290,0 -59.165772,-13.822072,0 -59.165807,-13.821837,0 -59.165842,-13.821620,0 -59.165877,-13.821403,0 -59.165912,-13.821167,0 -59.165947,-13.820950,0 -59.165982,-13.820715,0 -59.166017,-13.820498,0 -59.166052,-13.820281,0 -59.166087,-13.820045,0 -59.166122,-13.819828,0 -59.166138,-13.819593,0 -59.166173,-13.819376,0 -59.166208,-13.819159,0 -59.166243,-13.818924,0 -59.166278,-13.818706,0 -59.166312,-13.818471,0 -59.166347,-13.818254,0 -59.166382,-13.818037,0 -59.166417,-13.817802,0 -59.166452,-13.817584,0 -59.166487,-13.817349,0 -59.166522,-13.817132,0 -59.166557,-13.816915,0 -59.166592,-13.816679,0 -59.166627,-13.816462,0 -59.166647,-13.816697,0 -59.166668,-13.816932,0 -59.166670,-13.817185,0 -59.166691,-13.817420,0 -59.166712,-13.817654,0 -59.166732,-13.817889,0 -59.166735,-13.818142,0 -59.166755,-13.818377,0 -59.166776,-13.818612,0 -59.166797,-13.818864,0 -59.166799,-13.819099,0 -59.166820,-13.819316,0 -59.166840,-13.819551,0 -59.166861,-13.819768,0 -59.166881,-13.820002,0 -59.166902,-13.820219,0 -59.166904,-13.820454,0 -59.166925,-13.820689,0 -59.166945,-13.820905,0 -59.166966,-13.821140,0 -59.166986,-13.821357,0 -59.167007,-13.821592,0 -59.167009,-13.821808,0 -59.167030,-13.822043,0 -59.167050,-13.822260,0 -59.167071,-13.822495,0 -59.167091,-13.822711,0 -59.167112,-13.822946,0 -59.167114,-13.823163,0 -59.167135,-13.823398,0 -59.167155,-13.823632,0 -59.167176,-13.823849,0 -59.167197,-13.824084,0 -59.167217,-13.824301,0 -59.167219,-13.824536,0 -59.167240,-13.824752,0 -59.167260,-13.824987,0 -59.167281,-13.825204,0 -59.167302,-13.825438,0 -59.167304,-13.825655,0 -59.167324,-13.825890,0 -59.167345,-13.826107,0 -59.167365,-13.826342,0 -59.167386,-13.826558,0 -59.167407,-13.826793,0 -59.167409,-13.827028,0 -59.167429,-13.827245,0 -59.167450,-13.827479,0 -59.167470,-13.827696,0 -59.167491,-13.827931,0 -59.167512,-13.828148,0 -59.167514,-13.828382,0 -59.167534,-13.828599,0 -59.167555,-13.828834,0 -59.167575,-13.829051,0 -59.167596,-13.829285,0 -59.167617,-13.829502,0 -59.167619,-13.829737,0 -59.167639,-13.829954,0 -59.167511,-13.830081,0</coordinates></LineString></Placemark>
<Placemark><name>T-14 - 4,85 km</name><description>Maxima 4849 m | Minima 563 m | Reta 546 m | 103.71 ha</description><styleUrl>#rota</styleUrl><LineString><tessellate>1</tessellate><coordinates>-59.165249,-13.825439,0 -59.165284,-13.825203,0 -59.165319,-13.824986,0 -59.165354,-13.824769,0 -59.165388,-13.824534,0 -59.165423,-13.824316,0 -59.165458,-13.824081,0 -59.165493,-13.823864,0 -59.165528,-13.823647,0 -59.165563,-13.823412,0 -59.165598,-13.823194,0 -59.165633,-13.822959,0 -59.165668,-13.822742,0 -59.165703,-13.822525,0 -59.165737,-13.822290,0 -59.165772,-13.822072,0 -59.165807,-13.821837,0 -59.165842,-13.821620,0 -59.165877,-13.821403,0 -59.165912,-13.821167,0 -59.165947,-13.820950,0 -59.165982,-13.820715,0 -59.166017,-13.820498,0 -59.166052,-13.820281,0 -59.166087,-13.820045,0 -59.166122,-13.819828,0 -59.166138,-13.819593,0 -59.166173,-13.819376,0 -59.166208,-13.819159,0 -59.166243,-13.818924,0 -59.166278,-13.818706,0 -59.166312,-13.818471,0 -59.166347,-13.818254,0 -59.166382,-13.818037,0 -59.166417,-13.817802,0 -59.166452,-13.817584,0 -59.166487,-13.817349,0 -59.166522,-13.817132,0 -59.166557,-13.816915,0 -59.166592,-13.816679,0 -59.166627,-13.816462,0 -59.166647,-13.816697,0 -59.166668,-13.816932,0 -59.166670,-13.817185,0 -59.166691,-13.817420,0 -59.166712,-13.817654,0 -59.166732,-13.817889,0 -59.166735,-13.818142,0 -59.166755,-13.818377,0 -59.166776,-13.818612,0 -59.166797,-13.818864,0 -59.166799,-13.819099,0 -59.166820,-13.819316,0 -59.166840,-13.819551,0 -59.166861,-13.819768,0 -59.166881,-13.820002,0 -59.166902,-13.820219,0 -59.166904,-13.820454,0 -59.166925,-13.820689,0 -59.166945,-13.820905,0 -59.166966,-13.821140,0 -59.166986,-13.821357,0 -59.167007,-13.821592,0 -59.167009,-13.821808,0 -59.167030,-13.822043,0 -59.167050,-13.822260,0 -59.167071,-13.822495,0 -59.167091,-13.822711,0 -59.167112,-13.822946,0 -59.167114,-13.823163,0 -59.167135,-13.823398,0 -59.167155,-13.823632,0 -59.167176,-13.823849,0 -59.167197,-13.824084,0 -59.167217,-13.824301,0 -59.167219,-13.824536,0 -59.167240,-13.824752,0 -59.167260,-13.824987,0 -59.167281,-13.825204,0 -59.167302,-13.825438,0 -59.167304,-13.825655,0 -59.167324,-13.825890,0 -59.167345,-13.826107,0 -59.167365,-13.826342,0 -59.167386,-13.826558,0 -59.167407,-13.826793,0 -59.167409,-13.827028,0 -59.167429,-13.827245,0 -59.167450,-13.827479,0 -59.167470,-13.827696,0 -59.167491,-13.827931,0 -59.167512,-13.828148,0 -59.167514,-13.828382,0 -59.167534,-13.828599,0 -59.167555,-13.828834,0 -59.167575,-13.829051,0 -59.167596,-13.829285,0 -59.167617,-13.829502,0 -59.167619,-13.829737,0 -59.167639,-13.829954,0 -59.167660,-13.830188,0 -59.167681,-13.830423,0 -59.167701,-13.830640,0 -59.167722,-13.830875,0 -59.167742,-13.831109,0 -59.167763,-13.831344,0 -59.167765,-13.831561,0 -59.167786,-13.831796,0 -59.167807,-13.832031,0 -59.167827,-13.832247,0 -59.167848,-13.832482,0 -59.167868,-13.832717,0 -59.167889,-13.832933,0 -59.167910,-13.833168,0 -59.167912,-13.833403,0 -59.167932,-13.833620,0 -59.167953,-13.833855,0 -59.167974,-13.834089,0 -59.167994,-13.834306,0 -59.168015,-13.834541,0 -59.168035,-13.834776,0 -59.168056,-13.834992,0 -59.168077,-13.835227,0 -59.168079,-13.835462,0 -59.168099,-13.835679,0 -59.168120,-13.835913,0 -59.168141,-13.836148,0 -59.168161,-13.836365,0 -59.168182,-13.836600,0 -59.168202,-13.836834,0 -59.168223,-13.837051,0 -59.168225,-13.837286,0 -59.168246,-13.837521,0 -59.168266,-13.837737,0 -59.168287,-13.837972,0 -59.168308,-13.838207,0 -59.168328,-13.838424,0 -59.168349,-13.838658,0 -59.168369,-13.838893,0 -59.168371,-13.839110,0 -59.168392,-13.839345,0 -59.168413,-13.839580,0 -59.168433,-13.839796,0 -59.168454,-13.840031,0 -59.168475,-13.840266,0 -59.168495,-13.840482,0 -59.168516,-13.840717,0 -59.168537,-13.840952,0 -59.168539,-13.841169,0 -59.168559,-13.841404,0 -59.168580,-13.841638,0 -59.168600,-13.841855,0 -59.168621,-13.842090,0 -59.168642,-13.842325,0 -59.168662,-13.842559,0 -59.168683,-13.842776,0 -59.168685,-13.843011,0 -59.168706,-13.843246,0 -59.168726,-13.843462,0 -59.168747,-13.843697,0 -59.168768,-13.843932,0 -59.168768,-13.843986,0 -59.168676,-13.844005,0 -59.168436,-13.844061,0 -59.168196,-13.844136,0 -59.167956,-13.844192,0 -59.167716,-13.844248,0 -59.167476,-13.844305,0 -59.167236,-13.844361,0 -59.166997,-13.844436,0 -59.166757,-13.844492,0 -59.166517,-13.844548,0 -59.166296,-13.844622,0 -59.166056,-13.844679,0 -59.165834,-13.844735,0 -59.165613,-13.844791,0 -59.165373,-13.844866,0 -59.165152,-13.844922,0 -59.164912,-13.844978,0 -59.164690,-13.845052,0 -59.164469,-13.845109,0 -59.164229,-13.845165,0 -59.164008,-13.845239,0 -59.163768,-13.845295,0 -59.163546,-13.845352,0 -59.163306,-13.845408,0 -59.163085,-13.845482,0 -59.162845,-13.845539,0 -59.162624,-13.845595,0 -59.162511,-13.845397,0</coordinates></LineString></Placemark>
<Placemark><name>T-15 - 7,78 km</name><description>Maxima 7783 m | Minima 2220 m | Reta 2045 m | 200.37 ha</description><styleUrl>#rota</styleUrl><LineString><tessellate>1</tessellate><coordinates>-59.165127,-13.826325,0 -59.165093,-13.826560,0 -59.165058,-13.826778,0 -59.165023,-13.827013,0 -59.164988,-13.827230,0 -59.164953,-13.827447,0 -59.164918,-13.827682,0 -59.164883,-13.827900,0 -59.164848,-13.828135,0 -59.164813,-13.828352,0 -59.164778,-13.828569,0 -59.164744,-13.828805,0 -59.164709,-13.829022,0 -59.164674,-13.829257,0 -59.164639,-13.829474,0 -59.164604,-13.829691,0 -59.164569,-13.829927,0 -59.164534,-13.830144,0 -59.164499,-13.830379,0 -59.164464,-13.830596,0 -59.164429,-13.830813,0 -59.164394,-13.831049,0 -59.164359,-13.831266,0 -59.164325,-13.831501,0 -59.164290,-13.831718,0 -59.164255,-13.831935,0 -59.164220,-13.832171,0 -59.164185,-13.832388,0 -59.164150,-13.832623,0 -59.164134,-13.832840,0 -59.164099,-13.833057,0 -59.164064,-13.833293,0 -59.164029,-13.833510,0 -59.163994,-13.833745,0 -59.163959,-13.833962,0 -59.163924,-13.834179,0 -59.163889,-13.834415,0 -59.163854,-13.834632,0 -59.163819,-13.834867,0 -59.163784,-13.835084,0 -59.163749,-13.835301,0 -59.163715,-13.835537,0 -59.163680,-13.835754,0 -59.163645,-13.835989,0 -59.163610,-13.836206,0 -59.163575,-13.836423,0 -59.163540,-13.836659,0 -59.163505,-13.836876,0 -59.163470,-13.837111,0 -59.163435,-13.837328,0 -59.163400,-13.837546,0 -59.163365,-13.837781,0 -59.163330,-13.837998,0 -59.163296,-13.838233,0 -59.163261,-13.838450,0 -59.163226,-13.838668,0 -59.163191,-13.838903,0 -59.163156,-13.839120,0 -59.163121,-13.839355,0 -59.163105,-13.839572,0 -59.163070,-13.839789,0 -59.163035,-13.840025,0 -59.163000,-13.840242,0 -59.162965,-13.840477,0 -59.162930,-13.840694,0 -59.162895,-13.840911,0 -59.162860,-13.841147,0 -59.162825,-13.841364,0 -59.162790,-13.841599,0 -59.162755,-13.841816,0 -59.162720,-13.842034,0 -59.162686,-13.842269,0 -59.162651,-13.842486,0 -59.162616,-13.842721,0 -59.162581,-13.842938,0 -59.162546,-13.843156,0 -59.162511,-13.843391,0 -59.162476,-13.843608,0 -59.162441,-13.843843,0 -59.162406,-13.844060,0 -59.162371,-13.844278,0 -59.162336,-13.844513,0 -59.162301,-13.844730,0 -59.162267,-13.844965,0 -59.162232,-13.845183,0 -59.162197,-13.845400,0 -59.162162,-13.845635,0 -59.162127,-13.845852,0 -59.162111,-13.846087,0 -59.162076,-13.846304,0 -59.162041,-13.846522,0 -59.162006,-13.846757,0 -59.161971,-13.846974,0 -59.161936,-13.847209,0 -59.161901,-13.847426,0 -59.161866,-13.847644,0 -59.161831,-13.847879,0 -59.161796,-13.848096,0 -59.161761,-13.848331,0 -59.161726,-13.848549,0 -59.161691,-13.848766,0 -59.161657,-13.849001,0 -59.161622,-13.849218,0 -59.161587,-13.849453,0 -59.161552,-13.849671,0 -59.161517,-13.849888,0 -59.161482,-13.850123,0 -59.161447,-13.850340,0 -59.161412,-13.850575,0 -59.161377,-13.850793,0 -59.161342,-13.851010,0 -59.161307,-13.851245,0 -59.161272,-13.851462,0 -59.161238,-13.851697,0 -59.161203,-13.851915,0 -59.161168,-13.852132,0 -59.161133,-13.852367,0 -59.161116,-13.852584,0 -59.161081,-13.852819,0 -59.161046,-13.853037,0 -59.161011,-13.853254,0 -59.160977,-13.853489,0 -59.160942,-13.853706,0 -59.160907,-13.853941,0 -59.160872,-13.854159,0 -59.160837,-13.854376,0 -59.160802,-13.854611,0 -59.160767,-13.854828,0 -59.160732,-13.855063,0 -59.160697,-13.855281,0 -59.160662,-13.855498,0 -59.160627,-13.855733,0 -59.160593,-13.855950,0 -59.160558,-13.856186,0 -59.160523,-13.856403,0 -59.160488,-13.856620,0 -59.160453,-13.856855,0 -59.160418,-13.857072,0 -59.160383,-13.857308,0 -59.160348,-13.857525,0 -59.160313,-13.857742,0 -59.160278,-13.857977,0 -59.160243,-13.858194,0 -59.160209,-13.858430,0 -59.160174,-13.858647,0 -59.160139,-13.858864,0 -59.160104,-13.859099,0 -59.160087,-13.859316,0 -59.160052,-13.859552,0 -59.160017,-13.859769,0 -59.159982,-13.859986,0 -59.159948,-13.860221,0 -59.159913,-13.860438,0 -59.159878,-13.860674,0 -59.159843,-13.860891,0 -59.159808,-13.861108,0 -59.159773,-13.861343,0 -59.159738,-13.861560,0 -59.159703,-13.861796,0 -59.159668,-13.862013,0 -59.159633,-13.862230,0 -59.159598,-13.862465,0 -59.159563,-13.862682,0 -59.159529,-13.862918,0 -59.159494,-13.863135,0 -59.159459,-13.863352,0 -59.159424,-13.863587,0 -59.159389,-13.863804,0 -59.159354,-13.864040,0 -59.159319,-13.864257,0 -59.159284,-13.864474,0 -59.159249,-13.864709,0 -59.159214,-13.864927,0 -59.159179,-13.865162,0 -59.159144,-13.865379,0 -59.159109,-13.865596,0 -59.159093,-13.865831,0 -59.159058,-13.866048,0 -59.159023,-13.866284,0 -59.158988,-13.866501,0 -59.158953,-13.866718,0 -59.158919,-13.866953,0 -59.158884,-13.867170,0 -59.158849,-13.867406,0 -59.158476,-13.867138,0 -59.158383,-13.867085,0 -59.158272,-13.867085,0 -59.158107,-13.867250,0 -59.157942,-13.867414,0 -59.157777,-13.867578,0 -59.157613,-13.867760,0 -59.157483,-13.867743,0 -59.157335,-13.867690,0 -59.157111,-13.867548,0 -59.156831,-13.867297,0 -59.156663,-13.867136,0 -59.156477,-13.866957,0 -59.156309,-13.866778,0 -59.156141,-13.866598,0 -59.155954,-13.866419,0 -59.155600,-13.866187,0 -59.155265,-13.865973,0 -59.155042,-13.865831,0 -59.154800,-13.865688,0 -59.154577,-13.865546,0 -59.154335,-13.865385,0 -59.154149,-13.865224,0 -59.153962,-13.865063,0 -59.153776,-13.864902,0 -59.153588,-13.864597,0 -59.153475,-13.864381,0 -59.153380,-13.864147,0 -59.153304,-13.863912,0 -59.153228,-13.863660,0 -59.153151,-13.863408,0 -59.153094,-13.863173,0 -59.153036,-13.862939,0 -59.152978,-13.862686,0 -59.152901,-13.862271,0 -59.153140,-13.862215,0 -59.153380,-13.862159,0 -59.153620,-13.862084,0 -59.153860,-13.862028,0 -59.154100,-13.861953,0 -59.154321,-13.861897,0 -59.154561,-13.861841,0 -59.154783,-13.861767,0 -59.155023,-13.861710,0 -59.155244,-13.861654,0 -59.155484,-13.861598,0 -59.155705,-13.861524,0 -59.155945,-13.861467,0 -59.156167,-13.861411,0 -59.156406,-13.861337,0 -59.156628,-13.861281,0 -59.156868,-13.861224,0 -59.157089,-13.861168,0 -59.157311,-13.861094,0 -59.157551,-13.861037,0 -59.157772,-13.860981,0 -59.158012,-13.860925,0 -59.158233,-13.860851,0 -59.158473,-13.860794,0 -59.158695,-13.860738,0 -59.158934,-13.860664,0 -59.159156,-13.860608,0 -59.159396,-13.860551,0 -59.159617,-13.860495,0 -59.159857,-13.860421,0 -59.160078,-13.860365,0 -59.160300,-13.860308,0 -59.160540,-13.860234,0 -59.160761,-13.860178,0 -59.161001,-13.860121,0 -59.161222,-13.860065,0 -59.161444,-13.859991,0 -59.161684,-13.859935,0 -59.161905,-13.859879,0 -59.162126,-13.859804,0 -59.162366,-13.859748,0 -59.162588,-13.859692,0 -59.162809,-13.859618,0 -59.163049,-13.859561,0 -59.163270,-13.859505,0 -59.163492,-13.859431,0 -59.163732,-13.859374,0 -59.163953,-13.859318,0 -59.164175,-13.859262,0 -59.164414,-13.859188,0 -59.164636,-13.859131,0 -59.164857,-13.859075,0 -59.165097,-13.859001,0 -59.165318,-13.858945,0 -59.165558,-13.858888,0 -59.165780,-13.858814,0 -59.166020,-13.858758,0 -59.166260,-13.858701,0 -59.166481,-13.858627,0 -59.166721,-13.858571,0 -59.166961,-13.858515,0 -59.167182,-13.858440,0 -59.167422,-13.858384,0 -59.167643,-13.858328,0 -59.167883,-13.858253,0 -59.168105,-13.858197,0 -59.168326,-13.858141,0 -59.168547,-13.858085,0 -59.168769,-13.858011,0 -59.168990,-13.857954,0 -59.169230,-13.857898,0 -59.169452,-13.857842,0 -59.169673,-13.857768,0 -59.169894,-13.857711,0 -59.170116,-13.857655,0 -59.170337,-13.857599,0 -59.170577,-13.857525,0 -59.170798,-13.857468,0 -59.171020,-13.857412,0 -59.171241,-13.857356,0 -59.171463,-13.857282,0 -59.171684,-13.857226,0 -59.171684,-13.857189,0</coordinates></LineString></Placemark>
<Placemark><name>T-16 - 7,78 km</name><description>Maxima 7779 m | Minima 4618 m | Reta 3546 m | 151.26 ha</description><styleUrl>#rota</styleUrl><LineString><tessellate>1</tessellate><coordinates>-59.165127,-13.826325,0 -59.165093,-13.826560,0 -59.165058,-13.826778,0 -59.165023,-13.827013,0 -59.164988,-13.827230,0 -59.164953,-13.827447,0 -59.164918,-13.827682,0 -59.164883,-13.827900,0 -59.164848,-13.828135,0 -59.164813,-13.828352,0 -59.164778,-13.828569,0 -59.164744,-13.828805,0 -59.164709,-13.829022,0 -59.164674,-13.829257,0 -59.164639,-13.829474,0 -59.164604,-13.829691,0 -59.164569,-13.829927,0 -59.164534,-13.830144,0 -59.164499,-13.830379,0 -59.164464,-13.830596,0 -59.164429,-13.830813,0 -59.164394,-13.831049,0 -59.164359,-13.831266,0 -59.164325,-13.831501,0 -59.164290,-13.831718,0 -59.164255,-13.831935,0 -59.164220,-13.832171,0 -59.164185,-13.832388,0 -59.164150,-13.832623,0 -59.164134,-13.832840,0 -59.164099,-13.833057,0 -59.164064,-13.833293,0 -59.164029,-13.833510,0 -59.163994,-13.833745,0 -59.163959,-13.833962,0 -59.163924,-13.834179,0 -59.163889,-13.834415,0 -59.163854,-13.834632,0 -59.163819,-13.834867,0 -59.163784,-13.835084,0 -59.163749,-13.835301,0 -59.163715,-13.835537,0 -59.163680,-13.835754,0 -59.163645,-13.835989,0 -59.163610,-13.836206,0 -59.163575,-13.836423,0 -59.163540,-13.836659,0 -59.163505,-13.836876,0 -59.163470,-13.837111,0 -59.163435,-13.837328,0 -59.163400,-13.837546,0 -59.163365,-13.837781,0 -59.163330,-13.837998,0 -59.163296,-13.838233,0 -59.163261,-13.838450,0 -59.163226,-13.838668,0 -59.163191,-13.838903,0 -59.163156,-13.839120,0 -59.163121,-13.839355,0 -59.163105,-13.839572,0 -59.163070,-13.839789,0 -59.163035,-13.840025,0 -59.163000,-13.840242,0 -59.162965,-13.840477,0 -59.162930,-13.840694,0 -59.162895,-13.840911,0 -59.162860,-13.841147,0 -59.162825,-13.841364,0 -59.162790,-13.841599,0 -59.162755,-13.841816,0 -59.162720,-13.842034,0 -59.162686,-13.842269,0 -59.162651,-13.842486,0 -59.162616,-13.842721,0 -59.162581,-13.842938,0 -59.162546,-13.843156,0 -59.162511,-13.843391,0 -59.162476,-13.843608,0 -59.162441,-13.843843,0 -59.162406,-13.844060,0 -59.162371,-13.844278,0 -59.162336,-13.844513,0 -59.162301,-13.844730,0 -59.162267,-13.844965,0 -59.162232,-13.845183,0 -59.162197,-13.845400,0 -59.162162,-13.845635,0 -59.162127,-13.845852,0 -59.162111,-13.846087,0 -59.162076,-13.846304,0 -59.162041,-13.846522,0 -59.162006,-13.846757,0 -59.161971,-13.846974,0 -59.161936,-13.847209,0 -59.161901,-13.847426,0 -59.161866,-13.847644,0 -59.161831,-13.847879,0 -59.161796,-13.848096,0 -59.161761,-13.848331,0 -59.161726,-13.848549,0 -59.161691,-13.848766,0 -59.161657,-13.849001,0 -59.161622,-13.849218,0 -59.161587,-13.849453,0 -59.161552,-13.849671,0 -59.161517,-13.849888,0 -59.161482,-13.850123,0 -59.161447,-13.850340,0 -59.161412,-13.850575,0 -59.161377,-13.850793,0 -59.161342,-13.851010,0 -59.161307,-13.851245,0 -59.161272,-13.851462,0 -59.161238,-13.851697,0 -59.161203,-13.851915,0 -59.161168,-13.852132,0 -59.161133,-13.852367,0 -59.161116,-13.852584,0 -59.161081,-13.852819,0 -59.161046,-13.853037,0 -59.161011,-13.853254,0 -59.160977,-13.853489,0 -59.160942,-13.853706,0 -59.160907,-13.853941,0 -59.160872,-13.854159,0 -59.160837,-13.854376,0 -59.160802,-13.854611,0 -59.160767,-13.854828,0 -59.160732,-13.855063,0 -59.160697,-13.855281,0 -59.160662,-13.855498,0 -59.160627,-13.855733,0 -59.160593,-13.855950,0 -59.160558,-13.856186,0 -59.160523,-13.856403,0 -59.160488,-13.856620,0 -59.160453,-13.856855,0 -59.160418,-13.857072,0 -59.160383,-13.857308,0 -59.160348,-13.857525,0 -59.160313,-13.857742,0 -59.160278,-13.857977,0 -59.160243,-13.858194,0 -59.160209,-13.858430,0 -59.160174,-13.858647,0 -59.160139,-13.858864,0 -59.160104,-13.859099,0 -59.160087,-13.859316,0 -59.160052,-13.859552,0 -59.160017,-13.859769,0 -59.159982,-13.859986,0 -59.159948,-13.860221,0 -59.159913,-13.860438,0 -59.159878,-13.860674,0 -59.159843,-13.860891,0 -59.159808,-13.861108,0 -59.159773,-13.861343,0 -59.159738,-13.861560,0 -59.159703,-13.861796,0 -59.159668,-13.862013,0 -59.159633,-13.862230,0 -59.159598,-13.862465,0 -59.159563,-13.862682,0 -59.159529,-13.862918,0 -59.159494,-13.863135,0 -59.159459,-13.863352,0 -59.159424,-13.863587,0 -59.159389,-13.863804,0 -59.159354,-13.864040,0 -59.159319,-13.864257,0 -59.159284,-13.864474,0 -59.159249,-13.864709,0 -59.159214,-13.864927,0 -59.159179,-13.865162,0 -59.159144,-13.865379,0 -59.159109,-13.865596,0 -59.159093,-13.865831,0 -59.159058,-13.866048,0 -59.159023,-13.866284,0 -59.158988,-13.866501,0 -59.158953,-13.866718,0 -59.158919,-13.866953,0 -59.158884,-13.867170,0 -59.158849,-13.867406,0 -59.158476,-13.867138,0 -59.158383,-13.867085,0 -59.158272,-13.867085,0 -59.158107,-13.867250,0 -59.157942,-13.867414,0 -59.157777,-13.867578,0 -59.157613,-13.867760,0 -59.157483,-13.867743,0 -59.157335,-13.867690,0 -59.157111,-13.867548,0 -59.156831,-13.867297,0 -59.156663,-13.867136,0 -59.156477,-13.866957,0 -59.156309,-13.866778,0 -59.156141,-13.866598,0 -59.155954,-13.866419,0 -59.155600,-13.866187,0 -59.155265,-13.865973,0 -59.155042,-13.865831,0 -59.154800,-13.865688,0 -59.154577,-13.865546,0 -59.154335,-13.865385,0 -59.154149,-13.865224,0 -59.153962,-13.865063,0 -59.153776,-13.864902,0 -59.153588,-13.864597,0 -59.153475,-13.864381,0 -59.153380,-13.864147,0 -59.153304,-13.863912,0 -59.153228,-13.863660,0 -59.153151,-13.863408,0 -59.153094,-13.863173,0 -59.153036,-13.862939,0 -59.152978,-13.862686,0 -59.152901,-13.862271,0 -59.153140,-13.862215,0 -59.153380,-13.862159,0 -59.153620,-13.862084,0 -59.153860,-13.862028,0 -59.154100,-13.861953,0 -59.154321,-13.861897,0 -59.154561,-13.861841,0 -59.154783,-13.861767,0 -59.155023,-13.861710,0 -59.155244,-13.861654,0 -59.155484,-13.861598,0 -59.155705,-13.861524,0 -59.155945,-13.861467,0 -59.156167,-13.861411,0 -59.156406,-13.861337,0 -59.156628,-13.861281,0 -59.156868,-13.861224,0 -59.157089,-13.861168,0 -59.157311,-13.861094,0 -59.157551,-13.861037,0 -59.157772,-13.860981,0 -59.158012,-13.860925,0 -59.158233,-13.860851,0 -59.158473,-13.860794,0 -59.158695,-13.860738,0 -59.158934,-13.860664,0 -59.159156,-13.860608,0 -59.159396,-13.860551,0 -59.159617,-13.860495,0 -59.159857,-13.860421,0 -59.160078,-13.860365,0 -59.160300,-13.860308,0 -59.160540,-13.860234,0 -59.160761,-13.860178,0 -59.161001,-13.860121,0 -59.161222,-13.860065,0 -59.161444,-13.859991,0 -59.161684,-13.859935,0 -59.161905,-13.859879,0 -59.162126,-13.859804,0 -59.162366,-13.859748,0 -59.162588,-13.859692,0 -59.162809,-13.859618,0 -59.163049,-13.859561,0 -59.163270,-13.859505,0 -59.163492,-13.859431,0 -59.163732,-13.859374,0 -59.163953,-13.859318,0 -59.164175,-13.859262,0 -59.164414,-13.859188,0 -59.164636,-13.859131,0 -59.164857,-13.859075,0 -59.165097,-13.859001,0 -59.165318,-13.858945,0 -59.165558,-13.858888,0 -59.165780,-13.858814,0 -59.166020,-13.858758,0 -59.166260,-13.858701,0 -59.166481,-13.858627,0 -59.166721,-13.858571,0 -59.166961,-13.858515,0 -59.167182,-13.858440,0 -59.167422,-13.858384,0 -59.167643,-13.858328,0 -59.167883,-13.858253,0 -59.168105,-13.858197,0 -59.168326,-13.858141,0 -59.168547,-13.858085,0 -59.168769,-13.858011,0 -59.168990,-13.857954,0 -59.169230,-13.857898,0 -59.169452,-13.857842,0 -59.169673,-13.857768,0 -59.169894,-13.857711,0 -59.170116,-13.857655,0 -59.170337,-13.857599,0 -59.170577,-13.857525,0 -59.170798,-13.857468,0 -59.171020,-13.857412,0 -59.171241,-13.857356,0 -59.171463,-13.857282,0 -59.171684,-13.857226,0</coordinates></LineString></Placemark>
<Placemark><name>T-17 - 7,32 km</name><description>Maxima 7318 m | Minima 4609 m | Reta 4379 m | 106.47 ha</description><styleUrl>#rota</styleUrl><LineString><tessellate>1</tessellate><coordinates>-59.165249,-13.825439,0 -59.165284,-13.825203,0 -59.165319,-13.824986,0 -59.165354,-13.824769,0 -59.165388,-13.824534,0 -59.165423,-13.824316,0 -59.165458,-13.824081,0 -59.165493,-13.823864,0 -59.165528,-13.823647,0 -59.165563,-13.823412,0 -59.165598,-13.823194,0 -59.165633,-13.822959,0 -59.165668,-13.822742,0 -59.165703,-13.822525,0 -59.165737,-13.822290,0 -59.165772,-13.822072,0 -59.165807,-13.821837,0 -59.165842,-13.821620,0 -59.165877,-13.821403,0 -59.165912,-13.821167,0 -59.165947,-13.820950,0 -59.165982,-13.820715,0 -59.166017,-13.820498,0 -59.166052,-13.820281,0 -59.166087,-13.820045,0 -59.166122,-13.819828,0 -59.166138,-13.819593,0 -59.166173,-13.819376,0 -59.166208,-13.819159,0 -59.166243,-13.818924,0 -59.166278,-13.818706,0 -59.166312,-13.818471,0 -59.166347,-13.818254,0 -59.166382,-13.818037,0 -59.166417,-13.817802,0 -59.166452,-13.817584,0 -59.166487,-13.817349,0 -59.166522,-13.817132,0 -59.166557,-13.816915,0 -59.166592,-13.816679,0 -59.166627,-13.816462,0 -59.166647,-13.816697,0 -59.166668,-13.816932,0 -59.166670,-13.817185,0 -59.166691,-13.817420,0 -59.166712,-13.817654,0 -59.166732,-13.817889,0 -59.166735,-13.818142,0 -59.166755,-13.818377,0 -59.166776,-13.818612,0 -59.166797,-13.818864,0 -59.166799,-13.819099,0 -59.166820,-13.819316,0 -59.166840,-13.819551,0 -59.166861,-13.819768,0 -59.166881,-13.820002,0 -59.166902,-13.820219,0 -59.166904,-13.820454,0 -59.166925,-13.820689,0 -59.166945,-13.820905,0 -59.166966,-13.821140,0 -59.166986,-13.821357,0 -59.167007,-13.821592,0 -59.167009,-13.821808,0 -59.167030,-13.822043,0 -59.167050,-13.822260,0 -59.167071,-13.822495,0 -59.167091,-13.822711,0 -59.167112,-13.822946,0 -59.167114,-13.823163,0 -59.167135,-13.823398,0 -59.167155,-13.823632,0 -59.167176,-13.823849,0 -59.167197,-13.824084,0 -59.167217,-13.824301,0 -59.167219,-13.824536,0 -59.167240,-13.824752,0 -59.167260,-13.824987,0 -59.167281,-13.825204,0 -59.167302,-13.825438,0 -59.167304,-13.825655,0 -59.167324,-13.825890,0 -59.167345,-13.826107,0 -59.167365,-13.826342,0 -59.167386,-13.826558,0 -59.167407,-13.826793,0 -59.167409,-13.827028,0 -59.167429,-13.827245,0 -59.167450,-13.827479,0 -59.167470,-13.827696,0 -59.167491,-13.827931,0 -59.167512,-13.828148,0 -59.167514,-13.828382,0 -59.167534,-13.828599,0 -59.167555,-13.828834,0 -59.167575,-13.829051,0 -59.167596,-13.829285,0 -59.167617,-13.829502,0 -59.167619,-13.829737,0 -59.167639,-13.829954,0 -59.167660,-13.830188,0 -59.167681,-13.830423,0 -59.167701,-13.830640,0 -59.167722,-13.830875,0 -59.167742,-13.831109,0 -59.167763,-13.831344,0 -59.167765,-13.831561,0 -59.167786,-13.831796,0 -59.167807,-13.832031,0 -59.167827,-13.832247,0 -59.167848,-13.832482,0 -59.167868,-13.832717,0 -59.167889,-13.832933,0 -59.167910,-13.833168,0 -59.167912,-13.833403,0 -59.167932,-13.833620,0 -59.167953,-13.833855,0 -59.167974,-13.834089,0 -59.167994,-13.834306,0 -59.168015,-13.834541,0 -59.168035,-13.834776,0 -59.168056,-13.834992,0 -59.168077,-13.835227,0 -59.168079,-13.835462,0 -59.168099,-13.835679,0 -59.168120,-13.835913,0 -59.168141,-13.836148,0 -59.168161,-13.836365,0 -59.168182,-13.836600,0 -59.168202,-13.836834,0 -59.168223,-13.837051,0 -59.168225,-13.837286,0 -59.168246,-13.837521,0 -59.168266,-13.837737,0 -59.168287,-13.837972,0 -59.168308,-13.838207,0 -59.168328,-13.838424,0 -59.168349,-13.838658,0 -59.168369,-13.838893,0 -59.168371,-13.839110,0 -59.168392,-13.839345,0 -59.168413,-13.839580,0 -59.168433,-13.839796,0 -59.168454,-13.840031,0 -59.168475,-13.840266,0 -59.168495,-13.840482,0 -59.168516,-13.840717,0 -59.168537,-13.840952,0 -59.168539,-13.841169,0 -59.168559,-13.841404,0 -59.168580,-13.841638,0 -59.168600,-13.841855,0 -59.168621,-13.842090,0 -59.168642,-13.842325,0 -59.168662,-13.842559,0 -59.168683,-13.842776,0 -59.168685,-13.843011,0 -59.168706,-13.843246,0 -59.168726,-13.843462,0 -59.168747,-13.843697,0 -59.168768,-13.843932,0 -59.168788,-13.844167,0 -59.168790,-13.844402,0 -59.168811,-13.844636,0 -59.168832,-13.844871,0 -59.168853,-13.845124,0 -59.168873,-13.845359,0 -59.168894,-13.845593,0 -59.168896,-13.845828,0 -59.168917,-13.846063,0 -59.168938,-13.846298,0 -59.168958,-13.846533,0 -59.168979,-13.846767,0 -59.168981,-13.847020,0 -59.169002,-13.847255,0 -59.169023,-13.847490,0 -59.169043,-13.847725,0 -59.169102,-13.848050,0 -59.169142,-13.848374,0 -59.169218,-13.848591,0 -59.169275,-13.848825,0 -59.169351,-13.849041,0 -59.169409,-13.849258,0 -59.169485,-13.849474,0 -59.169543,-13.849708,0 -59.169619,-13.849925,0 -59.169676,-13.850141,0 -59.169752,-13.850357,0 -59.169810,-13.850592,0 -59.169886,-13.850808,0 -59.169962,-13.851024,0 -59.170019,-13.851240,0 -59.170095,-13.851456,0 -59.170153,-13.851691,0 -59.170229,-13.851907,0 -59.170286,-13.852123,0 -59.170362,-13.852340,0 -59.170420,-13.852574,0 -59.170496,-13.852790,0 -59.170553,-13.853007,0 -59.170629,-13.853223,0 -59.170687,-13.853457,0 -59.170763,-13.853673,0 -59.170821,-13.853890,0 -59.170897,-13.854106,0 -59.170954,-13.854340,0 -59.171030,-13.854557,0 -59.171088,-13.854773,0 -59.171164,-13.854989,0 -59.171221,-13.855206,0 -59.171297,-13.855422,0 -59.171355,-13.855638,0 -59.171431,-13.855854,0 -59.171507,-13.856071,0 -59.171564,-13.856287,0 -59.171640,-13.856503,0 -59.171698,-13.856719,0 -59.171774,-13.856936,0 -59.171831,-13.857152,0 -59.171907,-13.857368,0 -59.171965,-13.857585,0 -59.172041,-13.857801,0 -59.172098,-13.858017,0 -59.172174,-13.858233,0 -59.172232,-13.858468,0 -59.172308,-13.858684,0 -59.172365,-13.858900,0 -59.172441,-13.859117,0 -59.172499,-13.859333,0 -59.172575,-13.859549,0 -59.172632,-13.859765,0 -59.172708,-13.859982,0 -59.172766,-13.860198,0 -59.172842,-13.860414,0 -59.172899,-13.860631,0 -59.172975,-13.860847,0 -59.173051,-13.861063,0 -59.173109,-13.861279,0 -59.173185,-13.861496,0 -59.173242,-13.861712,0 -59.173318,-13.861928,0 -59.173376,-13.862144,0 -59.173452,-13.862361,0 -59.173510,-13.862595,0 -59.173586,-13.862811,0 -59.173643,-13.863028,0 -59.173719,-13.863244,0 -59.173777,-13.863460,0 -59.173853,-13.863676,0 -59.173910,-13.863893,0 -59.173986,-13.864109,0 -59.174044,-13.864325,0 -59.174120,-13.864541,0 -59.174046,-13.864524,0 -59.173805,-13.864562,0 -59.173584,-13.864582,0 -59.173344,-13.864621,0 -59.173122,-13.864659,0 -59.172882,-13.864697,0 -59.172660,-13.864735,0 -59.172420,-13.864773,0 -59.172198,-13.864812,0 -59.171958,-13.864850,0 -59.171737,-13.864888,0 -59.171497,-13.864926,0 -59.171275,-13.864964,0 -59.171053,-13.864984,0 -59.170813,-13.865023,0 -59.170591,-13.865061,0 -59.170351,-13.865099,0 -59.170130,-13.865137,0 -59.169890,-13.865175,0 -59.169668,-13.865214,0 -59.169428,-13.865252,0 -59.169206,-13.865290,0 -59.168966,-13.865328,0 -59.168744,-13.865348,0 -59.168504,-13.865387,0 -59.168283,-13.865425,0 -59.168061,-13.865463,0 -59.167821,-13.865501,0 -59.167599,-13.865539,0 -59.167359,-13.865577,0 -59.167045,-13.865616,0 -59.166805,-13.865655,0 -59.166583,-13.865675,0</coordinates></LineString></Placemark>
<Placemark><name>T-18 - 3,33 km</name><description>Maxima 3335 m | Minima 1027 m | Reta 473 m | 72.67 ha</description><styleUrl>#rota</styleUrl><LineString><tessellate>1</tessellate><coordinates>-59.164611,-13.826438,0 -59.164668,-13.826691,0 -59.164708,-13.826943,0 -59.164747,-13.827214,0 -59.164787,-13.827503,0 -59.164789,-13.827774,0 -59.164810,-13.828045,0 -59.164813,-13.828334,0 -59.164834,-13.828587,0 -59.164836,-13.828822,0 -59.164857,-13.829075,0 -59.164859,-13.829328,0 -59.164880,-13.829580,0 -59.164882,-13.829815,0 -59.164903,-13.830068,0 -59.164905,-13.830303,0 -59.164926,-13.830538,0 -59.164928,-13.830773,0 -59.165040,-13.830916,0 -59.165078,-13.830934,0 -59.164819,-13.830991,0 -59.164561,-13.831065,0 -59.164321,-13.831122,0 -59.164302,-13.831104,0 -59.164226,-13.830815,0 -59.164131,-13.830545,0 -59.164110,-13.830292,0 -59.164089,-13.830057,0 -59.164050,-13.829805,0 -59.164029,-13.829570,0 -59.164009,-13.829335,0 -59.163988,-13.829082,0 -59.163949,-13.828848,0 -59.163928,-13.828595,0 -59.163907,-13.828324,0 -59.163867,-13.828053,0 -59.163846,-13.827800,0 -59.163807,-13.827530,0 -59.163786,-13.827259,0 -59.163765,-13.827024,0 -59.163745,-13.826789,0 -59.163706,-13.826573,0 -59.163685,-13.826338,0 -59.163664,-13.826103,0 -59.163644,-13.825886,0 -59.163605,-13.825652,0 -59.163584,-13.825417,0 -59.163545,-13.825182,0 -59.163524,-13.824966,0 -59.163485,-13.824731,0 -59.163465,-13.824496,0 -59.163425,-13.824262,0 -59.163405,-13.824045,0 -59.163366,-13.823811,0 -59.163345,-13.823576,0 -59.163306,-13.823341,0 -59.163285,-13.823124,0 -59.163265,-13.822890,0 -59.163244,-13.822673,0 -59.163224,-13.822438,0 -59.163185,-13.822222,0 -59.163164,-13.822005,0 -59.163143,-13.821752,0 -59.163104,-13.821518,0 -59.163083,-13.821283,0 -59.163063,-13.821048,0 -59.163024,-13.820813,0 -59.163003,-13.820579,0 -59.162964,-13.820326,0 -59.162943,-13.820091,0 -59.162922,-13.819856,0 -59.162883,-13.819622,0 -59.162863,-13.819387,0 -59.162823,-13.819153,0 -59.162803,-13.818900,0 -59.162782,-13.818665,0 -59.162743,-13.818430,0 -59.162722,-13.818196,0 -59.162682,-13.817889,0 -59.162642,-13.817582,0 -59.162385,-13.817692,0 -59.162144,-13.817731,0 -59.161923,-13.817787,0 -59.161683,-13.817825,0 -59.161462,-13.817881,0 -59.161222,-13.817920,0 -59.160982,-13.817976,0 -59.160760,-13.818014,0 -59.160520,-13.818070,0 -59.160299,-13.818108,0 -59.160059,-13.818165,0 -59.159837,-13.818221,0 -59.159596,-13.818169,0 -59.159375,-13.818243,0 -59.159154,-13.818317,0 -59.158932,-13.818374,0 -59.158711,-13.818448,0 -59.158472,-13.818522,0 -59.158250,-13.818578,0 -59.158029,-13.818653,0 -59.157807,-13.818709,0 -59.157586,-13.818783,0 -59.157365,-13.818857,0 -59.157144,-13.818913,0 -59.156922,-13.818988,0 -59.156701,-13.819044,0 -59.156480,-13.819118,0 -59.156258,-13.819192,0 -59.156037,-13.819248,0 -59.155816,-13.819323,0 -59.155594,-13.819379,0 -59.155373,-13.819453,0 -59.155394,-13.819688,0 -59.155414,-13.819904,0 -59.155435,-13.820139,0 -59.155455,-13.820356,0 -59.155476,-13.820591,0 -59.155497,-13.820807,0 -59.155517,-13.821042,0 -59.155538,-13.821277,0 -59.155540,-13.821494,0 -59.155560,-13.821729,0 -59.155581,-13.821945,0 -59.155602,-13.822180,0 -59.155622,-13.822397,0 -59.155643,-13.822631,0</coordinates></LineString></Placemark>
<Placemark><name>T-19 - 5,19 km</name><description>Maxima 5189 m | Minima 1545 m | Reta 969 m | 177.46 ha</description><styleUrl>#rota</styleUrl><LineString><tessellate>1</tessellate><coordinates>-59.164611,-13.826438,0 -59.164668,-13.826691,0 -59.164708,-13.826943,0 -59.164747,-13.827214,0 -59.164787,-13.827503,0 -59.164789,-13.827774,0 -59.164810,-13.828045,0 -59.164813,-13.828334,0 -59.164834,-13.828587,0 -59.164836,-13.828822,0 -59.164857,-13.829075,0 -59.164859,-13.829328,0 -59.164880,-13.829580,0 -59.164882,-13.829815,0 -59.164903,-13.830068,0 -59.164905,-13.830303,0 -59.164926,-13.830538,0 -59.164928,-13.830773,0 -59.165040,-13.830916,0 -59.165078,-13.830934,0 -59.164819,-13.830991,0 -59.164561,-13.831065,0 -59.164321,-13.831122,0 -59.164247,-13.831140,0 -59.163989,-13.831215,0 -59.163731,-13.831271,0 -59.163472,-13.831346,0 -59.163232,-13.831402,0 -59.162993,-13.831477,0 -59.162771,-13.831551,0 -59.162550,-13.831607,0 -59.162310,-13.831663,0 -59.162089,-13.831720,0 -59.161867,-13.831794,0 -59.161646,-13.831850,0 -59.161425,-13.831906,0 -59.161203,-13.831980,0 -59.160982,-13.832037,0 -59.160761,-13.832093,0 -59.160539,-13.832149,0 -59.160299,-13.832223,0 -59.160078,-13.832279,0 -59.159856,-13.832336,0 -59.159635,-13.832392,0 -59.159414,-13.832466,0 -59.159192,-13.832522,0 -59.158971,-13.832578,0 -59.158750,-13.832635,0 -59.158528,-13.832709,0 -59.158288,-13.832765,0 -59.158067,-13.832821,0 -59.157846,-13.832896,0 -59.157624,-13.832952,0 -59.157403,-13.833008,0 -59.157181,-13.833064,0 -59.156960,-13.833138,0 -59.156739,-13.833194,0 -59.156517,-13.833251,0 -59.156277,-13.833307,0 -59.156056,-13.833381,0 -59.155835,-13.833437,0 -59.155613,-13.833494,0 -59.155392,-13.833550,0 -59.155171,-13.833624,0 -59.154949,-13.833680,0 -59.154728,-13.833736,0 -59.154506,-13.833810,0 -59.154267,-13.833867,0 -59.154045,-13.833923,0 -59.153824,-13.833979,0 -59.153602,-13.834053,0 -59.153381,-13.834110,0 -59.153160,-13.834166,0 -59.152938,-13.834222,0 -59.152717,-13.834296,0 -59.152477,-13.834352,0 -59.152256,-13.834409,0 -59.152034,-13.834483,0 -59.151813,-13.834539,0 -59.151591,-13.834595,0 -59.151370,-13.834651,0 -59.151149,-13.834726,0 -59.150927,-13.834782,0 -59.150706,-13.834838,0 -59.150466,-13.834894,0 -59.150245,-13.834968,0 -59.150023,-13.835025,0 -59.149802,-13.835081,0 -59.149580,-13.835137,0 -59.149359,-13.835211,0 -59.149138,-13.835267,0 -59.148916,-13.835323,0 -59.148695,-13.835398,0 -59.148455,-13.835454,0 -59.148234,-13.835510,0 -59.148012,-13.835566,0 -59.147791,-13.835641,0 -59.147570,-13.835697,0 -59.147348,-13.835753,0 -59.147272,-13.835537,0 -59.147196,-13.835302,0 -59.147119,-13.834978,0 -59.147061,-13.834743,0 -59.147004,-13.834527,0 -59.146946,-13.834293,0 -59.146833,-13.834004,0 -59.146701,-13.833771,0 -59.146588,-13.833537,0 -59.146456,-13.833303,0 -59.146397,-13.832906,0 -59.146302,-13.832654,0 -59.146226,-13.832419,0 -59.146131,-13.832095,0 -59.146054,-13.831770,0 -59.145958,-13.831373,0 -59.145882,-13.831139,0 -59.145824,-13.830905,0 -59.145766,-13.830670,0 -59.145690,-13.830436,0 -59.145633,-13.830201,0 -59.145556,-13.829949,0 -59.145480,-13.829697,0 -59.145422,-13.829426,0 -59.145346,-13.829174,0 -59.145251,-13.828940,0 -59.145175,-13.828705,0 -59.145043,-13.828435,0 -59.144911,-13.828166,0 -59.144798,-13.827877,0 -59.144610,-13.827590,0 -59.144423,-13.827357,0 -59.144254,-13.827123,0 -59.144067,-13.826908,0 -59.143824,-13.826621,0 -59.143711,-13.826405,0 -59.143580,-13.826207,0 -59.143449,-13.825973,0 -59.143317,-13.825740,0 -59.143185,-13.825488,0 -59.143054,-13.825254,0 -59.142922,-13.825020,0 -59.142791,-13.824804,0 -59.142714,-13.824552,0 -59.142638,-13.824300,0 -59.142562,-13.824047,0 -59.142559,-13.823722,0 -59.142537,-13.823397,0 -59.142535,-13.823180,0 -59.142849,-13.823141,0 -59.143071,-13.823067,0 -59.143292,-13.823011,0 -59.143513,-13.822937,0 -59.143753,-13.822880,0 -59.143974,-13.822806,0 -59.144196,-13.822750,0 -59.144417,-13.822676,0 -59.144638,-13.822620,0 -59.144860,-13.822545,0 -59.145100,-13.822489,0 -59.145321,-13.822415,0 -59.145542,-13.822359,0 -59.145764,-13.822284,0 -59.145985,-13.822228,0 -59.146225,-13.822154,0 -59.146446,-13.822098,0 -59.146667,-13.822023,0 -59.146889,-13.821967,0 -59.147110,-13.821893,0 -59.147331,-13.821837,0 -59.147571,-13.821762,0 -59.147792,-13.821688,0 -59.148014,-13.821632,0 -59.148235,-13.821558,0 -59.148457,-13.821502,0 -59.148678,-13.821427,0 -59.148918,-13.821371,0 -59.149139,-13.821297,0 -59.149360,-13.821241,0 -59.149582,-13.821167,0 -59.149803,-13.821110,0 -59.150024,-13.821036,0 -59.150264,-13.820980,0 -59.150485,-13.820906,0 -59.150707,-13.820849,0 -59.150928,-13.820775,0 -59.151150,-13.820719,0 -59.151371,-13.820645,0 -59.151611,-13.820589,0 -59.151832,-13.820514,0 -59.152053,-13.820458,0 -59.152275,-13.820384,0 -59.152496,-13.820328,0</coordinates></LineString></Placemark>
<Placemark><name>T-20 - 7,86 km</name><description>Maxima 7855 m | Minima 1555 m | Reta 1228 m | 135.58 ha</description><styleUrl>#rota</styleUrl><LineString><tessellate>1</tessellate><coordinates>-59.165127,-13.826325,0 -59.165093,-13.826560,0 -59.165058,-13.826778,0 -59.165023,-13.827013,0 -59.164988,-13.827230,0 -59.164953,-13.827447,0 -59.164918,-13.827682,0 -59.164883,-13.827900,0 -59.164848,-13.828135,0 -59.164813,-13.828352,0 -59.164778,-13.828569,0 -59.164744,-13.828805,0 -59.164709,-13.829022,0 -59.164674,-13.829257,0 -59.164639,-13.829474,0 -59.164604,-13.829691,0 -59.164569,-13.829927,0 -59.164534,-13.830144,0 -59.164499,-13.830379,0 -59.164464,-13.830596,0 -59.164429,-13.830813,0 -59.164394,-13.831049,0 -59.164359,-13.831266,0 -59.164325,-13.831501,0 -59.164290,-13.831718,0 -59.164255,-13.831935,0 -59.164220,-13.832171,0 -59.164185,-13.832388,0 -59.164150,-13.832623,0 -59.164134,-13.832840,0 -59.164099,-13.833057,0 -59.164064,-13.833293,0 -59.164029,-13.833510,0 -59.163994,-13.833745,0 -59.163959,-13.833962,0 -59.163924,-13.834179,0 -59.163889,-13.834415,0 -59.163854,-13.834632,0 -59.163819,-13.834867,0 -59.163784,-13.835084,0 -59.163749,-13.835301,0 -59.163715,-13.835537,0 -59.163680,-13.835754,0 -59.163645,-13.835989,0 -59.163610,-13.836206,0 -59.163575,-13.836423,0 -59.163540,-13.836659,0 -59.163505,-13.836876,0 -59.163470,-13.837111,0 -59.163435,-13.837328,0 -59.163400,-13.837546,0 -59.163365,-13.837781,0 -59.163330,-13.837998,0 -59.163296,-13.838233,0 -59.163261,-13.838450,0 -59.163226,-13.838668,0 -59.163191,-13.838903,0 -59.163156,-13.839120,0 -59.163121,-13.839355,0 -59.163105,-13.839572,0 -59.163070,-13.839789,0 -59.163035,-13.840025,0 -59.163000,-13.840242,0 -59.162965,-13.840477,0 -59.162930,-13.840694,0 -59.162895,-13.840911,0 -59.162860,-13.841147,0 -59.162825,-13.841364,0 -59.162790,-13.841599,0 -59.162755,-13.841816,0 -59.162720,-13.842034,0 -59.162686,-13.842269,0 -59.162651,-13.842486,0 -59.162616,-13.842721,0 -59.162581,-13.842938,0 -59.162546,-13.843156,0 -59.162511,-13.843391,0 -59.162476,-13.843608,0 -59.162441,-13.843843,0 -59.162406,-13.844060,0 -59.162371,-13.844278,0 -59.162336,-13.844513,0 -59.162301,-13.844730,0 -59.162267,-13.844965,0 -59.162232,-13.845183,0 -59.162197,-13.845400,0 -59.162162,-13.845635,0 -59.162127,-13.845852,0 -59.162111,-13.846087,0 -59.162076,-13.846304,0 -59.162041,-13.846522,0 -59.162006,-13.846757,0 -59.161971,-13.846974,0 -59.161936,-13.847209,0 -59.161901,-13.847426,0 -59.161866,-13.847644,0 -59.161831,-13.847879,0 -59.161796,-13.848096,0 -59.161761,-13.848331,0 -59.161726,-13.848549,0 -59.161691,-13.848766,0 -59.161657,-13.849001,0 -59.161622,-13.849218,0 -59.161587,-13.849453,0 -59.161552,-13.849671,0 -59.161517,-13.849888,0 -59.161482,-13.850123,0 -59.161447,-13.850340,0 -59.161412,-13.850575,0 -59.161377,-13.850793,0 -59.161342,-13.851010,0 -59.161307,-13.851245,0 -59.161272,-13.851462,0 -59.161238,-13.851697,0 -59.161203,-13.851915,0 -59.161168,-13.852132,0 -59.161133,-13.852367,0 -59.161116,-13.852584,0 -59.161081,-13.852819,0 -59.161046,-13.853037,0 -59.161011,-13.853254,0 -59.160977,-13.853489,0 -59.160942,-13.853706,0 -59.160907,-13.853941,0 -59.160872,-13.854159,0 -59.160837,-13.854376,0 -59.160802,-13.854611,0 -59.160767,-13.854828,0 -59.160732,-13.855063,0 -59.160697,-13.855281,0 -59.160662,-13.855498,0 -59.160627,-13.855733,0 -59.160593,-13.855950,0 -59.160558,-13.856186,0 -59.160523,-13.856403,0 -59.160488,-13.856620,0 -59.160453,-13.856855,0 -59.160418,-13.857072,0 -59.160383,-13.857308,0 -59.160348,-13.857525,0 -59.160313,-13.857742,0 -59.160278,-13.857977,0 -59.160243,-13.858194,0 -59.160209,-13.858430,0 -59.160174,-13.858647,0 -59.160139,-13.858864,0 -59.160104,-13.859099,0 -59.160087,-13.859316,0 -59.160052,-13.859552,0 -59.160017,-13.859769,0 -59.159982,-13.859986,0 -59.159948,-13.860221,0 -59.159913,-13.860438,0 -59.159878,-13.860674,0 -59.159843,-13.860891,0 -59.159808,-13.861108,0 -59.159773,-13.861343,0 -59.159738,-13.861560,0 -59.159703,-13.861796,0 -59.159668,-13.862013,0 -59.159633,-13.862230,0 -59.159598,-13.862465,0 -59.159563,-13.862682,0 -59.159529,-13.862918,0 -59.159494,-13.863135,0 -59.159459,-13.863352,0 -59.159424,-13.863587,0 -59.159389,-13.863804,0 -59.159354,-13.864040,0 -59.159319,-13.864257,0 -59.159284,-13.864474,0 -59.159249,-13.864709,0 -59.159214,-13.864927,0 -59.159179,-13.865162,0 -59.159144,-13.865379,0 -59.159109,-13.865596,0 -59.159093,-13.865831,0 -59.159058,-13.866048,0 -59.159023,-13.866284,0 -59.158988,-13.866501,0 -59.158953,-13.866718,0 -59.158919,-13.866953,0 -59.158884,-13.867170,0 -59.158849,-13.867406,0 -59.158476,-13.867138,0 -59.158383,-13.867085,0 -59.158272,-13.867085,0 -59.158107,-13.867250,0 -59.157942,-13.867414,0 -59.157777,-13.867578,0 -59.157613,-13.867760,0 -59.157483,-13.867743,0 -59.157335,-13.867690,0 -59.157111,-13.867548,0 -59.156831,-13.867297,0 -59.156663,-13.867136,0 -59.156477,-13.866957,0 -59.156309,-13.866778,0 -59.156141,-13.866598,0 -59.155954,-13.866419,0 -59.155600,-13.866187,0 -59.155265,-13.865973,0 -59.155042,-13.865831,0 -59.154800,-13.865688,0 -59.154577,-13.865546,0 -59.154335,-13.865385,0 -59.154149,-13.865224,0 -59.153962,-13.865063,0 -59.153776,-13.864902,0 -59.153588,-13.864597,0 -59.153475,-13.864381,0 -59.153380,-13.864147,0 -59.153304,-13.863912,0 -59.153228,-13.863660,0 -59.153151,-13.863408,0 -59.153094,-13.863173,0 -59.153036,-13.862939,0 -59.152978,-13.862686,0 -59.152901,-13.862271,0 -59.152786,-13.861857,0 -59.152708,-13.861496,0 -59.152669,-13.861261,0 -59.152630,-13.861027,0 -59.152591,-13.860792,0 -59.152552,-13.860575,0 -59.152512,-13.860251,0 -59.152435,-13.859980,0 -59.152378,-13.859728,0 -59.152319,-13.859403,0 -59.152242,-13.859096,0 -59.152147,-13.858808,0 -59.152034,-13.858520,0 -59.151957,-13.858195,0 -59.151880,-13.857889,0 -59.151822,-13.857636,0 -59.151764,-13.857384,0 -59.151706,-13.857131,0 -59.151630,-13.856861,0 -59.151572,-13.856608,0 -59.151496,-13.856338,0 -59.151438,-13.856085,0 -59.151361,-13.855815,0 -59.151303,-13.855562,0 -59.151227,-13.855292,0 -59.151169,-13.855039,0 -59.151093,-13.854805,0 -59.151035,-13.854571,0 -59.150978,-13.854354,0 -59.150902,-13.854120,0 -59.150844,-13.853885,0 -59.150749,-13.853651,0 -59.150673,-13.853399,0 -59.150578,-13.853147,0 -59.150428,-13.852877,0 -59.150240,-13.852535,0 -59.150108,-13.852247,0 -59.150013,-13.851977,0 -59.149918,-13.851725,0 -59.149859,-13.851400,0 -59.149820,-13.851165,0 -59.149762,-13.850913,0 -59.149723,-13.850678,0 -59.149684,-13.850426,0 -59.149626,-13.850191,0 -59.149587,-13.849939,0 -59.149585,-13.849686,0 -59.149582,-13.849433,0 -59.149654,-13.849125,0 -59.149651,-13.848799,0 -59.149610,-13.848366,0 -59.149589,-13.848131,0 -59.149550,-13.847879,0 -59.149529,-13.847644,0 -59.149508,-13.847391,0 -59.149487,-13.847156,0 -59.149467,-13.846903,0 -59.149352,-13.846489,0 -59.149275,-13.846218,0 -59.149181,-13.845966,0 -59.149086,-13.845696,0 -59.149028,-13.845443,0 -59.148951,-13.845191,0 -59.148894,-13.844938,0 -59.148817,-13.844668,0 -59.148759,-13.844416,0 -59.148737,-13.843982,0 -59.148716,-13.843729,0 -59.148677,-13.843476,0 -59.148656,-13.843224,0 -59.148749,-13.843259,0</coordinates></LineString></Placemark>
<Placemark><name>T-21 - 7,26 km</name><description>Maxima 7265 m | Minima 5689 m | Reta 2908 m | 75.97 ha</description><styleUrl>#rota</styleUrl><LineString><tessellate>1</tessellate><coordinates>-59.165127,-13.826325,0 -59.165093,-13.826560,0 -59.165058,-13.826778,0 -59.165023,-13.827013,0 -59.164988,-13.827230,0 -59.164953,-13.827447,0 -59.164918,-13.827682,0 -59.164883,-13.827900,0 -59.164848,-13.828135,0 -59.164813,-13.828352,0 -59.164778,-13.828569,0 -59.164744,-13.828805,0 -59.164709,-13.829022,0 -59.164674,-13.829257,0 -59.164639,-13.829474,0 -59.164604,-13.829691,0 -59.164569,-13.829927,0 -59.164534,-13.830144,0 -59.164499,-13.830379,0 -59.164464,-13.830596,0 -59.164429,-13.830813,0 -59.164394,-13.831049,0 -59.164359,-13.831266,0 -59.164325,-13.831501,0 -59.164290,-13.831718,0 -59.164255,-13.831935,0 -59.164220,-13.832171,0 -59.164185,-13.832388,0 -59.164150,-13.832623,0 -59.164134,-13.832840,0 -59.164099,-13.833057,0 -59.164064,-13.833293,0 -59.164029,-13.833510,0 -59.163994,-13.833745,0 -59.163959,-13.833962,0 -59.163924,-13.834179,0 -59.163889,-13.834415,0 -59.163854,-13.834632,0 -59.163819,-13.834867,0 -59.163784,-13.835084,0 -59.163749,-13.835301,0 -59.163715,-13.835537,0 -59.163680,-13.835754,0 -59.163645,-13.835989,0 -59.163610,-13.836206,0 -59.163575,-13.836423,0 -59.163540,-13.836659,0 -59.163505,-13.836876,0 -59.163470,-13.837111,0 -59.163435,-13.837328,0 -59.163400,-13.837546,0 -59.163365,-13.837781,0 -59.163330,-13.837998,0 -59.163296,-13.838233,0 -59.163261,-13.838450,0 -59.163226,-13.838668,0 -59.163191,-13.838903,0 -59.163156,-13.839120,0 -59.163121,-13.839355,0 -59.163105,-13.839572,0 -59.163070,-13.839789,0 -59.163035,-13.840025,0 -59.163000,-13.840242,0 -59.162965,-13.840477,0 -59.162930,-13.840694,0 -59.162895,-13.840911,0 -59.162860,-13.841147,0 -59.162825,-13.841364,0 -59.162790,-13.841599,0 -59.162755,-13.841816,0 -59.162720,-13.842034,0 -59.162686,-13.842269,0 -59.162651,-13.842486,0 -59.162616,-13.842721,0 -59.162581,-13.842938,0 -59.162546,-13.843156,0 -59.162511,-13.843391,0 -59.162476,-13.843608,0 -59.162441,-13.843843,0 -59.162406,-13.844060,0 -59.162371,-13.844278,0 -59.162336,-13.844513,0 -59.162301,-13.844730,0 -59.162267,-13.844965,0 -59.162232,-13.845183,0 -59.162197,-13.845400,0 -59.162162,-13.845635,0 -59.162127,-13.845852,0 -59.162111,-13.846087,0 -59.162076,-13.846304,0 -59.162041,-13.846522,0 -59.162006,-13.846757,0 -59.161971,-13.846974,0 -59.161936,-13.847209,0 -59.161901,-13.847426,0 -59.161866,-13.847644,0 -59.161831,-13.847879,0 -59.161796,-13.848096,0 -59.161761,-13.848331,0 -59.161726,-13.848549,0 -59.161691,-13.848766,0 -59.161657,-13.849001,0 -59.161622,-13.849218,0 -59.161587,-13.849453,0 -59.161552,-13.849671,0 -59.161517,-13.849888,0 -59.161482,-13.850123,0 -59.161447,-13.850340,0 -59.161412,-13.850575,0 -59.161377,-13.850793,0 -59.161342,-13.851010,0 -59.161307,-13.851245,0 -59.161272,-13.851462,0 -59.161238,-13.851697,0 -59.161203,-13.851915,0 -59.161168,-13.852132,0 -59.161133,-13.852367,0 -59.161116,-13.852584,0 -59.161081,-13.852819,0 -59.161046,-13.853037,0 -59.161011,-13.853254,0 -59.160977,-13.853489,0 -59.160942,-13.853706,0 -59.160907,-13.853941,0 -59.160872,-13.854159,0 -59.160837,-13.854376,0 -59.160802,-13.854611,0 -59.160767,-13.854828,0 -59.160732,-13.855063,0 -59.160697,-13.855281,0 -59.160662,-13.855498,0 -59.160627,-13.855733,0 -59.160593,-13.855950,0 -59.160558,-13.856186,0 -59.160523,-13.856403,0 -59.160488,-13.856620,0 -59.160453,-13.856855,0 -59.160418,-13.857072,0 -59.160383,-13.857308,0 -59.160348,-13.857525,0 -59.160313,-13.857742,0 -59.160278,-13.857977,0 -59.160243,-13.858194,0 -59.160209,-13.858430,0 -59.160174,-13.858647,0 -59.160139,-13.858864,0 -59.160104,-13.859099,0 -59.160087,-13.859316,0 -59.160052,-13.859552,0 -59.160017,-13.859769,0 -59.159982,-13.859986,0 -59.159948,-13.860221,0 -59.159913,-13.860438,0 -59.159878,-13.860674,0 -59.159843,-13.860891,0 -59.159808,-13.861108,0 -59.159773,-13.861343,0 -59.159738,-13.861560,0 -59.159703,-13.861796,0 -59.159668,-13.862013,0 -59.159633,-13.862230,0 -59.159598,-13.862465,0 -59.159563,-13.862682,0 -59.159529,-13.862918,0 -59.159494,-13.863135,0 -59.159459,-13.863352,0 -59.159424,-13.863587,0 -59.159389,-13.863804,0 -59.159354,-13.864040,0 -59.159319,-13.864257,0 -59.159284,-13.864474,0 -59.159249,-13.864709,0 -59.159214,-13.864927,0 -59.159179,-13.865162,0 -59.159144,-13.865379,0 -59.159109,-13.865596,0 -59.159093,-13.865831,0 -59.159058,-13.866048,0 -59.159023,-13.866284,0 -59.158988,-13.866501,0 -59.158953,-13.866718,0 -59.158919,-13.866953,0 -59.158884,-13.867170,0 -59.158849,-13.867406,0 -59.158476,-13.867138,0 -59.158383,-13.867085,0 -59.158272,-13.867085,0 -59.158107,-13.867250,0 -59.157942,-13.867414,0 -59.157777,-13.867578,0 -59.157613,-13.867760,0 -59.157483,-13.867743,0 -59.157335,-13.867690,0 -59.157111,-13.867548,0 -59.156831,-13.867297,0 -59.156663,-13.867136,0 -59.156477,-13.866957,0 -59.156309,-13.866778,0 -59.156141,-13.866598,0 -59.155954,-13.866419,0 -59.155600,-13.866187,0 -59.155265,-13.865973,0 -59.155042,-13.865831,0 -59.154800,-13.865688,0 -59.154577,-13.865546,0 -59.154335,-13.865385,0 -59.154149,-13.865224,0 -59.153962,-13.865063,0 -59.153776,-13.864902,0 -59.153588,-13.864597,0 -59.153475,-13.864381,0 -59.153380,-13.864147,0 -59.153304,-13.863912,0 -59.153228,-13.863660,0 -59.153151,-13.863408,0 -59.153094,-13.863173,0 -59.153036,-13.862939,0 -59.152978,-13.862686,0 -59.152901,-13.862271,0 -59.152786,-13.861857,0 -59.152708,-13.861496,0 -59.152669,-13.861261,0 -59.152630,-13.861027,0 -59.152591,-13.860792,0 -59.152552,-13.860575,0 -59.152512,-13.860251,0 -59.152435,-13.859980,0 -59.152378,-13.859728,0 -59.152319,-13.859403,0 -59.152242,-13.859096,0 -59.152147,-13.858808,0 -59.152034,-13.858520,0 -59.151957,-13.858195,0 -59.151880,-13.857889,0 -59.151822,-13.857636,0 -59.151764,-13.857384,0 -59.151706,-13.857131,0 -59.151630,-13.856861,0 -59.151572,-13.856608,0 -59.151496,-13.856338,0 -59.151438,-13.856085,0 -59.151361,-13.855815,0 -59.151303,-13.855562,0 -59.151227,-13.855292,0 -59.151169,-13.855039,0 -59.151093,-13.854805,0 -59.151035,-13.854571,0 -59.150978,-13.854354,0 -59.150902,-13.854120,0 -59.150844,-13.853885,0 -59.150749,-13.853651,0 -59.150673,-13.853399,0 -59.150578,-13.853147,0 -59.150428,-13.852877,0 -59.150240,-13.852535,0 -59.150108,-13.852247,0 -59.150330,-13.852245,0 -59.150570,-13.852225,0 -59.150810,-13.852205,0 -59.151050,-13.852185,0 -59.151291,-13.852165,0 -59.151531,-13.852144,0 -59.151771,-13.852124,0 -59.152012,-13.852104,0 -59.152252,-13.852084,0 -59.152492,-13.852082,0 -59.152714,-13.852062,0 -59.152954,-13.852042,0 -59.153195,-13.852021,0 -59.153435,-13.852001,0 -59.153675,-13.851981,0 -59.153915,-13.851961,0 -59.154156,-13.851941,0</coordinates></LineString></Placemark>
<Placemark><name>T-21R - 7,19 km</name><description>Maxima 7193 m | Minima 5880 m | Reta 2476 m | 37.7 ha</description><styleUrl>#rota</styleUrl><LineString><tessellate>1</tessellate><coordinates>-59.165127,-13.826325,0 -59.165093,-13.826560,0 -59.165058,-13.826778,0 -59.165023,-13.827013,0 -59.164988,-13.827230,0 -59.164953,-13.827447,0 -59.164918,-13.827682,0 -59.164883,-13.827900,0 -59.164848,-13.828135,0 -59.164813,-13.828352,0 -59.164778,-13.828569,0 -59.164744,-13.828805,0 -59.164709,-13.829022,0 -59.164674,-13.829257,0 -59.164639,-13.829474,0 -59.164604,-13.829691,0 -59.164569,-13.829927,0 -59.164534,-13.830144,0 -59.164499,-13.830379,0 -59.164464,-13.830596,0 -59.164429,-13.830813,0 -59.164394,-13.831049,0 -59.164359,-13.831266,0 -59.164325,-13.831501,0 -59.164290,-13.831718,0 -59.164255,-13.831935,0 -59.164220,-13.832171,0 -59.164185,-13.832388,0 -59.164150,-13.832623,0 -59.164134,-13.832840,0 -59.164099,-13.833057,0 -59.164064,-13.833293,0 -59.164029,-13.833510,0 -59.163994,-13.833745,0 -59.163959,-13.833962,0 -59.163924,-13.834179,0 -59.163889,-13.834415,0 -59.163854,-13.834632,0 -59.163819,-13.834867,0 -59.163784,-13.835084,0 -59.163749,-13.835301,0 -59.163715,-13.835537,0 -59.163680,-13.835754,0 -59.163645,-13.835989,0 -59.163610,-13.836206,0 -59.163575,-13.836423,0 -59.163540,-13.836659,0 -59.163505,-13.836876,0 -59.163470,-13.837111,0 -59.163435,-13.837328,0 -59.163400,-13.837546,0 -59.163365,-13.837781,0 -59.163330,-13.837998,0 -59.163296,-13.838233,0 -59.163261,-13.838450,0 -59.163226,-13.838668,0 -59.163191,-13.838903,0 -59.163156,-13.839120,0 -59.163121,-13.839355,0 -59.163105,-13.839572,0 -59.163070,-13.839789,0 -59.163035,-13.840025,0 -59.163000,-13.840242,0 -59.162965,-13.840477,0 -59.162930,-13.840694,0 -59.162895,-13.840911,0 -59.162860,-13.841147,0 -59.162825,-13.841364,0 -59.162790,-13.841599,0 -59.162755,-13.841816,0 -59.162720,-13.842034,0 -59.162686,-13.842269,0 -59.162651,-13.842486,0 -59.162616,-13.842721,0 -59.162581,-13.842938,0 -59.162546,-13.843156,0 -59.162511,-13.843391,0 -59.162476,-13.843608,0 -59.162441,-13.843843,0 -59.162406,-13.844060,0 -59.162371,-13.844278,0 -59.162336,-13.844513,0 -59.162301,-13.844730,0 -59.162267,-13.844965,0 -59.162232,-13.845183,0 -59.162197,-13.845400,0 -59.162162,-13.845635,0 -59.162127,-13.845852,0 -59.162111,-13.846087,0 -59.162076,-13.846304,0 -59.162041,-13.846522,0 -59.162006,-13.846757,0 -59.161971,-13.846974,0 -59.161936,-13.847209,0 -59.161901,-13.847426,0 -59.161866,-13.847644,0 -59.161831,-13.847879,0 -59.161796,-13.848096,0 -59.161761,-13.848331,0 -59.161726,-13.848549,0 -59.161691,-13.848766,0 -59.161657,-13.849001,0 -59.161622,-13.849218,0 -59.161587,-13.849453,0 -59.161552,-13.849671,0 -59.161517,-13.849888,0 -59.161482,-13.850123,0 -59.161447,-13.850340,0 -59.161412,-13.850575,0 -59.161377,-13.850793,0 -59.161342,-13.851010,0 -59.161307,-13.851245,0 -59.161272,-13.851462,0 -59.161238,-13.851697,0 -59.161203,-13.851915,0 -59.161168,-13.852132,0 -59.161133,-13.852367,0 -59.161116,-13.852584,0 -59.161081,-13.852819,0 -59.161046,-13.853037,0 -59.161011,-13.853254,0 -59.160977,-13.853489,0 -59.160942,-13.853706,0 -59.160907,-13.853941,0 -59.160872,-13.854159,0 -59.160837,-13.854376,0 -59.160802,-13.854611,0 -59.160767,-13.854828,0 -59.160732,-13.855063,0 -59.160697,-13.855281,0 -59.160662,-13.855498,0 -59.160627,-13.855733,0 -59.160593,-13.855950,0 -59.160558,-13.856186,0 -59.160523,-13.856403,0 -59.160488,-13.856620,0 -59.160453,-13.856855,0 -59.160418,-13.857072,0 -59.160383,-13.857308,0 -59.160348,-13.857525,0 -59.160313,-13.857742,0 -59.160278,-13.857977,0 -59.160243,-13.858194,0 -59.160209,-13.858430,0 -59.160174,-13.858647,0 -59.160139,-13.858864,0 -59.160104,-13.859099,0 -59.160087,-13.859316,0 -59.160052,-13.859552,0 -59.160017,-13.859769,0 -59.159982,-13.859986,0 -59.159948,-13.860221,0 -59.159913,-13.860438,0 -59.159878,-13.860674,0 -59.159843,-13.860891,0 -59.159808,-13.861108,0 -59.159773,-13.861343,0 -59.159738,-13.861560,0 -59.159703,-13.861796,0 -59.159668,-13.862013,0 -59.159633,-13.862230,0 -59.159598,-13.862465,0 -59.159563,-13.862682,0 -59.159529,-13.862918,0 -59.159494,-13.863135,0 -59.159459,-13.863352,0 -59.159424,-13.863587,0 -59.159389,-13.863804,0 -59.159354,-13.864040,0 -59.159319,-13.864257,0 -59.159284,-13.864474,0 -59.159249,-13.864709,0 -59.159214,-13.864927,0 -59.159179,-13.865162,0 -59.159144,-13.865379,0 -59.159109,-13.865596,0 -59.159093,-13.865831,0 -59.159058,-13.866048,0 -59.159023,-13.866284,0 -59.158988,-13.866501,0 -59.158953,-13.866718,0 -59.158919,-13.866953,0 -59.158884,-13.867170,0 -59.158849,-13.867406,0 -59.158476,-13.867138,0 -59.158383,-13.867085,0 -59.158272,-13.867085,0 -59.158107,-13.867250,0 -59.157942,-13.867414,0 -59.157777,-13.867578,0 -59.157613,-13.867760,0 -59.157483,-13.867743,0 -59.157335,-13.867690,0 -59.157111,-13.867548,0 -59.156831,-13.867297,0 -59.156663,-13.867136,0 -59.156477,-13.866957,0 -59.156309,-13.866778,0 -59.156141,-13.866598,0 -59.155954,-13.866419,0 -59.155600,-13.866187,0 -59.155265,-13.865973,0 -59.155042,-13.865831,0 -59.154800,-13.865688,0 -59.154577,-13.865546,0 -59.154335,-13.865385,0 -59.154149,-13.865224,0 -59.153962,-13.865063,0 -59.153776,-13.864902,0 -59.153588,-13.864597,0 -59.153475,-13.864381,0 -59.153380,-13.864147,0 -59.153304,-13.863912,0 -59.153228,-13.863660,0 -59.153151,-13.863408,0 -59.153094,-13.863173,0 -59.153036,-13.862939,0 -59.152978,-13.862686,0 -59.152901,-13.862271,0 -59.152786,-13.861857,0 -59.152708,-13.861496,0 -59.152669,-13.861261,0 -59.152630,-13.861027,0 -59.152591,-13.860792,0 -59.152552,-13.860575,0 -59.152512,-13.860251,0 -59.152435,-13.859980,0 -59.152378,-13.859728,0 -59.152319,-13.859403,0 -59.152242,-13.859096,0 -59.152147,-13.858808,0 -59.152034,-13.858520,0 -59.151957,-13.858195,0 -59.151880,-13.857889,0 -59.151822,-13.857636,0 -59.151764,-13.857384,0 -59.151706,-13.857131,0 -59.151630,-13.856861,0 -59.151572,-13.856608,0 -59.151496,-13.856338,0 -59.151438,-13.856085,0 -59.151361,-13.855815,0 -59.151303,-13.855562,0 -59.151227,-13.855292,0 -59.151169,-13.855039,0 -59.151093,-13.854805,0 -59.151035,-13.854571,0 -59.150978,-13.854354,0 -59.150902,-13.854120,0 -59.150844,-13.853885,0 -59.150749,-13.853651,0 -59.150673,-13.853399,0 -59.150578,-13.853147,0 -59.150428,-13.852877,0 -59.150240,-13.852535,0 -59.150108,-13.852247,0 -59.150013,-13.851977,0 -59.149918,-13.851725,0 -59.149859,-13.851400,0 -59.149820,-13.851165,0 -59.149762,-13.850913,0 -59.149723,-13.850678,0 -59.149684,-13.850426,0 -59.149626,-13.850191,0 -59.149587,-13.849939,0 -59.149585,-13.849686,0 -59.149582,-13.849433,0 -59.149654,-13.849125,0 -59.149765,-13.849178,0</coordinates></LineString></Placemark>
</Folder><Folder><name>Malha usada no calculo</name>
<Placemark><name>divisa 0</name><styleUrl>#malha</styleUrl><LineString><tessellate>1</tessellate><coordinates>-59.190960,-13.824000,0 -59.190950,-13.823870,0 -59.200860,-13.821240,0 -59.199400,-13.823750,0 -59.198280,-13.826370,0 -59.197250,-13.829200,0 -59.196350,-13.832040,0 -59.195710,-13.835200,0 -59.195670,-13.836500,0 -59.192850,-13.837360,0</coordinates></LineString></Placemark>
<Placemark><name>divisa 1</name><styleUrl>#malha</styleUrl><LineString><tessellate>1</tessellate><coordinates>-59.192850,-13.837360,0 -59.195720,-13.836550,0 -59.195440,-13.841690,0 -59.195600,-13.844260,0 -59.195980,-13.845250,0 -59.196030,-13.846090,0 -59.197530,-13.850210,0 -59.190410,-13.852070,0</coordinates></LineString></Placemark>
<Placemark><name>divisa 2</name><styleUrl>#malha</styleUrl><LineString><tessellate>1</tessellate><coordinates>-59.192850,-13.837360,0 -59.192270,-13.837520,0</coordinates></LineString></Placemark>
<Placemark><name>divisa 3</name><styleUrl>#malha</styleUrl><LineString><tessellate>1</tessellate><coordinates>-59.192270,-13.837520,0 -59.192850,-13.837360,0</coordinates></LineString></Placemark>
<Placemark><name>divisa 4</name><styleUrl>#malha</styleUrl><LineString><tessellate>1</tessellate><coordinates>-59.192270,-13.837520,0 -59.191570,-13.830320,0</coordinates></LineString></Placemark>
<Placemark><name>divisa 5</name><styleUrl>#malha</styleUrl><LineString><tessellate>1</tessellate><coordinates>-59.188830,-13.846420,0 -59.186800,-13.839070,0 -59.192270,-13.837520,0</coordinates></LineString></Placemark>
<Placemark><name>divisa 6</name><styleUrl>#malha</styleUrl><LineString><tessellate>1</tessellate><coordinates>-59.191570,-13.830320,0 -59.190960,-13.824000,0</coordinates></LineString></Placemark>
<Placemark><name>divisa 7</name><styleUrl>#malha</styleUrl><LineString><tessellate>1</tessellate><coordinates>-59.190960,-13.824000,0 -59.195650,-13.822720,0 -59.191570,-13.830320,0</coordinates></LineString></Placemark>
<Placemark><name>divisa 8</name><styleUrl>#malha</styleUrl><LineString><tessellate>1</tessellate><coordinates>-59.191570,-13.830320,0 -59.188010,-13.836970,0 -59.179680,-13.838720,0 -59.178830,-13.827300,0 -59.190960,-13.824000,0</coordinates></LineString></Placemark>
<Placemark><name>divisa 9</name><styleUrl>#malha</styleUrl><LineString><tessellate>1</tessellate><coordinates>-59.190410,-13.852070,0 -59.190430,-13.852130,0</coordinates></LineString></Placemark>
<Placemark><name>divisa 10</name><styleUrl>#malha</styleUrl><LineString><tessellate>1</tessellate><coordinates>-59.190430,-13.852130,0 -59.192650,-13.860740,0 -59.185710,-13.864910,0 -59.182620,-13.854370,0 -59.190430,-13.852130,0</coordinates></LineString></Placemark>
<Placemark><name>divisa 11</name><styleUrl>#malha</styleUrl><LineString><tessellate>1</tessellate><coordinates>-59.190430,-13.852130,0 -59.182540,-13.854370,0 -59.178800,-13.841250,0 -59.186780,-13.839120,0 -59.188830,-13.846420,0</coordinates></LineString></Placemark>
<Placemark><name>divisa 12</name><styleUrl>#malha</styleUrl><LineString><tessellate>1</tessellate><coordinates>-59.188830,-13.846420,0 -59.190410,-13.852070,0</coordinates></LineString></Placemark>
<Placemark><name>divisa 13</name><styleUrl>#malha</styleUrl><LineString><tessellate>1</tessellate><coordinates>-59.190410,-13.852070,0 -59.188830,-13.846420,0</coordinates></LineString></Placemark>
<Placemark><name>divisa 14</name><styleUrl>#malha</styleUrl><LineString><tessellate>1</tessellate><coordinates>-59.190060,-13.817970,0 -59.190050,-13.817750,0 -59.190400,-13.816430,0 -59.190070,-13.817770,0 -59.190060,-13.817970,0</coordinates></LineString></Placemark>
<Placemark><name>divisa 15</name><styleUrl>#malha</styleUrl><LineString><tessellate>1</tessellate><coordinates>-59.190000,-13.819240,0 -59.190090,-13.818840,0 -59.190060,-13.817970,0</coordinates></LineString></Placemark>
<Placemark><name>divisa 16</name><styleUrl>#malha</styleUrl><LineString><tessellate>1</tessellate><coordinates>-59.190060,-13.817970,0 -59.190000,-13.819240,0</coordinates></LineString></Placemark>
<Placemark><name>divisa 17</name><styleUrl>#malha</styleUrl><LineString><tessellate>1</tessellate><coordinates>-59.190000,-13.819240,0 -59.188650,-13.819560,0 -59.188520,-13.819660,0 -59.188480,-13.820270,0 -59.188070,-13.820490,0 -59.187540,-13.820380,0</coordinates></LineString></Placemark>
<Placemark><name>divisa 18</name><styleUrl>#malha</styleUrl><LineString><tessellate>1</tessellate><coordinates>-59.187540,-13.820380,0 -59.188140,-13.820410,0 -59.188440,-13.820240,0 -59.188500,-13.819670,0 -59.188670,-13.819540,0 -59.190000,-13.819240,0</coordinates></LineString></Placemark>
<Placemark><name>divisa 19</name><styleUrl>#malha</styleUrl><LineString><tessellate>1</tessellate><coordinates>-59.185590,-13.819800,0 -59.186140,-13.820040,0 -59.186290,-13.820240,0 -59.186230,-13.820110,0 -59.187540,-13.820380,0</coordinates></LineString></Placemark>
<Placemark><name>divisa 20</name><styleUrl>#malha</styleUrl><LineString><tessellate>1</tessellate><coordinates>-59.187540,-13.820380,0 -59.185590,-13.819800,0</coordinates></LineString></Placemark>
<Placemark><name>divisa 21</name><styleUrl>#malha</styleUrl><LineString><tessellate>1</tessellate><coordinates>-59.185590,-13.819800,0 -59.185470,-13.819180,0</coordinates></LineString></Placemark>
<Placemark><name>divisa 22</name><styleUrl>#malha</styleUrl><LineString><tessellate>1</tessellate><coordinates>-59.185470,-13.819180,0 -59.185590,-13.819800,0</coordinates></LineString></Placemark>
<Placemark><name>divisa 23</name><styleUrl>#malha</styleUrl><LineString><tessellate>1</tessellate><coordinates>-59.185400,-13.818590,0 -59.185470,-13.819180,0</coordinates></LineString></Placemark>
<Placemark><name>divisa 24</name><styleUrl>#malha</styleUrl><LineString><tessellate>1</tessellate><coordinates>-59.185470,-13.819180,0 -59.185400,-13.818590,0</coordinates></LineString></Placemark>
<Placemark><name>divisa 25</name><styleUrl>#malha</styleUrl><LineString><tessellate>1</tessellate><coordinates>-59.185400,-13.818590,0 -59.185370,-13.818290,0 -59.183010,-13.826120,0 -59.178750,-13.827200,0</coordinates></LineString></Placemark>
<Placemark><name>divisa 26</name><styleUrl>#malha</styleUrl><LineString><tessellate>1</tessellate><coordinates>-59.177650,-13.813540,0 -59.189950,-13.810050,0 -59.190410,-13.816260,0 -59.189890,-13.815080,0 -59.188860,-13.814370,0 -59.188460,-13.813830,0 -59.188410,-13.813540,0 -59.188090,-13.813350,0 -59.186480,-13.813620,0 -59.185980,-13.813900,0 -59.185510,-13.814940,0 -59.185320,-13.815790,0 -59.185400,-13.818590,0</coordinates></LineString></Placemark>
<Placemark><name>divisa 27</name><styleUrl>#malha</styleUrl><LineString><tessellate>1</tessellate><coordinates>-59.178750,-13.827200,0 -59.178750,-13.827200,0</coordinates></LineString></Placemark>
<Placemark><name>divisa 28</name><styleUrl>#malha</styleUrl><LineString><tessellate>1</tessellate><coordinates>-59.178750,-13.827200,0 -59.176680,-13.841730,0 -59.168910,-13.843850,0 -59.167780,-13.830080,0 -59.176750,-13.827730,0</coordinates></LineString></Placemark>
<Placemark><name>divisa 29</name><styleUrl>#malha</styleUrl><LineString><tessellate>1</tessellate><coordinates>-59.178750,-13.827200,0 -59.176750,-13.827730,0</coordinates></LineString></Placemark>
<Placemark><name>divisa 30</name><styleUrl>#malha</styleUrl><LineString><tessellate>1</tessellate><coordinates>-59.178750,-13.827200,0 -59.177650,-13.813540,0</coordinates></LineString></Placemark>
<Placemark><name>divisa 31</name><styleUrl>#malha</styleUrl><LineString><tessellate>1</tessellate><coordinates>-59.177650,-13.813540,0 -59.178750,-13.827200,0</coordinates></LineString></Placemark>
<Placemark><name>divisa 32</name><styleUrl>#malha</styleUrl><LineString><tessellate>1</tessellate><coordinates>-59.176750,-13.827730,0 -59.167780,-13.830080,0 -59.166700,-13.816500,0 -59.177650,-13.813540,0</coordinates></LineString></Placemark>
<Placemark><name>divisa 33</name><styleUrl>#malha</styleUrl><LineString><tessellate>1</tessellate><coordinates>-59.163790,-13.831260,0 -59.167510,-13.830290,0 -59.168590,-13.843990,0</coordinates></LineString></Placemark>
<Placemark><name>divisa 34</name><styleUrl>#malha</styleUrl><LineString><tessellate>1</tessellate><coordinates>-59.168590,-13.843990,0 -59.168660,-13.843980,0 -59.168970,-13.847960,0 -59.171690,-13.857190,0 -59.165080,-13.858980,0</coordinates></LineString></Placemark>
<Placemark><name>divisa 35</name><styleUrl>#malha</styleUrl><LineString><tessellate>1</tessellate><coordinates>-59.168590,-13.843990,0 -59.168460,-13.844030,0</coordinates></LineString></Placemark>
<Placemark><name>divisa 36</name><styleUrl>#malha</styleUrl><LineString><tessellate>1</tessellate><coordinates>-59.168460,-13.844030,0 -59.168590,-13.843990,0</coordinates></LineString></Placemark>
<Placemark><name>divisa 37</name><styleUrl>#malha</styleUrl><LineString><tessellate>1</tessellate><coordinates>-59.157510,-13.846840,0 -59.168460,-13.844030,0</coordinates></LineString></Placemark>
<Placemark><name>divisa 38</name><styleUrl>#malha</styleUrl><LineString><tessellate>1</tessellate><coordinates>-59.168460,-13.844030,0 -59.162280,-13.845450,0</coordinates></LineString></Placemark>
<Placemark><name>divisa 39</name><styleUrl>#malha</styleUrl><LineString><tessellate>1</tessellate><coordinates>-59.165080,-13.858980,0 -59.171690,-13.857220,0 -59.173950,-13.864500,0 -59.158290,-13.867020,0 -59.157560,-13.867850,0 -59.153480,-13.864640,0 -59.152840,-13.862250,0 -59.155280,-13.861590,0</coordinates></LineString></Placemark>
<Placemark><name>divisa 40</name><styleUrl>#malha</styleUrl><LineString><tessellate>1</tessellate><coordinates>-59.165080,-13.858980,0 -59.158540,-13.860720,0</coordinates></LineString></Placemark>
<Placemark><name>divisa 41</name><styleUrl>#malha</styleUrl><LineString><tessellate>1</tessellate><coordinates>-59.158540,-13.860720,0 -59.165080,-13.858980,0</coordinates></LineString></Placemark>
<Placemark><name>divisa 42</name><styleUrl>#malha</styleUrl><LineString><tessellate>1</tessellate><coordinates>-59.163910,-13.828330,0 -59.164270,-13.830950,0</coordinates></LineString></Placemark>
<Placemark><name>divisa 43</name><styleUrl>#malha</styleUrl><LineString><tessellate>1</tessellate><coordinates>-59.163910,-13.828330,0 -59.166360,-13.828200,0 -59.165710,-13.822990,0 -59.163350,-13.823200,0 -59.162710,-13.817790,0 -59.166400,-13.816790,0 -59.167510,-13.830080,0 -59.164270,-13.830950,0</coordinates></LineString></Placemark>
<Placemark><name>divisa 44</name><styleUrl>#malha</styleUrl><LineString><tessellate>1</tessellate><coordinates>-59.164270,-13.830950,0 -59.164300,-13.831100,0 -59.163790,-13.831260,0</coordinates></LineString></Placemark>
<Placemark><name>divisa 45</name><styleUrl>#malha</styleUrl><LineString><tessellate>1</tessellate><coordinates>-59.164270,-13.830950,0 -59.164080,-13.831000,0 -59.163800,-13.828330,0 -59.163910,-13.828330,0</coordinates></LineString></Placemark>
<Placemark><name>divisa 46</name><styleUrl>#malha</styleUrl><LineString><tessellate>1</tessellate><coordinates>-59.159600,-13.818260,0 -59.162610,-13.817640,0 -59.163910,-13.828330,0</coordinates></LineString></Placemark>
<Placemark><name>divisa 47</name><styleUrl>#malha</styleUrl><LineString><tessellate>1</tessellate><coordinates>-59.163790,-13.831260,0 -59.161360,-13.831990,0</coordinates></LineString></Placemark>
<Placemark><name>divisa 48</name><styleUrl>#malha</styleUrl><LineString><tessellate>1</tessellate><coordinates>-59.161360,-13.831990,0 -59.161360,-13.831890,0 -59.163790,-13.831260,0</coordinates></LineString></Placemark>
<Placemark><name>divisa 49</name><styleUrl>#malha</styleUrl><LineString><tessellate>1</tessellate><coordinates>-59.162040,-13.842240,0 -59.162280,-13.845450,0</coordinates></LineString></Placemark>
<Placemark><name>divisa 50</name><styleUrl>#malha</styleUrl><LineString><tessellate>1</tessellate><coordinates>-59.162280,-13.845450,0 -59.157600,-13.846620,0 -59.156420,-13.833250,0 -59.160790,-13.832090,0</coordinates></LineString></Placemark>
<Placemark><name>divisa 51</name><styleUrl>#malha</styleUrl><LineString><tessellate>1</tessellate><coordinates>-59.162280,-13.845450,0 -59.162040,-13.842240,0</coordinates></LineString></Placemark>
<Placemark><name>divisa 52</name><styleUrl>#malha</styleUrl><LineString><tessellate>1</tessellate><coordinates>-59.161300,-13.832010,0 -59.162040,-13.842240,0</coordinates></LineString></Placemark>
<Placemark><name>divisa 53</name><styleUrl>#malha</styleUrl><LineString><tessellate>1</tessellate><coordinates>-59.162040,-13.842240,0 -59.161360,-13.831990,0</coordinates></LineString></Placemark>
<Placemark><name>divisa 54</name><styleUrl>#malha</styleUrl><LineString><tessellate>1</tessellate><coordinates>-59.161360,-13.831990,0 -59.161300,-13.832010,0</coordinates></LineString></Placemark>
<Placemark><name>divisa 55</name><styleUrl>#malha</styleUrl><LineString><tessellate>1</tessellate><coordinates>-59.160990,-13.832030,0 -59.161300,-13.832010,0</coordinates></LineString></Placemark>
<Placemark><name>divisa 56</name><styleUrl>#malha</styleUrl><LineString><tessellate>1</tessellate><coordinates>-59.161300,-13.832010,0 -59.160990,-13.832030,0</coordinates></LineString></Placemark>
<Placemark><name>divisa 57</name><styleUrl>#malha</styleUrl><LineString><tessellate>1</tessellate><coordinates>-59.160990,-13.832030,0 -59.160430,-13.826620,0</coordinates></LineString></Placemark>
<Placemark><name>divisa 58</name><styleUrl>#malha</styleUrl><LineString><tessellate>1</tessellate><coordinates>-59.160960,-13.832040,0 -59.160990,-13.832030,0</coordinates></LineString></Placemark>
<Placemark><name>divisa 59</name><styleUrl>#malha</styleUrl><LineString><tessellate>1</tessellate><coordinates>-59.160430,-13.826620,0 -59.160960,-13.832040,0</coordinates></LineString></Placemark>
<Placemark><name>divisa 60</name><styleUrl>#malha</styleUrl><LineString><tessellate>1</tessellate><coordinates>-59.160960,-13.832040,0 -59.160790,-13.832090,0</coordinates></LineString></Placemark>
<Placemark><name>divisa 61</name><styleUrl>#malha</styleUrl><LineString><tessellate>1</tessellate><coordinates>-59.160790,-13.832090,0 -59.160960,-13.832040,0</coordinates></LineString></Placemark>
<Placemark><name>divisa 62</name><styleUrl>#malha</styleUrl><LineString><tessellate>1</tessellate><coordinates>-59.160790,-13.832090,0 -59.156570,-13.833080,0 -59.155370,-13.819450,0 -59.159590,-13.818180,0 -59.159600,-13.818260,0</coordinates></LineString></Placemark>
<Placemark><name>divisa 63</name><styleUrl>#malha</styleUrl><LineString><tessellate>1</tessellate><coordinates>-59.160430,-13.826620,0 -59.159600,-13.818260,0</coordinates></LineString></Placemark>
<Placemark><name>divisa 64</name><styleUrl>#malha</styleUrl><LineString><tessellate>1</tessellate><coordinates>-59.159600,-13.818260,0 -59.160430,-13.826620,0</coordinates></LineString></Placemark>
<Placemark><name>divisa 65</name><styleUrl>#malha</styleUrl><LineString><tessellate>1</tessellate><coordinates>-59.158540,-13.860720,0 -59.158160,-13.855620,0</coordinates></LineString></Placemark>
<Placemark><name>divisa 66</name><styleUrl>#malha</styleUrl><LineString><tessellate>1</tessellate><coordinates>-59.158500,-13.860740,0 -59.158540,-13.860720,0</coordinates></LineString></Placemark>
<Placemark><name>divisa 67</name><styleUrl>#malha</styleUrl><LineString><tessellate>1</tessellate><coordinates>-59.158160,-13.855620,0 -59.158500,-13.860740,0</coordinates></LineString></Placemark>
<Placemark><name>divisa 68</name><styleUrl>#malha</styleUrl><LineString><tessellate>1</tessellate><coordinates>-59.158500,-13.860740,0 -59.155280,-13.861590,0</coordinates></LineString></Placemark>
<Placemark><name>divisa 69</name><styleUrl>#malha</styleUrl><LineString><tessellate>1</tessellate><coordinates>-59.155280,-13.861590,0 -59.158500,-13.860740,0</coordinates></LineString></Placemark>
<Placemark><name>divisa 70</name><styleUrl>#malha</styleUrl><LineString><tessellate>1</tessellate><coordinates>-59.158160,-13.855620,0 -59.157840,-13.851320,0</coordinates></LineString></Placemark>
<Placemark><name>divisa 71</name><styleUrl>#malha</styleUrl><LineString><tessellate>1</tessellate><coordinates>-59.157840,-13.851320,0 -59.158160,-13.855620,0</coordinates></LineString></Placemark>
<Placemark><name>divisa 72</name><styleUrl>#malha</styleUrl><LineString><tessellate>1</tessellate><coordinates>-59.157840,-13.851320,0 -59.157680,-13.849210,0</coordinates></LineString></Placemark>
<Placemark><name>divisa 73</name><styleUrl>#malha</styleUrl><LineString><tessellate>1</tessellate><coordinates>-59.157840,-13.851320,0 -59.157840,-13.851320,0</coordinates></LineString></Placemark>
<Placemark><name>divisa 74</name><styleUrl>#malha</styleUrl><LineString><tessellate>1</tessellate><coordinates>-59.157680,-13.849210,0 -59.157840,-13.851320,0</coordinates></LineString></Placemark>
<Placemark><name>divisa 75</name><styleUrl>#malha</styleUrl><LineString><tessellate>1</tessellate><coordinates>-59.157840,-13.851320,0 -59.157790,-13.851340,0</coordinates></LineString></Placemark>
<Placemark><name>divisa 76</name><styleUrl>#malha</styleUrl><LineString><tessellate>1</tessellate><coordinates>-59.157790,-13.851330,0 -59.157840,-13.851320,0</coordinates></LineString></Placemark>
<Placemark><name>divisa 77</name><styleUrl>#malha</styleUrl><LineString><tessellate>1</tessellate><coordinates>-59.157790,-13.851330,0 -59.157790,-13.851340,0</coordinates></LineString></Placemark>
<Placemark><name>divisa 78</name><styleUrl>#malha</styleUrl><LineString><tessellate>1</tessellate><coordinates>-59.157790,-13.851340,0 -59.157810,-13.851590,0 -59.150500,-13.852750,0 -59.150340,-13.852240,0</coordinates></LineString></Placemark>
<Placemark><name>divisa 79</name><styleUrl>#malha</styleUrl><LineString><tessellate>1</tessellate><coordinates>-59.157790,-13.851340,0 -59.156310,-13.851650,0</coordinates></LineString></Placemark>
<Placemark><name>divisa 80</name><styleUrl>#malha</styleUrl><LineString><tessellate>1</tessellate><coordinates>-59.149850,-13.849150,0 -59.157420,-13.847090,0 -59.157790,-13.851330,0</coordinates></LineString></Placemark>
<Placemark><name>divisa 81</name><styleUrl>#malha</styleUrl><LineString><tessellate>1</tessellate><coordinates>-59.156310,-13.851650,0 -59.157790,-13.851330,0</coordinates></LineString></Placemark>
<Placemark><name>divisa 82</name><styleUrl>#malha</styleUrl><LineString><tessellate>1</tessellate><coordinates>-59.157680,-13.849210,0 -59.157510,-13.846840,0</coordinates></LineString></Placemark>
<Placemark><name>divisa 83</name><styleUrl>#malha</styleUrl><LineString><tessellate>1</tessellate><coordinates>-59.157510,-13.846840,0 -59.157680,-13.849210,0</coordinates></LineString></Placemark>
<Placemark><name>divisa 84</name><styleUrl>#malha</styleUrl><LineString><tessellate>1</tessellate><coordinates>-59.149850,-13.849150,0 -59.149830,-13.848900,0 -59.157510,-13.846840,0</coordinates></LineString></Placemark>
<Placemark><name>divisa 85</name><styleUrl>#malha</styleUrl><LineString><tessellate>1</tessellate><coordinates>-59.150340,-13.852240,0 -59.155580,-13.851830,0 -59.156310,-13.851650,0</coordinates></LineString></Placemark>
<Placemark><name>divisa 86</name><styleUrl>#malha</styleUrl><LineString><tessellate>1</tessellate><coordinates>-59.156310,-13.851650,0 -59.155450,-13.851830,0 -59.150330,-13.852230,0</coordinates></LineString></Placemark>
<Placemark><name>divisa 87</name><styleUrl>#malha</styleUrl><LineString><tessellate>1</tessellate><coordinates>-59.155280,-13.861590,0 -59.153010,-13.862160,0 -59.151760,-13.856910,0 -59.150830,-13.853630,0 -59.150560,-13.852910,0 -59.150330,-13.852740,0 -59.150130,-13.852260,0 -59.150340,-13.852240,0</coordinates></LineString></Placemark>
<Placemark><name>divisa 88</name><styleUrl>#malha</styleUrl><LineString><tessellate>1</tessellate><coordinates>-59.150340,-13.852240,0 -59.150330,-13.852230,0</coordinates></LineString></Placemark>
<Placemark><name>divisa 89</name><styleUrl>#malha</styleUrl><LineString><tessellate>1</tessellate><coordinates>-59.150330,-13.852230,0 -59.150030,-13.851310,0</coordinates></LineString></Placemark>
<Placemark><name>divisa 90</name><styleUrl>#malha</styleUrl><LineString><tessellate>1</tessellate><coordinates>-59.150330,-13.852230,0 -59.150110,-13.852250,0 -59.150030,-13.851310,0</coordinates></LineString></Placemark>
<Placemark><name>divisa 91</name><styleUrl>#malha</styleUrl><LineString><tessellate>1</tessellate><coordinates>-59.150030,-13.851310,0 -59.149860,-13.850780,0 -59.149760,-13.849180,0 -59.149850,-13.849150,0</coordinates></LineString></Placemark>
<Placemark><name>divisa 92</name><styleUrl>#malha</styleUrl><LineString><tessellate>1</tessellate><coordinates>-59.150030,-13.851310,0 -59.149850,-13.849150,0</coordinates></LineString></Placemark>
<Placemark><name>divisa 93</name><styleUrl>#malha</styleUrl><LineString><tessellate>1</tessellate><coordinates>-59.205910,-13.805390,0 -59.206000,-13.805780,0 -59.205170,-13.811020,0 -59.204540,-13.812420,0 -59.204160,-13.813830,0 -59.196690,-13.816510,0 -59.190630,-13.819150,0 -59.189990,-13.810070,0 -59.205910,-13.805390,0</coordinates></LineString></Placemark>
<Placemark><name>divisa 94</name><styleUrl>#malha</styleUrl><LineString><tessellate>1</tessellate><coordinates>-59.197550,-13.850250,0 -59.199180,-13.855810,0 -59.199270,-13.856750,0 -59.192670,-13.860690,0 -59.190470,-13.852120,0 -59.197550,-13.850250,0</coordinates></LineString></Placemark>
<Placemark><name>divisa 95</name><styleUrl>#malha</styleUrl><LineString><tessellate>1</tessellate><coordinates>-59.184270,-13.860170,0 -59.185680,-13.864920,0 -59.180720,-13.867880,0 -59.178850,-13.861680,0 -59.184270,-13.860170,0</coordinates></LineString></Placemark>
<Placemark><name>divisa 96</name><styleUrl>#malha</styleUrl><LineString><tessellate>1</tessellate><coordinates>-59.178790,-13.827370,0 -59.179820,-13.840940,0 -59.176760,-13.841690,0 -59.178790,-13.827370,0</coordinates></LineString></Placemark>
<Placemark><name>divisa 97</name><styleUrl>#malha</styleUrl><LineString><tessellate>1</tessellate><coordinates>-59.177340,-13.841680,0 -59.178770,-13.841260,0 -59.182470,-13.854320,0 -59.174220,-13.856550,0 -59.176690,-13.846980,0 -59.177340,-13.841680,0</coordinates></LineString></Placemark>
<Placemark><name>divisa 98</name><styleUrl>#malha</styleUrl><LineString><tessellate>1</tessellate><coordinates>-59.176570,-13.847160,0 -59.174190,-13.856520,0 -59.171930,-13.857160,0 -59.169360,-13.848620,0 -59.169190,-13.847790,0 -59.168900,-13.843890,0 -59.177300,-13.841660,0 -59.176570,-13.847160,0</coordinates></LineString></Placemark>
<Placemark><name>divisa 99</name><styleUrl>#malha</styleUrl><LineString><tessellate>1</tessellate><coordinates>-59.174040,-13.864520,0 -59.175880,-13.870710,0 -59.170370,-13.873860,0 -59.158310,-13.867040,0 -59.174040,-13.864520,0</coordinates></LineString></Placemark>
<Placemark><name>divisa 100</name><styleUrl>#malha</styleUrl><LineString><tessellate>1</tessellate><coordinates>-59.171950,-13.857200,0 -59.182570,-13.854390,0 -59.184260,-13.860120,0 -59.178810,-13.861650,0 -59.180690,-13.867900,0 -59.176110,-13.870580,0 -59.171950,-13.857200,0</coordinates></LineString></Placemark>
<Placemark><name>divisa 101</name><styleUrl>#malha</styleUrl><LineString><tessellate>1</tessellate><coordinates>-59.156390,-13.833130,0 -59.147260,-13.835830,0 -59.146910,-13.833870,0 -59.146310,-13.832660,0 -59.146140,-13.831500,0 -59.145670,-13.829950,0 -59.144900,-13.827870,0 -59.142920,-13.824750,0 -59.142670,-13.824080,0 -59.142620,-13.823200,0 -59.155200,-13.819540,0 -59.156390,-13.833130,0</coordinates></LineString></Placemark>
<Placemark><name>divisa 102</name><styleUrl>#malha</styleUrl><LineString><tessellate>1</tessellate><coordinates>-59.149830,-13.848870,0 -59.149580,-13.846660,0 -59.148760,-13.843500,0 -59.148720,-13.841870,0 -59.147940,-13.838830,0 -59.147940,-13.838040,0 -59.147560,-13.837040,0 -59.147300,-13.835910,0 -59.156270,-13.833290,0 -59.157500,-13.846820,0 -59.149830,-13.848870,0</coordinates></LineString></Placemark>
</Folder><Folder><name>Estradas extras</name>
<Placemark><name>ESTRADA 01 - PONTE DE PEDRA</name><styleUrl>#extra</styleUrl><LineString><tessellate>1</tessellate><coordinates>-57.475096,-13.560327,0 -57.475134,-13.559923,0 -57.474906,-13.559553,0 -57.474968,-13.559292,0 -57.475702,-13.558849,0 -57.476770,-13.558147,0 -57.477580,-13.557621,0 -57.478202,-13.557300,0 -57.480029,-13.556653,0 -57.481029,-13.556374,0 -57.482240,-13.556040,0 -57.484200,-13.555561,0 -57.485734,-13.554956,0 -57.486822,-13.557173,0 -57.489803,-13.563659,0 -57.498769,-13.583329,0 -57.498800,-13.583550,0 -57.498716,-13.583704,0 -57.498448,-13.583975,0 -57.498246,-13.584218,0 -57.497385,-13.584833,0 -57.497275,-13.584849,0 -57.497085,-13.584700,0 -57.495840,-13.583848,0 -57.495580,-13.583655,0 -57.494108,-13.582625,0 -57.492241,-13.581418,0 -57.491265,-13.580706,0 -57.491104,-13.580539,0 -57.490087,-13.579624,0 -57.489851,-13.579535,0 -57.489586,-13.579496,0 -57.489350,-13.579410,0 -57.488703,-13.579043,0 -57.488228,-13.578740,0 -57.486530,-13.577490,0 -57.486005,-13.577017,0 -57.485715,-13.576219,0 -57.485605,-13.575935,0 -57.485501,-13.575627,0 -57.485407,-13.575233,0 -57.485393,-13.574430,0 -57.485372,-13.573659,0 -57.485299,-13.572274,0 -57.485286,-13.571750,0 -57.485203,-13.570410,0 -57.485109,-13.570063,0 -57.484658,-13.568606,0 -57.484307,-13.567487,0 -57.484189,-13.566804,0 -57.483543,-13.566968,0 -57.483170,-13.566989,0 -57.481933,-13.567226,0 -57.481335,-13.567372,0 -57.480555,-13.567563,0 -57.480064,-13.567602,0 -57.479761,-13.567492,0 -57.479514,-13.567325,0 -57.479213,-13.567187,0 -57.478755,-13.567005,0 -57.478366,-13.566830,0 -57.477792,-13.566554,0 -57.477470,-13.566454,0 -57.477270,-13.566410,0 -57.476451,-13.567273,0 -57.475834,-13.567907,0 -57.474064,-13.569761,0 -57.472017,-13.571849,0 -57.471513,-13.572347,0 -57.471725,-13.572663,0 -57.476711,-13.577215,0 -57.478935,-13.579259,0 -57.480791,-13.580967,0 -57.481504,-13.581652,0 -57.491840,-13.590690,0 -57.491891,-13.590724,0 -57.493703,-13.588872,0 -57.488751,-13.593966,0 -57.442907,-13.641295,0 -57.437745,-13.646644,0 -57.436604,-13.647817,0 -57.436502,-13.647942,0 -57.435603,-13.648883,0 -57.433404,-13.651145,0 -57.430794,-13.653858,0 -57.429737,-13.655029,0 -57.429684,-13.655094,0</coordinates></LineString></Placemark>
<Placemark><name>ESTRADA 02 - PONTE DE PEDRA</name><styleUrl>#extra</styleUrl><LineString><tessellate>1</tessellate><coordinates>-57.428880,-13.515290,0 -57.428552,-13.515950,0 -57.425945,-13.524681,0 -57.423796,-13.531780,0 -57.423737,-13.531999,0</coordinates></LineString></Placemark>
<Placemark><name>ESTRADA 03 - PONTE DE PEDRA</name><styleUrl>#extra</styleUrl><LineString><tessellate>1</tessellate><coordinates>-57.414387,-13.517092,0 -57.409830,-13.527850,0 -57.409841,-13.527987,0 -57.436234,-13.535706,0 -57.441820,-13.537430,0 -57.443859,-13.537996,0 -57.445898,-13.538587,0 -57.448820,-13.539458,0 -57.450873,-13.540082,0 -57.451461,-13.540338,0 -57.452585,-13.540879,0 -57.454021,-13.541600,0 -57.454567,-13.541879,0 -57.455255,-13.542066,0 -57.455583,-13.542102,0 -57.457201,-13.542176,0 -57.458316,-13.542246,0 -57.458640,-13.542377,0 -57.458638,-13.542541,0 -57.458727,-13.542716,0 -57.458759,-13.542893,0 -57.459739,-13.544986,0 -57.459987,-13.545326,0 -57.461135,-13.546784,0 -57.461350,-13.547180,0 -57.461634,-13.547738,0 -57.461865,-13.548103,0 -57.462364,-13.548656,0 -57.462444,-13.548656,0 -57.462520,-13.548850,0 -57.462670,-13.549167,0 -57.462852,-13.549501,0 -57.463002,-13.549824,0 -57.463297,-13.550570,0 -57.463490,-13.550867,0 -57.463802,-13.551368,0 -57.464198,-13.551738,0 -57.464697,-13.551868,0 -57.466820,-13.552560,0 -57.467047,-13.552656,0 -57.467347,-13.552937,0 -57.467510,-13.553150,0 -57.467675,-13.553344,0 -57.467927,-13.553788,0 -57.468318,-13.554343,0 -57.468989,-13.555102,0 -57.469466,-13.555522,0 -57.469651,-13.555654,0 -57.470767,-13.556421,0 -57.471443,-13.556870,0 -57.472554,-13.557521,0 -57.473439,-13.557931,0 -57.474353,-13.558544,0 -57.474646,-13.558890,0 -57.474968,-13.559292,0</coordinates></LineString></Placemark>
<Placemark><name>ESTRADA 04 - PONTE DE PEDRA</name><styleUrl>#extra</styleUrl><LineString><tessellate>1</tessellate><coordinates>-57.441705,-13.537422,0 -57.440472,-13.539190,0 -57.439452,-13.540546,0 -57.438229,-13.542205,0 -57.437001,-13.543837,0 -57.432901,-13.549323,0 -57.430969,-13.551935,0 -57.429469,-13.553926,0 -57.429362,-13.554108,0 -57.429343,-13.554279,0 -57.429382,-13.554412,0 -57.429496,-13.554546,0 -57.429697,-13.554687,0 -57.430002,-13.554807,0 -57.430368,-13.554958,0 -57.430974,-13.555248,0 -57.431417,-13.555407,0 -57.432055,-13.555610,0 -57.432508,-13.555725,0 -57.432948,-13.555759,0 -57.433568,-13.555459,0 -57.434380,-13.555034,0 -57.434791,-13.554964,0 -57.435137,-13.554977,0 -57.435528,-13.555052,0 -57.435783,-13.555117,0 -57.436350,-13.555330,0 -57.437207,-13.555923,0 -57.437615,-13.556160,0 -57.438101,-13.556439,0 -57.438599,-13.556786,0 -57.439018,-13.556969,0 -57.439544,-13.557196,0 -57.440018,-13.557323,0 -57.440300,-13.557490,0 -57.440507,-13.557754,0 -57.440893,-13.558431,0 -57.440965,-13.558737,0 -57.441160,-13.559550,0 -57.441595,-13.559965,0 -57.442183,-13.560606,0 -57.442454,-13.560877,0 -57.442698,-13.561146,0 -57.443057,-13.561623,0 -57.443272,-13.561829,0 -57.443430,-13.561871,0 -57.443425,-13.562210,0 -57.443430,-13.562450,0 -57.443500,-13.562770,0 -57.443631,-13.562945,0 -57.444224,-13.563508,0 -57.444688,-13.563863,0 -57.445620,-13.564540,0 -57.446386,-13.565151,0 -57.447276,-13.565993,0 -57.447400,-13.566180,0 -57.447555,-13.566319,0 -57.447633,-13.566548,0 -57.447901,-13.566955,0 -57.448145,-13.567297,0 -57.449385,-13.568984,0 -57.450087,-13.569904,0 -57.450492,-13.570509,0 -57.451160,-13.571410,0 -57.452170,-13.572660,0 -57.452799,-13.573580,0 -57.453008,-13.573776,0 -57.453153,-13.574024,0 -57.453424,-13.574443,0 -57.453537,-13.574767,0 -57.453542,-13.575249,0 -57.453526,-13.575564,0 -57.453491,-13.575802,0 -57.453494,-13.578508,0 -57.452880,-13.580239,0 -57.452700,-13.580557,0 -57.451587,-13.581668,0 -57.450972,-13.581970,0 -57.449647,-13.582296,0 -57.448870,-13.582416,0 -57.447896,-13.582886,0 -57.445919,-13.583863,0 -57.445627,-13.584426,0 -57.444460,-13.586228,0 -57.444235,-13.587065,0 -57.444187,-13.588079,0 -57.444157,-13.588277,0 -57.443967,-13.588726,0 -57.443851,-13.588958,0 -57.443540,-13.589203,0 -57.442743,-13.589630,0 -57.442135,-13.589865,0 -57.441848,-13.590034,0 -57.440375,-13.591004,0 -57.439222,-13.591745,0 -57.438610,-13.591927,0 -57.437591,-13.592305,0 -57.436132,-13.592725,0 -57.435864,-13.592722,0 -57.435646,-13.592696,0 -57.435515,-13.592605,0 -57.435241,-13.592378,0 -57.435046,-13.592130,0 -57.434850,-13.591961,0 -57.434329,-13.591982,0 -57.433417,-13.592144,0 -57.433214,-13.592039,0 -57.433086,-13.591915,0 -57.433027,-13.591833,0 -57.432826,-13.591567,0 -57.432763,-13.591441,0 -57.432633,-13.591230,0 -57.432463,-13.590957,0 -57.432367,-13.590800,0 -57.432263,-13.590659,0 -57.432196,-13.590532,0 -57.431990,-13.590220,0 -57.431893,-13.590015,0 -57.431764,-13.589775,0 -57.431665,-13.589570,0 -57.431537,-13.589300,0 -57.431447,-13.589117,0 -57.431374,-13.588971,0 -57.431170,-13.588758,0 -57.430942,-13.588617,0 -57.430624,-13.588535,0 -57.430330,-13.588513,0 -57.430187,-13.588524,0 -57.429941,-13.588524,0 -57.429623,-13.588538,0 -57.429402,-13.588542,0 -57.426682,-13.588475,0 -57.425838,-13.588486,0 -57.425148,-13.588546,0 -57.424440,-13.588520,0 -57.423311,-13.588499,0 -57.422200,-13.588488,0 -57.421940,-13.588423,0 -57.421795,-13.588348,0 -57.420736,-13.587571,0 -57.420444,-13.587485,0 -57.419658,-13.587581,0 -57.417209,-13.587967,0 -57.415382,-13.588209,0 -57.415028,-13.588202,0 -57.414199,-13.588204,0 -57.413596,-13.587998,0 -57.413065,-13.587847,0 -57.412759,-13.587737,0 -57.412590,-13.587730,0 -57.411930,-13.587513,0 -57.411410,-13.587340,0 -57.410804,-13.586932,0 -57.410342,-13.586697,0 -57.410058,-13.586538,0 -57.409441,-13.586225,0 -57.408494,-13.585727,0 -57.407204,-13.584930,0 -57.406829,-13.584713,0 -57.406628,-13.584708,0 -57.406560,-13.584765,0 -57.405903,-13.585654,0 -57.405506,-13.586178,0 -57.404924,-13.586958,0 -57.404087,-13.588113,0 -57.403363,-13.589075,0</coordinates></LineString></Placemark>
<Placemark><name>ESTRADA 05 - PONTE DE PEDRA</name><styleUrl>#extra</styleUrl><LineString><tessellate>1</tessellate><coordinates>-57.412740,-13.587826,0 -57.413344,-13.588348,0 -57.413717,-13.588668,0 -57.415828,-13.590592,0 -57.416565,-13.591283,0 -57.417933,-13.592566,0 -57.418925,-13.593460,0 -57.420178,-13.594599,0 -57.421299,-13.595660,0 -57.422520,-13.596763,0 -57.423877,-13.598035,0 -57.425910,-13.599913,0 -57.427374,-13.601266,0 -57.428659,-13.602457,0 -57.429724,-13.603414,0 -57.431229,-13.604816,0 -57.433042,-13.606490,0 -57.434970,-13.608268,0 -57.435920,-13.609190,0 -57.443851,-13.616487,0 -57.446359,-13.618818,0 -57.449484,-13.621719,0 -57.449213,-13.622600,0 -57.449047,-13.623051,0 -57.449505,-13.624042,0 -57.449736,-13.624284,0 -57.450106,-13.624660,0 -57.450320,-13.624780,0 -57.450538,-13.624868,0 -57.451697,-13.625337,0 -57.452104,-13.625530,0 -57.452485,-13.625640,0 -57.452933,-13.625684,0 -57.453416,-13.625726,0 -57.454003,-13.625757,0 -57.454328,-13.625681,0 -57.456230,-13.627400,0 -57.456230,-13.627400,0</coordinates></LineString></Placemark>
<Placemark><name>ESTRADA 06 - PONTE DE PEDRA</name><styleUrl>#extra</styleUrl><LineString><tessellate>1</tessellate><coordinates>-57.427159,-13.637939,0 -57.428184,-13.636873,0 -57.429004,-13.636025,0 -57.432758,-13.632180,0 -57.435383,-13.629521,0 -57.437092,-13.627780,0 -57.439383,-13.625405,0 -57.441475,-13.623247,0 -57.444492,-13.620126,0 -57.446195,-13.618390,0 -57.447985,-13.616495,0 -57.449841,-13.614589,0 -57.451592,-13.612754,0 -57.453295,-13.610989,0 -57.455049,-13.609183,0 -57.456881,-13.607241,0 -57.458690,-13.605350,0 -57.460054,-13.603912,0 -57.461680,-13.602233,0 -57.463909,-13.599928,0 -57.465628,-13.598174,0 -57.467718,-13.595994,0 -57.469558,-13.594081,0 -57.471160,-13.592420,0 -57.472441,-13.591085,0 -57.474099,-13.589372,0 -57.478940,-13.584340,0 -57.480622,-13.582604,0 -57.481520,-13.581700,0 -57.481543,-13.581673,0</coordinates></LineString></Placemark>
<Placemark><name>ESTRADA 07 - PONTE DE PEDRA</name><styleUrl>#extra</styleUrl><LineString><tessellate>1</tessellate><coordinates>-57.471450,-13.572380,0 -57.471513,-13.572347,0 -57.471140,-13.572728,0 -57.470925,-13.572952,0 -57.468774,-13.575194,0 -57.466425,-13.577666,0 -57.465851,-13.578240,0 -57.461983,-13.582255,0 -57.461227,-13.583021,0 -57.460218,-13.584069,0 -57.455782,-13.588653,0 -57.452252,-13.592308,0 -57.448540,-13.596182,0 -57.435810,-13.609363,0 -57.430054,-13.615343,0 -57.427769,-13.617710,0 -57.425226,-13.620348,0 -57.424861,-13.620708,0 -57.424349,-13.621339,0 -57.423497,-13.622270,0 -57.423268,-13.622500,0 -57.422805,-13.622985,0 -57.422758,-13.622944,0 -57.422536,-13.623119,0 -57.421948,-13.623724,0 -57.416740,-13.629120,0 -57.411203,-13.634857,0 -57.410820,-13.635200,0</coordinates></LineString></Placemark>
<Placemark><name>ESTRADA 08 - PONTE DE PEDRA</name><styleUrl>#extra</styleUrl><LineString><tessellate>1</tessellate><coordinates>-57.442074,-13.589871,0 -57.442258,-13.590066,0 -57.442832,-13.590621,0 -57.443654,-13.591356,0 -57.444113,-13.591790,0 -57.446373,-13.593901,0 -57.447106,-13.594571,0 -57.448498,-13.595891,0 -57.448768,-13.596128,0 -57.449241,-13.596549,0 -57.450124,-13.597368,0 -57.450808,-13.598026,0 -57.451805,-13.598947,0 -57.452601,-13.599695,0 -57.453892,-13.600897,0 -57.455173,-13.602075,0 -57.456470,-13.603296,0 -57.457632,-13.604356,0 -57.458845,-13.605495,0 -57.459431,-13.606018,0 -57.460146,-13.606695,0 -57.461532,-13.607969,0 -57.462962,-13.609301,0 -57.464404,-13.610611,0 -57.466391,-13.612469,0 -57.468714,-13.614580,0</coordinates></LineString></Placemark>
<Placemark><name>ESTRADA 09 - PONTE DE PEDRA</name><styleUrl>#extra</styleUrl><LineString><tessellate>1</tessellate><coordinates>-57.439530,-13.540480,0 -57.440555,-13.541602,0 -57.441424,-13.542614,0 -57.442561,-13.543887,0 -57.443336,-13.544810,0 -57.444323,-13.545910,0 -57.445318,-13.547005,0 -57.445396,-13.547159,0 -57.446397,-13.548286,0 -57.447290,-13.549297,0 -57.447590,-13.549621,0 -57.447955,-13.550086,0 -57.448486,-13.550656,0 -57.448609,-13.550791,0 -57.449236,-13.551514,0 -57.449386,-13.551696,0 -57.449932,-13.552296,0 -57.450110,-13.552563,0 -57.450271,-13.552735,0 -57.450365,-13.552825,0 -57.450523,-13.552979,0 -57.451027,-13.553563,0 -57.451187,-13.553768,0 -57.451345,-13.553885,0 -57.451601,-13.554100,0 -57.451823,-13.554291,0 -57.452351,-13.554804,0 -57.452725,-13.555146,0 -57.452932,-13.555342,0 -57.453488,-13.555860,0 -57.454030,-13.556343,0 -57.454274,-13.556576,0 -57.454783,-13.557036,0 -57.455434,-13.557630,0 -57.456061,-13.558202,0 -57.456586,-13.558697,0 -57.457198,-13.559249,0 -57.457417,-13.559451,0 -57.458111,-13.560083,0 -57.458882,-13.560816,0 -57.459128,-13.561042,0 -57.460209,-13.562032,0 -57.460869,-13.562632,0 -57.461380,-13.563080,0 -57.461491,-13.563211,0 -57.461755,-13.563433,0 -57.462460,-13.564095,0 -57.463384,-13.564964,0 -57.464174,-13.565689,0 -57.465043,-13.566481,0 -57.465916,-13.567278,0 -57.466767,-13.568087,0 -57.467925,-13.569150,0 -57.468864,-13.570007,0 -57.469812,-13.570852,0 -57.470472,-13.571519,0 -57.471450,-13.572380,0</coordinates></LineString></Placemark>
<Placemark><name>ESTRADA 10 - PONTE DE PEDRA</name><styleUrl>#extra</styleUrl><LineString><tessellate>1</tessellate><coordinates>-57.469072,-13.555177,0 -57.468613,-13.555537,0 -57.468112,-13.556069,0 -57.466502,-13.557720,0 -57.465084,-13.559229,0 -57.463708,-13.560643,0 -57.461728,-13.562700,0 -57.461347,-13.563097,0 -57.460679,-13.563775,0 -57.458672,-13.565870,0 -57.456163,-13.568487,0 -57.454006,-13.570744,0 -57.452170,-13.572660,0</coordinates></LineString></Placemark>
<Placemark><name>ESTRADA 11 - PONTE DE PEDRA</name><styleUrl>#extra</styleUrl><LineString><tessellate>1</tessellate><coordinates>-57.474101,-13.569721,0 -57.473726,-13.569407,0 -57.473486,-13.569174,0 -57.470250,-13.566203,0 -57.468820,-13.564878,0 -57.467327,-13.563506,0 -57.465368,-13.561695,0 -57.464000,-13.560430,0 -57.463957,-13.560387,0</coordinates></LineString></Placemark>
<Placemark><name>ESTRADA 12 - PONTE DE PEDRA</name><styleUrl>#extra</styleUrl><LineString><tessellate>1</tessellate><coordinates>-57.475767,-13.547235,0 -57.479683,-13.548387,0 -57.483288,-13.549438,0 -57.483725,-13.549595,0</coordinates></LineString></Placemark>
<Placemark><name>ESTRADA 13 - PONTE DE PEDRA</name><styleUrl>#extra</styleUrl><LineString><tessellate>1</tessellate><coordinates>-57.483430,-13.549563,0 -57.484100,-13.551232,0 -57.485480,-13.554232,0 -57.485788,-13.554924,0 -57.485734,-13.554956,0</coordinates></LineString></Placemark>
<Placemark><name>ESTRADA 14 - PONTE DE PEDRA</name><styleUrl>#extra</styleUrl><LineString><tessellate>1</tessellate><coordinates>-57.403363,-13.589075,0 -57.402384,-13.590394,0 -57.402620,-13.590986,0 -57.402996,-13.591870,0 -57.403428,-13.592764,0 -57.404031,-13.594120,0 -57.404444,-13.595017,0 -57.404928,-13.596208,0 -57.404896,-13.596530,0 -57.404749,-13.597105,0 -57.404597,-13.597771,0 -57.404387,-13.598612,0 -57.404212,-13.599385,0 -57.404066,-13.600044,0 -57.403869,-13.600841,0 -57.403721,-13.601620,0 -57.403582,-13.602444,0 -57.403331,-13.603641,0 -57.403228,-13.604310,0 -57.403102,-13.604936,0 -57.402403,-13.608828,0 -57.402124,-13.610288,0 -57.401775,-13.612090,0 -57.401612,-13.612585,0 -57.401502,-13.612905,0 -57.401022,-13.614506,0 -57.400650,-13.615740,0 -57.400507,-13.616146,0 -57.400515,-13.616318,0 -57.400433,-13.617340,0 -57.400390,-13.617676,0 -57.400292,-13.618300,0 -57.400257,-13.618665,0 -57.400269,-13.619161,0 -57.400300,-13.619720,0 -57.400453,-13.620047,0 -57.400749,-13.620759,0 -57.401058,-13.621406,0 -57.401393,-13.621886,0 -57.401750,-13.622401,0 -57.402057,-13.622817,0 -57.402414,-13.623351,0 -57.402745,-13.623815,0 -57.403167,-13.624420,0 -57.403705,-13.625172,0 -57.404429,-13.626214,0 -57.405171,-13.627275,0 -57.405754,-13.628109,0 -57.406154,-13.628692,0 -57.406531,-13.629342,0 -57.406669,-13.629808,0 -57.406759,-13.630230,0 -57.407066,-13.630635,0 -57.407580,-13.631158,0 -57.408100,-13.631734,0 -57.408202,-13.631969,0 -57.408438,-13.632495,0 -57.408649,-13.632979,0 -57.409007,-13.633759,0 -57.409236,-13.634197,0 -57.409362,-13.634260,0 -57.409768,-13.634523,0 -57.410647,-13.635065,0 -57.410820,-13.635200,0</coordinates></LineString></Placemark>
<Placemark><name>ESTRADA 15 - PONTE DE PEDRA</name><styleUrl>#extra</styleUrl><LineString><tessellate>1</tessellate><coordinates>-57.407204,-13.608551,0 -57.408669,-13.604975,0 -57.409653,-13.602504,0</coordinates></LineString></Placemark>
<Placemark><name>ESTRADA 16 - PONTE DE PEDRA</name><styleUrl>#extra</styleUrl><LineString><tessellate>1</tessellate><coordinates>-57.403139,-13.604745,0 -57.403383,-13.605012,0 -57.404763,-13.606288,0 -57.405639,-13.607103,0 -57.406328,-13.607744,0 -57.407204,-13.608551,0 -57.408470,-13.609720,0 -57.409172,-13.610360,0 -57.409932,-13.611068,0 -57.410758,-13.611826,0 -57.411328,-13.612350,0 -57.412637,-13.613564,0 -57.413359,-13.614217,0 -57.414413,-13.615194,0 -57.415131,-13.615875,0 -57.417784,-13.618319,0 -57.421836,-13.622063,0 -57.422805,-13.622985,0 -57.423779,-13.623906,0 -57.424086,-13.624181,0 -57.424722,-13.624777,0 -57.425910,-13.625860,0 -57.426517,-13.626439,0 -57.427838,-13.627675,0 -57.428990,-13.628742,0 -57.430671,-13.630299,0 -57.432740,-13.632199,0 -57.437374,-13.636489,0 -57.442762,-13.641444,0</coordinates></LineString></Placemark>
<Placemark><name>ESTRADA 17 - PONTE DE PEDRA</name><styleUrl>#extra</styleUrl><LineString><tessellate>1</tessellate><coordinates>-57.412637,-13.613564,0 -57.413703,-13.612503,0 -57.414674,-13.611495,0 -57.416367,-13.609732,0 -57.416903,-13.609182,0 -57.417862,-13.608175,0 -57.419399,-13.606616,0 -57.420245,-13.605725,0 -57.420972,-13.604988,0 -57.424553,-13.601267,0 -57.425898,-13.599881,0 -57.427482,-13.598252,0 -57.430633,-13.594944,0 -57.431949,-13.593583,0 -57.433354,-13.592120,0 -57.433365,-13.592111,0</coordinates></LineString></Placemark>
<Placemark><name>ESTRADA 18 - PONTE DE PEDRA</name><styleUrl>#extra</styleUrl><LineString><tessellate>1</tessellate><coordinates>-57.453510,-13.575662,0 -57.453715,-13.575832,0 -57.454332,-13.576411,0 -57.455147,-13.577155,0 -57.455779,-13.577717,0 -57.456647,-13.578522,0 -57.457391,-13.579211,0 -57.458056,-13.579856,0 -57.459083,-13.580804,0 -57.460012,-13.581668,0 -57.461359,-13.582891,0 -57.462113,-13.583596,0 -57.463155,-13.584559,0 -57.463793,-13.585151,0 -57.464811,-13.586096,0 -57.465825,-13.587032,0 -57.466743,-13.587873,0 -57.467471,-13.588559,0 -57.469004,-13.589967,0 -57.471420,-13.592150,0 -57.471580,-13.592347,0 -57.471811,-13.592535,0 -57.471923,-13.592657,0 -57.474096,-13.594646,0 -57.476926,-13.597256,0 -57.479728,-13.599842,0 -57.480166,-13.600249,0 -57.481490,-13.601430,0</coordinates></LineString></Placemark>
<Placemark><name>ESTRADA 19 - PONTE DE PEDRA</name><styleUrl>#extra</styleUrl><LineString><tessellate>1</tessellate><coordinates>-57.425258,-13.620311,0 -57.425516,-13.620596,0 -57.426138,-13.621207,0 -57.426876,-13.621916,0 -57.428176,-13.623170,0 -57.428901,-13.623863,0 -57.430105,-13.625014,0 -57.430970,-13.625867,0 -57.432115,-13.626985,0 -57.433179,-13.628013,0 -57.434246,-13.629044,0 -57.435079,-13.629830,0</coordinates></LineString></Placemark>
<Placemark><name>ESTRADA 20 - PONTE DE PEDRA</name><styleUrl>#extra</styleUrl><LineString><tessellate>1</tessellate><coordinates>-57.427159,-13.637939,0 -57.426460,-13.638627,0 -57.425249,-13.639850,0 -57.423532,-13.641624,0</coordinates></LineString></Placemark>
<Placemark><name>ESTRADA 21 - PONTE DE PEDRA</name><styleUrl>#extra</styleUrl><LineString><tessellate>1</tessellate><coordinates>-57.482240,-13.556040,0 -57.482145,-13.556246,0 -57.482159,-13.556752,0 -57.482263,-13.558468,0 -57.482287,-13.558953,0 -57.481748,-13.559813,0 -57.481703,-13.560001,0 -57.481788,-13.560251,0 -57.482490,-13.561940,0 -57.482826,-13.562483,0 -57.483200,-13.563160,0 -57.483787,-13.564507,0 -57.484120,-13.565330,0 -57.484229,-13.565868,0 -57.484189,-13.566804,0</coordinates></LineString></Placemark>
<Placemark><name>ESTRADA 22 - PONTE DE PEDRA</name><styleUrl>#extra</styleUrl><LineString><tessellate>1</tessellate><coordinates>-57.477270,-13.566410,0 -57.477080,-13.565545,0 -57.476771,-13.564210,0 -57.476530,-13.563349,0 -57.476824,-13.562747,0 -57.476289,-13.562091,0 -57.476000,-13.561822,0 -57.475661,-13.561470,0 -57.475525,-13.561109,0 -57.475470,-13.560961,0 -57.475367,-13.560755,0 -57.475141,-13.560486,0 -57.475096,-13.560327,0</coordinates></LineString></Placemark>
<Placemark><name>ESTRADA 23 - PONTE DE PEDRA</name><styleUrl>#extra</styleUrl><LineString><tessellate>1</tessellate><coordinates>-57.474906,-13.559553,0 -57.474694,-13.559571,0 -57.474721,-13.559876,0 -57.474922,-13.560270,0 -57.474992,-13.560598,0 -57.474954,-13.561044,0 -57.475311,-13.561516,0 -57.475568,-13.561858,0 -57.476129,-13.562676,0 -57.476491,-13.563380,0 -57.476569,-13.563537,0 -57.476590,-13.563550,0</coordinates></LineString></Placemark>
<Placemark><name>ESTRADA 24 - PONTE DE PEDRA</name><styleUrl>#extra</styleUrl><LineString><tessellate>1</tessellate><coordinates>-57.436184,-13.535691,0 -57.436334,-13.535163,0 -57.436597,-13.534318,0 -57.436971,-13.532985,0 -57.437193,-13.532164,0 -57.437419,-13.531370,0 -57.437642,-13.530568,0 -57.437838,-13.529829,0 -57.438064,-13.529083,0 -57.439034,-13.525656,0 -57.439131,-13.525176,0 -57.439318,-13.523982,0 -57.439613,-13.522182,0 -57.440032,-13.519601,0 -57.440252,-13.518677,0 -57.440697,-13.517759,0 -57.441105,-13.517300,0 -57.441663,-13.516935,0 -57.441786,-13.516633,0 -57.442156,-13.515454,0 -57.442526,-13.514338,0 -57.443111,-13.512580,0 -57.442993,-13.512497,0 -57.442274,-13.512351,0 -57.440423,-13.511902,0 -57.436936,-13.511099,0 -57.435150,-13.510681,0 -57.433552,-13.510316,0 -57.431411,-13.509769,0 -57.431213,-13.509701,0 -57.430708,-13.509414,0 -57.429512,-13.508637,0 -57.428707,-13.508152,0 -57.427463,-13.507312,0 -57.426637,-13.506764,0 -57.425231,-13.505831,0 -57.423043,-13.504417,0 -57.421927,-13.503687,0 -57.422136,-13.502878,0 -57.422571,-13.501517,0 -57.423102,-13.499764,0 -57.423998,-13.496838,0 -57.424427,-13.495482,0 -57.424346,-13.495257,0 -57.424352,-13.495049,0 -57.424475,-13.494548,0 -57.424582,-13.494078,0 -57.424850,-13.493974,0 -57.425038,-13.493447,0 -57.425199,-13.492988,0 -57.425376,-13.492378,0 -57.426535,-13.488680,0 -57.426707,-13.488643,0 -57.427045,-13.488763,0 -57.427415,-13.488956,0 -57.431760,-13.491079,0 -57.436780,-13.493550,0 -57.438326,-13.489060,0 -57.438524,-13.489128,0 -57.438766,-13.489316,0 -57.447810,-13.497770,0 -57.447783,-13.497985,0 -57.445689,-13.504699,0 -57.445115,-13.506519,0 -57.443116,-13.512591,0</coordinates></LineString></Placemark>
<Placemark><name>ESTRADA 25 - PONTE DE PEDRA</name><styleUrl>#extra</styleUrl><LineString><tessellate>1</tessellate><coordinates>-57.436780,-13.493550,0 -57.436129,-13.495377,0 -57.434842,-13.499157,0 -57.433718,-13.502456,0 -57.432857,-13.505069,0 -57.431312,-13.509735,0</coordinates></LineString></Placemark>
<Placemark><name>ESTRADA 26 - PONTE DE PEDRA</name><styleUrl>#extra</styleUrl><LineString><tessellate>1</tessellate><coordinates>-57.445121,-13.506492,0 -57.444807,-13.506243,0 -57.444237,-13.505836,0 -57.443323,-13.505182,0 -57.442336,-13.504484,0 -57.441303,-13.503734,0 -57.440368,-13.503070,0 -57.439436,-13.502406,0 -57.437991,-13.501371,0 -57.434854,-13.499124,0 -57.434697,-13.499010,0 -57.434439,-13.498833,0 -57.434201,-13.498656,0 -57.433090,-13.497858,0 -57.431805,-13.496947,0 -57.430140,-13.495742,0</coordinates></LineString></Placemark>
<Placemark><name>ESTRADA 01 - GALHEIRO</name><styleUrl>#extra</styleUrl><LineString><tessellate>1</tessellate><coordinates>-54.564800,-15.360023,0 -54.564804,-15.359617,0 -54.564878,-15.359289,0 -54.565288,-15.357373,0 -54.565592,-15.355964,0 -54.566651,-15.350827,0 -54.567008,-15.349128,0 -54.567461,-15.346898,0 -54.567952,-15.344542,0 -54.568078,-15.343965,0 -54.568295,-15.342858,0 -54.568735,-15.340602,0 -54.569202,-15.338497,0 -54.569465,-15.337126,0 -54.569671,-15.336226,0 -54.569845,-15.335369,0 -54.570020,-15.334399,0 -54.570210,-15.333295,0 -54.570387,-15.332736,0 -54.570468,-15.332387,0 -54.570765,-15.331088,0 -54.571374,-15.327870,0 -54.573890,-15.315327,0 -54.574116,-15.314175,0 -54.574845,-15.310504,0 -54.575261,-15.308241,0 -54.575610,-15.306533,0 -54.575851,-15.305289,0 -54.576280,-15.303248,0 -54.576855,-15.300403,0 -54.576901,-15.300198,0 -54.576947,-15.299890,0 -54.576961,-15.299622,0 -54.577022,-15.299261,0 -54.577800,-15.295230,0 -54.577969,-15.294401,0 -54.578545,-15.291546,0 -54.579239,-15.288445,0 -54.579280,-15.288230,0 -54.579375,-15.287616,0 -54.579488,-15.286876,0 -54.579590,-15.286498,0 -54.579767,-15.286095,0 -54.580008,-15.285820,0 -54.580375,-15.285537,0 -54.581050,-15.285069,0 -54.581206,-15.284730,0 -54.581510,-15.283921,0 -54.581553,-15.283750,0 -54.581451,-15.283336,0 -54.580894,-15.281572,0 -54.580750,-15.280920,0 -54.580840,-15.280345,0 -54.581006,-15.279336,0 -54.582127,-15.273541,0 -54.582162,-15.273249,0 -54.582235,-15.272604,0 -54.582314,-15.272180,0 -54.583012,-15.268707,0 -54.583560,-15.265964,0 -54.584434,-15.261498,0 -54.585284,-15.256954,0 -54.585362,-15.256605,0 -54.585644,-15.255052,0 -54.585941,-15.253590,0 -54.586966,-15.248311,0 -54.587170,-15.247237,0 -54.588026,-15.242781,0 -54.588216,-15.241847,0 -54.589140,-15.237120,0 -54.590828,-15.228516,0 -54.591046,-15.227522,0 -54.591200,-15.227020,0 -54.591566,-15.224802,0 -54.591778,-15.223819,0 -54.592309,-15.221063,0 -54.594063,-15.212074,0 -54.594280,-15.210950,0 -54.594669,-15.209103,0 -54.595329,-15.205676,0 -54.595791,-15.203232,0 -54.596187,-15.201105,0 -54.597263,-15.195739,0 -54.598612,-15.188902,0 -54.597631,-15.193940,0 -54.599340,-15.185060,0 -54.599470,-15.184616,0 -54.599787,-15.184275,0 -54.602281,-15.182613,0 -54.602416,-15.181976,0 -54.602448,-15.181432,0 -54.602469,-15.181210,0 -54.602523,-15.181148,0 -54.602432,-15.180889,0 -54.601890,-15.179967,0 -54.601343,-15.178989,0 -54.601171,-15.177943,0 -54.601074,-15.176990,0 -54.601107,-15.176457,0 -54.601364,-15.175209,0 -54.602298,-15.170280,0 -54.603682,-15.163182,0 -54.604368,-15.161872,0 -54.604840,-15.160852,0 -54.604830,-15.160562,0 -54.604733,-15.160344,0 -54.604583,-15.159935,0 -54.604567,-15.159718,0 -54.604819,-15.159454,0 -54.605967,-15.158646,0 -54.607040,-15.157989,0 -54.608853,-15.157414,0 -54.610575,-15.156787,0 -54.611868,-15.156088,0 -54.612501,-15.155565,0 -54.612678,-15.155327,0 -54.612490,-15.153033,0 -54.612764,-15.151982,0 -54.612844,-15.151837,0 -54.613403,-15.150820,0 -54.613592,-15.150501,0 -54.613643,-15.150196,0 -54.613673,-15.149701,0 -54.613614,-15.149414,0 -54.613557,-15.149111,0 -54.613515,-15.148756,0 -54.613555,-15.148195,0 -54.613570,-15.147960,0 -54.613552,-15.147648,0 -54.613394,-15.146719,0 -54.613335,-15.145805,0 -54.613268,-15.145429,0 -54.613225,-15.145067,0 -54.613252,-15.144780,0 -54.613254,-15.144560,0 -54.613244,-15.143739,0 -54.613236,-15.143213,0 -54.613228,-15.142589,0 -54.613246,-15.142002,0 -54.613241,-15.141670,0 -54.613185,-15.141429,0 -54.613067,-15.140730,0 -54.612922,-15.140290,0 -54.612734,-15.139767,0 -54.612340,-15.138719,0 -54.612257,-15.138496,0 -54.612224,-15.138335,0 -54.612243,-15.138247,0 -54.612329,-15.138136,0 -54.612831,-15.137820,0 -54.613689,-15.137245,0 -54.614357,-15.136627,0 -54.614963,-15.135894,0 -54.615215,-15.135539,0 -54.615481,-15.135314,0 -54.615794,-15.135151,0 -54.615884,-15.135085,0 -54.615969,-15.134945,0 -54.616587,-15.133500,0 -54.616759,-15.133034,0 -54.617418,-15.131471,0 -54.618127,-15.129754,0 -54.618296,-15.129473,0 -54.618463,-15.129375,0 -54.618463,-15.129375,0 -54.619769,-15.129581,0 -54.624469,-15.130353,0 -54.627714,-15.130923,0 -54.628139,-15.130980,0 -54.628657,-15.130955,0 -54.629809,-15.130889,0 -54.631464,-15.130836,0 -54.631700,-15.130866,0 -54.631641,-15.131106,0 -54.631574,-15.131469,0 -54.629838,-15.140515,0 -54.629774,-15.140759,0 -54.629227,-15.143583,0 -54.629130,-15.143816,0 -54.629077,-15.143941,0 -54.629087,-15.144096,0 -54.629101,-15.144246,0 -54.629082,-15.144422,0 -54.628479,-15.147397,0 -54.628135,-15.149129,0 -54.627878,-15.150574,0 -54.627537,-15.152355,0 -54.627250,-15.153792,0 -54.627070,-15.154723,0 -54.626818,-15.156090,0 -54.626518,-15.157633,0 -54.626317,-15.158729,0 -54.626204,-15.159194,0 -54.626149,-15.159485,0 -54.626051,-15.159898,0 -54.625928,-15.160607,0 -54.625715,-15.161648,0 -54.625538,-15.162519,0 -54.625248,-15.164007,0 -54.624951,-15.165602,0 -54.624750,-15.166593,0 -54.624510,-15.167827,0 -54.624331,-15.168762,0 -54.624203,-15.169361,0 -54.624148,-15.169508,0 -54.624040,-15.169541,0 -54.623908,-15.169474,0 -54.623542,-15.169245,0 -54.623393,-15.169153,0 -54.623043,-15.168974,0 -54.622829,-15.168881,0 -54.622594,-15.168794,0 -54.622106,-15.168666,0 -54.621871,-15.168626,0 -54.621599,-15.168528,0 -54.621394,-15.168438,0 -54.621269,-15.168361,0 -54.621053,-15.168203,0 -54.620952,-15.168121,0 -54.620842,-15.168006,0 -54.620689,-15.167821,0 -54.620579,-15.167645,0 -54.620423,-15.167284,0 -54.620242,-15.166813,0 -54.620111,-15.166558,0 -54.620047,-15.166297,0 -54.619977,-15.166018,0 -54.619842,-15.165483,0 -54.619697,-15.165224,0 -54.619461,-15.164868,0 -54.618980,-15.164147,0 -54.618587,-15.163552,0 -54.618093,-15.162853,0 -54.617987,-15.162698,0 -54.617892,-15.162518,0 -54.617810,-15.162309,0 -54.617504,-15.161729,0 -54.617334,-15.161318,0 -54.617267,-15.161106,0 -54.617189,-15.160876,0 -54.617070,-15.160361,0 -54.617013,-15.160139,0 -54.616886,-15.159559,0 -54.616736,-15.159077,0 -54.616654,-15.158523,0 -54.616651,-15.158311,0 -54.616635,-15.157882,0 -54.616600,-15.157710,0 -54.616563,-15.157519,0 -54.616500,-15.157252,0 -54.616370,-15.156794,0 -54.616307,-15.156584,0 -54.616134,-15.156005,0 -54.616075,-15.155828,0 -54.615908,-15.155402,0 -54.615802,-15.155138,0 -54.615588,-15.154380,0 -54.615511,-15.154191,0 -54.615296,-15.153748,0 -54.615100,-15.153334,0 -54.614952,-15.153044,0 -54.614774,-15.152692,0 -54.614472,-15.152126,0 -54.614343,-15.151853,0 -54.614157,-15.151411,0 -54.613846,-15.150724,0 -54.613697,-15.150609,0 -54.613553,-15.150574,0</coordinates></LineString></Placemark>
<Placemark><name>ESTRADA 02 - GALHEIRO</name><styleUrl>#extra</styleUrl><LineString><tessellate>1</tessellate><coordinates>-54.626606,-15.157168,0 -54.626416,-15.157213,0 -54.626050,-15.157227,0 -54.625418,-15.157257,0 -54.619171,-15.157560,0 -54.616867,-15.157675,0 -54.616761,-15.157649,0 -54.616647,-15.157592,0 -54.616563,-15.157519,0</coordinates></LineString></Placemark>
<Placemark><name>ESTRADA 03 - GALHEIRO</name><styleUrl>#extra</styleUrl><LineString><tessellate>1</tessellate><coordinates>-54.613242,-15.144882,0 -54.613332,-15.144750,0 -54.613464,-15.144679,0 -54.613600,-15.144664,0 -54.619883,-15.144369,0 -54.621604,-15.144290,0 -54.623537,-15.144205,0 -54.625977,-15.144097,0 -54.628047,-15.144004,0 -54.628948,-15.143965,0 -54.629077,-15.143941,0</coordinates></LineString></Placemark>
<Placemark><name>ESTRADA 04 - GALHEIRO</name><styleUrl>#extra</styleUrl><LineString><tessellate>1</tessellate><coordinates>-54.595823,-15.309798,0 -54.596043,-15.309369,0 -54.596606,-15.309508,0 -54.597126,-15.309622,0 -54.597679,-15.309824,0 -54.598575,-15.310078,0 -54.598816,-15.310067,0 -54.599052,-15.309974,0 -54.599251,-15.309695,0 -54.599900,-15.308536,0 -54.600082,-15.308396,0 -54.600345,-15.308318,0 -54.600747,-15.306399,0 -54.601391,-15.303455,0 -54.601911,-15.300966,0 -54.602310,-15.299290,0 -54.602244,-15.299057,0 -54.602351,-15.298436,0 -54.602394,-15.297711,0 -54.602357,-15.297339,0 -54.602271,-15.297039,0 -54.602284,-15.296684,0 -54.602442,-15.296053,0 -54.602625,-15.295533,0 -54.602855,-15.295070,0 -54.603008,-15.294630,0 -54.603368,-15.294172,0 -54.603974,-15.293755,0 -54.604387,-15.293587,0 -54.604387,-15.293587,0 -54.604749,-15.293567,0 -54.605452,-15.293655,0 -54.606358,-15.293758,0 -54.607501,-15.293774,0 -54.608386,-15.293696,0 -54.609000,-15.293420,0 -54.609666,-15.293034,0 -54.610236,-15.292384,0 -54.610666,-15.291543,0 -54.611610,-15.289577,0 -54.613751,-15.284832,0 -54.615574,-15.280858,0 -54.618000,-15.275460,0 -54.618890,-15.273572,0 -54.621052,-15.268857,0 -54.621588,-15.267579,0 -54.621556,-15.266937,0 -54.621282,-15.264225,0 -54.620934,-15.261462,0 -54.620451,-15.257394,0 -54.620075,-15.254361,0 -54.619828,-15.253321,0 -54.618675,-15.248404,0 -54.617736,-15.244486,0 -54.617440,-15.243220,0 -54.617001,-15.241412,0 -54.616535,-15.238876,0 -54.616465,-15.238115,0 -54.616352,-15.237235,0 -54.615998,-15.234513,0 -54.615762,-15.232665,0 -54.615124,-15.227862,0 -54.614818,-15.225320,0 -54.614738,-15.224580,0 -54.614818,-15.223943,0 -54.615322,-15.221376,0 -54.615971,-15.218027,0 -54.616808,-15.213585,0 -54.617440,-15.210440,0 -54.617457,-15.209812,0 -54.617431,-15.209134,0 -54.617479,-15.208580,0 -54.617468,-15.205287,0 -54.617500,-15.202798,0 -54.617490,-15.201540,0 -54.617495,-15.199505,0 -54.616043,-15.279820,0 -54.616010,-15.279820,0 -54.616010,-15.279820,0 -54.615601,-15.279854,0 -54.613590,-15.279999,0 -54.612275,-15.280092,0 -54.611439,-15.280175,0 -54.610280,-15.280273,0 -54.608912,-15.280366,0 -54.607641,-15.280459,0 -54.604653,-15.280682,0 -54.601917,-15.280894,0 -54.598778,-15.281122,0 -54.596354,-15.281318,0 -54.595136,-15.281391,0 -54.594170,-15.281479,0 -54.593854,-15.281437,0 -54.591901,-15.280951,0 -54.590689,-15.280687,0 -54.590540,-15.280870,0 -54.590340,-15.281122,0 -54.590254,-15.281329,0 -54.589788,-15.282410,0 -54.589616,-15.282985,0 -54.589610,-15.283350,0 -54.589584,-15.284040,0 -54.589611,-15.284278,0 -54.589723,-15.284397,0 -54.589804,-15.284449,0 -54.589933,-15.284454,0 -54.590045,-15.284547,0 -54.590115,-15.284998,0 -54.590228,-15.285412,0 -54.590474,-15.285769,0 -54.590566,-15.285857,0 -54.590726,-15.285919,0 -54.590984,-15.285919,0 -54.591209,-15.286032,0 -54.592384,-15.286700,0 -54.592658,-15.286886,0 -54.592894,-15.287186,0 -54.593124,-15.287424,0 -54.593655,-15.287885,0 -54.593940,-15.288120,0 -54.594385,-15.288377,0 -54.594723,-15.288547,0 -54.595056,-15.288734,0 -54.595356,-15.289070,0 -54.595603,-15.289267,0 -54.595978,-15.289582,0 -54.596440,-15.289930,0 -54.596997,-15.290338,0 -54.597507,-15.290741,0 -54.597920,-15.291005,0 -54.598365,-15.291321,0 -54.598864,-15.291678,0 -54.599288,-15.291942,0 -54.599664,-15.292149,0 -54.600070,-15.292320,0 -54.600533,-15.292470,0 -54.600940,-15.292583,0 -54.601477,-15.292646,0 -54.602051,-15.292527,0 -54.602544,-15.292252,0 -54.602914,-15.291911,0 -54.603258,-15.291497,0 -54.603456,-15.291140,0 -54.603746,-15.290550,0 -54.603944,-15.289913,0 -54.604052,-15.289675,0 -54.604309,-15.289541,0 -54.604647,-15.289603,0 -54.605076,-15.289779,0 -54.605398,-15.289955,0 -54.605538,-15.290364,0 -54.605484,-15.290653,0 -54.605008,-15.291637,0 -54.604809,-15.292025,0 -54.604583,-15.292646,0 -54.604480,-15.293360,0 -54.604470,-15.293581,0</coordinates></LineString></Placemark>
<Placemark><name>ESTRADA 05 - GALHEIRO</name><styleUrl>#extra</styleUrl><LineString><tessellate>1</tessellate><coordinates>-54.600345,-15.308318,0 -54.600305,-15.308556,0 -54.600286,-15.308771,0 -54.600230,-15.308921,0 -54.600077,-15.309009,0 -54.599707,-15.309537,0 -54.599076,-15.310670,0 -54.598803,-15.311200,0 -54.593916,-15.320149,0 -54.593765,-15.320275,0 -54.593706,-15.320369,0 -54.593816,-15.320493,0 -54.593875,-15.320444,0 -54.593918,-15.320299,0 -54.593921,-15.320141,0</coordinates></LineString></Placemark>
<Placemark><name>ESTRADA 06 - GALHEIRO</name><styleUrl>#extra</styleUrl><LineString><tessellate>1</tessellate><coordinates>-54.601250,-15.304092,0 -54.601062,-15.304011,0 -54.600156,-15.303684,0 -54.599546,-15.303428,0 -54.598453,-15.302993,0 -54.596689,-15.302300,0 -54.594672,-15.301495,0 -54.592157,-15.300502,0 -54.591491,-15.300264,0 -54.591343,-15.300300,0 -54.590362,-15.301031,0 -54.589623,-15.301468,0 -54.589507,-15.301538,0 -54.589439,-15.301750,0 -54.589175,-15.302472,0 -54.589046,-15.302476,0 -54.587975,-15.302174,0 -54.587745,-15.302100,0 -54.587681,-15.302034,0 -54.587634,-15.301965,0 -54.587529,-15.301723,0 -54.587452,-15.301527,0 -54.587531,-15.301335,0 -54.587737,-15.301038,0 -54.587950,-15.300912,0 -54.588184,-15.300815,0 -54.588370,-15.300657,0 -54.588671,-15.300388,0 -54.590413,-15.298619,0 -54.590574,-15.298399,0 -54.590509,-15.298335,0 -54.589866,-15.298253,0 -54.588638,-15.298020,0 -54.587187,-15.297779,0 -54.586356,-15.297650,0 -54.584461,-15.297300,0 -54.584045,-15.297253,0 -54.583662,-15.297173,0 -54.582970,-15.297120,0</coordinates></LineString></Placemark>
<Placemark><name>ESTRADA 07 - GALHEIRO</name><styleUrl>#extra</styleUrl><LineString><tessellate>1</tessellate><coordinates>-54.577745,-15.361584,0 -54.577840,-15.361315,0 -54.577991,-15.360918,0 -54.579794,-15.355378,0 -54.579835,-15.355224,0 -54.580405,-15.353344,0 -54.580598,-15.352335,0 -54.580824,-15.351207,0 -54.581071,-15.349888,0 -54.581661,-15.347157,0 -54.581875,-15.345931,0 -54.582219,-15.344368,0 -54.583012,-15.340385,0 -54.583550,-15.337550,0 -54.584219,-15.334482,0 -54.584777,-15.331647,0 -54.585083,-15.330007,0 -54.585351,-15.328771,0 -54.585496,-15.328062,0 -54.585974,-15.325522,0 -54.586483,-15.322945,0 -54.587106,-15.319727,0 -54.587331,-15.318811,0 -54.587804,-15.316460,0 -54.588007,-15.315543,0 -54.588457,-15.313327,0 -54.588972,-15.310781,0 -54.589439,-15.308546,0 -54.589450,-15.308225,0 -54.589401,-15.307641,0 -54.589353,-15.306994,0 -54.589627,-15.306482,0 -54.589949,-15.305881,0 -54.590174,-15.305607,0 -54.590383,-15.305193,0 -54.590582,-15.304909,0 -54.590582,-15.304909,0 -54.590520,-15.304870,0 -54.586904,-15.303538,0 -54.584059,-15.302536,0 -54.577117,-15.299957,0 -54.576947,-15.299890,0 -54.583608,-15.337536,0 -54.586982,-15.338771,0 -54.587701,-15.339035,0 -54.589251,-15.339123,0 -54.590630,-15.339190,0 -54.592931,-15.339309,0 -54.595816,-15.339429,0 -54.596170,-15.339425,0 -54.597197,-15.339481,0 -54.597394,-15.339534,0 -54.597732,-15.339531,0 -54.598331,-15.339578,0 -54.601327,-15.339692,0 -54.605477,-15.339886,0 -54.606274,-15.339940,0 -54.606601,-15.339944,0 -54.606930,-15.339930,0 -54.608255,-15.339743,0 -54.609455,-15.339502,0 -54.610426,-15.339345,0 -54.611434,-15.339198,0 -54.611434,-15.339198,0 -54.611734,-15.339115,0 -54.612511,-15.338988,0 -54.613029,-15.338898,0 -54.613150,-15.338877,0 -54.614209,-15.338957,0 -54.614907,-15.339019,0 -54.615537,-15.339022,0 -54.615904,-15.339009,0 -54.616406,-15.339050,0 -54.616811,-15.339161,0 -54.617361,-15.339317,0 -54.617873,-15.339415,0 -54.618230,-15.339467,0 -54.618407,-15.339456,0 -54.618621,-15.339418,0 -54.618809,-15.339249,0 -54.620569,-15.337837,0 -54.620853,-15.337692,0 -54.621746,-15.337415,0 -54.622031,-15.337232,0 -54.622951,-15.336546,0 -54.623256,-15.336200,0 -54.623702,-15.335721,0 -54.623956,-15.335633,0 -54.624270,-15.335765,0 -54.624753,-15.336151,0 -54.625638,-15.337015,0 -54.625810,-15.337265,0 -54.625950,-15.337560,0 -54.626027,-15.337811,0 -54.626134,-15.338282,0 -54.626220,-15.338768,0 -54.626223,-15.339035,0 -54.626220,-15.339265,0 -54.626170,-15.339550,0 -54.625973,-15.339694,0 -54.625756,-15.339878,0 -54.625440,-15.340082,0 -54.625180,-15.340350,0 -54.625027,-15.340481,0 -54.624986,-15.340713,0 -54.625120,-15.340930,0 -54.625212,-15.340985,0 -54.625410,-15.341039,0 -54.625676,-15.341068,0 -54.626065,-15.341042,0 -54.626488,-15.341037,0 -54.626746,-15.341029,0 -54.627060,-15.341228,0 -54.627231,-15.341474,0 -54.627411,-15.341764,0 -54.627489,-15.341859,0 -54.627701,-15.342040,0 -54.627816,-15.342113,0 -54.627974,-15.342250,0 -54.628092,-15.342369,0 -54.628277,-15.342586,0 -54.628428,-15.342721,0 -54.628640,-15.342886,0 -54.628792,-15.342997,0 -54.628910,-15.343103,0 -54.629160,-15.343463,0 -54.629283,-15.343685,0 -54.629459,-15.343983,0 -54.629540,-15.344120,0 -54.629574,-15.344322,0 -54.629593,-15.344511,0 -54.629616,-15.344683,0 -54.629609,-15.344983,0 -54.629540,-15.345440,0 -54.629463,-15.345526,0 -54.629401,-15.345609,0 -54.629328,-15.345695,0 -54.629262,-15.345765,0 -54.629175,-15.345816,0 -54.629047,-15.345872,0 -54.628928,-15.345919,0 -54.628716,-15.346012,0 -54.628522,-15.346094,0 -54.628418,-15.346210,0 -54.628359,-15.346399,0 -54.628328,-15.346563,0 -54.628330,-15.346690,0 -54.628363,-15.346745,0 -54.628546,-15.347118,0 -54.628664,-15.347298,0 -54.628762,-15.347400,0 -54.628991,-15.347613,0 -54.629216,-15.347814,0 -54.629600,-15.348164,0 -54.629860,-15.348407,0 -54.629998,-15.348600,0 -54.630116,-15.348812,0 -54.630180,-15.348967,0 -54.630227,-15.349085,0 -54.630262,-15.349294,0 -54.630266,-15.349457,0 -54.630227,-15.349589,0 -54.630159,-15.349778,0 -54.630108,-15.349871,0 -54.629980,-15.349890,0 -54.629578,-15.349992,0 -54.629263,-15.350086,0 -54.629050,-15.350162,0 -54.628876,-15.350255,0 -54.628456,-15.350520,0 -54.628327,-15.350643,0 -54.627933,-15.351087,0 -54.627753,-15.351321,0 -54.627580,-15.351564,0 -54.627542,-15.351854,0 -54.627540,-15.351930,0 -54.627734,-15.352309,0 -54.627864,-15.352511,0 -54.628062,-15.352701,0 -54.628213,-15.352790,0 -54.628359,-15.352914,0 -54.628739,-15.353111,0 -54.629083,-15.353254,0 -54.629576,-15.353464,0 -54.629813,-15.353580,0 -54.629869,-15.353664,0 -54.629893,-15.353791,0 -54.629904,-15.353979,0 -54.629833,-15.354085,0 -54.629610,-15.354386,0 -54.629534,-15.354546,0 -54.629419,-15.354753,0 -54.628976,-15.355283,0 -54.628825,-15.355374,0 -54.628615,-15.355446,0 -54.628397,-15.355501,0 -54.628066,-15.355479,0 -54.627626,-15.355457,0 -54.626833,-15.355532,0 -54.626230,-15.355550,0 -54.625882,-15.355530,0 -54.625680,-15.355402,0 -54.625310,-15.355126,0 -54.625161,-15.354932,0 -54.624951,-15.354685,0 -54.624787,-15.354457,0 -54.624658,-15.354276,0 -54.624552,-15.354198,0 -54.624363,-15.354148,0 -54.624046,-15.354154,0 -54.623322,-15.354350,0 -54.622677,-15.354376,0 -54.621904,-15.354360,0 -54.621497,-15.354369,0 -54.621265,-15.354414,0 -54.621265,-15.354414,0 -54.621007,-15.354475,0 -54.620621,-15.354598,0 -54.620392,-15.354700,0 -54.620251,-15.354777,0 -54.619536,-15.355124,0 -54.618898,-15.355458,0 -54.618137,-15.355885,0 -54.617197,-15.356487,0 -54.616906,-15.356671,0 -54.616820,-15.356750,0 -54.616722,-15.356750,0 -54.615969,-15.357534,0 -54.615480,-15.357970,0 -54.615480,-15.357970,0 -54.613606,-15.359461,0 -54.612602,-15.360262,0 -54.611503,-15.361136,0 -54.616722,-15.356750,0 -54.616820,-15.356750,0 -54.616902,-15.356843,0 -54.616958,-15.356912,0 -54.617115,-15.357212,0 -54.617157,-15.357376,0 -54.617290,-15.357710,0 -54.617475,-15.358123,0 -54.617609,-15.358429,0 -54.617832,-15.358914,0 -54.617911,-15.359036,0 -54.618084,-15.359115,0 -54.618294,-15.359047,0 -54.618722,-15.358848,0 -54.619112,-15.358771,0 -54.619570,-15.358668,0 -54.619791,-15.358586,0 -54.619976,-15.358465,0 -54.620425,-15.358193,0 -54.620728,-15.358038,0 -54.620989,-15.357957,0 -54.621353,-15.357911,0 -54.622323,-15.357883,0 -54.622668,-15.357873,0 -54.623166,-15.358008,0 -54.623381,-15.358138,0 -54.623877,-15.358491,0 -54.624261,-15.358809,0 -54.624577,-15.359048,0 -54.624697,-15.359166,0 -54.625048,-15.359614,0 -54.625186,-15.359761,0 -54.625440,-15.360013,0 -54.625535,-15.360112,0 -54.625629,-15.360221,0 -54.625725,-15.360640,0 -54.625740,-15.360780,0 -54.625736,-15.360940,0 -54.625704,-15.361204,0 -54.625689,-15.361349,0 -54.625731,-15.361496,0 -54.625798,-15.361593,0 -54.626003,-15.361944,0 -54.626188,-15.362397,0 -54.626289,-15.362679,0 -54.626432,-15.363026,0 -54.626586,-15.363369,0 -54.626704,-15.363627,0 -54.626761,-15.363807,0 -54.626806,-15.363997,0 -54.626900,-15.364420,0 -54.626919,-15.364617,0 -54.626883,-15.364839,0 -54.626739,-15.365178,0 -54.626664,-15.365449,0 -54.626592,-15.365776,0 -54.626529,-15.366117,0 -54.626474,-15.366481,0 -54.626415,-15.366798,0 -54.626314,-15.367246,0 -54.626196,-15.367583,0 -54.626011,-15.368056,0 -54.625969,-15.368233,0 -54.625871,-15.368561,0 -54.625794,-15.368949,0 -54.625737,-15.369271,0 -54.625698,-15.369708,0 -54.625676,-15.370034,0 -54.625645,-15.370521,0 -54.625602,-15.370741,0 -54.625527,-15.370923,0 -54.625277,-15.371343,0 -54.625115,-15.371606,0 -54.624855,-15.371981,0 -54.624501,-15.372351,0 -54.624137,-15.372748,0 -54.623751,-15.373111,0 -54.623232,-15.373415,0 -54.622875,-15.373577,0 -54.622638,-15.373658,0 -54.622564,-15.373669,0 -54.622216,-15.373839,0 -54.621698,-15.373967,0 -54.621431,-15.373971,0 -54.620593,-15.373764,0 -54.620437,-15.373697,0 -54.620236,-15.373599,0 -54.619642,-15.373230,0 -54.619242,-15.373021,0 -54.618748,-15.372776,0 -54.618481,-15.372656,0 -54.618124,-15.372346,0 -54.617998,-15.372214,0 -54.617883,-15.371949,0 -54.617803,-15.371694,0 -54.617660,-15.371281,0 -54.617508,-15.371015,0 -54.617275,-15.370635,0 -54.617089,-15.370381,0 -54.616827,-15.370032,0 -54.616558,-15.369713,0 -54.616280,-15.369468,0 -54.615865,-15.369083,0 -54.615524,-15.368709,0 -54.615214,-15.368246,0 -54.615047,-15.367994,0 -54.614822,-15.367631,0 -54.614660,-15.367393,0 -54.614468,-15.367110,0 -54.614397,-15.366965,0 -54.614237,-15.366662,0 -54.614137,-15.366492,0 -54.614051,-15.366360,0 -54.613906,-15.366149,0 -54.613760,-15.365963,0 -54.613638,-15.365806,0 -54.613338,-15.365422,0 -54.613202,-15.365215,0 -54.612927,-15.364830,0 -54.612631,-15.364390,0 -54.612481,-15.364161,0 -54.612401,-15.364051,0 -54.612152,-15.363687,0 -54.612085,-15.363530,0 -54.612061,-15.363219,0 -54.612054,-15.363056,0 -54.612061,-15.362943,0 -54.611976,-15.362572,0 -54.611861,-15.362309,0 -54.611772,-15.362117,0 -54.611699,-15.361897,0 -54.611687,-15.361721,0 -54.611620,-15.361402,0 -54.611553,-15.361252,0 -54.611503,-15.361136,0 -54.611392,-15.360958,0 -54.611261,-15.360663,0 -54.611011,-15.360317,0 -54.610863,-15.360177,0 -54.610634,-15.360027,0 -54.610269,-15.359856,0 -54.610004,-15.359761,0 -54.609568,-15.359602,0 -54.609094,-15.359418,0 -54.608603,-15.359252,0 -54.608209,-15.359119,0 -54.607788,-15.358994,0 -54.607127,-15.358775,0 -54.606497,-15.358466,0 -54.606147,-15.358282,0 -54.605846,-15.358090,0 -54.605479,-15.357790,0 -54.605204,-15.357554,0 -54.604826,-15.357186,0 -54.604560,-15.356842,0 -54.604392,-15.356640,0 -54.604052,-15.356206,0 -54.603904,-15.356005,0 -54.603640,-15.355600,0 -54.603452,-15.355305,0 -54.603275,-15.355121,0 -54.602992,-15.354893,0 -54.602599,-15.354621,0 -54.602009,-15.354209,0 -54.601624,-15.353951,0 -54.601226,-15.353607,0 -54.600644,-15.353121,0 -54.600275,-15.353054,0 -54.600069,-15.352966,0 -54.599873,-15.352806,0 -54.599693,-15.352542,0 -54.599626,-15.352288,0 -54.599505,-15.351706,0 -54.599530,-15.351233,0 -54.599693,-15.350573,0 -54.599653,-15.350312,0 -54.599528,-15.350096,0 -54.599370,-15.349851,0 -54.599142,-15.349464,0 -54.599019,-15.349261,0 -54.598754,-15.348908,0 -54.598603,-15.348718,0 -54.598465,-15.348511,0 -54.598403,-15.348393,0 -54.598274,-15.348162,0 -54.598103,-15.347856,0 -54.598002,-15.347648,0 -54.597946,-15.347252,0 -54.597912,-15.346992,0 -54.597813,-15.346866,0 -54.597580,-15.346707,0 -54.597356,-15.346584,0 -54.597259,-15.346513,0 -54.597124,-15.346359,0 -54.597034,-15.346144,0 -54.596965,-15.345795,0 -54.596934,-15.345446,0 -54.596862,-15.345007,0 -54.596822,-15.344767,0 -54.596765,-15.344468,0 -54.596705,-15.344287,0 -54.596664,-15.344154,0 -54.596621,-15.343986,0 -54.596542,-15.343900,0 -54.596713,-15.343041,0 -54.596925,-15.342048,0 -54.597394,-15.339534,0 -54.596542,-15.343900,0 -54.596233,-15.343802,0 -54.595914,-15.343763,0 -54.595753,-15.343833,0 -54.595664,-15.343970,0 -54.595667,-15.344234,0 -54.595630,-15.344620,0 -54.595530,-15.345090,0 -54.595635,-15.345558,0 -54.595828,-15.346427,0 -54.595960,-15.347000,0 -54.595817,-15.347814,0 -54.595774,-15.348548,0 -54.595801,-15.348957,0 -54.595882,-15.349619,0 -54.596027,-15.349992,0 -54.596284,-15.350385,0 -54.596640,-15.350950,0 -54.596799,-15.351378,0 -54.596853,-15.351730,0 -54.596920,-15.352025,0 -54.596820,-15.352260,0 -54.596550,-15.352433,0 -54.595544,-15.352824,0 -54.594814,-15.352989,0 -54.594052,-15.353098,0 -54.593723,-15.353147,0 -54.593600,-15.353270,0 -54.593470,-15.353693,0 -54.593328,-15.354210,0 -54.593245,-15.354495,0 -54.592996,-15.355048,0 -54.592988,-15.355214,0 -54.592996,-15.355377,0 -54.593087,-15.355573,0 -54.593230,-15.355830,0 -54.593216,-15.356176,0 -54.593210,-15.356546,0 -54.593307,-15.356934,0 -54.593366,-15.357459,0 -54.593385,-15.357981,0 -54.593454,-15.358501,0 -54.593444,-15.358964,0 -54.593371,-15.359127,0 -54.593108,-15.359367,0 -54.592918,-15.359497,0 -54.592588,-15.359541,0 -54.592422,-15.359507,0 -54.592049,-15.359442,0 -54.590909,-15.359217,0 -54.590083,-15.359083,0 -54.589270,-15.359031,0 -54.587945,-15.358868,0 -54.587650,-15.358832,0 -54.587543,-15.358723,0 -54.587505,-15.358416,0 -54.587476,-15.358209,0 -54.587312,-15.357347,0 -54.587242,-15.357081,0 -54.587060,-15.356667,0 -54.586910,-15.356396,0 -54.586746,-15.356155,0 -54.586475,-15.355796,0 -54.586279,-15.355591,0 -54.586145,-15.355278,0 -54.586110,-15.355074,0 -54.586153,-15.354601,0 -54.586236,-15.354295,0 -54.586330,-15.353582,0 -54.586363,-15.353041,0 -54.586357,-15.352661,0 -54.586328,-15.352394,0 -54.586298,-15.352107,0 -54.586306,-15.351929,0 -54.586295,-15.351722,0 -54.586295,-15.351580,0 -54.586384,-15.350361,0 -54.586435,-15.349415,0 -54.586451,-15.349226,0 -54.586430,-15.348960,0 -54.586389,-15.348572,0 -54.586336,-15.348359,0 -54.586240,-15.348030,0 -54.586046,-15.347622,0 -54.585834,-15.347441,0 -54.585721,-15.347340,0 -54.585518,-15.347283,0 -54.585271,-15.347250,0 -54.585182,-15.347252,0 -54.584748,-15.347320,0 -54.584480,-15.347426,0 -54.584340,-15.347650,0 -54.584332,-15.347971,0 -54.584375,-15.348471,0 -54.584493,-15.349037,0 -54.584675,-15.349738,0 -54.584936,-15.350188,0 -54.584965,-15.350462,0 -54.584852,-15.351018,0 -54.584783,-15.351634,0 -54.584793,-15.351913,0 -54.584839,-15.352785,0 -54.584871,-15.353054,0 -54.584844,-15.353768,0 -54.584793,-15.354195,0 -54.584713,-15.354590,0 -54.584692,-15.355012,0 -54.584702,-15.355356,0 -54.584713,-15.355806,0 -54.584662,-15.356339,0 -54.584649,-15.356520,0 -54.584638,-15.357228,0 -54.584595,-15.358279,0 -54.584509,-15.358894,0 -54.584311,-15.359670,0 -54.584201,-15.359999,0 -54.583860,-15.360392,0 -54.583554,-15.360705,0 -54.583375,-15.361077,0 -54.582967,-15.361995,0 -54.582870,-15.362112,0 -54.582634,-15.362272,0 -54.582235,-15.362306,0 -54.580864,-15.362290,0 -54.579351,-15.362306,0 -54.579118,-15.362212,0 -54.578480,-15.361912,0 -54.577897,-15.361646,0 -54.577745,-15.361584,0 -54.577745,-15.361584,0 -54.577522,-15.361496,0 -54.577036,-15.361274,0 -54.576516,-15.361015,0 -54.576189,-15.360847,0 -54.574660,-15.360133,0 -54.574070,-15.359887,0 -54.573780,-15.359810,0 -54.572485,-15.359711,0 -54.571718,-15.359673,0 -54.571369,-15.359771,0 -54.571157,-15.359867,0 -54.570564,-15.360022,0 -54.569966,-15.360043,0 -54.568732,-15.360066,0 -54.567890,-15.360071,0 -54.566900,-15.360050,0 -54.566157,-15.360071,0 -54.565592,-15.360058,0 -54.565168,-15.360058,0 -54.564999,-15.360006,0 -54.564953,-15.359867,0 -54.564950,-15.359737,0 -54.564999,-15.359411,0 -54.565262,-15.358066,0 -54.565616,-15.356328,0 -54.565697,-15.356146,0 -54.565806,-15.356067,0 -54.565927,-15.355982,0 -54.565921,-15.355929,0</coordinates></LineString></Placemark>
<Placemark><name>ESTRADA 08 - GALHEIRO</name><styleUrl>#extra</styleUrl><LineString><tessellate>1</tessellate><coordinates>-54.565592,-15.355964,0 -54.566069,-15.355909,0 -54.567059,-15.355868,0 -54.568424,-15.355806,0 -54.570932,-15.355677,0 -54.572498,-15.355540,0 -54.573182,-15.355537,0 -54.575202,-15.355465,0 -54.577047,-15.355351,0 -54.579762,-15.355219,0 -54.579835,-15.355224,0</coordinates></LineString></Placemark>
<Placemark><name>ESTRADA 09 - GALHEIRO</name><styleUrl>#extra</styleUrl><LineString><tessellate>1</tessellate><coordinates>-54.568066,-15.344009,0 -54.568292,-15.344024,0 -54.569660,-15.344317,0 -54.570284,-15.344433,0 -54.572384,-15.344853,0 -54.573940,-15.345173,0 -54.575277,-15.345455,0 -54.576424,-15.345689,0 -54.577342,-15.345832,0 -54.578005,-15.345984,0 -54.578699,-15.346118,0 -54.580885,-15.346562,0 -54.581742,-15.346683,0</coordinates></LineString></Placemark>
<Placemark><name>ESTRADA 10 - GALHEIRO</name><styleUrl>#extra</styleUrl><LineString><tessellate>1</tessellate><coordinates>-54.569671,-15.336226,0 -54.569727,-15.336182,0 -54.569860,-15.336129,0 -54.570073,-15.336096,0 -54.570487,-15.336092,0 -54.571680,-15.336080,0 -54.572089,-15.336082,0 -54.572356,-15.336144,0 -54.572485,-15.336158,0 -54.572701,-15.336145,0 -54.573359,-15.336017,0 -54.573795,-15.335977,0 -54.574315,-15.335950,0 -54.574572,-15.335866,0 -54.575109,-15.335593,0 -54.575910,-15.335265,0 -54.576402,-15.334999,0 -54.576601,-15.334861,0 -54.576847,-15.334591,0 -54.577342,-15.334110,0 -54.577612,-15.333957,0 -54.578230,-15.333631,0 -54.579312,-15.333010,0 -54.579518,-15.332767,0 -54.579712,-15.332435,0 -54.580168,-15.331708,0 -54.580491,-15.331175,0 -54.580844,-15.330561,0 -54.580965,-15.330327,0 -54.581018,-15.330195,0 -54.581195,-15.329796,0 -54.581588,-15.328765,0 -54.581807,-15.328214,0 -54.581949,-15.327848,0 -54.581999,-15.327764,0 -54.581999,-15.327764,0 -54.583192,-15.327995,0 -54.585418,-15.328429,0 -54.585418,-15.328429,0 -54.585984,-15.328507,0 -54.588267,-15.328975,0 -54.592022,-15.329689,0 -54.595276,-15.330333,0 -54.596145,-15.330493,0 -54.596145,-15.330493,0 -54.596208,-15.330527,0 -54.596967,-15.330650,0 -54.597700,-15.330786,0 -54.599106,-15.331044,0 -54.599106,-15.331044,0 -54.599241,-15.330405,0 -54.599639,-15.330295,0 -54.606565,-15.327908,0 -54.608567,-15.327225,0 -54.611742,-15.326122,0 -54.612766,-15.325787,0 -54.613063,-15.325682,0 -54.613647,-15.325483,0 -54.613647,-15.325483,0 -54.613777,-15.325518,0 -54.614154,-15.325726,0 -54.614589,-15.325947,0 -54.614955,-15.326102,0 -54.615320,-15.326224,0 -54.615501,-15.326246,0 -54.615782,-15.326211,0 -54.616767,-15.326149,0 -54.617201,-15.326184,0 -54.617562,-15.326220,0 -54.618117,-15.326230,0 -54.618424,-15.326239,0 -54.618757,-15.326316,0 -54.619681,-15.326545,0 -54.619989,-15.326612,0 -54.620318,-15.326736,0 -54.620685,-15.326971,0 -54.620810,-15.327050,0 -54.620974,-15.327027,0 -54.621423,-15.326855,0 -54.622028,-15.326746,0 -54.622139,-15.326726,0 -54.622686,-15.326710,0 -54.623107,-15.326737,0 -54.623687,-15.326668,0 -54.623956,-15.326646,0 -54.624336,-15.326618,0 -54.624489,-15.326655,0 -54.624623,-15.326770,0 -54.624640,-15.326881,0 -54.624339,-15.327546,0 -54.624117,-15.328032,0 -54.623951,-15.328393,0 -54.623812,-15.328699,0 -54.623676,-15.328979,0 -54.623437,-15.329447,0 -54.623293,-15.329779,0 -54.622993,-15.330377,0 -54.622776,-15.330693,0 -54.622625,-15.330788,0 -54.622190,-15.330841,0 -54.621824,-15.330901,0 -54.621312,-15.331021,0 -54.621144,-15.331108,0 -54.620999,-15.331268,0 -54.620860,-15.331603,0 -54.620844,-15.331886,0 -54.620899,-15.332367,0 -54.620935,-15.332615,0 -54.620994,-15.333115,0 -54.620978,-15.333414,0 -54.620951,-15.333788,0 -54.620866,-15.333984,0 -54.620573,-15.334415,0 -54.620388,-15.334661,0 -54.620183,-15.334869,0 -54.619975,-15.335067,0 -54.619786,-15.335239,0 -54.619426,-15.335632,0 -54.619167,-15.335997,0 -54.618607,-15.336674,0 -54.618432,-15.336868,0 -54.618235,-15.337106,0 -54.617868,-15.337287,0 -54.617382,-15.337489,0 -54.616768,-15.337714,0 -54.616606,-15.337745,0 -54.616217,-15.337756,0 -54.615853,-15.337752,0 -54.614970,-15.337678,0 -54.614612,-15.337677,0 -54.613682,-15.337800,0 -54.613284,-15.337891,0 -54.613140,-15.338001,0 -54.613077,-15.338207,0 -54.613059,-15.338587,0 -54.613064,-15.338886,0 -54.581999,-15.327764,0 -54.582003,-15.327693,0 -54.581950,-15.327581,0 -54.581885,-15.327530,0 -54.581746,-15.327347,0 -54.581620,-15.327240,0 -54.581480,-15.327207,0 -54.581384,-15.327212,0 -54.581265,-15.327282,0 -54.581144,-15.327429,0 -54.580922,-15.327704,0 -54.580616,-15.328015,0 -54.580405,-15.328165,0 -54.580120,-15.328363,0 -54.579636,-15.328676,0 -54.579273,-15.328842,0 -54.578846,-15.329020,0 -54.577674,-15.329645,0 -54.577251,-15.329867,0 -54.576886,-15.330037,0 -54.576457,-15.330402,0 -54.576110,-15.330690,0 -54.575690,-15.330919,0 -54.575359,-15.331095,0 -54.575066,-15.331215,0 -54.574664,-15.331421,0 -54.574254,-15.331572,0 -54.573960,-15.331651,0 -54.573548,-15.331730,0 -54.573012,-15.331842,0 -54.572530,-15.331961,0 -54.572036,-15.332051,0 -54.571692,-15.332110,0 -54.571392,-15.332135,0 -54.570763,-15.332175,0 -54.570580,-15.332179,0 -54.570519,-15.332171,0</coordinates></LineString></Placemark>
<Placemark><name>ESTRADA 11 - GALHEIRO</name><styleUrl>#extra</styleUrl><LineString><tessellate>1</tessellate><coordinates>-54.592981,-15.320434,0 -54.591896,-15.320234,0 -54.588823,-15.319655,0 -54.587262,-15.319354,0 -54.587195,-15.319347,0 -54.586663,-15.319246,0 -54.585986,-15.319111,0 -54.584920,-15.318925,0 -54.582931,-15.318560,0 -54.582412,-15.318476,0 -54.579649,-15.317937,0 -54.573648,-15.316812,0 -54.573594,-15.316802,0</coordinates></LineString></Placemark>
<Placemark><name>ESTRADA 12 - GALHEIRO</name><styleUrl>#extra</styleUrl><LineString><tessellate>1</tessellate><coordinates>-54.582425,-15.343326,0 -54.582133,-15.343235,0 -54.581450,-15.343031,0 -54.579890,-15.342532,0 -54.578238,-15.341999,0 -54.577015,-15.341595,0 -54.575073,-15.340975,0 -54.573507,-15.340463,0 -54.573291,-15.340408,0 -54.572655,-15.340228,0 -54.571285,-15.339781,0 -54.569113,-15.339088,0 -54.569076,-15.339061,0</coordinates></LineString></Placemark>
<Placemark><name>ESTRADA 13 - GALHEIRO</name><styleUrl>#extra</styleUrl><LineString><tessellate>1</tessellate><coordinates>-54.581814,-15.346275,0 -54.581972,-15.346184,0 -54.582130,-15.346138,0 -54.582377,-15.346000,0 -54.582747,-15.345791,0 -54.582854,-15.345721,0 -54.583458,-15.345602,0 -54.584863,-15.345501,0 -54.585320,-15.345590,0 -54.585791,-15.345646,0 -54.587014,-15.345931,0 -54.588366,-15.346267,0 -54.589128,-15.346451,0 -54.590230,-15.346572,0 -54.590952,-15.346603,0 -54.591630,-15.346590,0 -54.592288,-15.346495,0 -54.593340,-15.346170,0 -54.593956,-15.345765,0 -54.594503,-15.345173,0 -54.594865,-15.344684,0 -54.595359,-15.344089,0 -54.595659,-15.343900,0 -54.595753,-15.343833,0 -54.595994,-15.343766,0 -54.596281,-15.343799,0 -54.596542,-15.343900,0 -54.596690,-15.344060,0 -54.597051,-15.344376,0 -54.597829,-15.345155,0 -54.599052,-15.346200,0 -54.599825,-15.346831,0 -54.600734,-15.347565,0 -54.601793,-15.348354,0 -54.603287,-15.349410,0 -54.603899,-15.349865,0 -54.604260,-15.349960,0 -54.605573,-15.349847,0 -54.607670,-15.349743,0 -54.608695,-15.349648,0 -54.611082,-15.349508,0 -54.611599,-15.349461,0 -54.611599,-15.349461,0 -54.611599,-15.349461,0 -54.612892,-15.349288,0 -54.613740,-15.349185,0 -54.614566,-15.348936,0 -54.615837,-15.348171,0 -54.616503,-15.347105,0 -54.616508,-15.346732,0 -54.616261,-15.346075,0 -54.615880,-15.345460,0 -54.615430,-15.344979,0 -54.614528,-15.343960,0 -54.614089,-15.343401,0 -54.612828,-15.341818,0 -54.612061,-15.340587,0 -54.611825,-15.340028,0 -54.611573,-15.339568,0 -54.611434,-15.339198,0 -54.611406,-15.338714,0 -54.611470,-15.338280,0 -54.611562,-15.337767,0 -54.611787,-15.337069,0 -54.612324,-15.335807,0 -54.612758,-15.334715,0 -54.612887,-15.333944,0 -54.613048,-15.332847,0 -54.613016,-15.332164,0 -54.612930,-15.331580,0 -54.612383,-15.330007,0 -54.611927,-15.329143,0 -54.611111,-15.327689,0 -54.610736,-15.327089,0 -54.610510,-15.326570,0 -54.610280,-15.325672,0 -54.609582,-15.323255,0 -54.609421,-15.322702,0 -54.608633,-15.321181,0 -54.608177,-15.320625,0 -54.607541,-15.320143,0 -54.606675,-15.319595,0 -54.605787,-15.319184,0 -54.604752,-15.318762,0 -54.603783,-15.318315,0 -54.603110,-15.317598,0 -54.602576,-15.316980,0 -54.602032,-15.316405,0 -54.601423,-15.316201,0 -54.600302,-15.316273,0 -54.599867,-15.316390,0 -54.599358,-15.316338,0 -54.599092,-15.316170,0 -54.598854,-15.315138,0 -54.599111,-15.313192,0 -54.599154,-15.312002,0 -54.599197,-15.311185,0 -54.599220,-15.310987,0 -54.599460,-15.310523,0 -54.599829,-15.309785,0 -54.600120,-15.309207,0 -54.600189,-15.309035,0 -54.600230,-15.308921,0 -54.606930,-15.339930,0 -54.606980,-15.339970,0 -54.607010,-15.340077,0 -54.607227,-15.340561,0 -54.607777,-15.341704,0 -54.608381,-15.342930,0 -54.609035,-15.344317,0 -54.609505,-15.345287,0 -54.610092,-15.346489,0 -54.611232,-15.348934,0 -54.611487,-15.349474,0 -54.611487,-15.349474,0 -54.611830,-15.350121,0 -54.612018,-15.350581,0 -54.612576,-15.351771,0 -54.612860,-15.352325,0 -54.613649,-15.353985,0 -54.613997,-15.354720,0 -54.614732,-15.356303,0 -54.615113,-15.357058,0 -54.615500,-15.357900,0 -54.615746,-15.358418,0 -54.616009,-15.358936,0 -54.616240,-15.359360,0 -54.616519,-15.360001,0 -54.616739,-15.360420,0 -54.617693,-15.361641,0 -54.618139,-15.362215,0 -54.619024,-15.363410,0 -54.619453,-15.363953,0 -54.619830,-15.364520,0 -54.620440,-15.366576,0 -54.621691,-15.370694,0 -54.621909,-15.371443,0 -54.622001,-15.371779,0 -54.622257,-15.372629,0 -54.622472,-15.373301,0 -54.622564,-15.373669,0</coordinates></LineString></Placemark>
<Placemark><name>ESTRADA 14 - GALHEIRO</name><styleUrl>#extra</styleUrl><LineString><tessellate>1</tessellate><coordinates>-54.589353,-15.306994,0 -54.588205,-15.306634,0 -54.586086,-15.306011,0 -54.585646,-15.305858,0 -54.583651,-15.305268,0 -54.581958,-15.304707,0 -54.580480,-15.304197,0 -54.579536,-15.303820,0 -54.578227,-15.303253,0 -54.577785,-15.303121,0 -54.577460,-15.303188,0 -54.577305,-15.303323,0 -54.577192,-15.303413,0 -54.576865,-15.303620,0 -54.576344,-15.303838,0 -54.576141,-15.303933,0</coordinates></LineString></Placemark>
<Placemark><name>ESTRADA 15 - GALHEIRO</name><styleUrl>#extra</styleUrl><LineString><tessellate>1</tessellate><coordinates>-54.608177,-15.320625,0 -54.609263,-15.319812,0 -54.611876,-15.317973,0 -54.613761,-15.316563,0 -54.617205,-15.314018,0 -54.618753,-15.312892,0 -54.618753,-15.312892,0 -54.618884,-15.312799,0 -54.619563,-15.312390,0 -54.620067,-15.312023,0 -54.620877,-15.311358,0 -54.621336,-15.311017,0 -54.622116,-15.310442,0 -54.622594,-15.310057,0 -54.623474,-15.309439,0 -54.624530,-15.308603,0 -54.625273,-15.307837,0 -54.626309,-15.306766,0 -54.627700,-15.305370,0 -54.627700,-15.305370,0 -54.627780,-15.305340,0 -54.628568,-15.305448,0 -54.628823,-15.305484,0 -54.629247,-15.305414,0 -54.629609,-15.305280,0 -54.629903,-15.305107,0 -54.630331,-15.304755,0 -54.630630,-15.304408,0 -54.631298,-15.303527,0 -54.631971,-15.302653,0 -54.632706,-15.301717,0 -54.632766,-15.301811,0 -54.632828,-15.301988,0 -54.632920,-15.302245,0 -54.633140,-15.302571,0 -54.633470,-15.302983,0 -54.634024,-15.303332,0 -54.634664,-15.303715,0 -54.634979,-15.303917,0 -54.635188,-15.304045,0 -54.635765,-15.304319,0 -54.636063,-15.304460,0 -54.636492,-15.304667,0 -54.636816,-15.304814,0 -54.637445,-15.305095,0 -54.637744,-15.305228,0 -54.638675,-15.305395,0 -54.639281,-15.305358,0 -54.639511,-15.305345,0 -54.639773,-15.305352,0 -54.639899,-15.305416,0 -54.640130,-15.305552,0 -54.640648,-15.305928,0 -54.640927,-15.306156,0 -54.641349,-15.306505,0 -54.641593,-15.306700,0 -54.641934,-15.306984,0 -54.642163,-15.307126,0 -54.643197,-15.307707,0 -54.643306,-15.307745,0 -54.643361,-15.307850,0 -54.643325,-15.308091,0 -54.643181,-15.308324,0 -54.643067,-15.308467,0 -54.642989,-15.308519,0 -54.642496,-15.308723,0 -54.642131,-15.308877,0 -54.641629,-15.309201,0 -54.641482,-15.309309,0 -54.641337,-15.309472,0 -54.641019,-15.309999,0 -54.640798,-15.310424,0 -54.640720,-15.310726,0 -54.640475,-15.311418,0 -54.640349,-15.311759,0 -54.640139,-15.312103,0 -54.639831,-15.312521,0 -54.639411,-15.312939,0 -54.638515,-15.313763,0 -54.637860,-15.314381,0 -54.637654,-15.314532,0 -54.637208,-15.314680,0 -54.636835,-15.314671,0 -54.636225,-15.314545,0 -54.635821,-15.314477,0 -54.635399,-15.314443,0 -54.634717,-15.314422,0 -54.633950,-15.314298,0 -54.633768,-15.314302,0 -54.633484,-15.314545,0 -54.633191,-15.314805,0 -54.633056,-15.315080,0 -54.632899,-15.315352,0 -54.618753,-15.312892,0 -54.618627,-15.312706,0 -54.618450,-15.312463,0 -54.618225,-15.312178,0 -54.617983,-15.311932,0 -54.617683,-15.311607,0 -54.617235,-15.311118,0 -54.616765,-15.310582,0 -54.616291,-15.310041,0 -54.615658,-15.309348,0 -54.615285,-15.309058,0 -54.614979,-15.308875,0 -54.614625,-15.308722,0 -54.614193,-15.308585,0 -54.613587,-15.308463,0 -54.613067,-15.308463,0 -54.612597,-15.308489,0 -54.612238,-15.308595,0 -54.611978,-15.308740,0 -54.611645,-15.308919,0 -54.611334,-15.309164,0 -54.611015,-15.309389,0 -54.610924,-15.309423,0 -54.610753,-15.309467,0 -54.610595,-15.309486,0 -54.610301,-15.309545,0 -54.610134,-15.309585,0 -54.609969,-15.309709,0 -54.609358,-15.310176,0 -54.608729,-15.310525,0 -54.608512,-15.310645,0 -54.608210,-15.310955,0 -54.608015,-15.311281,0 -54.607836,-15.311693,0 -54.607748,-15.311936,0 -54.607653,-15.312274,0 -54.607596,-15.312578,0 -54.607497,-15.312883,0 -54.607297,-15.313157,0 -54.607131,-15.313344,0 -54.606916,-15.313472,0 -54.606688,-15.313549,0 -54.606432,-15.313714,0 -54.606113,-15.313989,0 -54.606030,-15.314108,0 -54.605857,-15.314350,0 -54.605772,-15.314598,0 -54.605750,-15.314785,0 -54.605768,-15.314976,0 -54.605874,-15.315204,0 -54.606053,-15.315469,0 -54.606256,-15.315778,0 -54.606429,-15.316037,0 -54.606556,-15.316197,0 -54.606620,-15.316290,0 -54.606698,-15.316420,0 -54.606663,-15.316519,0 -54.606580,-15.316602,0 -54.606416,-15.316605,0 -54.606243,-15.316674,0 -54.605476,-15.316875,0 -54.605200,-15.316907,0 -54.604875,-15.316881,0 -54.604675,-15.316788,0 -54.604514,-15.316669,0 -54.604046,-15.316126,0 -54.603935,-15.315976,0 -54.603564,-15.315495,0 -54.603416,-15.315356,0 -54.603269,-15.315294,0 -54.603012,-15.315248,0 -54.602532,-15.315171,0 -54.602111,-15.315124,0 -54.601638,-15.315077,0 -54.601101,-15.315060,0 -54.600836,-15.315125,0 -54.600625,-15.315287,0 -54.600480,-15.315521,0 -54.600358,-15.315768,0 -54.600230,-15.316088,0 -54.600149,-15.316262,0 -54.600121,-15.316321,0 -54.613063,-15.325682,0 -54.613033,-15.325619,0 -54.612954,-15.325454,0 -54.612844,-15.325232,0 -54.612731,-15.324973,0 -54.612679,-15.324795,0 -54.612672,-15.324687,0 -54.612670,-15.324270,0 -54.612714,-15.324132,0 -54.612810,-15.324019,0 -54.613046,-15.323894,0 -54.613333,-15.323775,0 -54.613662,-15.323691,0 -54.614168,-15.323567,0 -54.614331,-15.323434,0 -54.614657,-15.323108,0 -54.614931,-15.322668,0 -54.615164,-15.322151,0 -54.615281,-15.321864,0 -54.615400,-15.321487,0 -54.615515,-15.321145,0 -54.615659,-15.320467,0 -54.615684,-15.320208,0 -54.615777,-15.319814,0 -54.615880,-15.319609,0 -54.616104,-15.319450,0 -54.616328,-15.319437,0 -54.616692,-15.319454,0 -54.616924,-15.319568,0 -54.617039,-15.319600,0 -54.617136,-15.319594,0 -54.617250,-15.319560,0 -54.617392,-15.319453,0 -54.617726,-15.319190,0 -54.617883,-15.318916,0 -54.618003,-15.318497,0 -54.618141,-15.318049,0 -54.618463,-15.317339,0 -54.618693,-15.317212,0 -54.619029,-15.317047,0 -54.619507,-15.316996,0 -54.620259,-15.316902,0 -54.620555,-15.316879,0 -54.620612,-15.316799,0 -54.620597,-15.316557,0 -54.620353,-15.316057,0 -54.620266,-15.315831,0 -54.620042,-15.315514,0 -54.619900,-15.315337,0 -54.619694,-15.315059,0 -54.619520,-15.314751,0 -54.619363,-15.314459,0 -54.619178,-15.314098,0 -54.619077,-15.313860,0 -54.619004,-15.313591,0 -54.618867,-15.313249,0 -54.618851,-15.313135,0 -54.618797,-15.312988,0 -54.618753,-15.312892,0</coordinates></LineString></Placemark>
<Placemark><name>ESTRADA 16 - GALHEIRO</name><styleUrl>#extra</styleUrl><LineString><tessellate>1</tessellate><coordinates>-54.631287,-15.309289,0 -54.627700,-15.305370,0 -54.627580,-15.304709,0 -54.627146,-15.302997,0 -54.626670,-15.301030,0 -54.625807,-15.300161,0 -54.625391,-15.299711,0 -54.625356,-15.299018,0 -54.625440,-15.298011,0 -54.625547,-15.297654,0 -54.625909,-15.296588,0 -54.626459,-15.294951,0 -54.626676,-15.293864,0 -54.626759,-15.293041,0 -54.626759,-15.292777,0 -54.626749,-15.292392,0 -54.626657,-15.291595,0 -54.626463,-15.290464,0 -54.626405,-15.290135,0 -54.626217,-15.289503,0 -54.625980,-15.289026,0 -54.625778,-15.288389,0 -54.625646,-15.287818,0 -54.625480,-15.286966,0 -54.625485,-15.286659,0 -54.625483,-15.285869,0 -54.625448,-15.285424,0 -54.625375,-15.284405,0 -54.625279,-15.283386,0 -54.625222,-15.282881,0 -54.625161,-15.282322,0 -54.625061,-15.282056,0 -54.624812,-15.281344,0 -54.624581,-15.280873,0 -54.624284,-15.280170,0 -54.623927,-15.279362,0 -54.623675,-15.278834,0 -54.623468,-15.278537,0 -54.623044,-15.277947,0 -54.622712,-15.277523,0 -54.622221,-15.276902,0 -54.621711,-15.276348,0 -54.621387,-15.276177,0 -54.621167,-15.276068,0 -54.620499,-15.275717,0 -54.619598,-15.275189,0 -54.618540,-15.274560,0 -54.618447,-15.274519,0 -54.625480,-15.286966,0 -54.625425,-15.286998,0 -54.625403,-15.287217,0 -54.625421,-15.287604,0 -54.625438,-15.288117,0 -54.625446,-15.288727,0 -54.625449,-15.289321,0 -54.625446,-15.289797,0 -54.625449,-15.290369,0 -54.625448,-15.290783,0 -54.625418,-15.291277,0 -54.625375,-15.291586,0 -54.625253,-15.291856,0 -54.624985,-15.292181,0 -54.624541,-15.292776,0 -54.623830,-15.293686,0 -54.622930,-15.294547,0 -54.621891,-15.295490,0 -54.621025,-15.296239,0 -54.620125,-15.297156,0 -54.619267,-15.298101,0 -54.618997,-15.298469,0 -54.618808,-15.298766,0 -54.618683,-15.299196,0 -54.618630,-15.299535,0 -54.618646,-15.299718,0 -54.618625,-15.299976,0 -54.618613,-15.300606,0 -54.618609,-15.300865,0 -54.618581,-15.301473,0 -54.618564,-15.301922,0 -54.618477,-15.302430,0 -54.618467,-15.302614,0 -54.618505,-15.303082,0 -54.618546,-15.303390,0 -54.618634,-15.304036,0 -54.618687,-15.304290,0 -54.618847,-15.304614,0 -54.619004,-15.304945,0 -54.619140,-15.305218,0 -54.619267,-15.305501,0 -54.619436,-15.305828,0 -54.619575,-15.306079,0 -54.619934,-15.306689,0 -54.620105,-15.306965,0 -54.620428,-15.307506,0 -54.620699,-15.308000,0 -54.620964,-15.308409,0 -54.621305,-15.308761,0 -54.621776,-15.309215,0 -54.622027,-15.309445,0 -54.622630,-15.310010,0 -54.622630,-15.310010,0 -54.622741,-15.310129,0 -54.622934,-15.310318,0 -54.623192,-15.310564,0 -54.623460,-15.310810,0 -54.623565,-15.310952,0 -54.623806,-15.311317,0 -54.624045,-15.311738,0 -54.624729,-15.312892,0 -54.625308,-15.313870,0 -54.625619,-15.314243,0 -54.626499,-15.315265,0 -54.627147,-15.316024,0 -54.627438,-15.316259,0 -54.627952,-15.316695,0 -54.628493,-15.317206,0 -54.628747,-15.317418,0 -54.629311,-15.317942,0 -54.629460,-15.318048,0 -54.629781,-15.318115,0 -54.630572,-15.317893,0 -54.631009,-15.317841,0 -54.631170,-15.317804,0 -54.631524,-15.317276,0 -54.631707,-15.317002,0 -54.631829,-15.316925,0 -54.632235,-15.316680,0 -54.632753,-15.316387,0 -54.632869,-15.316301,0 -54.633010,-15.316041,0 -54.632995,-15.315843,0 -54.632907,-15.315396,0 -54.632742,-15.314619,0 -54.632600,-15.313928,0 -54.631925,-15.310846,0 -54.631813,-15.310303,0 -54.631748,-15.310052,0 -54.631622,-15.310069,0 -54.631560,-15.309952,0 -54.631347,-15.309903,0 -54.631265,-15.309805,0 -54.631244,-15.309701,0 -54.631253,-15.309604,0 -54.631304,-15.309481,0 -54.631326,-15.309414,0 -54.631319,-15.309329,0 -54.631287,-15.309289,0</coordinates></LineString></Placemark>
<Placemark><name>ESTRADA 17 - GALHEIRO</name><styleUrl>#extra</styleUrl><LineString><tessellate>1</tessellate><coordinates>-54.621255,-15.343691,0 -54.614287,-15.343644,0</coordinates></LineString></Placemark>
<Placemark><name>ESTRADA 18 - GALHEIRO</name><styleUrl>#extra</styleUrl><LineString><tessellate>1</tessellate><coordinates>-54.581480,-15.327207,0 -54.581284,-15.327172,0 -54.581038,-15.327198,0 -54.580804,-15.327246,0 -54.580625,-15.327297,0 -54.580329,-15.327410,0 -54.579872,-15.327575,0 -54.579530,-15.327660,0 -54.579369,-15.327693,0</coordinates></LineString></Placemark>
<Placemark><name>ESTRADA 19 - GALHEIRO</name><styleUrl>#extra</styleUrl><LineString><tessellate>1</tessellate><coordinates>-54.602032,-15.316405,0 -54.601989,-15.316669,0 -54.601890,-15.317253,0 -54.601816,-15.317620,0 -54.601710,-15.318176,0 -54.601565,-15.318906,0 -54.601083,-15.321364,0 -54.600873,-15.322324,0 -54.600472,-15.324352,0 -54.600187,-15.325805,0 -54.600050,-15.326511,0 -54.599930,-15.327164,0 -54.599775,-15.327835,0 -54.599635,-15.328587,0 -54.599456,-15.329507,0 -54.599344,-15.330113,0 -54.599279,-15.330394,0</coordinates></LineString></Placemark>
<Placemark><name>ESTRADA 20 - GALHEIRO</name><styleUrl>#extra</styleUrl><LineString><tessellate>1</tessellate><coordinates>-54.602287,-15.299217,0 -54.602099,-15.299126,0 -54.601938,-15.299026,0 -54.601748,-15.298935,0 -54.601302,-15.298731,0 -54.601080,-15.298627,0 -54.600720,-15.298376,0 -54.600350,-15.298099,0 -54.599838,-15.297781,0 -54.599433,-15.297566,0 -54.599155,-15.297456,0 -54.598860,-15.297402,0 -54.598489,-15.297350,0 -54.598249,-15.297378,0 -54.598023,-15.297416,0 -54.597722,-15.297283,0 -54.597492,-15.297211,0 -54.597256,-15.297155,0 -54.596989,-15.297099,0 -54.596666,-15.297036,0 -54.596352,-15.297000,0 -54.596051,-15.296974,0 -54.595706,-15.296965,0 -54.595458,-15.296948,0 -54.595031,-15.296975,0 -54.594492,-15.297177,0 -54.593661,-15.297656,0 -54.593452,-15.297768,0 -54.593134,-15.298093,0 -54.592542,-15.298737,0 -54.592328,-15.298998,0 -54.592019,-15.299366,0 -54.591799,-15.299649,0 -54.591743,-15.299725,0 -54.591708,-15.299851,0 -54.591677,-15.299950,0 -54.591567,-15.300089,0 -54.591479,-15.300220,0 -54.591491,-15.300264,0</coordinates></LineString></Placemark>
<Placemark><name>ESTRADA 21 - GALHEIRO</name><styleUrl>#extra</styleUrl><LineString><tessellate>1</tessellate><coordinates>-54.632928,-15.301185,0 -54.633105,-15.300680,0 -54.633296,-15.300220,0 -54.633620,-15.299310,0 -54.634008,-15.298209,0 -54.634615,-15.296555,0 -54.634894,-15.295779,0 -54.635002,-15.295375,0 -54.635168,-15.294904,0 -54.635250,-15.294740,0 -54.635250,-15.294740,0 -54.635578,-15.294506,0 -54.636104,-15.294154,0 -54.637434,-15.293266,0 -54.639178,-15.292045,0 -54.639596,-15.291688,0 -54.639889,-15.291305,0 -54.640090,-15.290881,0 -54.640149,-15.290418,0 -54.640144,-15.289251,0 -54.640184,-15.288426,0 -54.640300,-15.288150,0 -54.640712,-15.287655,0 -54.641160,-15.287282,0 -54.641801,-15.286762,0 -54.642088,-15.286436,0 -54.642262,-15.286058,0 -54.642520,-15.285463,0 -54.642437,-15.285280,0 -54.642667,-15.285047,0 -54.642928,-15.284625,0 -54.643180,-15.284082,0 -54.643453,-15.283466,0 -54.643990,-15.282270,0 -54.644094,-15.282012,0 -54.644215,-15.281828,0 -54.644684,-15.280793,0 -54.645181,-15.279743,0 -54.645859,-15.278203,0 -54.646554,-15.276736,0 -54.646954,-15.275869,0 -54.647380,-15.274935,0 -54.647911,-15.273804,0 -54.648598,-15.272361,0 -54.649065,-15.271328,0 -54.649797,-15.269742,0 -54.649995,-15.269307,0 -54.650105,-15.269064,0 -54.650105,-15.269064,0 -54.650226,-15.269124,0 -54.650333,-15.269190,0 -54.650510,-15.269353,0 -54.650670,-15.269503,0 -54.650730,-15.269602,0 -54.650760,-15.269803,0 -54.650752,-15.270020,0 -54.650584,-15.270225,0 -54.650420,-15.270386,0 -54.650294,-15.270529,0 -54.650033,-15.270860,0 -54.649856,-15.271055,0 -54.649691,-15.271236,0 -54.649597,-15.271489,0 -54.649621,-15.271855,0 -54.649657,-15.271996,0 -54.649795,-15.272198,0 -54.650101,-15.272374,0 -54.650379,-15.272561,0 -54.650860,-15.272912,0 -54.651082,-15.273076,0 -54.651214,-15.273244,0 -54.651248,-15.273561,0 -54.651267,-15.273867,0 -54.651296,-15.274299,0 -54.651315,-15.274772,0 -54.651335,-15.275049,0 -54.651366,-15.275405,0 -54.651421,-15.275574,0 -54.651611,-15.275833,0 -54.651778,-15.276021,0 -54.652102,-15.276238,0 -54.652285,-15.276345,0 -54.652559,-15.276464,0 -54.652736,-15.276586,0 -54.652936,-15.276862,0 -54.653030,-15.277122,0 -54.653042,-15.277660,0 -54.653048,-15.277956,0 -54.653034,-15.278265,0 -54.653028,-15.278600,0 -54.652962,-15.278798,0 -54.652778,-15.279009,0 -54.652592,-15.279184,0 -54.652345,-15.279395,0 -54.651926,-15.279781,0 -54.651685,-15.280000,0 -54.651257,-15.280269,0 -54.650787,-15.280508,0 -54.650450,-15.280691,0 -54.650260,-15.280870,0 -54.650137,-15.281096,0 -54.650097,-15.281367,0 -54.650141,-15.281664,0 -54.650373,-15.282223,0 -54.650512,-15.282591,0 -54.650627,-15.282863,0 -54.650690,-15.283109,0 -54.650902,-15.283382,0 -54.651033,-15.283476,0 -54.651425,-15.283600,0 -54.651702,-15.283703,0 -54.652012,-15.283829,0 -54.652148,-15.284030,0 -54.652305,-15.284212,0 -54.652504,-15.284688,0 -54.652606,-15.284888,0 -54.652700,-15.285269,0 -54.652718,-15.285466,0 -54.652590,-15.286067,0 -54.652534,-15.286260,0 -54.652458,-15.286871,0 -54.652468,-15.287334,0 -54.652452,-15.287657,0 -54.652382,-15.288012,0 -54.652317,-15.288353,0 -54.652239,-15.288818,0 -54.652150,-15.289400,0 -54.652010,-15.289630,0 -54.651698,-15.289736,0 -54.651055,-15.289935,0 -54.650501,-15.290107,0 -54.649836,-15.290303,0 -54.649294,-15.290424,0 -54.648676,-15.290493,0 -54.648477,-15.290440,0 -54.648229,-15.290352,0 -54.648087,-15.290261,0 -54.647553,-15.289880,0 -54.647058,-15.289493,0 -54.646640,-15.289202,0 -54.646044,-15.288897,0 -54.645721,-15.288781,0 -54.644958,-15.288612,0 -54.644631,-15.288626,0 -54.643620,-15.288780,0 -54.643353,-15.288850,0 -54.642946,-15.288959,0 -54.642596,-15.289102,0 -54.642489,-15.289131,0 -54.642233,-15.289334,0 -54.641919,-15.289558,0 -54.641801,-15.289688,0 -54.641717,-15.289941,0 -54.641784,-15.290214,0 -54.641971,-15.290481,0 -54.642327,-15.290938,0 -54.642497,-15.291186,0 -54.642984,-15.291516,0 -54.643237,-15.291608,0 -54.643976,-15.291787,0 -54.644408,-15.291867,0 -54.644879,-15.291877,0 -54.645153,-15.291891,0 -54.646156,-15.292003,0 -54.646567,-15.292062,0 -54.646794,-15.292179,0 -54.647357,-15.292563,0 -54.647623,-15.292673,0 -54.648501,-15.292966,0 -54.649487,-15.293330,0 -54.649667,-15.293446,0 -54.649900,-15.293657,0 -54.650100,-15.293947,0 -54.650127,-15.294080,0 -54.650123,-15.294334,0 -54.649899,-15.294737,0 -54.649643,-15.295208,0 -54.649531,-15.295504,0 -54.649362,-15.296028,0 -54.649170,-15.296595,0 -54.648968,-15.297184,0 -54.648810,-15.297622,0 -54.648654,-15.298094,0 -54.648540,-15.298625,0 -54.648483,-15.298913,0 -54.648449,-15.299251,0 -54.648403,-15.299670,0 -54.648437,-15.300301,0 -54.648465,-15.300548,0 -54.648602,-15.301147,0 -54.648670,-15.301470,0 -54.648575,-15.301679,0 -54.648535,-15.301846,0 -54.648402,-15.302184,0 -54.648318,-15.302407,0 -54.648126,-15.302892,0 -54.648050,-15.303120,0 -54.647941,-15.303562,0 -54.647895,-15.303752,0 -54.647804,-15.303907,0 -54.647628,-15.304104,0 -54.647453,-15.304301,0 -54.647219,-15.304486,0 -54.646838,-15.304651,0 -54.646516,-15.304747,0 -54.646180,-15.304852,0 -54.646003,-15.304876,0 -54.645814,-15.304892,0 -54.645663,-15.304857,0 -54.645481,-15.304785,0 -54.644986,-15.304405,0 -54.644336,-15.303875,0 -54.644157,-15.303697,0 -54.643983,-15.303402,0 -54.643778,-15.302952,0 -54.643520,-15.302432,0 -54.643288,-15.302006,0 -54.642749,-15.301271,0 -54.642517,-15.300957,0 -54.642132,-15.300502,0 -54.641812,-15.300196,0 -54.641304,-15.299745,0 -54.640927,-15.299376,0 -54.640444,-15.298965,0 -54.639847,-15.298486,0 -54.639555,-15.298255,0 -54.639093,-15.297882,0 -54.638608,-15.297548,0 -54.638139,-15.297217,0 -54.637797,-15.296982,0 -54.637502,-15.296603,0 -54.636958,-15.295984,0 -54.636730,-15.295728,0 -54.636465,-15.295460,0 -54.636378,-15.295291,0 -54.636234,-15.295008,0 -54.636140,-15.294870,0 -54.636028,-15.294744,0 -54.635844,-15.294684,0 -54.635743,-15.294686,0 -54.635578,-15.294695,0 -54.635395,-15.294810,0 -54.635262,-15.294863,0 -54.635250,-15.294740,0 -54.635250,-15.294740,0 -54.635050,-15.294731,0 -54.634546,-15.294617,0 -54.629444,-15.293528,0 -54.626955,-15.293000,0 -54.626800,-15.292980,0 -54.635002,-15.295375,0 -54.635034,-15.295455,0 -54.635086,-15.295572,0 -54.635250,-15.295930,0 -54.635340,-15.296141,0 -54.635533,-15.296645,0 -54.635757,-15.297309,0 -54.635825,-15.297499,0 -54.635982,-15.297718,0 -54.636328,-15.298190,0 -54.636572,-15.298572,0 -54.636828,-15.298945,0 -54.636944,-15.299068,0 -54.637316,-15.299449,0 -54.637925,-15.299896,0 -54.638468,-15.300304,0 -54.639171,-15.300837,0 -54.639338,-15.300950,0 -54.639661,-15.301197,0 -54.640203,-15.301733,0 -54.640469,-15.302015,0 -54.640793,-15.302346,0 -54.640850,-15.302466,0 -54.640838,-15.302759,0 -54.640759,-15.302937,0 -54.640542,-15.303334,0 -54.640455,-15.303549,0 -54.640248,-15.303732,0 -54.640089,-15.303744,0 -54.639379,-15.303698,0 -54.639089,-15.303673,0 -54.638519,-15.303522,0 -54.638135,-15.303417,0 -54.637782,-15.303284,0 -54.637284,-15.303085,0 -54.636843,-15.302897,0 -54.636406,-15.302719,0 -54.636138,-15.302578,0 -54.635671,-15.302313,0 -54.635187,-15.302051,0 -54.634920,-15.301900,0 -54.634558,-15.301523,0 -54.634227,-15.301187,0 -54.634051,-15.301072,0 -54.633476,-15.301050,0 -54.633347,-15.301059,0 -54.633089,-15.301155,0 -54.632978,-15.301195,0 -54.632928,-15.301185,0 -54.650064,-15.269150,0 -54.650054,-15.269038,0 -54.649997,-15.268924,0 -54.649871,-15.268827,0 -54.649630,-15.268694,0 -54.648961,-15.268486,0 -54.648445,-15.268363,0 -54.647965,-15.268223,0 -54.647453,-15.268055,0 -54.647202,-15.267933,0 -54.646786,-15.267707,0 -54.646313,-15.267448,0 -54.645736,-15.267200,0 -54.644891,-15.267080,0 -54.644452,-15.266984,0 -54.644034,-15.266875,0 -54.643465,-15.266726,0 -54.643091,-15.266571,0 -54.642102,-15.266183,0 -54.641784,-15.266013,0 -54.641098,-15.265643,0 -54.640905,-15.265491,0 -54.640534,-15.264998,0 -54.640376,-15.264858,0 -54.640099,-15.264712,0 -54.639415,-15.264456,0 -54.639296,-15.264374,0 -54.638986,-15.263974,0 -54.638788,-15.263738,0 -54.638477,-15.263360,0 -54.638370,-15.263190,0 -54.638271,-15.263117,0 -54.638117,-15.262882,0 -54.637953,-15.262708,0 -54.637294,-15.261988,0 -54.637009,-15.261818,0 -54.636595,-15.261595,0 -54.636291,-15.261452,0 -54.636025,-15.261352,0 -54.635700,-15.261252,0 -54.635173,-15.261168,0 -54.634931,-15.261114,0 -54.634520,-15.260997,0 -54.634127,-15.260869,0 -54.633722,-15.260737,0 -54.633172,-15.260574,0 -54.632758,-15.260567,0 -54.632283,-15.260591,0 -54.631901,-15.260591,0 -54.631583,-15.260570,0 -54.631181,-15.260534,0 -54.630868,-15.260559,0 -54.630514,-15.260605,0 -54.629719,-15.260653,0 -54.629376,-15.260682,0 -54.629010,-15.260731,0 -54.628572,-15.260770,0 -54.628174,-15.260825,0 -54.627777,-15.260931,0 -54.627591,-15.260959,0 -54.627207,-15.260961,0 -54.626864,-15.260925,0 -54.626471,-15.260882,0 -54.626146,-15.260775,0 -54.625664,-15.260613,0 -54.625300,-15.260476,0 -54.624965,-15.260256,0 -54.624730,-15.260063,0 -54.624500,-15.259749,0 -54.624411,-15.259604,0 -54.624313,-15.259379,0 -54.624213,-15.259108,0 -54.624172,-15.258913,0 -54.624123,-15.258744,0 -54.624111,-15.258511,0 -54.624099,-15.258089,0 -54.624062,-15.257632,0 -54.624040,-15.257160,0 -54.623744,-15.257064,0 -54.623382,-15.257021,0 -54.623165,-15.256949,0 -54.622552,-15.256842,0 -54.621558,-15.256653,0 -54.620866,-15.256514,0 -54.620507,-15.256439,0 -54.620381,-15.256395,0 -54.620339,-15.256389,0 -54.620325,-15.256387,0</coordinates></LineString></Placemark>
<Placemark><name>ESTRADA 22 - GALHEIRO</name><styleUrl>#extra</styleUrl><LineString><tessellate>1</tessellate><coordinates>-54.642437,-15.285280,0 -54.642099,-15.285023,0 -54.641182,-15.284229,0 -54.640680,-15.283800,0 -54.639663,-15.282930,0 -54.638591,-15.282001,0 -54.637166,-15.280778,0 -54.635814,-15.279608,0 -54.634170,-15.278203,0 -54.632641,-15.276899,0 -54.632467,-15.276819,0 -54.632196,-15.276788,0 -54.632057,-15.276746,0 -54.631979,-15.276705,0 -54.631874,-15.276268,0 -54.631654,-15.276040,0 -54.631062,-15.275533,0 -54.630772,-15.275290,0 -54.630514,-15.275065,0 -54.629892,-15.274519,0 -54.628884,-15.273657,0 -54.628071,-15.272969,0 -54.626969,-15.272022,0 -54.625737,-15.271010,0 -54.625249,-15.270586,0 -54.624294,-15.269750,0 -54.623039,-15.268692,0 -54.622036,-15.267851,0 -54.621600,-15.267730,0 -54.621532,-15.267726,0 -54.621580,-15.267475,0 -54.620582,-15.267579,0 -54.619922,-15.267584,0 -54.618627,-15.267682,0 -54.616556,-15.267835,0 -54.614590,-15.267993,0 -54.614027,-15.268039,0 -54.611457,-15.273960,0</coordinates></LineString></Placemark>
<Placemark><name>ESTRADA 23 - GALHEIRO</name><styleUrl>#extra</styleUrl><LineString><tessellate>1</tessellate><coordinates>-54.626217,-15.289503,0 -54.626297,-15.289380,0 -54.626424,-15.289049,0 -54.626534,-15.288851,0 -54.628147,-15.285295,0 -54.628585,-15.284317,0 -54.628847,-15.283741,0 -54.629207,-15.282965,0 -54.629472,-15.282362,0 -54.631716,-15.277442,0 -54.631935,-15.276966,0 -54.632000,-15.276719,0</coordinates></LineString></Placemark>
<Placemark><name>ESTRADA 24 - GALHEIRO</name><styleUrl>#extra</styleUrl><LineString><tessellate>1</tessellate><coordinates>-54.632598,-15.276878,0 -54.632593,-15.276775,0 -54.632531,-15.276630,0 -54.632423,-15.276523,0 -54.632338,-15.276380,0 -54.632368,-15.276191,0 -54.632380,-15.276054,0 -54.632439,-15.275924,0 -54.632572,-15.275648,0 -54.632716,-15.275310,0 -54.632875,-15.274933,0 -54.633634,-15.273269,0 -54.634178,-15.272042,0 -54.634783,-15.270720,0 -54.635120,-15.269971,0 -54.635470,-15.269203,0 -54.635796,-15.268457,0 -54.635969,-15.268093,0 -54.636268,-15.267453,0 -54.636544,-15.266832,0 -54.636992,-15.265872,0 -54.637605,-15.264526,0 -54.638003,-15.263708,0 -54.638210,-15.263256,0 -54.638271,-15.263117,0</coordinates></LineString></Placemark>
<Placemark><name>ESTRADA 25 - GALHEIRO</name><styleUrl>#extra</styleUrl><LineString><tessellate>1</tessellate><coordinates>-54.644116,-15.281978,0 -54.644214,-15.281994,0 -54.644467,-15.282107,0 -54.645755,-15.282741,0 -54.646370,-15.283049,0 -54.646683,-15.283205,0</coordinates></LineString></Placemark>
<Placemark><name>ESTRADA 26 - GALHEIRO</name><styleUrl>#extra</styleUrl><LineString><tessellate>1</tessellate><coordinates>-54.590689,-15.280687,0 -54.590185,-15.280599,0 -54.589734,-15.280532,0 -54.589471,-15.280444,0 -54.589096,-15.280325,0 -54.588774,-15.280252,0 -54.588581,-15.280237,0 -54.588355,-15.280170,0 -54.587851,-15.279931,0 -54.587755,-15.279885,0 -54.587755,-15.279885,0 -54.587810,-15.279660,0 -54.587897,-15.279078,0 -54.588007,-15.278534,0 -54.588047,-15.278467,0 -54.588256,-15.278288,0 -54.588645,-15.277981,0 -54.589227,-15.277479,0 -54.589530,-15.277215,0 -54.589830,-15.276970,0 -54.590182,-15.276534,0 -54.590764,-15.275913,0 -54.591140,-15.275490,0 -54.591365,-15.275072,0 -54.591500,-15.274780,0 -54.591381,-15.274456,0 -54.591255,-15.274185,0 -54.590751,-15.273445,0 -54.590509,-15.273080,0 -54.590327,-15.272951,0 -54.590085,-15.272870,0 -54.589656,-15.272723,0 -54.589184,-15.272669,0 -54.588868,-15.272648,0 -54.588321,-15.272562,0 -54.587945,-15.272495,0 -54.587548,-15.272436,0 -54.587309,-15.272412,0 -54.586963,-15.272340,0 -54.586714,-15.272265,0 -54.586470,-15.272138,0 -54.586144,-15.271956,0 -54.585703,-15.271705,0 -54.585440,-15.271476,0 -54.585137,-15.271210,0 -54.584867,-15.270958,0 -54.584539,-15.270636,0 -54.584287,-15.270335,0 -54.583990,-15.269965,0 -54.583859,-15.269826,0 -54.583695,-15.269680,0 -54.583416,-15.269527,0 -54.583151,-15.269380,0 -54.583041,-15.269297,0 -54.582917,-15.269194,0</coordinates></LineString></Placemark>
<Placemark><name>ESTRADA 27 - GALHEIRO</name><styleUrl>#extra</styleUrl><LineString><tessellate>1</tessellate><coordinates>-54.624150,-15.258850,0 -54.624163,-15.259506,0 -54.624206,-15.260341,0 -54.624239,-15.261031,0 -54.624396,-15.264300,0 -54.624478,-15.266581,0 -54.624500,-15.267772,0 -54.624505,-15.268389,0 -54.624508,-15.269143,0 -54.624500,-15.269604,0 -54.624480,-15.269840,0 -54.624487,-15.269914,0</coordinates></LineString></Placemark>
<Placemark><name>ESTRADA 28 - GALHEIRO</name><styleUrl>#extra</styleUrl><LineString><tessellate>1</tessellate><coordinates>-54.620888,-15.261069,0 -54.620652,-15.261084,0 -54.620369,-15.261113,0 -54.620038,-15.261149,0 -54.619812,-15.261179,0 -54.619371,-15.261216,0 -54.618650,-15.261303,0 -54.617963,-15.261353,0 -54.617094,-15.261459,0 -54.616305,-15.261541,0 -54.615505,-15.261620,0 -54.614604,-15.261723,0 -54.614074,-15.261774,0 -54.614012,-15.261778,0</coordinates></LineString></Placemark>
<Placemark><name>ESTRADA 29 - GALHEIRO</name><styleUrl>#extra</styleUrl><LineString><tessellate>1</tessellate><coordinates>-54.582146,-15.273376,0 -54.582087,-15.273381,0 -54.582013,-15.273570,0 -54.581843,-15.273586,0 -54.581266,-15.273524,0 -54.580840,-15.273447,0 -54.579139,-15.273173,0 -54.576399,-15.272738,0 -54.575876,-15.272639,0 -54.575790,-15.272588,0 -54.575777,-15.272499,0 -54.575809,-15.272299,0 -54.575837,-15.272076,0 -54.575781,-15.271476,0 -54.575830,-15.270786,0 -54.575809,-15.270113,0 -54.575678,-15.269604,0 -54.575525,-15.269095,0 -54.575314,-15.268824,0 -54.574976,-15.268439,0 -54.574770,-15.268168,0 -54.574513,-15.267924,0 -54.574212,-15.267787,0 -54.573906,-15.267801,0 -54.573295,-15.267908,0 -54.572643,-15.267986,0 -54.572003,-15.268033,0 -54.571492,-15.267990,0 -54.571171,-15.267892,0 -54.570763,-15.267761,0 -54.570086,-15.267587,0 -54.569784,-15.267462,0 -54.569647,-15.267334,0 -54.569416,-15.267016,0 -54.569198,-15.266770,0 -54.568931,-15.266425,0 -54.568771,-15.266152,0 -54.568302,-15.265436,0 -54.568014,-15.265029,0 -54.567579,-15.264460,0 -54.567181,-15.263880,0 -54.567084,-15.263700,0</coordinates></LineString></Placemark>
<Placemark><name>ESTRADA 30 - GALHEIRO</name><styleUrl>#extra</styleUrl><LineString><tessellate>1</tessellate><coordinates>-54.584824,-15.259394,0 -54.584881,-15.259422,0 -54.585054,-15.259526,0 -54.585763,-15.260057,0 -54.586695,-15.260723,0 -54.588766,-15.262184,0 -54.588991,-15.262334,0 -54.589109,-15.262353,0 -54.589257,-15.262365,0 -54.589434,-15.262338,0 -54.589558,-15.262302,0 -54.589662,-15.262294,0 -54.589723,-15.262375,0 -54.589722,-15.262424,0 -54.589723,-15.262375,0 -54.589849,-15.262073,0 -54.590010,-15.261659,0 -54.590735,-15.259961,0 -54.590904,-15.259467,0 -54.591274,-15.258380,0 -54.591561,-15.257630,0 -54.591550,-15.257413,0 -54.591503,-15.257254,0 -54.591043,-15.256809,0 -54.590604,-15.256363,0 -54.590033,-15.255808,0 -54.589580,-15.255340,0 -54.589424,-15.255091,0 -54.588899,-15.254361,0 -54.588496,-15.253849,0 -54.588110,-15.253414,0 -54.587940,-15.253240,0 -54.587854,-15.253058,0 -54.587678,-15.252690,0 -54.587419,-15.252132,0 -54.587207,-15.251704,0 -54.587178,-15.251686,0 -54.587178,-15.251686,0 -54.587060,-15.251740,0 -54.586459,-15.251763,0 -54.586376,-15.251812,0 -54.586270,-15.251910,0 -54.587178,-15.251686,0 -54.587304,-15.251442,0 -54.587502,-15.251189,0 -54.587803,-15.250951,0 -54.588119,-15.250801,0 -54.588699,-15.250630,0 -54.589509,-15.250454,0 -54.590822,-15.250211,0 -54.591172,-15.250155,0 -54.592211,-15.250029,0 -54.592713,-15.249987,0 -54.593910,-15.249917,0 -54.595125,-15.249831,0 -54.595858,-15.249719,0 -54.596359,-15.249590,0 -54.597266,-15.249315,0 -54.597529,-15.249219,0 -54.597529,-15.249219,0 -54.597930,-15.249455,0 -54.601890,-15.251616,0 -54.601890,-15.251616,0 -54.601890,-15.251727,0 -54.601268,-15.252141,0 -54.600667,-15.252421,0 -54.599701,-15.252726,0 -54.599143,-15.252866,0 -54.598403,-15.252912,0 -54.597706,-15.252928,0 -54.596638,-15.252897,0 -54.595764,-15.252788,0 -54.595383,-15.252741,0 -54.594133,-15.252540,0 -54.593795,-15.252462,0 -54.593382,-15.252379,0 -54.592766,-15.252268,0 -54.592423,-15.252177,0 -54.591874,-15.252067,0 -54.591711,-15.252043,0 -54.591531,-15.251984,0 -54.591538,-15.251887,0 -54.591559,-15.251737,0 -54.591649,-15.251482,0 -54.591669,-15.251305,0 -54.591653,-15.250909,0 -54.591655,-15.250768,0 -54.591585,-15.250601,0 -54.591488,-15.250550,0 -54.591260,-15.250547,0 -54.590763,-15.250600,0 -54.590295,-15.250636,0 -54.589348,-15.250804,0 -54.588974,-15.250872,0 -54.588304,-15.251065,0 -54.588070,-15.251162,0 -54.587859,-15.251238,0 -54.587721,-15.251375,0 -54.587618,-15.251516,0 -54.587555,-15.251627,0 -54.587462,-15.251836,0 -54.587372,-15.252032,0 -54.597529,-15.249219,0 -54.597542,-15.249042,0 -54.597632,-15.248741,0 -54.598027,-15.247261,0 -54.598280,-15.246381,0 -54.598591,-15.245247,0 -54.598929,-15.243927,0 -54.599288,-15.242587,0 -54.599642,-15.241391,0 -54.599937,-15.240294,0 -54.600129,-15.239589,0 -54.600163,-15.239418,0 -54.600197,-15.239207,0 -54.600217,-15.239108,0 -54.606311,-15.242428,0 -54.606248,-15.242624,0 -54.606219,-15.242731,0 -54.606028,-15.243322,0 -54.605937,-15.243535,0 -54.605756,-15.244008,0 -54.605543,-15.244510,0 -54.605428,-15.244774,0 -54.605241,-15.245206,0 -54.605001,-15.245828,0 -54.604913,-15.246068,0 -54.604862,-15.246237,0 -54.604713,-15.246966,0 -54.604585,-15.247637,0 -54.604463,-15.248199,0 -54.604366,-15.248552,0 -54.604235,-15.248909,0 -54.604030,-15.249406,0 -54.603733,-15.249985,0 -54.603447,-15.250464,0 -54.603290,-15.250640,0 -54.603086,-15.250890,0 -54.602982,-15.250925,0 -54.602815,-15.251087,0 -54.602623,-15.251274,0 -54.602327,-15.251558,0 -54.602116,-15.251700,0 -54.602011,-15.251669,0 -54.601890,-15.251616,0</coordinates></LineString></Placemark>
<Placemark><name>ESTRADA 31 - GALHEIRO</name><styleUrl>#extra</styleUrl><LineString><tessellate>1</tessellate><coordinates>-54.619249,-15.250839,0 -54.619871,-15.250837,0 -54.622334,-15.250894,0 -54.623350,-15.250907,0 -54.623989,-15.251098,0 -54.625002,-15.251455,0 -54.626786,-15.252061,0 -54.627459,-15.252180,0 -54.628825,-15.252379,0 -54.629492,-15.252493,0 -54.630828,-15.252723,0 -54.631367,-15.252793,0 -54.635590,-15.253290,0 -54.635865,-15.253326,0 -54.636989,-15.253507,0 -54.638942,-15.253828,0 -54.641911,-15.254328,0 -54.641975,-15.254333,0</coordinates></LineString></Placemark>
<Placemark><name>ESTRADA 32 - GALHEIRO</name><styleUrl>#extra</styleUrl><LineString><tessellate>1</tessellate><coordinates>-54.591778,-15.223819,0 -54.592422,-15.223850,0 -54.595458,-15.224450,0 -54.598435,-15.225020,0 -54.599825,-15.224947,0 -54.602190,-15.224920,0 -54.603161,-15.224875,0 -54.607308,-15.224740,0 -54.610575,-15.224642,0 -54.613241,-15.224497,0 -54.614748,-15.224482,0 -54.617473,-15.223809,0 -54.622216,-15.222691,0 -54.627827,-15.221365,0 -54.629660,-15.220960,0 -54.629920,-15.220920,0 -54.630092,-15.220915,0 -54.630300,-15.221012,0 -54.631579,-15.221451,0 -54.633988,-15.222313,0 -54.636281,-15.223175,0 -54.637716,-15.223679,0 -54.638153,-15.223816,0 -54.639044,-15.223964,0 -54.640747,-15.224223,0 -54.642750,-15.224510,0</coordinates></LineString></Placemark>
<Placemark><name>ESTRADA 33 - GALHEIRO</name><styleUrl>#extra</styleUrl><LineString><tessellate>1</tessellate><coordinates>-54.643522,-15.219851,0 -54.643486,-15.220114,0 -54.643378,-15.220796,0 -54.643207,-15.221780,0 -54.643056,-15.222794,0 -54.642858,-15.224000,0 -54.642750,-15.224510,0 -54.642654,-15.225248,0 -54.642379,-15.226939,0 -54.642379,-15.226939,0 -54.642311,-15.227446,0 -54.642285,-15.227547,0 -54.642221,-15.227582,0 -54.642169,-15.227552,0 -54.642158,-15.227504,0 -54.642197,-15.227445,0 -54.642258,-15.227367,0 -54.642330,-15.227264,0 -54.642363,-15.227057,0 -54.642379,-15.226939,0 -54.643511,-15.219934,0 -54.643555,-15.219941,0 -54.643604,-15.219884,0 -54.643688,-15.219876,0 -54.643984,-15.220024,0 -54.644204,-15.220207,0 -54.644385,-15.220335,0 -54.644754,-15.220423,0 -54.645004,-15.220395,0 -54.645350,-15.220281,0 -54.645866,-15.219970,0 -54.646079,-15.219809,0 -54.646207,-15.219723,0 -54.646368,-15.219679,0 -54.646476,-15.219701,0 -54.646916,-15.219771,0 -54.647140,-15.219898,0 -54.647277,-15.220158,0 -54.647432,-15.220500,0 -54.647470,-15.220695,0 -54.647479,-15.221007,0 -54.647486,-15.221182,0 -54.647529,-15.221372,0 -54.647632,-15.221562,0 -54.647789,-15.221734,0 -54.647949,-15.221932,0 -54.648025,-15.222068,0 -54.648344,-15.222623,0 -54.648476,-15.222802,0 -54.648776,-15.223167,0 -54.648918,-15.223380,0 -54.649085,-15.223596,0 -54.649614,-15.224000,0 -54.649935,-15.224087,0 -54.650166,-15.224144,0 -54.650521,-15.224286,0 -54.650702,-15.224377,0 -54.650941,-15.224532,0 -54.651358,-15.224989,0 -54.651411,-15.225105,0 -54.651551,-15.225272,0 -54.651688,-15.225373,0 -54.651995,-15.225585,0 -54.652204,-15.225666,0 -54.652413,-15.225743,0 -54.652590,-15.225791,0 -54.652698,-15.225954,0 -54.652757,-15.226081,0 -54.652736,-15.226221,0 -54.652665,-15.226419,0 -54.652514,-15.226599,0 -54.652275,-15.226852,0 -54.652024,-15.227106,0 -54.651806,-15.227279,0 -54.651568,-15.227459,0 -54.651409,-15.227555,0 -54.651295,-15.227684,0 -54.651146,-15.227907,0 -54.651017,-15.228185,0 -54.650726,-15.228981,0 -54.650618,-15.229276,0 -54.650491,-15.229501,0 -54.650167,-15.230122,0 -54.649802,-15.230848,0 -54.649621,-15.231372,0 -54.649539,-15.231687,0 -54.649424,-15.232106,0 -54.649321,-15.232665,0 -54.649286,-15.232887,0 -54.649219,-15.233367,0 -54.649142,-15.233669,0 -54.649000,-15.233901,0 -54.648818,-15.234115,0 -54.648481,-15.234275,0 -54.648202,-15.234363,0 -54.647490,-15.234381,0 -54.646723,-15.234321,0 -54.646106,-15.234255,0 -54.645411,-15.234201,0 -54.644550,-15.234194,0 -54.644053,-15.234188,0 -54.643546,-15.234185,0 -54.643101,-15.234190,0 -54.642520,-15.234170,0 -54.642116,-15.234202,0 -54.641652,-15.234225,0 -54.641279,-15.234238,0 -54.641093,-15.234249,0 -54.640629,-15.234289,0 -54.640050,-15.234330,0 -54.639800,-15.234290,0 -54.639548,-15.234275,0 -54.639350,-15.234233,0 -54.639135,-15.234202,0 -54.638375,-15.233875,0 -54.637998,-15.233722,0 -54.637296,-15.233454,0 -54.636761,-15.233217,0 -54.635967,-15.232918,0 -54.635721,-15.232805,0 -54.635439,-15.232677,0 -54.635188,-15.232442,0 -54.634723,-15.232061,0 -54.634328,-15.231723,0 -54.633842,-15.231292,0 -54.633422,-15.230933,0 -54.633213,-15.230769,0 -54.632863,-15.230506,0 -54.632443,-15.230122,0 -54.632133,-15.229962,0 -54.631799,-15.229815,0 -54.631210,-15.229614,0 -54.631019,-15.229562,0 -54.630867,-15.229482,0 -54.630624,-15.229245,0 -54.630026,-15.228647,0 -54.628858,-15.227451,0 -54.628721,-15.227292,0 -54.628535,-15.227080,0 -54.628535,-15.227080,0 -54.628953,-15.224846,0 -54.629374,-15.222597,0 -54.629661,-15.221140,0 -54.629660,-15.220960,0 -54.629766,-15.220788,0 -54.629830,-15.220380,0 -54.629906,-15.219730,0 -54.630037,-15.219166,0 -54.630302,-15.217887,0 -54.630563,-15.216590,0 -54.630720,-15.215580,0 -54.630720,-15.215580,0 -54.630938,-15.215622,0 -54.631434,-15.215731,0 -54.633961,-15.216256,0 -54.635289,-15.216544,0 -54.635479,-15.216583,0 -54.635734,-15.216696,0 -54.636024,-15.216735,0 -54.636421,-15.216792,0 -54.637367,-15.216986,0 -54.638354,-15.217206,0 -54.640339,-15.217649,0 -54.642370,-15.218081,0 -54.642785,-15.218179,0 -54.643522,-15.219851,0 -54.643451,-15.219797,0 -54.643354,-15.219745,0 -54.643169,-15.219642,0 -54.642989,-15.219518,0 -54.642840,-15.219340,0 -54.642726,-15.219093,0 -54.642697,-15.218775,0 -54.642726,-15.218573,0 -54.642785,-15.218293,0 -54.642785,-15.218179,0 -54.642836,-15.218135,0 -54.642901,-15.218014,0 -54.643381,-15.217183,0 -54.643660,-15.216751,0 -54.643904,-15.216443,0 -54.644156,-15.216145,0 -54.644312,-15.215835,0 -54.644486,-15.215457,0 -54.644558,-15.215141,0 -54.644663,-15.214750,0 -54.644701,-15.214582,0 -54.644711,-15.214331,0 -54.644668,-15.214220,0 -54.644542,-15.214111,0 -54.644285,-15.214023,0 -54.644116,-15.213989,0 -54.643890,-15.213960,0 -54.643569,-15.214012,0 -54.643400,-15.214031,0 -54.643193,-15.214018,0 -54.642987,-15.213932,0 -54.642810,-15.213808,0 -54.642665,-15.213658,0 -54.642549,-15.213510,0 -54.642418,-15.213280,0 -54.642356,-15.213063,0 -54.642297,-15.212749,0 -54.642193,-15.212372,0 -54.642130,-15.212220,0 -54.641959,-15.212064,0 -54.641560,-15.211898,0 -54.641364,-15.211831,0 -54.641031,-15.211794,0 -54.640583,-15.211756,0 -54.639875,-15.211727,0 -54.639561,-15.211712,0 -54.638580,-15.211300,0 -54.638245,-15.211088,0 -54.638151,-15.210989,0 -54.638043,-15.210863,0 -54.637920,-15.210674,0 -54.637818,-15.210524,0 -54.637754,-15.210461,0 -54.637231,-15.210076,0 -54.636928,-15.209858,0 -54.636662,-15.209659,0 -54.636280,-15.209450,0 -54.636171,-15.209276,0 -54.635959,-15.208994,0 -54.635485,-15.208298,0 -54.635224,-15.208085,0 -54.634991,-15.207982,0 -54.634688,-15.207808,0 -54.634412,-15.207689,0 -54.634259,-15.207632,0 -54.633720,-15.207666,0 -54.633454,-15.207728,0 -54.632826,-15.207855,0 -54.632472,-15.207922,0 -54.632250,-15.208040,0 -54.630994,-15.208406,0 -54.630520,-15.208562,0 -54.629254,-15.208978,0 -54.628873,-15.209103,0 -54.628430,-15.209219,0 -54.627907,-15.209273,0 -54.627647,-15.209250,0 -54.627202,-15.209279,0 -54.626636,-15.209297,0 -54.626408,-15.209343,0 -54.625338,-15.209803,0 -54.624002,-15.210359,0 -54.622860,-15.210810,0 -54.621888,-15.210795,0 -54.620719,-15.210692,0 -54.619024,-15.210564,0 -54.618155,-15.210498,0 -54.617440,-15.210440,0 -54.616926,-15.210390,0 -54.616718,-15.210392,0 -54.616268,-15.210520,0 -54.616053,-15.210625,0 -54.615387,-15.210930,0 -54.614956,-15.211131,0 -54.613793,-15.211732,0 -54.613498,-15.211986,0 -54.612629,-15.212850,0 -54.611272,-15.214243,0 -54.611180,-15.214370,0 -54.611170,-15.214916,0 -54.611176,-15.215138,0 -54.611182,-15.215246,0 -54.611115,-15.215374,0 -54.610926,-15.215664,0 -54.610819,-15.215840,0 -54.610738,-15.215994,0 -54.610681,-15.216106,0 -54.610602,-15.216236,0 -54.610568,-15.216320,0 -54.610492,-15.216841,0 -54.610494,-15.216981,0 -54.610449,-15.217108,0 -54.610363,-15.217437,0 -54.609962,-15.218830,0 -54.609890,-15.219137,0 -54.609812,-15.219454,0 -54.609786,-15.219589,0 -54.609906,-15.219668,0 -54.609970,-15.219736,0 -54.610048,-15.219866,0 -54.610084,-15.219967,0 -54.610092,-15.220058,0 -54.610092,-15.220058,0 -54.610092,-15.220058,0 -54.610205,-15.220046,0 -54.610317,-15.220051,0 -54.610489,-15.220035,0 -54.610757,-15.220040,0 -54.610966,-15.220030,0 -54.611149,-15.220035,0 -54.611299,-15.220051,0 -54.611460,-15.220066,0 -54.611616,-15.220077,0 -54.611819,-15.220087,0 -54.611991,-15.220118,0 -54.612227,-15.220113,0 -54.612511,-15.220123,0 -54.612801,-15.220123,0 -54.613085,-15.220123,0 -54.613299,-15.220117,0 -54.614044,-15.220158,0 -54.615131,-15.220163,0 -54.615455,-15.220166,0 -54.615558,-15.220170,0</coordinates></LineString></Placemark>
<Placemark><name>ESTRADA 34 - GALHEIRO</name><styleUrl>#extra</styleUrl><LineString><tessellate>1</tessellate><coordinates>-54.589149,-15.237076,0 -54.589278,-15.237090,0 -54.589632,-15.237154,0 -54.589989,-15.237208,0 -54.591009,-15.237389,0 -54.592820,-15.237739,0 -54.593908,-15.237918,0 -54.595263,-15.238159,0 -54.595899,-15.238307,0 -54.596936,-15.238499,0 -54.598246,-15.238748,0 -54.599406,-15.238947,0 -54.600015,-15.239073,0 -54.600217,-15.239108,0 -54.600706,-15.239159,0 -54.600927,-15.239198,0 -54.601691,-15.239342,0 -54.603231,-15.239635,0 -54.603997,-15.239774,0 -54.605389,-15.240021,0 -54.605511,-15.240043,0 -54.605570,-15.240056,0</coordinates></LineString></Placemark>
<Placemark><name>ESTRADA 35 - GALHEIRO</name><styleUrl>#extra</styleUrl><LineString><tessellate>1</tessellate><coordinates>-54.623744,-15.257064,0 -54.623887,-15.257063,0 -54.624171,-15.257043,0 -54.624632,-15.256910,0 -54.625197,-15.256782,0 -54.625744,-15.256646,0 -54.626404,-15.256491,0 -54.626922,-15.256399,0 -54.627290,-15.256390,0 -54.627520,-15.256470,0 -54.628068,-15.256680,0 -54.628629,-15.256932,0 -54.629590,-15.257328,0 -54.629982,-15.257470,0 -54.630230,-15.257464,0 -54.631387,-15.257426,0 -54.632031,-15.257483,0 -54.632960,-15.257580,0 -54.633079,-15.257611,0 -54.633767,-15.257891,0 -54.634422,-15.258199,0 -54.635590,-15.258820,0 -54.635940,-15.258874,0 -54.636938,-15.259026,0 -54.637493,-15.259189,0 -54.638037,-15.259415,0 -54.638773,-15.259717,0 -54.639205,-15.259926,0 -54.639761,-15.260261,0 -54.640475,-15.260700,0 -54.642673,-15.262088,0 -54.643195,-15.262492,0 -54.643502,-15.262704,0 -54.643727,-15.262898,0 -54.643884,-15.263031,0 -54.644389,-15.263330,0 -54.644605,-15.263445,0 -54.644844,-15.263591,0 -54.645144,-15.263787,0 -54.645461,-15.263965,0 -54.645921,-15.264189,0 -54.646342,-15.264342,0 -54.646579,-15.264439,0 -54.646579,-15.264439,0 -54.646769,-15.264456,0 -54.646939,-15.264408,0 -54.647050,-15.264220,0 -54.647053,-15.264016,0 -54.647131,-15.263346,0 -54.647245,-15.262467,0 -54.647355,-15.261582,0 -54.647498,-15.260369,0 -54.647630,-15.259089,0 -54.647652,-15.258527,0 -54.647604,-15.258003,0 -54.647495,-15.257367,0 -54.647343,-15.256651,0 -54.647140,-15.255668,0 -54.647043,-15.255306,0 -54.646934,-15.254606,0 -54.646907,-15.254247,0 -54.646875,-15.254040,0 -54.646908,-15.253811,0 -54.646959,-15.253452,0 -54.647066,-15.252928,0 -54.647274,-15.251916,0 -54.647305,-15.251620,0 -54.647226,-15.251305,0 -54.646970,-15.251005,0 -54.646872,-15.250920,0 -54.646614,-15.250588,0 -54.645665,-15.249608,0 -54.645497,-15.249411,0 -54.645417,-15.249216,0 -54.645377,-15.249031,0 -54.645371,-15.248831,0 -54.645360,-15.248697,0 -54.645372,-15.248438,0 -54.645466,-15.248191,0 -54.645625,-15.247949,0 -54.645854,-15.247589,0 -54.645972,-15.247343,0 -54.646077,-15.247119,0 -54.646272,-15.246792,0 -54.646401,-15.246539,0 -54.646656,-15.246118,0</coordinates></LineString></Placemark>
<Placemark><name>ESTRADA 36 - GALHEIRO</name><styleUrl>#extra</styleUrl><LineString><tessellate>1</tessellate><coordinates>-54.616442,-15.237936,0 -54.616544,-15.237854,0 -54.617145,-15.237757,0 -54.618511,-15.237574,0 -54.619265,-15.237460,0 -54.620343,-15.237296,0 -54.621478,-15.237143,0 -54.622708,-15.236985,0 -54.623789,-15.236819,0 -54.624576,-15.236715,0 -54.625622,-15.236595,0 -54.626684,-15.236415,0 -54.627042,-15.236389,0 -54.628271,-15.236614,0 -54.629733,-15.236870,0 -54.630714,-15.237046,0 -54.631102,-15.237108,0 -54.631483,-15.237167,0 -54.632261,-15.237332,0 -54.632987,-15.237489,0 -54.633112,-15.237517,0</coordinates></LineString></Placemark>
<Placemark><name>ESTRADA 37 - GALHEIRO</name><styleUrl>#extra</styleUrl><LineString><tessellate>1</tessellate><coordinates>-54.641279,-15.234238,0 -54.641332,-15.234016,0 -54.641369,-15.233784,0 -54.641392,-15.233523,0 -54.641466,-15.233123,0 -54.641525,-15.232634,0 -54.641574,-15.232314,0 -54.641662,-15.231759,0 -54.641706,-15.231433,0 -54.641743,-15.231170,0 -54.641801,-15.230870,0 -54.641829,-15.230698,0 -54.641898,-15.230275,0 -54.641962,-15.229753,0 -54.642088,-15.229053,0 -54.642140,-15.228474,0 -54.642209,-15.228057,0 -54.642271,-15.227720,0 -54.642346,-15.227495,0 -54.642346,-15.227495,0 -54.642311,-15.227446,0</coordinates></LineString></Placemark>
<Placemark><name>ESTRADA 38 - GALHEIRO</name><styleUrl>#extra</styleUrl><LineString><tessellate>1</tessellate><coordinates>-54.624445,-15.251259,0 -54.624458,-15.251138,0 -54.624498,-15.250914,0 -54.624984,-15.247261,0 -54.624984,-15.247188,0 -54.624560,-15.247167,0 -54.624144,-15.247149,0 -54.624007,-15.247154,0 -54.623707,-15.247131,0 -54.623508,-15.247105,0 -54.623138,-15.247030,0 -54.622902,-15.246976,0 -54.622704,-15.246924,0 -54.622299,-15.246831,0 -54.622108,-15.246779,0 -54.621940,-15.246720,0 -54.621668,-15.246577,0 -54.621416,-15.246404,0 -54.621221,-15.246280,0 -54.620920,-15.246161,0 -54.620775,-15.246105,0 -54.620706,-15.246056,0 -54.620718,-15.245950,0 -54.620724,-15.245773,0 -54.620720,-15.245475,0 -54.620751,-15.244228,0 -54.620817,-15.243296,0 -54.620866,-15.242809,0 -54.620925,-15.242253,0 -54.621250,-15.239575,0 -54.621351,-15.238841,0 -54.621416,-15.238451,0 -54.621482,-15.238339,0 -54.621588,-15.238312,0 -54.621680,-15.238330,0 -54.621852,-15.238369,0 -54.621988,-15.238446,0 -54.622413,-15.238930,0 -54.622583,-15.239119,0 -54.622701,-15.239236,0 -54.622807,-15.239349,0 -54.623504,-15.239497,0 -54.624041,-15.239606,0 -54.624162,-15.239652,0 -54.624474,-15.239910,0 -54.624832,-15.240166,0 -54.625257,-15.240506,0 -54.625660,-15.240889,0</coordinates></LineString></Placemark>
<Placemark><name>ESTRADA 39 - GALHEIRO</name><styleUrl>#extra</styleUrl><LineString><tessellate>1</tessellate><coordinates>-54.636045,-15.202976,0 -54.635569,-15.202887,0 -54.635129,-15.202804,0 -54.634874,-15.202752,0 -54.634023,-15.202592,0 -54.632868,-15.202377,0 -54.632262,-15.202267,0 -54.632167,-15.202260,0 -54.631186,-15.202088,0 -54.629719,-15.201809,0 -54.628800,-15.201619,0 -54.628119,-15.201510,0 -54.627319,-15.201305,0 -54.626897,-15.201221,0 -54.626531,-15.201185,0 -54.625862,-15.201035,0 -54.624804,-15.200843,0 -54.624431,-15.200780,0 -54.623570,-15.200626,0 -54.623172,-15.200540,0 -54.622483,-15.200419,0 -54.621672,-15.200273,0 -54.621247,-15.200210,0 -54.619442,-15.199867,0 -54.618463,-15.199660,0 -54.617624,-15.199490,0 -54.617495,-15.199505,0 -54.617315,-15.199446,0 -54.616991,-15.199378,0 -54.611491,-15.198371,0 -54.611491,-15.198371,0 -54.611470,-15.198410,0 -54.611441,-15.198519,0 -54.611455,-15.198610,0 -54.611465,-15.198679,0 -54.611484,-15.198767,0 -54.611479,-15.198842,0 -54.611479,-15.198842,0 -54.611152,-15.198809,0 -54.610953,-15.198739,0 -54.610781,-15.198573,0 -54.610765,-15.198384,0 -54.610800,-15.198289,0 -54.610800,-15.198289,0 -54.610260,-15.198141,0 -54.609836,-15.198069,0 -54.609468,-15.197999,0 -54.607954,-15.197709,0 -54.607280,-15.197581,0 -54.604235,-15.197031,0 -54.603686,-15.196919,0 -54.597832,-15.195815,0 -54.597440,-15.195752,0 -54.597263,-15.195739,0 -54.604235,-15.197031,0 -54.604164,-15.197150,0 -54.604092,-15.197548,0 -54.603979,-15.198012,0 -54.603800,-15.198949,0 -54.603660,-15.199883,0 -54.603505,-15.200535,0 -54.603397,-15.201084,0 -54.603274,-15.201669,0 -54.603134,-15.202404,0 -54.602982,-15.203118,0 -54.602804,-15.203993,0 -54.602582,-15.205150,0 -54.602429,-15.205916,0 -54.602298,-15.206553,0 -54.602196,-15.207016,0 -54.601994,-15.208062,0 -54.601823,-15.208960,0 -54.601597,-15.210024,0 -54.601370,-15.211153,0 -54.601174,-15.212136,0 -54.601091,-15.212573,0 -54.600973,-15.213135,0 -54.600879,-15.213417,0 -54.600785,-15.213901,0 -54.600554,-15.215061,0 -54.600522,-15.215327,0 -54.600479,-15.215648,0 -54.600433,-15.215863,0 -54.600366,-15.216049,0 -54.600224,-15.216210,0 -54.600168,-15.216290,0 -54.600425,-15.216197,0 -54.600817,-15.216052,0 -54.601155,-15.215677,0 -54.601353,-15.215452,0 -54.601831,-15.215203,0 -54.602171,-15.215092,0 -54.603349,-15.214641,0 -54.603604,-15.214491,0 -54.603939,-15.214121,0 -54.604315,-15.213748,0 -54.604918,-15.213161,0 -54.605669,-15.212498,0 -54.606656,-15.211595,0 -54.607576,-15.210676,0 -54.608284,-15.209892,0 -54.608746,-15.209374,0 -54.609757,-15.208168,0 -54.610103,-15.207723,0 -54.610714,-15.206833,0 -54.611286,-15.206017,0 -54.611693,-15.205199,0 -54.611953,-15.204539,0 -54.612039,-15.204252,0 -54.612192,-15.203520,0 -54.612227,-15.203181,0 -54.612211,-15.202717,0 -54.612192,-15.202244,0 -54.612165,-15.201928,0 -54.612133,-15.201586,0 -54.612007,-15.201105,0 -54.611943,-15.200680,0 -54.611696,-15.199562,0 -54.611605,-15.199189,0 -54.611557,-15.198949,0 -54.611530,-15.198853,0 -54.611479,-15.198842,0 -54.610800,-15.198289,0 -54.610899,-15.198316,0 -54.610987,-15.198252,0 -54.611164,-15.198171,0 -54.611292,-15.197987,0 -54.611304,-15.197955,0 -54.611448,-15.197856,0 -54.611536,-15.197834,0 -54.611589,-15.197623,0 -54.611793,-15.196648,0 -54.612098,-15.195120,0 -54.612570,-15.192698,0 -54.613177,-15.189695,0 -54.613418,-15.188349,0 -54.613610,-15.187480,0 -54.613885,-15.186009,0 -54.614367,-15.183570,0 -54.614550,-15.182613,0 -54.614920,-15.180759,0 -54.615030,-15.180040,0 -54.607396,-15.181347,0 -54.607244,-15.182050,0 -54.606954,-15.183457,0 -54.606766,-15.184518,0 -54.606632,-15.185098,0 -54.606412,-15.186226,0 -54.606251,-15.186925,0 -54.606058,-15.187842,0 -54.605978,-15.188282,0 -54.605833,-15.188944,0 -54.605591,-15.190244,0 -54.605361,-15.191497,0 -54.605302,-15.191714,0 -54.605200,-15.192232,0 -54.605007,-15.193091,0 -54.604899,-15.193764,0 -54.604658,-15.194820,0 -54.604454,-15.195918,0 -54.604297,-15.196699,0 -54.604245,-15.196928,0 -54.604235,-15.197031,0 -54.600425,-15.216197,0 -54.600015,-15.216339,0 -54.599468,-15.216650,0 -54.599261,-15.216880,0 -54.599111,-15.217131,0 -54.599012,-15.217582,0 -54.598988,-15.217835,0 -54.598982,-15.218107,0 -54.598894,-15.218384,0 -54.598478,-15.218870,0 -54.598231,-15.219111,0 -54.596783,-15.220501,0 -54.596314,-15.220959,0 -54.596000,-15.221290,0 -54.595335,-15.221803,0 -54.595072,-15.221976,0 -54.594836,-15.222276,0 -54.594653,-15.222766,0 -54.594522,-15.223405,0 -54.594533,-15.223633,0 -54.594624,-15.223783,0 -54.594758,-15.223899,0 -54.594954,-15.224036,0 -54.595233,-15.224251,0 -54.595431,-15.224378,0 -54.595654,-15.224487,0</coordinates></LineString></Placemark>
<Placemark><name>ESTRADA 40 - GALHEIRO</name><styleUrl>#extra</styleUrl><LineString><tessellate>1</tessellate><coordinates>-54.617032,-15.199385,0 -54.617119,-15.199092,0 -54.617334,-15.198356,0 -54.617613,-15.197362,0 -54.617999,-15.196044,0 -54.618348,-15.194810,0 -54.618643,-15.193811,0 -54.618892,-15.192899,0 -54.619182,-15.191828,0 -54.619330,-15.191320,0 -54.619431,-15.191214,0 -54.619414,-15.191064,0 -54.619438,-15.190937,0 -54.619684,-15.190125,0 -54.619893,-15.189369,0 -54.619909,-15.189255,0 -54.619921,-15.189105,0 -54.619973,-15.188902,0 -54.620220,-15.188077,0 -54.620362,-15.187598,0 -54.620443,-15.187246,0 -54.620571,-15.186871,0 -54.620767,-15.186084,0 -54.621003,-15.185315,0 -54.621143,-15.184826,0 -54.621274,-15.184344,0 -54.621277,-15.184306,0</coordinates></LineString></Placemark>
<Placemark><name>ESTRADA 41 - GALHEIRO</name><styleUrl>#extra</styleUrl><LineString><tessellate>1</tessellate><coordinates>-54.595259,-15.224414,0 -54.595329,-15.224329,0 -54.595297,-15.224298,0</coordinates></LineString></Placemark>
<Placemark><name>ESTRADA 42 - GALHEIRO</name><styleUrl>#extra</styleUrl><LineString><tessellate>1</tessellate><coordinates>-54.602606,-15.196719,0 -54.602606,-15.196948,0 -54.602614,-15.197126,0 -54.602662,-15.197761,0 -54.602711,-15.198615,0 -54.602732,-15.199205,0 -54.602813,-15.200649,0 -54.602877,-15.201845,0 -54.602931,-15.203025,0 -54.602951,-15.203252,0 -54.602947,-15.203291,0</coordinates></LineString></Placemark>
<Placemark><name>ESTRADA 43 - GALHEIRO</name><styleUrl>#extra</styleUrl><LineString><tessellate>1</tessellate><coordinates>-54.624984,-15.247188,0 -54.625225,-15.247157,0 -54.625501,-15.247116,0 -54.625735,-15.247085,0 -54.625930,-15.247087,0 -54.626062,-15.247178,0 -54.626204,-15.247268,0 -54.626341,-15.247361,0 -54.626486,-15.247462,0 -54.626800,-15.247612,0 -54.627052,-15.247664,0 -54.627416,-15.247677,0 -54.628135,-15.247403,0 -54.628798,-15.247113,0 -54.628956,-15.246989,0 -54.629455,-15.246699,0 -54.629720,-15.246557,0 -54.629871,-15.246432,0 -54.630699,-15.245558,0 -54.631100,-15.245130,0 -54.631137,-15.245004,0 -54.631104,-15.244869,0 -54.631050,-15.244590,0 -54.631070,-15.244463,0 -54.631160,-15.244320,0 -54.631300,-15.244246,0 -54.631544,-15.244088,0 -54.631692,-15.244054,0 -54.632022,-15.243971,0 -54.633033,-15.243741,0 -54.633642,-15.243710,0 -54.635104,-15.243636,0 -54.635495,-15.243638,0 -54.635699,-15.243656,0 -54.636341,-15.243790,0 -54.636902,-15.243858,0 -54.637220,-15.243874,0 -54.637664,-15.243925,0 -54.637872,-15.243924,0 -54.637948,-15.243922,0</coordinates></LineString></Placemark>
<Placemark><name>ESTRADA 44 - GALHEIRO</name><styleUrl>#extra</styleUrl><LineString><tessellate>1</tessellate><coordinates>-54.636182,-15.248993,0 -54.635608,-15.253066,0 -54.635611,-15.253172,0 -54.635640,-15.253260,0 -54.635628,-15.253293,0</coordinates></LineString></Placemark>
<Placemark><name>ESTRADA 45 - GALHEIRO</name><styleUrl>#extra</styleUrl><LineString><tessellate>1</tessellate><coordinates>-54.621116,-15.200187,0 -54.621179,-15.200062,0 -54.621681,-15.199655,0 -54.622394,-15.199060,0 -54.622960,-15.198595,0 -54.623204,-15.198320,0 -54.623511,-15.198012,0 -54.623794,-15.197671,0 -54.623884,-15.197512,0 -54.624084,-15.197195,0 -54.624450,-15.196637,0 -54.624599,-15.196404,0 -54.624773,-15.196116,0 -54.624888,-15.195885,0 -54.625040,-15.195593,0 -54.625190,-15.195413,0 -54.625424,-15.195107,0 -54.625763,-15.194698,0 -54.625925,-15.194499,0 -54.626307,-15.193842,0 -54.626495,-15.193500,0 -54.626600,-15.193356,0 -54.626796,-15.193210,0 -54.627019,-15.193046,0 -54.627129,-15.192928,0 -54.627186,-15.192796,0 -54.627353,-15.192437,0 -54.627486,-15.192195,0 -54.627673,-15.191942,0 -54.627791,-15.191788,0 -54.627926,-15.191627,0 -54.628280,-15.191335,0 -54.628440,-15.191182,0 -54.628745,-15.191036,0 -54.628948,-15.191046,0 -54.629285,-15.191117,0 -54.629462,-15.191183,0 -54.629805,-15.191370,0 -54.630096,-15.191535,0 -54.630357,-15.191759,0 -54.630529,-15.191926,0 -54.630775,-15.192167,0 -54.630923,-15.192309,0 -54.631011,-15.192364,0 -54.631324,-15.192509,0 -54.631713,-15.192692,0 -54.631939,-15.192792,0 -54.632148,-15.192877,0 -54.632293,-15.193039,0 -54.632552,-15.193345,0 -54.632604,-15.193431,0 -54.632711,-15.193719,0 -54.632887,-15.194189,0 -54.632919,-15.194289,0 -54.632970,-15.194370,0 -54.632985,-15.194561,0 -54.632975,-15.194740,0 -54.632965,-15.194938,0 -54.632918,-15.195349,0 -54.632896,-15.195571,0 -54.632837,-15.195971,0 -54.632852,-15.196050,0 -54.632775,-15.196660,0 -54.632759,-15.196855,0 -54.632802,-15.197234,0 -54.632826,-15.197513,0 -54.632822,-15.197570,0 -54.632898,-15.197700,0 -54.633097,-15.197909,0 -54.633237,-15.198100,0 -54.633494,-15.198426,0 -54.633772,-15.198809,0 -54.633972,-15.199097,0 -54.634146,-15.199339,0 -54.634585,-15.199950,0 -54.634802,-15.200208,0 -54.635152,-15.200634,0 -54.635302,-15.200916,0 -54.635577,-15.201373,0 -54.635668,-15.201586,0 -54.635800,-15.202055,0 -54.635945,-15.202533,0 -54.636045,-15.202976,0 -54.636049,-15.203112,0 -54.635955,-15.203201,0 -54.635773,-15.203363,0 -54.635412,-15.203661,0 -54.635255,-15.203729,0 -54.635035,-15.203789,0 -54.634265,-15.204048,0 -54.633891,-15.204175,0 -54.633915,-15.204213,0 -54.633619,-15.204313,0 -54.633490,-15.204398,0 -54.632735,-15.204774,0 -54.632159,-15.205033,0 -54.631725,-15.205166,0 -54.630807,-15.205439,0 -54.629631,-15.205779,0 -54.628986,-15.205913,0 -54.628732,-15.205967,0 -54.628436,-15.206015,0 -54.628284,-15.206055,0 -54.627929,-15.206253,0 -54.627789,-15.206331,0 -54.627658,-15.206466,0 -54.627596,-15.206536,0 -54.626842,-15.207024,0 -54.626531,-15.207123,0 -54.626138,-15.207220,0 -54.625627,-15.207361,0 -54.625393,-15.207488,0 -54.624465,-15.207933,0 -54.624191,-15.208058,0 -54.623850,-15.208204,0 -54.623726,-15.208254,0 -54.622731,-15.208712,0 -54.622478,-15.208844,0 -54.622189,-15.208942,0 -54.621903,-15.209016,0 -54.621259,-15.209140,0 -54.620441,-15.209273,0 -54.620205,-15.209257,0 -54.619889,-15.209170,0 -54.619752,-15.209079,0 -54.619222,-15.208863,0 -54.618790,-15.208815,0 -54.618333,-15.208797,0 -54.617681,-15.208713,0 -54.617473,-15.208656,0 -54.617478,-15.208604,0 -54.617323,-15.208511,0 -54.617111,-15.208366,0 -54.616831,-15.208192,0 -54.616587,-15.208062,0 -54.616446,-15.207992,0 -54.616285,-15.207918,0 -54.616131,-15.207851,0 -54.616057,-15.207825,0 -54.616013,-15.207807,0 -54.615938,-15.207779,0 -54.615709,-15.207719,0 -54.615550,-15.207650,0 -54.615538,-15.207622,0</coordinates></LineString></Placemark>
<Placemark><name>ESTRADA 01 - JAVA</name><styleUrl>#extra</styleUrl><LineString><tessellate>1</tessellate><coordinates>-57.616897,-13.567623,0 -57.616441,-13.566131,0 -57.616178,-13.565193,0 -57.615690,-13.563529,0 -57.615378,-13.562455,0 -57.614821,-13.560619,0 -57.614552,-13.559753,0 -57.613946,-13.557662,0 -57.613748,-13.556958,0 -57.612825,-13.553845,0 -57.612460,-13.552599,0 -57.612165,-13.551482,0 -57.611790,-13.550340,0 -57.611409,-13.549000,0 -57.611108,-13.547931,0 -57.610738,-13.546685,0 -57.610470,-13.545751,0 -57.609955,-13.543973,0 -57.609440,-13.541746,0 -57.608625,-13.539096,0 -57.607809,-13.536217,0 -57.606042,-13.530730,0 -57.605924,-13.530478,0 -57.605838,-13.530470,0 -57.605883,-13.530400,0 -57.625694,-13.499649,0 -57.615738,-13.515166,0 -57.615841,-13.515149,0 -57.615931,-13.515219,0 -57.616911,-13.518662,0 -57.617181,-13.519550,0 -57.617401,-13.520363,0 -57.617629,-13.521126,0 -57.617783,-13.521676,0 -57.618743,-13.524985,0 -57.619071,-13.526142,0 -57.619450,-13.527450,0 -57.619661,-13.528225,0 -57.619714,-13.528394,0 -57.619810,-13.528469,0 -57.619915,-13.528479,0 -57.620129,-13.529182,0 -57.620444,-13.530285,0 -57.621203,-13.532945,0 -57.623854,-13.542169,0 -57.625916,-13.549351,0 -57.626106,-13.550125,0 -57.626333,-13.550842,0 -57.626557,-13.551588,0 -57.626848,-13.552593,0 -57.627055,-13.553291,0 -57.627251,-13.554039,0 -57.627526,-13.554957,0 -57.627703,-13.555579,0 -57.627868,-13.556130,0 -57.628063,-13.556823,0 -57.628210,-13.557314,0 -57.628967,-13.559922,0 -57.629164,-13.560500,0 -57.629276,-13.560734,0 -57.629210,-13.560830,0 -57.629210,-13.560830,0 -57.627497,-13.563612,0 -57.626070,-13.565855,0 -57.625690,-13.566490,0 -57.623683,-13.566762,0 -57.620099,-13.567195,0 -57.617948,-13.567466,0 -57.616897,-13.567623,0 -57.616897,-13.567623,0 -57.618270,-13.572326,0 -57.619396,-13.576102,0 -57.620705,-13.580586,0 -57.621853,-13.584340,0 -57.622221,-13.584651,0 -57.622607,-13.585076,0 -57.623337,-13.585892,0 -57.625796,-13.588606,0 -57.628148,-13.591181,0 -57.629868,-13.593090,0 -57.631840,-13.595320,0 -57.631989,-13.595421,0 -57.633180,-13.596724,0 -57.634511,-13.598174,0 -57.636249,-13.600056,0 -57.636980,-13.600900,0 -57.637949,-13.601526,0 -57.638671,-13.601977,0 -57.639253,-13.602420,0 -57.640031,-13.602986,0 -57.640682,-13.603210,0 -57.641179,-13.603286,0 -57.642804,-13.603041,0 -57.643995,-13.602866,0 -57.645248,-13.602689,0 -57.647045,-13.602423,0 -57.648029,-13.602314,0 -57.650408,-13.602032,0 -57.653072,-13.601680,0 -57.655309,-13.601372,0 -57.656151,-13.601260,0 -57.658235,-13.600961,0 -57.662816,-13.600371,0</coordinates></LineString></Placemark>
<Placemark><name>ESTRADA 02 - JAVA</name><styleUrl>#extra</styleUrl><LineString><tessellate>1</tessellate><coordinates>-57.624573,-13.521181,0 -57.624235,-13.521663,0 -57.623919,-13.522169,0 -57.622044,-13.525095,0 -57.619919,-13.528423,0 -57.619915,-13.528479,0 -57.619732,-13.528699,0 -57.619598,-13.528905,0 -57.619402,-13.529224,0 -57.618318,-13.530919,0 -57.616368,-13.533985,0 -57.615387,-13.535521,0 -57.614920,-13.536280,0 -57.613941,-13.537821,0 -57.613302,-13.538731,0 -57.613037,-13.539195,0 -57.612203,-13.540510,0 -57.610483,-13.543219,0 -57.610003,-13.543921,0 -57.609955,-13.543973,0</coordinates></LineString></Placemark>
<Placemark><name>ESTRADA 03 - JAVA</name><styleUrl>#extra</styleUrl><LineString><tessellate>1</tessellate><coordinates>-57.638016,-13.563534,0 -57.637378,-13.563344,0 -57.636310,-13.563054,0 -57.635972,-13.562898,0 -57.635822,-13.562523,0 -57.635667,-13.561886,0 -57.635366,-13.560577,0 -57.635058,-13.559164,0 -57.634835,-13.558158,0 -57.634618,-13.557271,0 -57.634261,-13.555647,0 -57.634071,-13.554904,0 -57.633663,-13.553018,0 -57.633266,-13.551185,0 -57.632746,-13.548841,0 -57.632555,-13.547858,0 -57.632099,-13.545761,0 -57.631780,-13.544299,0 -57.631450,-13.542836,0 -57.631088,-13.541282,0 -57.630967,-13.540935,0 -57.629900,-13.538335,0 -57.628744,-13.535519,0 -57.628457,-13.534770,0 -57.627595,-13.531707,0 -57.627313,-13.530636,0 -57.627042,-13.529778,0 -57.626693,-13.528556,0 -57.626382,-13.527472,0 -57.626382,-13.527472,0 -57.625997,-13.526120,0 -57.625917,-13.525857,0 -57.625736,-13.525219,0 -57.625437,-13.524090,0 -57.624966,-13.522480,0 -57.624729,-13.521675,0 -57.624573,-13.521181,0 -57.624499,-13.520837,0 -57.624308,-13.520170,0 -57.624118,-13.519482,0 -57.623886,-13.518603,0 -57.623692,-13.517945,0 -57.623484,-13.517220,0 -57.623280,-13.516522,0 -57.623072,-13.515730,0 -57.622866,-13.514991,0 -57.622702,-13.514406,0 -57.622531,-13.513777,0 -57.622356,-13.513139,0 -57.622073,-13.512168,0 -57.621837,-13.511294,0 -57.621643,-13.510665,0</coordinates></LineString></Placemark>
<Placemark><name>ESTRADA 04 - JAVA</name><styleUrl>#extra</styleUrl><LineString><tessellate>1</tessellate><coordinates>-57.628503,-13.534888,0 -57.628359,-13.535049,0 -57.628220,-13.535257,0 -57.628047,-13.535521,0 -57.627734,-13.536019,0 -57.627452,-13.536457,0 -57.627070,-13.537065,0 -57.626589,-13.537807,0 -57.626150,-13.538507,0 -57.625928,-13.538859,0 -57.625501,-13.539529,0 -57.625071,-13.540216,0 -57.624033,-13.541867,0 -57.623862,-13.542110,0 -57.623844,-13.542139,0 -57.623601,-13.542524,0 -57.623481,-13.542731,0 -57.623067,-13.543419,0 -57.622634,-13.544112,0 -57.622337,-13.544554,0 -57.621757,-13.545489,0 -57.620762,-13.547038,0 -57.620308,-13.547765,0 -57.619860,-13.548485,0 -57.619025,-13.549798,0 -57.618833,-13.550078,0 -57.618348,-13.550887,0 -57.617606,-13.552027,0 -57.616132,-13.554362,0 -57.615761,-13.554966,0 -57.615385,-13.555567,0 -57.614868,-13.556347,0 -57.614322,-13.557284,0 -57.614190,-13.557451,0 -57.614087,-13.557501,0 -57.613941,-13.557450,0 -57.613879,-13.557429,0 -57.613982,-13.557787,0 -57.614088,-13.557503,0</coordinates></LineString></Placemark>
<Placemark><name>ESTRADA 05 - JAVA</name><styleUrl>#extra</styleUrl><LineString><tessellate>1</tessellate><coordinates>-57.647822,-13.602336,0 -57.647794,-13.602689,0 -57.647711,-13.603455,0 -57.647344,-13.606682,0 -57.647080,-13.609183,0 -57.647084,-13.609218,0</coordinates></LineString></Placemark>
<Placemark><name>ESTRADA 06 - JAVA</name><styleUrl>#extra</styleUrl><LineString><tessellate>1</tessellate><coordinates>-57.640733,-13.603213,0 -57.640597,-13.603661,0 -57.640422,-13.604222,0 -57.640103,-13.605179,0 -57.639993,-13.605575,0 -57.639690,-13.606571,0 -57.639175,-13.608234,0 -57.638649,-13.609939,0 -57.638355,-13.610901,0 -57.637920,-13.612280,0 -57.637204,-13.614546,0 -57.636450,-13.617007,0 -57.636450,-13.617007,0 -57.636582,-13.616967,0 -57.637164,-13.616884,0 -57.638690,-13.616689,0 -57.656017,-13.614601,0 -57.658582,-13.614268,0 -57.659648,-13.614139,0 -57.660700,-13.614000,0 -57.661948,-13.613843,0 -57.663210,-13.613693,0 -57.664824,-13.613487,0 -57.668851,-13.612978,0 -57.671863,-13.612603,0 -57.673352,-13.612426,0 -57.673369,-13.612395,0 -57.673286,-13.612211,0 -57.673189,-13.611936,0 -57.673144,-13.611766,0 -57.671636,-13.607159,0 -57.670181,-13.602754,0 -57.669661,-13.601174,0 -57.669396,-13.600397,0 -57.669161,-13.599656,0 -57.668989,-13.599089,0 -57.666169,-13.590405,0 -57.665180,-13.587393,0 -57.665123,-13.587204,0 -57.665144,-13.587013,0 -57.665675,-13.586722,0 -57.666276,-13.586394,0 -57.666186,-13.586103,0 -57.665957,-13.585435,0 -57.664248,-13.580531,0 -57.663890,-13.580542,0 -57.663331,-13.580593,0 -57.662762,-13.580650,0 -57.661879,-13.580742,0 -57.661137,-13.580819,0 -57.659955,-13.580937,0 -57.656824,-13.581261,0 -57.655693,-13.581353,0 -57.655136,-13.581389,0 -57.654064,-13.581499,0 -57.650157,-13.581877,0 -57.649514,-13.581957,0 -57.649312,-13.581960,0 -57.649205,-13.581920,0 -57.648843,-13.581946,0 -57.648473,-13.582002,0 -57.647423,-13.582127,0 -57.647310,-13.582217,0 -57.647124,-13.582582,0 -57.646971,-13.583095,0 -57.646479,-13.584841,0 -57.645360,-13.588371,0 -57.643915,-13.593031,0 -57.642948,-13.596055,0 -57.642769,-13.596636,0 -57.642617,-13.597120,0 -57.641601,-13.600380,0 -57.640768,-13.603079,0 -57.640733,-13.603213,0</coordinates></LineString></Placemark>
<Placemark><name>ESTRADA 07 - JAVA</name><styleUrl>#extra</styleUrl><LineString><tessellate>1</tessellate><coordinates>-57.655818,-13.581343,0 -57.655824,-13.581521,0 -57.655829,-13.581775,0 -57.655838,-13.582869,0 -57.655838,-13.583161,0 -57.655852,-13.584434,0 -57.655866,-13.585888,0 -57.655891,-13.588627,0 -57.655872,-13.589095,0 -57.655802,-13.589274,0 -57.655681,-13.589441,0 -57.654673,-13.590913,0 -57.654153,-13.591687,0 -57.653727,-13.592305,0 -57.653336,-13.592903,0 -57.652946,-13.593459,0 -57.652530,-13.594055,0 -57.651996,-13.594830,0 -57.651401,-13.595711,0 -57.650869,-13.596475,0 -57.650149,-13.597514,0 -57.649742,-13.598107,0 -57.649173,-13.598896,0 -57.648516,-13.599886,0 -57.648105,-13.600506,0 -57.647792,-13.600942,0 -57.647380,-13.601521,0 -57.646784,-13.602371,0 -57.646739,-13.602467,0</coordinates></LineString></Placemark>
<Placemark><name>ESTRADA 08 - JAVA</name><styleUrl>#extra</styleUrl><LineString><tessellate>1</tessellate><coordinates>-57.656021,-13.607800,0 -57.656005,-13.606920,0 -57.655999,-13.605544,0 -57.655986,-13.604814,0 -57.655927,-13.604481,0 -57.655799,-13.604258,0 -57.655701,-13.604136,0 -57.655687,-13.603959,0 -57.655888,-13.603878,0 -57.656006,-13.603711,0 -57.655987,-13.603408,0 -57.655968,-13.603080,0 -57.655993,-13.602806,0 -57.655952,-13.601279,0 -57.656021,-13.607800,0 -57.655904,-13.607801,0 -57.653483,-13.608197,0 -57.652256,-13.608402,0 -57.650642,-13.608676,0 -57.648142,-13.609054,0 -57.647254,-13.609193,0 -57.647084,-13.609218,0 -57.647025,-13.609256,0 -57.646231,-13.609381,0 -57.644926,-13.609599,0 -57.643504,-13.609838,0 -57.642162,-13.610067,0 -57.656021,-13.607800,0 -57.656839,-13.607780,0 -57.658494,-13.607757,0 -57.659139,-13.607752,0 -57.659836,-13.607795,0 -57.660181,-13.607761,0 -57.660465,-13.607749,0 -57.662092,-13.607732,0 -57.662556,-13.607733,0 -57.663723,-13.607701,0 -57.664020,-13.607700,0 -57.665485,-13.607522,0 -57.666957,-13.607388,0 -57.668315,-13.607256,0</coordinates></LineString></Placemark>
<Placemark><name>ESTRADA 09 - JAVA</name><styleUrl>#extra</styleUrl><LineString><tessellate>1</tessellate><coordinates>-57.663984,-13.607702,0 -57.663917,-13.607327,0 -57.663831,-13.606721,0 -57.663692,-13.605813,0 -57.663593,-13.605203,0 -57.663437,-13.604210,0 -57.663328,-13.603493,0 -57.663006,-13.601430,0 -57.662897,-13.600768,0 -57.662816,-13.600371,0 -57.662780,-13.599935,0 -57.662656,-13.599254,0 -57.662545,-13.598496,0 -57.662388,-13.597549,0 -57.662294,-13.596857,0 -57.662091,-13.595664,0 -57.661983,-13.594735,0 -57.661858,-13.594129,0 -57.661751,-13.593304,0 -57.661636,-13.592664,0 -57.661561,-13.592196,0 -57.661486,-13.591631,0 -57.661337,-13.590788,0 -57.661262,-13.590234,0 -57.660983,-13.588512,0 -57.660850,-13.587601,0 -57.660740,-13.586902,0 -57.660584,-13.585773,0</coordinates></LineString></Placemark>
<Placemark><name>ESTRADA 10 - JAVA</name><styleUrl>#extra</styleUrl><LineString><tessellate>1</tessellate><coordinates>-57.636150,-13.590006,0 -57.636329,-13.590058,0 -57.637051,-13.590553,0 -57.637040,-13.590676,0 -57.636927,-13.590626,0 -57.636611,-13.590399,0 -57.636233,-13.590162,0 -57.636155,-13.589995,0 -57.635651,-13.589646,0 -57.633438,-13.588089,0</coordinates></LineString></Placemark>
<Placemark><name>ESTRADA 11 - JAVA</name><styleUrl>#extra</styleUrl><LineString><tessellate>1</tessellate><coordinates>-57.633540,-13.587590,0 -57.633438,-13.588089,0 -57.633390,-13.588228,0 -57.633235,-13.588868,0 -57.631824,-13.595148,0 -57.631784,-13.595259,0 -57.631645,-13.595853,0 -57.631465,-13.596684,0 -57.631143,-13.598078,0 -57.630750,-13.599780,0 -57.630453,-13.601015,0 -57.630432,-13.601183,0 -57.630471,-13.601328,0 -57.630589,-13.601528,0 -57.630899,-13.602011,0 -57.631507,-13.602972,0 -57.631926,-13.603657,0 -57.632014,-13.603734,0 -57.632117,-13.603786,0 -57.632683,-13.604673,0 -57.632575,-13.604784,0 -57.632518,-13.604780,0 -57.632317,-13.604473,0 -57.632181,-13.604241,0 -57.631988,-13.603943,0 -57.631924,-13.603655,0</coordinates></LineString></Placemark>
<Placemark><name>ESTRADA 12 - JAVA</name><styleUrl>#extra</styleUrl><LineString><tessellate>1</tessellate><coordinates>-57.610761,-13.546763,0 -57.610290,-13.546849,0 -57.608013,-13.547217,0 -57.606861,-13.547423,0 -57.605859,-13.547588,0 -57.604509,-13.547807,0 -57.603195,-13.548021,0 -57.601258,-13.548343,0 -57.599048,-13.548702,0 -57.597531,-13.548958,0 -57.594051,-13.549524,0 -57.593651,-13.549612,0 -57.593472,-13.549652,0</coordinates></LineString></Placemark>
<Placemark><name>ESTRADA 13 - JAVA</name><styleUrl>#extra</styleUrl><LineString><tessellate>1</tessellate><coordinates>-57.635972,-13.562898,0 -57.635899,-13.563001,0 -57.635753,-13.563230,0 -57.635334,-13.563897,0 -57.634802,-13.564711,0 -57.634374,-13.565401,0 -57.633422,-13.565534,0 -57.632260,-13.565662,0 -57.631753,-13.565741,0 -57.630721,-13.565872,0 -57.629366,-13.566046,0 -57.627560,-13.566247,0 -57.625866,-13.566468,0 -57.625712,-13.566457,0</coordinates></LineString></Placemark>
<Placemark><name>ESTRADA 01 - MATO GROSSO</name><styleUrl>#extra</styleUrl><LineString><tessellate>1</tessellate><coordinates>-59.176000,-13.870622,0 -59.170960,-13.854333,0 -59.169147,-13.848377,0 -59.169040,-13.847724,0 -59.168748,-13.843695,0 -59.167645,-13.829962,0 -59.166806,-13.819096,0 -59.166627,-13.816460,0 -59.158844,-13.867397,0 -59.158479,-13.867134,0 -59.158381,-13.867082,0 -59.158270,-13.867079,0 -59.157604,-13.867755,0 -59.157796,-13.867994,0 -59.157944,-13.868171,0 -59.158251,-13.868391,0 -59.158421,-13.868541,0 -59.158907,-13.868837,0 -59.159474,-13.869203,0 -59.160344,-13.869831,0 -59.163096,-13.871693,0 -59.163973,-13.872256,0 -59.164590,-13.872605,0 -59.164913,-13.872775,0 -59.165451,-13.872907,0 -59.166965,-13.873227,0 -59.167508,-13.873343,0 -59.168010,-13.873424,0 -59.168293,-13.873452,0 -59.168619,-13.873463,0 -59.168811,-13.873500,0 -59.169986,-13.873835,0 -59.170122,-13.873885,0 -59.170460,-13.873851,0 -59.175341,-13.871040,0 -59.175818,-13.870761,0 -59.176000,-13.870622,0</coordinates></LineString></Placemark>
<Placemark><name>ESTRADA 02 - MATO GROSSO</name><styleUrl>#extra</styleUrl><LineString><tessellate>1</tessellate><coordinates>-59.191280,-13.856196,0 -59.190235,-13.852216,0 -59.189460,-13.849228,0 -59.187086,-13.840231,0 -59.186983,-13.839822,0 -59.191280,-13.856196,0 -59.190814,-13.856479,0 -59.184471,-13.860302,0 -59.184327,-13.860409,0 -59.183969,-13.860532,0 -59.182523,-13.861096,0 -59.182165,-13.861191,0 -59.181429,-13.861449,0 -59.179180,-13.862289,0 -59.177812,-13.862793,0 -59.177812,-13.862793,0 -59.177734,-13.862789,0 -59.177740,-13.862272,0 -59.177746,-13.862082,0 -59.177662,-13.855889,0 -59.177590,-13.855647,0</coordinates></LineString></Placemark>
<Placemark><name>ESTRADA 03 - MATO GROSSO</name><styleUrl>#extra</styleUrl><LineString><tessellate>1</tessellate><coordinates>-59.152909,-13.862278,0 -59.154329,-13.861897,0 -59.160768,-13.860181,0 -59.165088,-13.859006,0 -59.167651,-13.858320,0 -59.182470,-13.854320,0 -59.182574,-13.854264,0 -59.182574,-13.854264,0 -59.182582,-13.854241,0 -59.182525,-13.853989,0 -59.181071,-13.848920,0 -59.179129,-13.842169,0 -59.178925,-13.841449,0 -59.178870,-13.841239,0</coordinates></LineString></Placemark>
<Placemark><name>ESTRADA 04 - MATO GROSSO</name><styleUrl>#extra</styleUrl><LineString><tessellate>1</tessellate><coordinates>-59.158630,-13.860748,0 -59.158579,-13.860508,0 -59.158573,-13.860390,0 -59.158380,-13.858074,0 -59.157871,-13.851482,0 -59.157840,-13.851058,0 -59.157531,-13.846988,0</coordinates></LineString></Placemark>
<Placemark><name>ESTRADA 05 - MATO GROSSO</name><styleUrl>#extra</styleUrl><LineString><tessellate>1</tessellate><coordinates>-59.157604,-13.867755,0 -59.157486,-13.867740,0 -59.157330,-13.867691,0 -59.157115,-13.867551,0 -59.156836,-13.867303,0 -59.155959,-13.866426,0 -59.155594,-13.866181,0 -59.155273,-13.865973,0 -59.154803,-13.865692,0 -59.154338,-13.865383,0 -59.153781,-13.864895,0 -59.153582,-13.864603,0 -59.153377,-13.864151,0 -59.153145,-13.863410,0 -59.152978,-13.862690,0 -59.152909,-13.862278,0 -59.152791,-13.861854,0 -59.152707,-13.861491,0 -59.152551,-13.860571,0 -59.152503,-13.860245,0 -59.152381,-13.859732,0 -59.152247,-13.859091,0 -59.152042,-13.858512,0 -59.151882,-13.857892,0 -59.151700,-13.857131,0 -59.151362,-13.855821,0 -59.151167,-13.855035,0 -59.150839,-13.853887,0 -59.150582,-13.853153,0 -59.150420,-13.852883,0 -59.150231,-13.852543,0 -59.150110,-13.852250,0 -59.149921,-13.851717,0 -59.149857,-13.851405,0 -59.149586,-13.849945,0 -59.149581,-13.849429,0 -59.149656,-13.849117,0 -59.149642,-13.848804,0 -59.149603,-13.848368,0 -59.149468,-13.846909,0 -59.149355,-13.846487,0 -59.149092,-13.845700,0 -59.148754,-13.844419,0 -59.148733,-13.843987,0 -59.148577,-13.842450,0 -59.148518,-13.841747,0 -59.148223,-13.840236,0 -59.148089,-13.839554,0 -59.147955,-13.838616,0 -59.147864,-13.838273,0 -59.147757,-13.837971,0 -59.147510,-13.837184,0 -59.147429,-13.836611,0 -59.147365,-13.836101,0 -59.147300,-13.835910,0 -59.147346,-13.835756,0 -59.147203,-13.835302,0 -59.147126,-13.834978,0 -59.146952,-13.834298,0 -59.146834,-13.834009,0 -59.146456,-13.833311,0 -59.146389,-13.832910,0 -59.146222,-13.832413,0 -59.146045,-13.831772,0 -59.145949,-13.831368,0 -59.145632,-13.830204,0 -59.145345,-13.829178,0 -59.145166,-13.828709,0 -59.144793,-13.827884,0 -59.144610,-13.827597,0 -59.144071,-13.826899,0 -59.143827,-13.826618,0 -59.143586,-13.826206,0 -59.142913,-13.825021,0 -59.142792,-13.824800,0 -59.142556,-13.824047,0 -59.142545,-13.823393,0 -59.142537,-13.823172,0</coordinates></LineString></Placemark>
<Placemark><name>ESTRADA 06 - MATO GROSSO</name><styleUrl>#extra</styleUrl><LineString><tessellate>1</tessellate><coordinates>-59.206055,-13.805385,0 -59.199357,-13.807294,0 -59.194092,-13.808816,0 -59.189849,-13.810047,0 -59.183484,-13.811839,0 -59.177642,-13.813491,0 -59.171706,-13.815121,0 -59.163700,-13.817291,0 -59.162651,-13.817575,0 -59.162651,-13.817575,0 -59.162720,-13.818195,0 -59.163169,-13.821997,0 -59.163314,-13.823347,0 -59.163643,-13.825881,0 -59.163786,-13.827253,0 -59.163930,-13.828600,0 -59.164134,-13.830538,0 -59.164300,-13.831100,0 -59.164300,-13.831100,0 -59.164319,-13.831127,0 -59.164256,-13.831144,0 -59.163470,-13.831345,0 -59.160808,-13.832065,0 -59.158675,-13.832647,0 -59.156537,-13.833212,0 -59.155742,-13.833423,0 -59.154602,-13.833746,0 -59.152265,-13.834373,0 -59.150604,-13.834844,0 -59.149092,-13.835262,0 -59.148143,-13.835515,0 -59.147604,-13.835659,0 -59.147346,-13.835756,0 -59.164107,-13.831178,0 -59.165432,-13.842726,0 -59.164319,-13.831127,0 -59.165569,-13.830794,0 -59.167789,-13.830186,0 -59.169953,-13.829600,0 -59.172766,-13.828843,0 -59.174635,-13.828345,0 -59.176226,-13.827914,0 -59.177910,-13.827460,0 -59.178747,-13.827229,0 -59.180118,-13.826854,0 -59.182395,-13.826214,0 -59.184874,-13.825551,0 -59.186114,-13.825231,0 -59.186269,-13.825129,0 -59.186269,-13.825129,0 -59.186423,-13.825059,0 -59.186631,-13.824922,0 -59.187182,-13.824780,0 -59.187987,-13.824593,0 -59.188849,-13.824358,0 -59.190007,-13.824059,0 -59.190398,-13.823970,0 -59.190889,-13.823868,0 -59.191168,-13.823784,0 -59.192126,-13.823530,0 -59.193118,-13.823271,0 -59.193362,-13.823138,0 -59.193518,-13.823136,0 -59.193926,-13.823034,0 -59.195532,-13.822586,0 -59.195637,-13.822604,0 -59.206055,-13.805385,0 -59.206028,-13.805643,0 -59.205733,-13.807836,0 -59.205467,-13.809454,0 -59.205204,-13.810881,0 -59.204990,-13.811451,0 -59.204518,-13.812644,0 -59.204316,-13.813303,0 -59.204158,-13.813952,0 -59.203917,-13.814947,0 -59.203831,-13.815176,0 -59.203673,-13.815608,0 -59.203549,-13.815900,0 -59.203496,-13.816077,0 -59.203407,-13.816413,0 -59.203284,-13.816760,0 -59.203045,-13.817411,0 -59.202790,-13.818020,0 -59.202434,-13.818812,0 -59.202200,-13.819185,0 -59.201873,-13.819854,0 -59.201149,-13.821344,0 -59.200508,-13.822508,0 -59.200028,-13.823318,0 -59.199507,-13.824120,0 -59.199392,-13.824339,0 -59.199234,-13.824693,0 -59.199024,-13.825222,0 -59.198815,-13.825698,0 -59.198442,-13.826592,0 -59.198225,-13.827149,0 -59.197976,-13.827860,0 -59.197646,-13.828735,0 -59.197378,-13.829418,0 -59.197032,-13.830467,0 -59.196836,-13.831090,0 -59.196720,-13.831392,0 -59.196576,-13.831775,0 -59.196382,-13.832499,0 -59.196278,-13.833137,0 -59.196117,-13.834069,0 -59.196015,-13.834606,0 -59.195996,-13.834861,0 -59.195908,-13.835910,0 -59.195870,-13.836541,0 -59.195811,-13.836765,0 -59.195723,-13.837085,0 -59.195658,-13.837351,0 -59.195623,-13.837637,0 -59.195586,-13.838103,0 -59.195543,-13.838523,0 -59.195481,-13.839278,0 -59.195500,-13.839614,0 -59.195538,-13.839799,0 -59.195554,-13.840075,0 -59.195524,-13.840278,0 -59.195449,-13.840874,0 -59.195452,-13.841200,0 -59.195481,-13.842088,0 -59.195505,-13.842679,0 -59.195535,-13.843578,0 -59.195586,-13.843911,0 -59.195661,-13.844203,0 -59.195825,-13.844914,0 -59.195961,-13.845476,0 -59.195994,-13.846005,0 -59.196047,-13.846252,0 -59.196152,-13.846515,0 -59.196938,-13.848518,0 -59.197530,-13.850210,0 -59.197745,-13.850867,0 -59.198196,-13.852406,0 -59.198585,-13.853815,0 -59.198877,-13.854768,0 -59.199035,-13.855310,0 -59.199137,-13.855635,0 -59.199180,-13.855810,0 -59.199210,-13.856002,0 -59.199287,-13.856659,0 -59.199169,-13.856849,0 -59.198917,-13.857010,0</coordinates></LineString></Placemark>
<Placemark><name>ESTRADA 07 - MATO GROSSO</name><styleUrl>#extra</styleUrl><LineString><tessellate>1</tessellate><coordinates>-59.164518,-13.825928,0 -59.166656,-13.825670,0 -59.167310,-13.825613,0 -59.164518,-13.825928,0 -59.164711,-13.826949,0 -59.164781,-13.827496,0 -59.164821,-13.828326,0 -59.164872,-13.829587,0 -59.164928,-13.830769,0 -59.165046,-13.830920,0</coordinates></LineString></Placemark>
<Placemark><name>ESTRADA 08 - MATO GROSSO</name><styleUrl>#extra</styleUrl><LineString><tessellate>1</tessellate><coordinates>-59.185680,-13.864920,0 -59.185344,-13.863747,0 -59.185145,-13.863057,0 -59.184841,-13.862019,0 -59.184614,-13.861260,0 -59.184357,-13.860383,0</coordinates></LineString></Placemark>
<Placemark><name>ESTRADA 09 - MATO GROSSO</name><styleUrl>#extra</styleUrl><LineString><tessellate>1</tessellate><coordinates>-59.149786,-13.849054,0 -59.152622,-13.848302,0 -59.154037,-13.847926,0 -59.155590,-13.847509,0 -59.157531,-13.846988,0 -59.159562,-13.846428,0 -59.161927,-13.845777,0 -59.164234,-13.845171,0 -59.166748,-13.844490,0 -59.168685,-13.844007,0 -59.168769,-13.843990,0 -59.169870,-13.843671,0 -59.172253,-13.843036,0 -59.174037,-13.842545,0 -59.176274,-13.841945,0 -59.178585,-13.841318,0 -59.180407,-13.840822,0 -59.183976,-13.839864,0 -59.185945,-13.839343,0 -59.186158,-13.839294,0</coordinates></LineString></Placemark>
<Placemark><name>ESTRADA 10 - MATO GROSSO</name><styleUrl>#extra</styleUrl><LineString><tessellate>1</tessellate><coordinates>-59.196614,-13.812284,0 -59.196640,-13.813017,0 -59.196678,-13.814171,0 -59.196710,-13.815338,0 -59.196742,-13.816218,0 -59.196737,-13.816452,0 -59.196664,-13.816827,0 -59.196511,-13.817796,0 -59.196026,-13.820489,0 -59.195664,-13.822550,0 -59.195637,-13.822604,0 -59.195299,-13.823253,0 -59.194298,-13.825131,0 -59.193749,-13.826149,0 -59.192818,-13.827928,0 -59.192000,-13.829433,0 -59.191284,-13.830743,0 -59.189961,-13.833215,0 -59.188808,-13.835366,0 -59.187998,-13.836887,0 -59.187260,-13.838236,0 -59.187035,-13.838715,0 -59.186922,-13.839044,0</coordinates></LineString></Placemark>
<Placemark><name>ESTRADA 11 - MATO GROSSO</name><styleUrl>#extra</styleUrl><LineString><tessellate>1</tessellate><coordinates>-59.174514,-13.865859,0 -59.174362,-13.865901,0 -59.174034,-13.865937,0 -59.172235,-13.866151,0 -59.167283,-13.866695,0 -59.164432,-13.867010,0</coordinates></LineString></Placemark>
<Placemark><name>ESTRADA 12 - MATO GROSSO</name><styleUrl>#extra</styleUrl><LineString><tessellate>1</tessellate><coordinates>-59.157078,-13.847103,0 -59.157051,-13.846837,0 -59.156938,-13.845634,0 -59.156777,-13.843895,0 -59.156619,-13.842190,0 -59.156469,-13.840731,0 -59.156281,-13.838762,0 -59.156055,-13.836278,0 -59.155801,-13.833600,0 -59.155771,-13.833417,0 -59.155608,-13.833022,0 -59.154590,-13.830449,0 -59.152614,-13.825473,0 -59.152021,-13.823969,0 -59.151953,-13.823918,0 -59.151783,-13.823957,0 -59.150817,-13.824226,0 -59.147514,-13.825149,0 -59.147285,-13.825205,0 -59.147155,-13.825221,0 -59.147129,-13.825140,0 -59.147177,-13.825110,0 -59.147282,-13.825128,0 -59.147432,-13.825168,0</coordinates></LineString></Placemark>
<Placemark><name>ESTRADA 13 - MATO GROSSO</name><styleUrl>#extra</styleUrl><LineString><tessellate>1</tessellate><coordinates>-59.159149,-13.832517,0 -59.159106,-13.832189,0 -59.157787,-13.821448,0</coordinates></LineString></Placemark>
<Placemark><name>ESTRADA 14 - MATO GROSSO</name><styleUrl>#extra</styleUrl><LineString><tessellate>1</tessellate><coordinates>-59.160446,-13.832167,0 -59.160496,-13.832874,0 -59.161475,-13.845902,0</coordinates></LineString></Placemark>
<Placemark><name>ESTRADA 01 - PANAMÁ</name><styleUrl>#extra</styleUrl><LineString><tessellate>1</tessellate><coordinates>-58.743762,-13.761460,0 -58.743360,-13.761374,0 -58.743125,-13.761523,0 -58.742840,-13.761478,0 -58.742602,-13.761428,0 -58.742150,-13.761142,0 -58.741992,-13.760957,0 -58.741928,-13.760908,0 -58.741818,-13.760634,0 -58.741635,-13.760392,0 -58.741413,-13.760236,0 -58.740986,-13.760165,0 -58.740619,-13.760095,0 -58.740420,-13.760020,0 -58.740153,-13.759536,0 -58.739967,-13.759231,0 -58.739860,-13.758886,0 -58.739707,-13.758515,0 -58.739608,-13.758339,0 -58.739394,-13.758306,0 -58.738450,-13.758007,0 -58.738258,-13.757964,0 -58.738258,-13.757964,0 -58.734839,-13.756999,0 -58.733684,-13.756661,0 -58.731466,-13.756046,0 -58.730719,-13.755817,0 -58.728289,-13.755140,0 -58.726135,-13.754556,0</coordinates></LineString></Placemark>
<Placemark><name>ESTRADA 02 - PANAMÁ</name><styleUrl>#extra</styleUrl><LineString><tessellate>1</tessellate><coordinates>-58.720137,-13.800405,0 -58.731214,-13.797325,0 -58.743864,-13.793822,0 -58.749905,-13.792140,0 -58.752340,-13.791470,0 -58.757667,-13.789993,0 -58.761717,-13.788863,0 -58.770950,-13.786320,0 -58.777282,-13.784561,0 -58.780840,-13.783580,0 -58.780840,-13.783580,0 -58.780927,-13.783181,0 -58.780962,-13.782832,0 -58.781163,-13.780944,0 -58.781274,-13.780433,0 -58.781461,-13.779852,0 -58.781572,-13.779563,0 -58.781659,-13.779247,0 -58.781654,-13.778970,0 -58.781716,-13.778430,0 -58.781740,-13.778100,0 -58.781839,-13.777572,0 -58.781826,-13.776927,0 -58.781785,-13.776546,0 -58.781761,-13.776363,0 -58.781533,-13.775110,0 -58.781340,-13.774313,0 -58.781261,-13.773799,0 -58.781246,-13.773496,0 -58.781269,-13.772651,0 -58.781231,-13.772128,0 -58.781194,-13.771934,0 -58.781100,-13.771473,0 -58.781033,-13.771190,0 -58.780931,-13.770725,0 -58.780790,-13.770112,0 -58.780676,-13.769513,0 -58.780513,-13.768790,0 -58.780392,-13.768265,0 -58.780375,-13.767987,0 -58.780443,-13.767457,0 -58.780535,-13.766686,0 -58.780647,-13.765882,0 -58.780666,-13.765739,0 -58.780708,-13.765424,0 -58.780835,-13.764784,0 -58.781009,-13.763966,0 -58.781068,-13.763371,0 -58.781024,-13.763086,0 -58.780867,-13.762506,0 -58.780758,-13.762197,0 -58.780592,-13.761697,0 -58.780438,-13.761197,0 -58.780380,-13.761010,0 -58.780389,-13.760626,0 -58.780392,-13.760200,0 -58.780456,-13.759788,0 -58.780632,-13.759500,0 -58.780887,-13.759125,0 -58.781274,-13.758473,0 -58.781376,-13.758050,0 -58.781406,-13.757669,0 -58.781418,-13.757362,0 -58.781402,-13.756953,0 -58.781343,-13.756669,0 -58.781219,-13.755894,0 -58.781163,-13.755379,0 -58.780998,-13.754974,0 -58.780810,-13.754646,0 -58.780544,-13.754241,0 -58.780175,-13.753768,0 -58.779885,-13.753355,0 -58.779634,-13.753061,0 -58.779425,-13.752824,0 -58.779134,-13.751864,0 -58.779105,-13.751212,0 -58.779015,-13.750480,0 -58.778883,-13.750065,0 -58.778536,-13.749485,0 -58.778065,-13.749145,0 -58.777817,-13.749049,0 -58.777749,-13.749020,0 -58.777560,-13.749042,0 -58.777487,-13.749089,0 -58.777487,-13.749089,0 -58.773350,-13.750317,0 -58.764378,-13.752940,0 -58.761595,-13.753759,0 -58.757444,-13.754972,0 -58.754623,-13.755782,0 -58.750444,-13.756993,0 -58.746968,-13.757997,0 -58.746968,-13.757997,0 -58.743538,-13.759048,0 -58.742771,-13.759309,0 -58.742583,-13.759955,0 -58.742594,-13.760158,0 -58.742786,-13.760322,0 -58.742952,-13.760415,0 -58.743027,-13.760639,0 -58.743360,-13.761374,0 -58.743360,-13.761374,0 -58.743532,-13.761510,0 -58.743730,-13.761645,0 -58.743864,-13.761791,0 -58.744052,-13.761900,0 -58.744272,-13.761593,0 -58.744428,-13.761390,0 -58.744685,-13.761265,0 -58.744878,-13.761254,0 -58.745050,-13.761338,0 -58.745200,-13.761525,0 -58.745216,-13.761885,0 -58.745377,-13.762739,0 -58.745517,-13.763338,0 -58.745739,-13.764133,0 -58.746056,-13.765081,0 -58.746576,-13.766261,0 -58.747177,-13.767413,0 -58.747660,-13.768505,0 -58.748362,-13.769846,0 -58.748802,-13.770729,0 -58.749202,-13.771266,0 -58.750017,-13.772360,0 -58.750133,-13.772636,0 -58.750436,-13.773561,0 -58.750682,-13.774496,0 -58.750784,-13.775041,0 -58.751074,-13.776343,0 -58.751321,-13.777523,0 -58.751463,-13.778063,0 -58.751546,-13.778331,0 -58.751546,-13.778331,0 -58.750811,-13.778516,0 -58.750441,-13.778657,0 -58.750323,-13.778854,0 -58.750200,-13.779084,0 -58.750044,-13.779360,0 -58.750012,-13.779532,0 -58.750001,-13.779730,0 -58.750076,-13.780037,0 -58.750194,-13.780381,0 -58.750267,-13.780561,0 -58.750353,-13.780733,0 -58.750444,-13.780892,0 -58.750530,-13.781011,0 -58.750581,-13.781152,0 -58.750621,-13.781493,0 -58.750645,-13.781842,0 -58.750707,-13.781986,0 -58.751020,-13.782486,0 -58.751155,-13.782723,0 -58.751313,-13.782939,0 -58.751484,-13.783069,0 -58.751678,-13.783205,0 -58.751932,-13.783353,0 -58.752152,-13.783421,0 -58.752402,-13.783486,0 -58.752740,-13.783570,0 -58.752740,-13.783570,0 -58.752788,-13.783629,0 -58.752689,-13.784875,0 -58.752635,-13.785719,0 -58.752512,-13.787711,0 -58.752431,-13.788970,0 -58.752343,-13.790275,0 -58.752289,-13.791020,0 -58.752289,-13.791358,0 -58.752340,-13.791470,0</coordinates></LineString></Placemark>
<Placemark><name>ESTRADA 03 - PANAMÁ</name><styleUrl>#extra</styleUrl><LineString><tessellate>1</tessellate><coordinates>-58.770530,-13.733610,0 -58.770068,-13.733735,0 -58.769737,-13.733830,0 -58.760717,-13.736477,0 -58.750992,-13.739350,0 -58.745165,-13.741083,0 -58.738851,-13.742942,0 -58.733290,-13.744596,0 -58.725509,-13.746917,0 -58.770495,-13.733619,0 -58.770786,-13.734923,0 -58.771054,-13.736117,0 -58.771200,-13.736780,0 -58.771304,-13.737342,0 -58.771499,-13.738185,0 -58.771680,-13.739083,0 -58.771903,-13.740103,0 -58.772027,-13.740730,0 -58.772736,-13.743900,0 -58.773100,-13.745646,0 -58.773519,-13.747597,0 -58.774045,-13.750024,0 -58.774069,-13.750106,0 -58.774159,-13.750526,0 -58.774345,-13.751387,0 -58.775241,-13.755585,0 -58.775488,-13.756682,0 -58.775965,-13.758933,0 -58.776196,-13.759982,0 -58.776324,-13.760616,0 -58.776727,-13.762451,0 -58.776963,-13.763605,0 -58.777588,-13.766446,0 -58.777620,-13.766681,0</coordinates></LineString></Placemark>
<Placemark><name>ESTRADA 04 - PANAMÁ</name><styleUrl>#extra</styleUrl><LineString><tessellate>1</tessellate><coordinates>-58.745165,-13.741083,0 -58.745149,-13.741297,0 -58.745098,-13.741930,0 -58.744752,-13.746790,0 -58.744723,-13.747373,0 -58.744672,-13.747777,0 -58.744543,-13.748647,0 -58.744280,-13.750117,0 -58.744023,-13.751219,0 -58.743926,-13.751547,0 -58.743749,-13.752076,0 -58.743701,-13.752326,0 -58.743510,-13.753452,0 -58.743328,-13.754528,0 -58.743239,-13.755114,0 -58.743099,-13.756151,0 -58.742958,-13.757060,0 -58.742875,-13.757604,0 -58.742830,-13.758050,0 -58.742830,-13.758050,0 -58.742754,-13.758162,0 -58.742722,-13.758558,0 -58.742676,-13.758956,0 -58.742673,-13.759181,0 -58.742771,-13.759309,0</coordinates></LineString></Placemark>
<Placemark><name>ESTRADA 05 - PANAMÁ</name><styleUrl>#extra</styleUrl><LineString><tessellate>1</tessellate><coordinates>-58.750992,-13.739350,0 -58.751007,-13.739484,0 -58.752391,-13.745802,0 -58.754542,-13.755804,0 -58.754572,-13.756065,0 -58.756444,-13.764745,0 -58.756750,-13.766194,0 -58.757474,-13.769523,0 -58.758092,-13.772356,0 -58.760338,-13.782611,0 -58.761717,-13.788863,0</coordinates></LineString></Placemark>
<Placemark><name>ESTRADA 06 - PANAMÁ</name><styleUrl>#extra</styleUrl><LineString><tessellate>1</tessellate><coordinates>-58.780656,-13.765812,0 -58.780177,-13.765949,0 -58.767890,-13.769480,0 -58.766521,-13.769905,0 -58.758085,-13.772324,0 -58.757518,-13.772501,0 -58.750924,-13.774365,0 -58.750472,-13.774517,0 -58.748606,-13.775042,0 -58.748030,-13.775218,0</coordinates></LineString></Placemark>
<Placemark><name>ESTRADA 07 - PANAMÁ</name><styleUrl>#extra</styleUrl><LineString><tessellate>1</tessellate><coordinates>-58.770950,-13.786320,0 -58.770991,-13.786152,0 -58.771081,-13.785776,0 -58.771227,-13.785307,0 -58.771276,-13.785175,0 -58.771276,-13.785175,0 -58.771370,-13.785075,0 -58.771460,-13.784868,0 -58.771639,-13.784183,0 -58.771765,-13.783949,0 -58.772045,-13.783602,0 -58.772200,-13.783286,0 -58.772298,-13.782985,0 -58.772321,-13.782488,0 -58.772222,-13.782234,0 -58.771936,-13.781875,0 -58.771594,-13.781518,0 -58.771464,-13.781129,0 -58.771458,-13.780967,0 -58.771399,-13.780821,0 -58.771311,-13.780761,0 -58.771165,-13.780744,0 -58.770934,-13.780807,0 -58.770590,-13.780938,0 -58.770352,-13.781013,0 -58.770301,-13.781001,0 -58.769981,-13.780944,0 -58.769809,-13.780821,0 -58.769658,-13.780712,0 -58.769477,-13.780679,0 -58.769272,-13.780704,0 -58.768786,-13.780882,0 -58.768523,-13.780970,0 -58.768298,-13.781109,0 -58.768170,-13.781260,0 -58.768140,-13.781569,0 -58.768110,-13.781910,0 -58.768048,-13.782128,0 -58.768018,-13.782304,0 -58.767933,-13.782555,0 -58.767858,-13.782788,0 -58.767831,-13.783029,0 -58.767790,-13.783345,0 -58.767760,-13.783928,0 -58.767788,-13.784134,0 -58.767827,-13.784253,0 -58.767949,-13.784443,0 -58.768040,-13.784550,0 -58.768407,-13.784964,0 -58.768681,-13.785311,0 -58.768758,-13.785406,0 -58.769007,-13.785571,0 -58.769178,-13.785648,0 -58.769377,-13.785690,0 -58.769580,-13.785663,0 -58.769905,-13.785629,0 -58.770074,-13.785553,0 -58.770548,-13.785303,0 -58.770711,-13.785256,0 -58.770914,-13.785208,0 -58.771120,-13.785175,0 -58.771192,-13.785156,0 -58.771276,-13.785175,0</coordinates></LineString></Placemark>
<Placemark><name>ESTRADA 08 - PANAMÁ</name><styleUrl>#extra</styleUrl><LineString><tessellate>1</tessellate><coordinates>-58.770301,-13.781001,0 -58.770244,-13.780810,0 -58.770202,-13.780575,0 -58.770103,-13.780148,0 -58.769898,-13.779157,0 -58.769643,-13.777952,0 -58.769369,-13.776662,0 -58.769105,-13.775418,0 -58.768692,-13.773444,0 -58.768428,-13.772196,0 -58.768219,-13.771215,0 -58.767889,-13.769643,0 -58.767847,-13.769494,0 -58.764975,-13.756091,0 -58.764733,-13.754930,0 -58.764427,-13.753544,0 -58.764312,-13.753071,0 -58.764279,-13.752971,0 -58.764183,-13.752460,0 -58.764049,-13.751849,0 -58.762036,-13.742547,0 -58.761653,-13.740722,0 -58.761142,-13.738353,0 -58.760774,-13.736678,0 -58.760717,-13.736477,0</coordinates></LineString></Placemark>
<Placemark><name>ESTRADA 09 - PANAMÁ</name><styleUrl>#extra</styleUrl><LineString><tessellate>1</tessellate><coordinates>-58.727015,-13.794323,0 -58.727330,-13.788362,0 -58.727381,-13.787292,0 -58.727625,-13.783151,0</coordinates></LineString></Placemark>
<Placemark><name>ESTRADA 10 - PANAMÁ</name><styleUrl>#extra</styleUrl><LineString><tessellate>1</tessellate><coordinates>-58.727330,-13.788362,0 -58.727664,-13.788313,0 -58.729657,-13.787870,0 -58.732020,-13.787341,0 -58.734906,-13.786708,0 -58.736649,-13.786310,0 -58.737738,-13.786065,0 -58.739929,-13.785601,0 -58.742880,-13.784932,0 -58.744926,-13.784473,0 -58.747499,-13.783926,0</coordinates></LineString></Placemark>
<Placemark><name>ESTRADA 11 - PANAMÁ</name><styleUrl>#extra</styleUrl><LineString><tessellate>1</tessellate><coordinates>-58.742594,-13.760158,0 -58.742512,-13.761372,0 -58.742440,-13.762101,0 -58.742338,-13.763206,0 -58.742282,-13.764381,0 -58.742164,-13.765881,0 -58.741997,-13.768400,0 -58.741898,-13.769776,0 -58.741772,-13.771469,0 -58.741563,-13.774470,0 -58.741477,-13.775960,0 -58.741343,-13.776997,0 -58.741206,-13.777164,0 -58.740753,-13.777307,0 -58.737494,-13.778227,0 -58.737403,-13.778258,0</coordinates></LineString></Placemark>
<Placemark><name>ESTRADA 12 - PANAMÁ</name><styleUrl>#extra</styleUrl><LineString><tessellate>1</tessellate><coordinates>-58.736873,-13.791630,0 -58.736830,-13.791693,0 -58.736766,-13.791701,0 -58.736746,-13.791650,0 -58.736775,-13.791571,0 -58.736845,-13.791513,0 -58.736872,-13.791455,0 -58.736885,-13.791244,0 -58.736947,-13.789817,0 -58.737127,-13.786870,0 -58.737078,-13.786211,0 -58.737098,-13.785665,0 -58.737136,-13.784770,0 -58.737245,-13.782147,0 -58.737352,-13.779923,0 -58.737403,-13.778258,0 -58.737507,-13.775963,0 -58.737647,-13.772608,0 -58.737754,-13.770013,0 -58.737792,-13.769393,0 -58.737866,-13.767261,0 -58.737982,-13.764849,0 -58.738039,-13.763310,0 -58.738106,-13.761867,0 -58.738167,-13.760290,0 -58.738226,-13.758985,0 -58.738258,-13.757964,0 -58.738326,-13.757273,0 -58.738452,-13.755841,0 -58.738548,-13.754666,0 -58.738757,-13.752297,0 -58.738811,-13.751714,0 -58.738811,-13.751714,0 -58.738293,-13.751623,0 -58.737693,-13.751555,0 -58.732315,-13.750904,0 -58.732315,-13.750904,0 -58.732980,-13.747071,0 -58.732997,-13.746824,0 -58.733064,-13.746799,0 -58.733115,-13.746829,0 -58.733115,-13.746885,0 -58.733058,-13.746949,0 -58.732984,-13.747071,0 -58.732315,-13.750904,0 -58.732124,-13.751904,0 -58.731910,-13.753003,0 -58.731706,-13.754095,0 -58.731408,-13.755778,0 -58.731403,-13.755986,0 -58.731368,-13.756961,0 -58.731309,-13.759329,0 -58.731279,-13.760793,0 -58.731236,-13.762533,0 -58.731183,-13.763919,0 -58.731135,-13.765308,0 -58.731070,-13.768020,0 -58.731057,-13.768557,0 -58.731057,-13.768557,0 -58.731124,-13.768606,0 -58.731357,-13.768643,0 -58.733530,-13.768898,0 -58.734812,-13.769091,0 -58.736671,-13.769278,0 -58.737792,-13.769393,0 -58.741182,-13.768424,0</coordinates></LineString></Placemark>
<Placemark><name>ESTRADA 13 - PANAMÁ</name><styleUrl>#extra</styleUrl><LineString><tessellate>1</tessellate><coordinates>-58.748175,-13.766328,0 -58.747357,-13.757888,0</coordinates></LineString></Placemark>
<Placemark><name>ESTRADA 27 - PONTE DE PEDRA</name><styleUrl>#extra</styleUrl><LineString><tessellate>1</tessellate><coordinates>-57.498769,-13.583329,0 -57.498997,-13.583371,0 -57.499368,-13.583024,0 -57.500537,-13.581806,0 -57.502436,-13.579882,0 -57.504703,-13.577590,0 -57.507323,-13.574923,0 -57.508318,-13.573951,0 -57.510724,-13.571489,0 -57.512127,-13.570128,0 -57.512824,-13.570183,0 -57.513519,-13.570277,0 -57.513953,-13.570326,0 -57.515101,-13.570480,0 -57.498997,-13.583371,0 -57.498716,-13.583704,0</coordinates></LineString></Placemark>
<Placemark><name>ESTRADA 01 - PROMISSÃO</name><styleUrl>#extra</styleUrl><LineString><tessellate>1</tessellate><coordinates>-57.099050,-13.894866,0 -57.099376,-13.894961,0 -57.100042,-13.895383,0 -57.100357,-13.895574,0 -57.101149,-13.896072,0 -57.103221,-13.897394,0 -57.103428,-13.897519,0 -57.103758,-13.897814,0 -57.105311,-13.899113,0 -57.105834,-13.899714,0 -57.106287,-13.900214,0 -57.106706,-13.900740,0 -57.106912,-13.901113,0 -57.107406,-13.902034,0 -57.107711,-13.902521,0 -57.107776,-13.902729,0 -57.107776,-13.902729,0 -57.107964,-13.903047,0 -57.108272,-13.902880,0 -57.109326,-13.902667,0 -57.111794,-13.902399,0 -57.116525,-13.901951,0 -57.124190,-13.901190,0 -57.127324,-13.900930,0 -57.134944,-13.900161,0 -57.134944,-13.900161,0 -57.134967,-13.900114,0 -57.134947,-13.899994,0 -57.134366,-13.895509,0 -57.134107,-13.893494,0 -57.133998,-13.892669,0 -57.134000,-13.892492,0 -57.134116,-13.892210,0 -57.135551,-13.888001,0 -57.136458,-13.885303,0 -57.137910,-13.880959,0 -57.137968,-13.880651,0 -57.137933,-13.880495,0 -57.137933,-13.880495,0 -57.137610,-13.880379,0 -57.137371,-13.880321,0 -57.132283,-13.879025,0 -57.127697,-13.877865,0 -57.124984,-13.877180,0 -57.123999,-13.876930,0 -57.122901,-13.876655,0 -57.120897,-13.876145,0 -57.118224,-13.875460,0 -57.116324,-13.874978,0 -57.114117,-13.874413,0 -57.109455,-13.873247,0 -57.109287,-13.873221,0 -57.105413,-13.879236,0 -57.105410,-13.879140,0 -57.104839,-13.877642,0 -57.104010,-13.875468,0 -57.103624,-13.874476,0 -57.103401,-13.873869,0 -57.103224,-13.873450,0 -57.103020,-13.872890,0 -57.103074,-13.872447,0 -57.103130,-13.871804,0 -57.103146,-13.871002,0 -57.103216,-13.870179,0 -57.103280,-13.869611,0 -57.103347,-13.868937,0 -57.103500,-13.867968,0 -57.103640,-13.866920,0 -57.103710,-13.866601,0 -57.103814,-13.866122,0 -57.103932,-13.865700,0 -57.104198,-13.865377,0 -57.105308,-13.864169,0 -57.105925,-13.863494,0 -57.106464,-13.862883,0 -57.106722,-13.862596,0 -57.106958,-13.862328,0 -57.107140,-13.862044,0 -57.107540,-13.861414,0 -57.107830,-13.860970,0 -57.108023,-13.860872,0 -57.108361,-13.860851,0 -57.108798,-13.860802,0 -57.109514,-13.860760,0 -57.109892,-13.860739,0 -57.110370,-13.860730,0 -57.110807,-13.860776,0 -57.111145,-13.860786,0 -57.111751,-13.860841,0 -57.112250,-13.860919,0 -57.112800,-13.860992,0 -57.113076,-13.861021,0 -57.113264,-13.861008,0 -57.113411,-13.860997,0 -57.113709,-13.861015,0 -57.114232,-13.861083,0 -57.114610,-13.861159,0 -57.114881,-13.861182,0 -57.115305,-13.861177,0 -57.115702,-13.861151,0 -57.116147,-13.861166,0 -57.116713,-13.861271,0 -57.117188,-13.861367,0 -57.117665,-13.861455,0 -57.118124,-13.861544,0 -57.118617,-13.861695,0 -57.119199,-13.861864,0 -57.119814,-13.861989,0 -57.120304,-13.862078,0 -57.120825,-13.862153,0 -57.121372,-13.862182,0 -57.121847,-13.862255,0 -57.122375,-13.862388,0 -57.122962,-13.862567,0 -57.123558,-13.862823,0 -57.123845,-13.862948,0 -57.123923,-13.863021,0 -57.124014,-13.863112,0 -57.124604,-13.863414,0 -57.126015,-13.863979,0 -57.126492,-13.864148,0 -57.127452,-13.864726,0 -57.128284,-13.865336,0 -57.128772,-13.865942,0 -57.129346,-13.866802,0 -57.129641,-13.867145,0 -57.129955,-13.867468,0 -57.130271,-13.867796,0 -57.130532,-13.868041,0 -57.131272,-13.868653,0 -57.131918,-13.869195,0 -57.132551,-13.869721,0 -57.133031,-13.870077,0 -57.133745,-13.870400,0 -57.134922,-13.870981,0 -57.135754,-13.871379,0 -57.136231,-13.871679,0 -57.136682,-13.871965,0 -57.137328,-13.872629,0 -57.137798,-13.873330,0 -57.137933,-13.873766,0 -57.138069,-13.874512,0 -57.138236,-13.875249,0 -57.138317,-13.875487,0 -57.138537,-13.875942,0 -57.138716,-13.876374,0 -57.138773,-13.876798,0 -57.138788,-13.877563,0 -57.138789,-13.878103,0 -57.138746,-13.878255,0 -57.138608,-13.878638,0 -57.138411,-13.879293,0 -57.138231,-13.879832,0 -57.138133,-13.880164,0 -57.138051,-13.880427,0 -57.137933,-13.880495,0 -57.137968,-13.880651,0 -57.138031,-13.880858,0 -57.138114,-13.880899,0 -57.138297,-13.880871,0 -57.138458,-13.880754,0 -57.138680,-13.880478,0 -57.138785,-13.880150,0 -57.139160,-13.878988,0 -57.139378,-13.878522,0 -57.139716,-13.877678,0 -57.139962,-13.876968,0 -57.140190,-13.876009,0 -57.140350,-13.875410,0 -57.140488,-13.875093,0 -57.142108,-13.873900,0 -57.142312,-13.873767,0 -57.142690,-13.873666,0 -57.143127,-13.873681,0 -57.144165,-13.874065,0 -57.145504,-13.874562,0 -57.145720,-13.874680,0 -57.146019,-13.874856,0 -57.146555,-13.875210,0 -57.147420,-13.875752,0 -57.148836,-13.876482,0 -57.150064,-13.877168,0 -57.150423,-13.877434,0 -57.151290,-13.878480,0 -57.152535,-13.881039,0 -57.152730,-13.881532,0 -57.152760,-13.882005,0 -57.152687,-13.882406,0 -57.152522,-13.882888,0 -57.151414,-13.885652,0 -57.149952,-13.889237,0 -57.149194,-13.891062,0 -57.147392,-13.895509,0 -57.146249,-13.898327,0 -57.145930,-13.899165,0 -57.135016,-13.900420,0 -57.135266,-13.900613,0 -57.135700,-13.901058,0 -57.136746,-13.902128,0 -57.140204,-13.905703,0 -57.141931,-13.907491,0 -57.142937,-13.908520,0 -57.143884,-13.909504,0 -57.145552,-13.911214,0 -57.146582,-13.912287,0 -57.147709,-13.913459,0 -57.147860,-13.913600,0 -57.147939,-13.914284,0 -57.148146,-13.916130,0 -57.148427,-13.918759,0 -57.148586,-13.920230,0 -57.148795,-13.922159,0 -57.148934,-13.923373,0 -57.149090,-13.924805,0 -57.149280,-13.926609,0 -57.149331,-13.927080,0 -57.149436,-13.928087,0 -57.149616,-13.929774,0 -57.149758,-13.931138,0 -57.149913,-13.932469,0 -57.150139,-13.934596,0 -57.150324,-13.936270,0 -57.150479,-13.937644,0 -57.150756,-13.940200,0 -57.150790,-13.940540,0 -57.108323,-13.901081,0 -57.099960,-13.893484,0 -57.099321,-13.894457,0 -57.099050,-13.894866,0 -57.099050,-13.894866,0 -57.098895,-13.894908,0 -57.098493,-13.894749,0 -57.097935,-13.894585,0 -57.097540,-13.894629,0 -57.097052,-13.894635,0 -57.096827,-13.894731,0 -57.096714,-13.895043,0 -57.096446,-13.895145,0 -57.096165,-13.895025,0 -57.095604,-13.894866,0 -57.095604,-13.894866,0 -57.095212,-13.894726,0 -57.092348,-13.893739,0 -57.090494,-13.893122,0 -57.090341,-13.893067,0</coordinates></LineString></Placemark>
<Placemark><name>ESTRADA 02 - PROMISSÃO</name><styleUrl>#extra</styleUrl><LineString><tessellate>1</tessellate><coordinates>-57.124190,-13.901190,0 -57.124184,-13.900620,0 -57.124155,-13.897266,0 -57.124153,-13.894129,0 -57.124094,-13.889812,0 -57.124054,-13.883545,0 -57.124029,-13.879273,0 -57.124019,-13.877547,0 -57.123999,-13.876930,0 -57.124009,-13.876459,0 -57.123904,-13.863164,0 -57.124190,-13.901190,0 -57.124172,-13.901847,0 -57.124076,-13.903727,0 -57.123727,-13.911410,0 -57.123558,-13.914698,0 -57.123429,-13.917255,0 -57.123209,-13.922221,0 -57.123215,-13.922633,0 -57.123209,-13.922894,0 -57.123220,-13.923112,0 -57.123166,-13.923331,0 -57.123091,-13.923810,0 -57.123032,-13.924190,0 -57.123080,-13.924346,0 -57.123078,-13.924876,0 -57.123078,-13.925235,0 -57.122946,-13.927611,0 -57.122828,-13.930100,0 -57.122689,-13.933005,0 -57.122666,-13.933329,0 -57.122712,-13.933647,0 -57.123531,-13.937982,0 -57.124336,-13.942231,0 -57.124545,-13.943267,0 -57.125317,-13.943194,0 -57.127976,-13.942913,0 -57.130609,-13.942658,0 -57.133125,-13.942390,0 -57.137259,-13.941965,0 -57.142247,-13.941445,0 -57.147033,-13.940953,0 -57.153969,-13.940245,0 -57.159768,-13.939651,0 -57.167423,-13.938855,0 -57.176727,-13.937905,0 -57.177108,-13.937829,0 -57.177108,-13.937829,0 -57.177222,-13.937689,0 -57.177406,-13.935348,0 -57.177706,-13.931323,0 -57.177886,-13.929086,0 -57.177967,-13.928766,0 -57.177971,-13.928572,0 -57.177917,-13.928454,0 -57.177686,-13.928362,0 -57.177214,-13.928326,0 -57.176655,-13.928363,0 -57.175589,-13.928445,0 -57.174997,-13.928487,0 -57.174803,-13.928469,0 -57.174669,-13.928378,0 -57.174637,-13.928154,0 -57.174669,-13.927099,0 -57.174685,-13.926244,0 -57.174722,-13.925575,0 -57.174704,-13.924963,0 -57.174665,-13.924453,0 -57.174614,-13.923945,0 -57.174620,-13.923326,0 -57.174625,-13.922696,0 -57.174684,-13.922045,0 -57.174834,-13.919848,0 -57.174818,-13.919615,0 -57.174679,-13.919331,0 -57.174398,-13.919149,0 -57.173931,-13.918986,0 -57.172800,-13.918560,0 -57.172673,-13.918509,0 -57.172555,-13.918433,0 -57.172312,-13.918215,0 -57.172145,-13.918077,0 -57.171551,-13.917577,0 -57.171234,-13.917395,0 -57.170957,-13.917338,0 -57.169610,-13.917425,0 -57.168435,-13.917520,0 -57.168174,-13.917628,0 -57.167663,-13.918025,0 -57.165828,-13.919563,0 -57.165577,-13.919655,0 -57.165294,-13.919719,0 -57.165154,-13.919659,0 -57.165070,-13.919534,0 -57.165034,-13.919302,0 -57.165015,-13.917948,0 -57.164919,-13.917656,0 -57.164813,-13.917227,0 -57.164797,-13.916873,0 -57.164821,-13.916576,0 -57.164899,-13.915679,0 -57.164961,-13.914511,0 -57.165030,-13.913485,0 -57.165040,-13.912020,0 -57.165282,-13.911563,0 -57.165465,-13.910756,0 -57.165433,-13.910355,0 -57.165191,-13.909777,0 -57.165009,-13.909501,0 -57.164660,-13.908798,0 -57.164624,-13.908610,0 -57.164542,-13.908409,0 -57.164306,-13.908006,0 -57.164126,-13.907747,0 -57.163910,-13.907392,0 -57.163847,-13.907270,0 -57.163611,-13.906520,0 -57.163509,-13.905915,0 -57.163496,-13.905662,0 -57.163416,-13.905207,0 -57.163332,-13.904968,0 -57.163192,-13.904638,0 -57.162894,-13.904001,0 -57.162724,-13.903741,0 -57.162419,-13.903311,0 -57.162231,-13.903054,0 -57.161936,-13.902616,0 -57.161754,-13.902373,0 -57.161325,-13.901969,0 -57.161138,-13.901770,0 -57.160893,-13.901474,0 -57.160802,-13.901288,0 -57.160601,-13.900765,0 -57.160512,-13.900534,0 -57.160049,-13.899442,0 -57.159860,-13.899070,0 -57.159662,-13.898873,0 -57.159517,-13.898717,0 -57.159253,-13.898540,0 -57.158904,-13.898413,0 -57.158724,-13.898406,0 -57.158495,-13.898405,0 -57.158272,-13.898393,0 -57.157827,-13.898321,0 -57.157602,-13.898311,0 -57.157264,-13.898340,0 -57.156257,-13.898465,0 -57.155048,-13.898590,0 -57.148460,-13.899248,0 -57.146432,-13.899431,0 -57.146115,-13.899405,0 -57.145633,-13.899347,0 -57.145080,-13.899405,0 -57.140198,-13.899910,0 -57.136567,-13.900259,0 -57.133627,-13.900566,0 -57.127174,-13.901253,0 -57.124182,-13.901560,0</coordinates></LineString></Placemark>
<Placemark><name>ESTRADA 03 - PROMISSÃO</name><styleUrl>#extra</styleUrl><LineString><tessellate>1</tessellate><coordinates>-57.134010,-13.892610,0 -57.133386,-13.892454,0 -57.132903,-13.892338,0 -57.130377,-13.891737,0 -57.127408,-13.891019,0 -57.124226,-13.890220,0 -57.124101,-13.890187,0 -57.122861,-13.889907,0 -57.106521,-13.885912,0 -57.105367,-13.885610,0 -57.105137,-13.885568,0 -57.103034,-13.884735,0 -57.097669,-13.882610,0 -57.094150,-13.881240,0 -57.088405,-13.878947,0 -57.086722,-13.878271,0 -57.081400,-13.876166,0 -57.080747,-13.875908,0 -57.069059,-13.871287,0 -57.065620,-13.869924,0 -57.065523,-13.869883,0 -57.065523,-13.869883,0 -57.065401,-13.869690,0 -57.065189,-13.869044,0 -57.065008,-13.868307,0 -57.064962,-13.867942,0 -57.064854,-13.867472,0 -57.064567,-13.866608,0 -57.064482,-13.866336,0 -57.064488,-13.866123,0 -57.064540,-13.865912,0 -57.064669,-13.865405,0 -57.064740,-13.865071,0 -57.064776,-13.864746,0 -57.064818,-13.864436,0 -57.064803,-13.863984,0 -57.064784,-13.863582,0 -57.064779,-13.863113,0 -57.064897,-13.862280,0 -57.064917,-13.862048,0 -57.064950,-13.861782,0 -57.065190,-13.861407,0 -57.065878,-13.860777,0 -57.066235,-13.860448,0 -57.066431,-13.860290,0 -57.067138,-13.860028,0 -57.067415,-13.859982,0 -57.067891,-13.859946,0 -57.068570,-13.859892,0 -57.069329,-13.859841,0 -57.070006,-13.859814,0 -57.070199,-13.859807,0 -57.070462,-13.859810,0 -57.070962,-13.859896,0 -57.071388,-13.859988,0 -57.071888,-13.860010,0 -57.072262,-13.859956,0 -57.073851,-13.859565,0 -57.074132,-13.859500,0 -57.074457,-13.859410,0 -57.075548,-13.858979,0 -57.075990,-13.858808,0 -57.076661,-13.858512,0 -57.077103,-13.858457,0 -57.077542,-13.858530,0 -57.078328,-13.858845,0 -57.079336,-13.859320,0 -57.079660,-13.859520,0 -57.080046,-13.859864,0 -57.080298,-13.860121,0 -57.080706,-13.860400,0 -57.080947,-13.860592,0 -57.081404,-13.860868,0 -57.081619,-13.860966,0 -57.082342,-13.861096,0 -57.082841,-13.861198,0 -57.083773,-13.861467,0 -57.084760,-13.861745,0 -57.085180,-13.861860,0 -57.086145,-13.861863,0 -57.087111,-13.861868,0 -57.087390,-13.861870,0 -57.087736,-13.862045,0 -57.088581,-13.862606,0 -57.089177,-13.863037,0 -57.090335,-13.863834,0 -57.090777,-13.864183,0 -57.090950,-13.864380,0 -57.091229,-13.864570,0 -57.091666,-13.864616,0 -57.092529,-13.864724,0 -57.093152,-13.864794,0 -57.093785,-13.864846,0 -57.094543,-13.864892,0 -57.095560,-13.865010,0 -57.097347,-13.865328,0 -57.097892,-13.865451,0 -57.098261,-13.865523,0 -57.098624,-13.865596,0 -57.098906,-13.865644,0 -57.099053,-13.865685,0 -57.099370,-13.865833,0 -57.099559,-13.865915,0 -57.099559,-13.865915,0 -57.099720,-13.866270,0 -57.099697,-13.866463,0 -57.099594,-13.867106,0 -57.099584,-13.867346,0 -57.099619,-13.867821,0 -57.099634,-13.867993,0 -57.099590,-13.868151,0 -57.098490,-13.870787,0 -57.098305,-13.871212,0 -57.098253,-13.871463,0 -57.096800,-13.874970,0 -57.095223,-13.878725,0 -57.094370,-13.880840,0 -57.094182,-13.881252,0 -57.094135,-13.881388,0 -57.091865,-13.888448,0 -57.090588,-13.892302,0 -57.089548,-13.895535,0 -57.089236,-13.896603,0 -57.089236,-13.896603,0 -57.088952,-13.896496,0 -57.088692,-13.896408,0 -57.088212,-13.896137,0 -57.086855,-13.895356,0 -57.084800,-13.894387,0 -57.083845,-13.894137,0 -57.083000,-13.893926,0 -57.082070,-13.893590,0 -57.080337,-13.892601,0 -57.079849,-13.892278,0 -57.079419,-13.892098,0 -57.078821,-13.891802,0 -57.078376,-13.891533,0 -57.077494,-13.891047,0 -57.076051,-13.890028,0 -57.075729,-13.889755,0 -57.075729,-13.889755,0 -57.081360,-13.876149,0 -57.081546,-13.875748,0 -57.084117,-13.869528,0 -57.084171,-13.869436,0 -57.084274,-13.869199,0 -57.084449,-13.868753,0 -57.086687,-13.863402,0 -57.087242,-13.862064,0 -57.087297,-13.861902,0 -57.065523,-13.869883,0 -57.065644,-13.870221,0 -57.065802,-13.870585,0 -57.065994,-13.871008,0 -57.066180,-13.871519,0 -57.066330,-13.872094,0 -57.066468,-13.872650,0 -57.066603,-13.873232,0 -57.066679,-13.873632,0 -57.066786,-13.874270,0 -57.066875,-13.874468,0 -57.067313,-13.875132,0 -57.067461,-13.875353,0 -57.068106,-13.875705,0 -57.069621,-13.876284,0 -57.070887,-13.876684,0 -57.071252,-13.876874,0 -57.072061,-13.877698,0 -57.072257,-13.877938,0 -57.072521,-13.878600,0 -57.072595,-13.878887,0 -57.072643,-13.879094,0 -57.072628,-13.879428,0 -57.072588,-13.879717,0</coordinates></LineString></Placemark>
<Placemark><name>ESTRADA 04 - PROMISSÃO</name><styleUrl>#extra</styleUrl><LineString><tessellate>1</tessellate><coordinates>-57.099960,-13.893484,0 -57.100405,-13.892880,0 -57.100888,-13.892125,0 -57.104466,-13.887011,0 -57.105292,-13.885797,0 -57.105367,-13.885610,0 -57.105480,-13.885329,0 -57.105968,-13.883699,0 -57.106376,-13.882423,0 -57.107411,-13.879090,0 -57.108607,-13.875366,0 -57.109010,-13.874059,0 -57.109287,-13.873221,0 -57.109325,-13.873012,0 -57.110091,-13.870570,0 -57.111273,-13.866781,0 -57.112251,-13.863694,0 -57.113066,-13.861054,0 -57.113076,-13.861021,0</coordinates></LineString></Placemark>
<Placemark><name>ESTRADA 05 - PROMISSÃO</name><styleUrl>#extra</styleUrl><LineString><tessellate>1</tessellate><coordinates>-57.107119,-13.880035,0 -57.106968,-13.879975,0 -57.106606,-13.879816,0 -57.105896,-13.879499,0 -57.105539,-13.879319,0 -57.105413,-13.879236,0 -57.105145,-13.879157,0 -57.104589,-13.879014,0 -57.104361,-13.878944,0 -57.103999,-13.878704,0 -57.103854,-13.878410,0 -57.102210,-13.875711,0 -57.100123,-13.872405,0 -57.099486,-13.872003,0 -57.098753,-13.871534,0 -57.098439,-13.871434,0 -57.098263,-13.871413,0</coordinates></LineString></Placemark>
<Placemark><name>ESTRADA 06 - PROMISSÃO</name><styleUrl>#extra</styleUrl><LineString><tessellate>1</tessellate><coordinates>-57.174680,-13.924480,0 -57.174417,-13.924492,0 -57.173616,-13.924573,0 -57.170887,-13.924860,0 -57.167712,-13.925178,0 -57.165864,-13.925376,0 -57.163214,-13.925652,0 -57.162155,-13.925756,0 -57.157735,-13.926214,0 -57.149495,-13.927055,0 -57.149219,-13.927093,0 -57.143877,-13.927647,0 -57.136270,-13.928419,0 -57.127612,-13.929299,0 -57.125401,-13.929530,0 -57.122956,-13.929773,0 -57.122842,-13.929778,0</coordinates></LineString></Placemark>
<Placemark><name>ESTRADA 07 - PROMISSÃO</name><styleUrl>#extra</styleUrl><LineString><tessellate>1</tessellate><coordinates>-57.137708,-13.941917,0 -57.137690,-13.941722,0 -57.137654,-13.941393,0 -57.137606,-13.940907,0 -57.137583,-13.940733,0 -57.137567,-13.940617,0 -57.137475,-13.939695,0 -57.137312,-13.938188,0 -57.137244,-13.937552,0 -57.136540,-13.930967,0 -57.136274,-13.928529,0 -57.136270,-13.928419,0 -57.136222,-13.928091,0 -57.135935,-13.925437,0 -57.135668,-13.922943,0 -57.135184,-13.918451,0 -57.134834,-13.915259,0 -57.134713,-13.915112,0 -57.134665,-13.914992,0</coordinates></LineString></Placemark>
<Placemark><name>ESTRADA 08 - PROMISSÃO</name><styleUrl>#extra</styleUrl><LineString><tessellate>1</tessellate><coordinates>-57.134944,-13.914988,0 -57.134925,-13.915109,0 -57.134863,-13.915223,0 -57.134834,-13.915259,0</coordinates></LineString></Placemark>
<Placemark><name>ESTRADA 09 - PROMISSÃO</name><styleUrl>#extra</styleUrl><LineString><tessellate>1</tessellate><coordinates>-57.123486,-13.916142,0 -57.124224,-13.916062,0 -57.134840,-13.914970,0 -57.142734,-13.914143,0 -57.147860,-13.913600,0 -57.161101,-13.912245,0 -57.164313,-13.911917,0 -57.164555,-13.911906,0 -57.164680,-13.911929,0 -57.164954,-13.911999,0 -57.165040,-13.912020,0</coordinates></LineString></Placemark>
<Placemark><name>ESTRADA 10 - PROMISSÃO</name><styleUrl>#extra</styleUrl><LineString><tessellate>1</tessellate><coordinates>-57.164024,-13.939206,0 -57.164006,-13.939019,0 -57.163994,-13.938869,0 -57.162541,-13.925710,0 -57.162461,-13.924844,0 -57.161789,-13.918845,0 -57.161089,-13.912353,0 -57.161073,-13.912252,0 -57.160894,-13.912068,0 -57.160645,-13.911829,0 -57.159872,-13.911023,0 -57.159442,-13.910588,0 -57.159101,-13.910233,0 -57.158720,-13.909848,0 -57.153560,-13.904528,0 -57.151195,-13.902099,0 -57.149192,-13.900024,0 -57.148513,-13.899339,0 -57.148460,-13.899248,0</coordinates></LineString></Placemark>
<Placemark><name>ESTRADA 11 - PROMISSÃO</name><styleUrl>#extra</styleUrl><LineString><tessellate>1</tessellate><coordinates>-57.149787,-13.889639,0 -57.149617,-13.889570,0 -57.149311,-13.889470,0 -57.136576,-13.885370,0 -57.136449,-13.885338,0</coordinates></LineString></Placemark>
<Placemark><name>ESTRADA 12 - PROMISSÃO</name><styleUrl>#extra</styleUrl><LineString><tessellate>1</tessellate><coordinates>-57.030610,-13.910686,0 -57.030622,-13.910411,0 -57.031594,-13.907072,0 -57.033060,-13.902054,0 -57.033420,-13.900863,0 -57.033501,-13.900541,0 -57.033865,-13.899315,0 -57.034341,-13.897672,0 -57.034915,-13.895688,0 -57.035321,-13.894309,0 -57.038013,-13.885073,0 -57.038190,-13.884470,0 -57.039892,-13.878710,0 -57.040117,-13.877923,0 -57.040760,-13.875760,0 -57.041059,-13.874644,0 -57.041187,-13.874206,0 -57.041988,-13.871473,0 -57.042082,-13.871123,0 -57.043153,-13.867510,0 -57.045522,-13.859504,0 -57.045528,-13.859409,0 -57.045528,-13.859409,0 -57.045869,-13.859475,0 -57.046617,-13.859620,0 -57.046855,-13.859711,0 -57.047225,-13.859777,0 -57.047827,-13.859888,0 -57.048247,-13.860030,0 -57.050716,-13.860829,0 -57.051818,-13.861161,0 -57.052652,-13.861415,0 -57.054362,-13.861877,0 -57.054993,-13.862057,0 -57.055085,-13.862103,0 -57.055140,-13.862160,0 -57.055140,-13.862160,0 -57.055184,-13.862330,0 -57.055217,-13.863097,0 -57.055230,-13.863506,0 -57.055418,-13.868339,0 -57.055467,-13.869193,0 -57.055910,-13.869824,0 -57.059076,-13.874261,0 -57.059285,-13.874460,0 -57.059522,-13.874571,0 -57.059803,-13.874739,0 -57.059973,-13.874866,0 -57.060138,-13.875089,0 -57.060235,-13.875231,0 -57.060947,-13.876563,0 -57.061148,-13.876858,0 -57.061919,-13.877854,0 -57.062524,-13.878634,0 -57.062968,-13.879173,0 -57.063974,-13.880442,0 -57.064194,-13.880765,0 -57.064269,-13.881001,0 -57.064446,-13.881518,0 -57.064776,-13.881971,0 -57.065042,-13.882350,0 -57.066679,-13.884570,0 -57.067103,-13.885274,0 -57.067213,-13.885529,0 -57.067331,-13.885737,0 -57.067431,-13.885873,0 -57.067793,-13.886310,0 -57.067954,-13.886646,0 -57.068176,-13.887261,0 -57.068380,-13.888130,0 -57.068422,-13.888849,0 -57.068495,-13.889219,0 -57.068658,-13.889633,0 -57.068841,-13.890031,0 -57.069318,-13.891054,0 -57.069916,-13.892309,0 -57.070128,-13.892687,0 -57.070498,-13.893064,0 -57.071877,-13.893804,0 -57.072314,-13.894273,0 -57.073336,-13.895507,0 -57.074004,-13.896314,0 -57.074340,-13.896490,0 -57.074828,-13.896577,0 -57.076729,-13.896923,0 -57.077601,-13.897121,0 -57.078226,-13.897285,0 -57.078690,-13.897379,0 -57.079200,-13.897342,0 -57.080015,-13.897228,0 -57.080651,-13.897254,0 -57.081890,-13.897301,0 -57.082123,-13.896785,0 -57.082394,-13.895879,0 -57.082496,-13.895348,0 -57.082861,-13.894254,0 -57.083000,-13.893926,0 -57.081890,-13.897301,0 -57.081770,-13.897901,0 -57.081816,-13.897924,0 -57.081879,-13.897980,0 -57.082395,-13.898316,0 -57.082621,-13.898393,0 -57.083140,-13.898455,0 -57.083630,-13.898510,0 -57.084120,-13.898820,0 -57.084644,-13.899615,0 -57.084817,-13.899859,0 -57.085053,-13.900325,0 -57.085367,-13.901131,0 -57.085666,-13.902047,0 -57.086540,-13.904960,0 -57.086543,-13.905142,0 -57.086510,-13.905280,0 -57.086273,-13.905293,0 -57.086041,-13.905233,0 -57.085834,-13.905157,0 -57.085695,-13.905143,0 -57.084062,-13.905312,0 -57.080179,-13.905682,0 -57.079916,-13.905778,0 -57.079819,-13.905846,0 -57.079057,-13.905940,0 -57.078231,-13.906015,0 -57.077781,-13.906044,0 -57.077566,-13.906075,0 -57.076646,-13.906169,0 -57.075632,-13.906312,0 -57.075045,-13.906374,0 -57.074723,-13.906374,0 -57.074372,-13.906356,0 -57.072220,-13.906536,0 -57.068854,-13.906835,0 -57.068237,-13.906939,0 -57.040721,-13.909595,0 -57.031769,-13.910465,0 -57.030613,-13.910564,0</coordinates></LineString></Placemark>
<Placemark><name>ESTRADA 13 - PROMISSÃO</name><styleUrl>#extra</styleUrl><LineString><tessellate>1</tessellate><coordinates>-57.040746,-13.875798,0 -57.041346,-13.875768,0 -57.042589,-13.875657,0 -57.045123,-13.875468,0 -57.046019,-13.875384,0 -57.049084,-13.875145,0 -57.049619,-13.875103,0 -57.050061,-13.875055,0 -57.051472,-13.874947,0 -57.052884,-13.874838,0 -57.059000,-13.874378,0 -57.059068,-13.874327,0</coordinates></LineString></Placemark>
<Placemark><name>ESTRADA 14 - PROMISSÃO</name><styleUrl>#extra</styleUrl><LineString><tessellate>1</tessellate><coordinates>-57.058151,-13.907989,0 -57.058053,-13.907612,0 -57.057067,-13.904282,0 -57.056414,-13.902019,0 -57.056130,-13.901085,0 -57.055788,-13.899950,0 -57.055781,-13.899908,0</coordinates></LineString></Placemark>
<Placemark><name>ESTRADA 15 - PROMISSÃO</name><styleUrl>#extra</styleUrl><LineString><tessellate>1</tessellate><coordinates>-57.033055,-13.902085,0 -57.033387,-13.902064,0 -57.033701,-13.902035,0 -57.055781,-13.899908,0 -57.056834,-13.899798,0 -57.078082,-13.897501,0 -57.078313,-13.897462,0 -57.078690,-13.897379,0 -57.078465,-13.897427,0 -57.078365,-13.897604,0 -57.078258,-13.897780,0 -57.076618,-13.900736,0 -57.076413,-13.901171,0 -57.076350,-13.901316,0</coordinates></LineString></Placemark>
<Placemark><name>ESTRADA 16 - PROMISSÃO</name><styleUrl>#extra</styleUrl><LineString><tessellate>1</tessellate><coordinates>-57.077566,-13.906075,0 -57.077101,-13.905888,0 -57.076807,-13.905789,0 -57.071677,-13.903879,0 -57.071557,-13.903835,0 -57.070839,-13.903495,0 -57.069305,-13.902675,0 -57.069082,-13.902539,0 -57.068699,-13.902258,0 -57.068377,-13.901982,0 -57.067430,-13.901157,0 -57.065904,-13.899847,0 -57.065032,-13.899048,0 -57.064906,-13.898925,0 -57.064380,-13.898371,0 -57.062701,-13.896835,0 -57.061355,-13.895686,0 -57.059802,-13.894356,0 -57.058211,-13.893093,0 -57.057350,-13.892408,0 -57.056087,-13.891390,0 -57.056019,-13.891328,0</coordinates></LineString></Placemark>
<Placemark><name>ESTRADA 17 - PROMISSÃO</name><styleUrl>#extra</styleUrl><LineString><tessellate>1</tessellate><coordinates>-57.068886,-13.890124,0 -57.068483,-13.890138,0 -57.067953,-13.890211,0 -57.066008,-13.890393,0 -57.065279,-13.890466,0 -57.064045,-13.890587,0 -57.060727,-13.890898,0 -57.057671,-13.891177,0 -57.055954,-13.891319,0 -57.054793,-13.891440,0 -57.048919,-13.892005,0 -57.045594,-13.892316,0 -57.043436,-13.892540,0</coordinates></LineString></Placemark>
<Placemark><name>ESTRADA 18 - PROMISSÃO</name><styleUrl>#extra</styleUrl><LineString><tessellate>1</tessellate><coordinates>-57.038185,-13.884498,0 -57.038681,-13.884451,0 -57.039370,-13.884383,0 -57.044961,-13.883878,0 -57.045763,-13.883799,0 -57.062472,-13.882229,0 -57.063727,-13.882110,0</coordinates></LineString></Placemark>
<Placemark><name>ESTRADA 19 - PROMISSÃO</name><styleUrl>#extra</styleUrl><LineString><tessellate>1</tessellate><coordinates>-57.064803,-13.882011,0 -57.064489,-13.882040,0</coordinates></LineString></Placemark>
<Placemark><name>ESTRADA 20 - PROMISSÃO</name><styleUrl>#extra</styleUrl><LineString><tessellate>1</tessellate><coordinates>-57.046157,-13.900774,0 -57.046002,-13.900240,0 -57.045554,-13.898938,0 -57.043761,-13.893645,0 -57.043416,-13.892647,0 -57.043436,-13.892540,0 -57.043393,-13.892421,0 -57.043494,-13.891864,0 -57.043733,-13.890562,0 -57.044544,-13.886187,0 -57.044752,-13.885096,0 -57.044957,-13.883975,0 -57.044961,-13.883878,0</coordinates></LineString></Placemark>
<Placemark><name>ESTRADA 01 - TUCANO</name><styleUrl>#extra</styleUrl><LineString><tessellate>1</tessellate><coordinates>-57.589100,-13.556429,0 -57.589026,-13.556236,0 -57.588857,-13.556137,0 -57.588485,-13.555956,0 -57.585332,-13.554407,0 -57.577318,-13.550459,0 -57.566971,-13.545385,0 -57.557039,-13.540467,0 -57.552490,-13.538207,0 -57.551797,-13.538151,0 -57.551149,-13.538095,0 -57.550908,-13.538017,0 -57.550908,-13.538017,0 -57.550651,-13.537860,0 -57.550347,-13.537572,0 -57.550036,-13.537409,0 -57.549772,-13.537229,0 -57.549359,-13.536813,0 -57.548541,-13.536138,0 -57.547460,-13.535532,0 -57.546538,-13.535053,0 -57.545954,-13.534719,0 -57.545330,-13.534361,0 -57.544323,-13.533800,0 -57.543640,-13.533414,0 -57.542669,-13.532873,0 -57.542071,-13.532567,0 -57.540853,-13.531889,0 -57.539452,-13.531082,0 -57.538808,-13.530681,0 -57.538407,-13.530437,0 -57.538324,-13.530443,0 -57.537796,-13.530570,0 -57.536320,-13.530767,0 -57.535535,-13.530889,0 -57.535085,-13.530934,0 -57.534409,-13.531059,0 -57.533489,-13.531188,0 -57.533174,-13.531217,0 -57.532136,-13.531341,0 -57.530752,-13.531544,0 -57.529634,-13.531690,0 -57.528403,-13.531868,0 -57.527350,-13.532000,0 -57.526180,-13.532153,0 -57.524485,-13.532378,0 -57.523648,-13.532494,0 -57.522685,-13.532616,0 -57.521405,-13.532796,0 -57.520132,-13.532973,0 -57.517839,-13.533280,0 -57.516247,-13.533503,0 -57.515348,-13.533627,0 -57.514244,-13.533778,0 -57.513754,-13.533861,0 -57.513548,-13.534470,0 -57.513190,-13.535577,0 -57.512968,-13.536203,0 -57.512759,-13.536882,0 -57.512581,-13.537463,0 -57.512132,-13.538819,0 -57.511865,-13.539704,0 -57.511700,-13.540181,0 -57.511419,-13.541059,0 -57.511035,-13.542222,0 -57.510489,-13.543898,0 -57.510208,-13.544777,0 -57.510000,-13.545417,0 -57.509772,-13.546150,0 -57.509539,-13.546808,0 -57.509353,-13.547467,0 -57.509128,-13.548155,0 -57.509096,-13.548276,0 -57.509249,-13.548393,0 -57.510463,-13.548962,0 -57.511004,-13.549220,0 -57.511837,-13.549605,0 -57.512395,-13.549857,0</coordinates></LineString></Placemark>
<Placemark><name>ESTRADA 02 - TUCANO</name><styleUrl>#extra</styleUrl><LineString><tessellate>1</tessellate><coordinates>-57.507383,-13.558387,0 -57.507248,-13.557548,0 -57.507066,-13.556624,0 -57.506572,-13.553887,0 -57.506272,-13.552395,0 -57.505907,-13.549850,0 -57.505542,-13.546669,0 -57.505097,-13.546398,0 -57.504507,-13.546116,0 -57.501572,-13.544755,0 -57.499079,-13.543562,0 -57.497760,-13.542948,0 -57.496685,-13.542441,0 -57.495521,-13.541888,0 -57.487292,-13.538012,0 -57.487029,-13.537740,0 -57.488675,-13.532140,0 -57.494392,-13.513059,0 -57.494631,-13.512158,0 -57.495216,-13.510157,0 -57.495967,-13.507682,0 -57.496838,-13.504743,0 -57.497471,-13.502607,0 -57.498182,-13.500255,0 -57.498590,-13.498971,0 -57.499301,-13.496561,0 -57.500151,-13.493588,0 -57.501626,-13.488479,0 -57.506988,-13.470440,0 -57.507339,-13.469198,0 -57.508796,-13.464317,0 -57.512505,-13.451752,0 -57.512714,-13.451130,0 -57.512958,-13.450265,0 -57.517467,-13.435121,0 -57.519999,-13.426638,0 -57.521823,-13.420527,0 -57.521823,-13.420527,0 -57.521936,-13.420517,0 -57.522118,-13.420569,0 -57.526152,-13.422536,0 -57.529135,-13.423982,0 -57.531983,-13.425317,0 -57.532359,-13.425479,0 -57.532541,-13.425641,0 -57.532707,-13.425865,0 -57.533024,-13.426011,0 -57.534424,-13.426700,0 -57.535060,-13.426980,0 -57.535136,-13.427123,0 -57.535136,-13.427123,0 -57.533684,-13.430467,0 -57.533013,-13.432012,0 -57.531538,-13.435408,0 -57.530104,-13.438634,0 -57.529785,-13.439349,0 -57.529723,-13.439498,0 -57.529479,-13.440060,0 -57.528891,-13.441433,0 -57.527446,-13.444744,0 -57.526533,-13.446856,0 -57.524902,-13.450623,0 -57.523813,-13.453049,0 -57.523735,-13.453240,0 -57.523678,-13.453406,0 -57.523537,-13.453831,0 -57.523144,-13.455181,0 -57.522701,-13.456655,0 -57.521938,-13.459250,0 -57.521257,-13.461593,0 -57.520800,-13.463099,0 -57.520285,-13.464838,0 -57.519811,-13.466450,0 -57.519545,-13.467392,0 -57.519365,-13.467928,0 -57.519047,-13.468983,0 -57.518618,-13.470437,0 -57.518315,-13.471483,0 -57.518000,-13.472573,0 -57.517646,-13.473734,0 -57.516977,-13.475977,0 -57.516799,-13.476642,0 -57.516473,-13.477680,0 -57.516444,-13.477809,0</coordinates></LineString></Placemark>
<Placemark><name>ESTRADA 03 - TUCANO</name><styleUrl>#extra</styleUrl><LineString><tessellate>1</tessellate><coordinates>-57.507710,-13.560160,0 -57.509662,-13.559795,0 -57.512805,-13.559227,0 -57.512973,-13.559178,0 -57.513744,-13.559031,0 -57.516899,-13.558434,0 -57.517181,-13.557644,0 -57.517367,-13.557043,0 -57.517751,-13.556124,0 -57.517827,-13.555858,0 -57.518052,-13.555138,0 -57.518154,-13.554711,0 -57.518215,-13.554098,0 -57.518253,-13.553870,0 -57.518435,-13.552855,0 -57.518382,-13.552765,0 -57.518156,-13.552622,0 -57.517832,-13.552441,0 -57.517609,-13.552333,0 -57.516797,-13.551965,0 -57.515785,-13.551475,0 -57.513022,-13.550169,0</coordinates></LineString></Placemark>
<Placemark><name>ESTRADA 04 - TUCANO</name><styleUrl>#extra</styleUrl><LineString><tessellate>1</tessellate><coordinates>-57.517330,-13.435540,0 -57.517486,-13.435510,0 -57.517684,-13.435568,0 -57.518830,-13.435920,0 -57.519519,-13.436142,0 -57.520656,-13.436470,0 -57.522271,-13.436961,0 -57.524615,-13.437660,0 -57.527222,-13.438461,0 -57.529328,-13.439082,0 -57.529709,-13.439233,0 -57.529905,-13.439523,0 -57.530213,-13.439789,0 -57.530513,-13.440036,0 -57.531374,-13.440895,0 -57.531594,-13.441096,0 -57.532825,-13.442229,0 -57.533448,-13.442823,0 -57.534065,-13.443404,0 -57.534478,-13.443798,0 -57.535088,-13.444353,0 -57.535863,-13.445099,0 -57.536277,-13.445494,0 -57.536626,-13.445823,0 -57.537860,-13.446968,0 -57.538657,-13.447709,0 -57.539536,-13.448549,0 -57.541049,-13.449936,0 -57.542307,-13.451160,0</coordinates></LineString></Placemark>
<Placemark><name>ESTRADA 05 - TUCANO</name><styleUrl>#extra</styleUrl><LineString><tessellate>1</tessellate><coordinates>-57.496997,-13.504185,0 -57.497699,-13.504490,0 -57.498340,-13.504743,0 -57.499539,-13.505231,0 -57.501967,-13.506201,0 -57.505783,-13.507727,0 -57.507382,-13.508392,0 -57.513194,-13.510708,0 -57.516172,-13.511894,0 -57.516172,-13.511894,0 -57.516345,-13.511937,0 -57.516381,-13.511988,0 -57.516307,-13.512428,0 -57.516221,-13.513343,0 -57.516131,-13.514549,0 -57.516035,-13.515654,0 -57.515830,-13.518089,0 -57.515387,-13.523283,0 -57.515287,-13.524209,0 -57.515197,-13.524350,0 -57.515075,-13.524344,0 -57.513843,-13.523845,0 -57.511405,-13.522858,0 -57.509944,-13.522267,0 -57.508384,-13.521640,0 -57.506792,-13.520998,0 -57.504570,-13.520092,0 -57.504167,-13.519960,0 -57.503901,-13.519835,0 -57.501579,-13.518887,0 -57.497277,-13.517153,0 -57.496398,-13.516796,0 -57.495362,-13.516373,0 -57.494093,-13.515865,0 -57.493814,-13.515770,0 -57.493601,-13.515699,0 -57.516345,-13.511937,0 -57.516590,-13.511863,0 -57.516869,-13.511751,0 -57.516998,-13.511746,0 -57.517153,-13.511865,0 -57.517647,-13.511706,0 -57.518639,-13.511320,0 -57.518824,-13.511195,0 -57.518875,-13.511057,0 -57.518843,-13.510885,0 -57.518811,-13.510747,0 -57.520139,-13.510340,0 -57.521643,-13.509813,0 -57.523161,-13.509469,0 -57.524701,-13.509310,0 -57.525058,-13.509229,0 -57.525833,-13.508673,0 -57.526377,-13.508100,0 -57.526911,-13.507654,0 -57.527343,-13.507437,0 -57.527858,-13.507213,0 -57.528212,-13.506994,0 -57.528893,-13.506483,0 -57.529883,-13.505575,0 -57.530395,-13.505085,0 -57.530816,-13.504717,0 -57.532206,-13.503888,0 -57.532321,-13.503817,0 -57.532361,-13.503700,0 -57.532305,-13.503582,0 -57.532206,-13.503541,0 -57.531727,-13.503387,0 -57.546734,-13.511219,0 -57.545869,-13.511712,0 -57.545169,-13.512105,0 -57.544439,-13.512507,0 -57.544266,-13.512567,0 -57.543819,-13.512657,0 -57.540994,-13.513266,0 -57.539843,-13.513495,0 -57.538649,-13.513778,0 -57.538282,-13.513738,0 -57.536994,-13.513652,0 -57.535813,-13.513585,0 -57.533237,-13.513370,0 -57.527981,-13.512966,0 -57.517475,-13.512206,0 -57.517357,-13.512201,0 -57.517286,-13.512198,0 -57.517190,-13.512254,0 -57.517026,-13.512236,0 -57.516680,-13.512088,0 -57.516381,-13.511988,0</coordinates></LineString></Placemark>
<Placemark><name>ESTRADA 06 - TUCANO</name><styleUrl>#extra</styleUrl><LineString><tessellate>1</tessellate><coordinates>-57.532526,-13.494462,0 -57.533778,-13.494481,0 -57.535080,-13.494504,0 -57.537541,-13.494532,0 -57.537777,-13.494511,0 -57.539333,-13.494804,0 -57.539949,-13.494918,0 -57.540273,-13.494854,0 -57.541167,-13.494646,0 -57.542311,-13.494355,0 -57.543199,-13.494108,0 -57.543593,-13.493908,0</coordinates></LineString></Placemark>
<Placemark><name>ESTRADA 07 - TUCANO</name><styleUrl>#extra</styleUrl><LineString><tessellate>1</tessellate><coordinates>-57.539470,-13.503170,0 -57.539493,-13.502957,0 -57.539375,-13.502471,0 -57.537734,-13.495277,0 -57.537533,-13.494389,0 -57.536231,-13.488633,0 -57.535968,-13.487521,0 -57.535610,-13.485963,0 -57.535610,-13.485963,0 -57.535223,-13.484407,0 -57.534757,-13.482289,0 -57.533823,-13.478278,0 -57.533013,-13.474934,0 -57.532316,-13.472132,0 -57.531635,-13.468856,0 -57.530841,-13.465324,0 -57.530524,-13.464072,0 -57.513732,-13.486886,0 -57.513809,-13.486843,0 -57.514208,-13.486869,0 -57.514682,-13.486963,0 -57.514994,-13.487116,0 -57.515276,-13.487379,0 -57.515835,-13.487759,0 -57.516098,-13.487879,0 -57.516375,-13.487919,0 -57.516704,-13.487994,0 -57.517829,-13.487808,0 -57.518579,-13.487643,0 -57.519479,-13.487593,0 -57.519837,-13.487623,0 -57.520294,-13.487711,0 -57.521106,-13.487834,0 -57.522062,-13.487844,0 -57.522563,-13.487747,0 -57.523497,-13.487146,0 -57.524335,-13.486623,0 -57.525063,-13.486314,0 -57.525759,-13.485993,0 -57.526328,-13.485786,0 -57.526587,-13.485717,0 -57.526832,-13.485800,0 -57.526909,-13.485889,0 -57.527053,-13.486571,0 -57.527171,-13.487463,0 -57.527332,-13.488876,0 -57.527500,-13.490380,0 -57.527634,-13.491500,0 -57.528002,-13.494736,0 -57.528335,-13.497696,0 -57.528829,-13.502140,0 -57.528864,-13.502530,0 -57.528920,-13.502589,0 -57.530060,-13.502899,0 -57.530489,-13.503019,0 -57.531420,-13.503315,0 -57.531727,-13.503387,0 -57.531800,-13.503299,0 -57.532184,-13.503189,0 -57.533461,-13.502941,0 -57.534209,-13.502792,0 -57.535304,-13.502910,0 -57.537053,-13.503100,0 -57.537911,-13.503212,0 -57.538370,-13.503215,0 -57.538973,-13.503173,0 -57.539470,-13.503170,0 -57.539470,-13.503170,0 -57.539638,-13.503765,0 -57.539955,-13.504886,0 -57.539982,-13.505356,0 -57.539729,-13.505956,0 -57.539349,-13.506681,0 -57.539074,-13.507831,0 -57.538973,-13.509002,0 -57.538667,-13.512731,0 -57.538463,-13.515491,0 -57.538233,-13.518427,0 -57.538060,-13.520200,0 -57.537927,-13.521937,0 -57.537812,-13.523432,0 -57.537879,-13.525390,0 -57.537981,-13.526715,0 -57.538088,-13.528968,0 -57.538308,-13.529985,0 -57.538378,-13.530233,0 -57.538324,-13.530443,0</coordinates></LineString></Placemark>
<Placemark><name>ESTRADA 08 - TUCANO</name><styleUrl>#extra</styleUrl><LineString><tessellate>1</tessellate><coordinates>-57.506096,-13.473450,0 -57.506504,-13.473618,0 -57.507987,-13.474244,0 -57.510595,-13.475328,0 -57.512610,-13.476200,0 -57.514813,-13.477121,0 -57.516420,-13.477798,0 -57.518819,-13.478775,0 -57.520561,-13.479518,0 -57.521834,-13.480040,0 -57.523922,-13.480903,0 -57.525099,-13.481404,0 -57.525170,-13.481470,0 -57.525106,-13.481614,0 -57.525014,-13.481760,0 -57.524617,-13.482283,0 -57.524209,-13.482687,0 -57.523821,-13.482930,0 -57.523556,-13.483078,0 -57.522524,-13.483797,0 -57.521642,-13.484386,0 -57.520824,-13.484928,0 -57.520202,-13.485231,0 -57.519826,-13.485361,0 -57.519557,-13.485428,0 -57.519268,-13.485404,0 -57.518890,-13.485492,0 -57.518025,-13.485810,0 -57.517281,-13.485874,0 -57.516637,-13.485942,0 -57.516190,-13.485973,0 -57.515781,-13.485936,0 -57.515536,-13.485947,0 -57.514966,-13.485983,0 -57.514652,-13.486015,0 -57.514050,-13.485971,0 -57.513767,-13.485983,0 -57.513280,-13.485946,0 -57.513033,-13.485853,0 -57.512531,-13.485668,0 -57.512388,-13.485732,0 -57.512305,-13.485857,0 -57.512215,-13.486022,0 -57.512163,-13.486151,0 -57.512185,-13.486208,0 -57.512425,-13.486343,0 -57.512864,-13.486556,0 -57.513228,-13.486734,0 -57.513571,-13.486828,0 -57.513732,-13.486886,0 -57.513658,-13.487194,0 -57.513621,-13.487305,0 -57.513552,-13.487536,0 -57.513379,-13.488144,0 -57.513251,-13.488609,0 -57.513122,-13.489024,0 -57.512942,-13.489592,0 -57.512787,-13.490122,0 -57.512427,-13.491366,0 -57.511977,-13.492897,0 -57.511601,-13.494136,0 -57.511311,-13.495109,0 -57.510869,-13.496608,0 -57.510475,-13.497910,0 -57.510397,-13.498244,0 -57.510169,-13.498966,0 -57.509573,-13.501000,0 -57.509249,-13.502096,0 -57.508954,-13.503113,0 -57.508822,-13.503506,0 -57.508731,-13.503811,0 -57.508566,-13.504381,0 -57.508416,-13.504884,0 -57.508227,-13.505523,0 -57.507556,-13.507809,0 -57.507382,-13.508392,0 -57.507295,-13.508715,0 -57.507004,-13.509654,0 -57.506808,-13.510301,0 -57.506572,-13.511120,0 -57.506351,-13.511868,0 -57.505699,-13.514084,0 -57.505251,-13.515588,0 -57.504808,-13.517093,0 -57.504339,-13.518668,0 -57.504162,-13.519268,0 -57.503981,-13.519843,0</coordinates></LineString></Placemark>
<Placemark><name>ESTRADA 09 - TUCANO</name><styleUrl>#extra</styleUrl><LineString><tessellate>1</tessellate><coordinates>-57.512540,-13.451680,0 -57.512902,-13.451702,0 -57.515464,-13.452062,0 -57.520133,-13.452725,0 -57.523540,-13.453200,0 -57.523735,-13.453240,0 -57.523735,-13.453240,0 -57.524132,-13.453479,0 -57.524470,-13.453751,0 -57.526385,-13.455164,0 -57.526880,-13.455490,0 -57.528134,-13.454872,0 -57.528445,-13.454710,0 -57.528832,-13.454706,0 -57.529338,-13.454874,0 -57.529909,-13.455387,0 -57.530162,-13.455733,0 -57.530468,-13.456250,0 -57.530881,-13.457194,0 -57.531101,-13.457736,0 -57.531186,-13.458446,0 -57.531460,-13.459103,0 -57.531460,-13.459103,0 -57.531637,-13.459200,0 -57.531916,-13.459380,0 -57.532171,-13.459549,0 -57.532114,-13.459599,0 -57.542307,-13.451160,0 -57.545053,-13.448559,0 -57.546738,-13.447020,0 -57.550842,-13.443170,0 -57.551560,-13.442600,0 -57.551560,-13.442600,0 -57.551638,-13.442658,0 -57.552250,-13.443464,0 -57.554761,-13.446702,0 -57.555203,-13.447423,0 -57.555428,-13.447713,0 -57.556032,-13.448494,0 -57.556987,-13.449756,0 -57.557829,-13.450821,0 -57.558427,-13.451588,0 -57.558612,-13.451836,0 -57.558612,-13.452013,0 -57.558583,-13.452207,0 -57.558583,-13.452207,0 -57.558551,-13.452283,0 -57.558365,-13.452353,0 -57.558206,-13.452389,0 -57.551590,-13.454890,0 -57.547658,-13.456398,0 -57.546408,-13.456941,0 -57.544772,-13.457676,0 -57.544236,-13.457916,0 -57.543686,-13.458185,0 -57.542774,-13.458769,0 -57.541207,-13.459760,0 -57.539539,-13.460833,0 -57.538053,-13.461769,0 -57.537420,-13.462192,0 -57.537176,-13.462259,0 -57.537053,-13.462236,0 -57.536956,-13.462192,0 -57.536854,-13.462059,0 -57.536707,-13.461816,0 -57.536438,-13.461446,0 -57.536261,-13.461393,0 -57.535864,-13.461472,0 -57.535307,-13.461641,0 -57.534915,-13.461722,0 -57.534684,-13.461678,0 -57.534263,-13.461547,0 -57.533625,-13.461383,0 -57.533206,-13.461380,0 -57.533094,-13.461281,0 -57.532933,-13.461130,0 -57.532866,-13.461010,0 -57.532844,-13.460598,0 -57.532817,-13.460243,0 -57.532702,-13.460118,0 -57.532407,-13.460037,0 -57.532077,-13.459953,0 -57.531994,-13.460019,0 -57.531879,-13.460079,0 -57.531755,-13.460024,0 -57.531758,-13.459914,0 -57.531787,-13.459745,0 -57.531964,-13.459674,0 -57.532114,-13.459599,0 -57.531787,-13.459745,0 -57.531659,-13.459455,0 -57.531584,-13.459296,0 -57.531495,-13.459194,0 -57.531460,-13.459103,0</coordinates></LineString></Placemark>
<Placemark><name>ESTRADA 10 - TUCANO</name><styleUrl>#extra</styleUrl><LineString><tessellate>1</tessellate><coordinates>-57.533684,-13.430467,0 -57.533834,-13.430467,0 -57.534001,-13.430674,0 -57.534347,-13.431002,0 -57.536224,-13.432779,0 -57.537817,-13.434276,0 -57.539075,-13.435487,0 -57.540188,-13.436507,0 -57.540878,-13.437188,0 -57.540999,-13.437295,0 -57.541264,-13.437571,0 -57.541634,-13.437931,0 -57.541763,-13.438064,0 -57.542332,-13.438583,0 -57.543804,-13.439950,0 -57.545153,-13.441221,0 -57.546384,-13.442390,0 -57.547760,-13.443665,0 -57.549050,-13.444847,0</coordinates></LineString></Placemark>
<Placemark><name>ESTRADA 11 - TUCANO</name><styleUrl>#extra</styleUrl><LineString><tessellate>1</tessellate><coordinates>-57.554896,-13.447463,0 -57.552041,-13.449370,0</coordinates></LineString></Placemark>
<Placemark><name>ESTRADA 12 - TUCANO</name><styleUrl>#extra</styleUrl><LineString><tessellate>1</tessellate><coordinates>-57.549868,-13.444080,0 -57.550088,-13.444158,0 -57.550276,-13.444294,0 -57.553609,-13.446963,0 -57.553700,-13.447030,0 -57.553957,-13.446803,0</coordinates></LineString></Placemark>
<Placemark><name>ESTRADA 01 - JAVA / TUCANO</name><styleUrl>#extra</styleUrl><LineString><tessellate>1</tessellate><coordinates>-57.551193,-13.588574,0 -57.559991,-13.592647,0 -57.564260,-13.594540,0 -57.564438,-13.594472,0 -57.564878,-13.593669,0 -57.565522,-13.592709,0 -57.566863,-13.590634,0 -57.568381,-13.588293,0 -57.569867,-13.586056,0 -57.571165,-13.584033,0 -57.572206,-13.582401,0 -57.573592,-13.580259,0 -57.574027,-13.579591,0 -57.574971,-13.578118,0 -57.577778,-13.573828,0 -57.579138,-13.571745,0 -57.580223,-13.570062,0 -57.585766,-13.561551,0 -57.589185,-13.556300,0 -57.605883,-13.530400,0</coordinates></LineString></Placemark>
<Placemark><name>ESTRADA 01 - PONTE DE PEDRA / TUCANO</name><styleUrl>#extra</styleUrl><LineString><tessellate>1</tessellate><coordinates>-57.483725,-13.549595,0 -57.505559,-13.557729,0 -57.507383,-13.558387,0 -57.507784,-13.560259,0 -57.507999,-13.560791,0 -57.508197,-13.561224,0 -57.508374,-13.561699,0 -57.509034,-13.563253,0 -57.509646,-13.564421,0 -57.510064,-13.565213,0 -57.510408,-13.565750,0 -57.510783,-13.566246,0 -57.510912,-13.566454,0 -57.511942,-13.567602,0 -57.512355,-13.568040,0 -57.512628,-13.568389,0 -57.513224,-13.569218,0 -57.514404,-13.570073,0 -57.515101,-13.570480,0 -57.515407,-13.570652,0 -57.515954,-13.570965,0 -57.516217,-13.571221,0 -57.516603,-13.571560,0 -57.517639,-13.572524,0 -57.519082,-13.573703,0 -57.522547,-13.576399,0 -57.523835,-13.577186,0 -57.526115,-13.578589,0 -57.527708,-13.578990,0 -57.528502,-13.579235,0 -57.529054,-13.579465,0 -57.529575,-13.579846,0 -57.530347,-13.580388,0 -57.531281,-13.580868,0 -57.532096,-13.581045,0 -57.533083,-13.581087,0 -57.534424,-13.581014,0 -57.535143,-13.581107,0 -57.535508,-13.581097,0 -57.535733,-13.581243,0 -57.535948,-13.581264,0 -57.537825,-13.582109,0 -57.538350,-13.582390,0 -57.540014,-13.583444,0 -57.542160,-13.584390,0 -57.544324,-13.585360,0 -57.547175,-13.586682,0 -57.551193,-13.588574,0 -57.551373,-13.588311,0 -57.551689,-13.587847,0 -57.552108,-13.587302,0 -57.552837,-13.586343,0 -57.553572,-13.585295,0 -57.554173,-13.585568,0 -57.555273,-13.585842,0 -57.555863,-13.586257,0 -57.554959,-13.587412,0</coordinates></LineString></Placemark>
<Placemark><name>ESTRADA 02 - PONTE DE PEDRA / TUCANO</name><styleUrl>#extra</styleUrl><LineString><tessellate>1</tessellate><coordinates>-57.483390,-13.549510,0 -57.483508,-13.549237,0 -57.483679,-13.548619,0 -57.484280,-13.546609,0 -57.484822,-13.544818,0 -57.485305,-13.543206,0 -57.485565,-13.542351,0 -57.486394,-13.539587,0 -57.486874,-13.537954,0 -57.487029,-13.537740,0</coordinates></LineString></Placemark>
<Placemark><name>ESTRADA 03 - PONTE DE PEDRA / TUCANO</name><styleUrl>#extra</styleUrl><LineString><tessellate>1</tessellate><coordinates>-57.507710,-13.560160,0 -57.506583,-13.560421,0 -57.505789,-13.560583,0 -57.501599,-13.561401,0 -57.497367,-13.562210,0 -57.492694,-13.563130,0 -57.490366,-13.563584,0 -57.489921,-13.563633,0 -57.489704,-13.563464,0</coordinates></LineString></Placemark>
<Placemark><name>ESTRADA 04 - PONTE DE PEDRA / TUCANO</name><styleUrl>#extra</styleUrl><LineString><tessellate>1</tessellate><coordinates>-57.489921,-13.563633,0 -57.489838,-13.563738,0</coordinates></LineString></Placemark>
</Folder></Document></kml>